1403636579963555584.000000 -0.000000073 -0.000000045 -0.000000012 -0.000000014 0.000000055 -0.000000011 1.000000000
1403636580013555456.000000 -0.025056770 -0.000284495 0.008321321 0.000097605 -0.004820843 0.001845021 0.999986708
1403636580063555584.000000 -0.051377192 -0.000824406 0.016477589 -0.000297682 -0.008402404 0.002511865 0.999961555
1403636580113555456.000000 -0.076099917 -0.001016608 0.024372568 0.000127879 -0.010927157 0.004967679 0.999927998
1403636580163555584.000000 -0.100516677 -0.001410043 0.031878948 0.000619752 -0.012733720 0.006326876 0.999898732
1403636580213555456.000000 -0.124644317 -0.002030244 0.038735133 0.000844194 -0.015204169 0.006187387 0.999864936
1403636580263555584.000000 -0.145718679 -0.002413198 0.045301989 0.000893767 -0.017885275 0.005516874 0.999824464
1403636580313555456.000000 -0.164884970 -0.003067157 0.049342930 0.000598190 -0.021747261 0.003112183 0.999758482
1403636580363555584.000000 -0.183008820 -0.003475945 0.054026563 0.001746569 -0.027413046 0.002824729 0.999618709
1403636580413555456.000000 -0.198933020 -0.004048901 0.057336260 0.001624776 -0.034718614 0.001660110 0.999394476
1403636580463555584.000000 -0.209938467 -0.004758545 0.057997741 0.002049773 -0.043680090 0.001223432 0.999042809
1403636580513555456.000000 -0.215838686 -0.005394251 0.058902208 0.002213177 -0.052769367 0.001362739 0.998603344
1403636580563555584.000000 -0.214855880 -0.005873195 0.058307201 0.003199712 -0.059296958 0.002222947 0.998232841
1403636580613555456.000000 -0.205019385 -0.006853212 0.054530494 0.004838502 -0.061836757 0.003610945 0.998068094
1403636580663555584.000000 -0.186817080 -0.008174710 0.048368670 0.005077547 -0.061023463 0.003401482 0.998117626
1403636580713555456.000000 -0.161820725 -0.009563739 0.041110348 0.003431723 -0.056433160 0.000917567 0.998400152
1403636580763555584.000000 -0.130676001 -0.010600652 0.033251084 0.001034463 -0.051314056 -0.002104067 0.998679876
1403636580813555456.000000 -0.096369542 -0.011996068 0.024517383 -0.002448170 -0.044885471 -0.005919361 0.998971641
1403636580863555584.000000 -0.059449941 -0.012433410 0.017041970 -0.007667481 -0.036835618 -0.009065515 0.999250829
1403636580913555456.000000 -0.020234924 -0.013613154 0.007413764 -0.012783975 -0.029447757 -0.012888171 0.999401510
1403636580963555584.000000 0.019665375 -0.015353717 -0.004891208 -0.014689935 -0.021836681 -0.014861891 0.999543190
1403636581013555456.000000 0.055049833 -0.017171837 -0.014900208 -0.014818842 -0.014793805 -0.016189877 0.999649704
1403636581063555584.000000 0.086650267 -0.018687375 -0.023086101 -0.013769868 -0.007929727 -0.015463765 0.999754190
1403636581113555456.000000 0.119057074 -0.019166546 -0.033582184 -0.014206093 -0.001505604 -0.014793776 0.999788523
1403636581163555584.000000 0.148073599 -0.021139247 -0.040076651 -0.014642071 0.006298210 -0.012252967 0.999797881
1403636581213555456.000000 0.173202723 -0.021171860 -0.047378492 -0.014883893 0.014613597 -0.010179779 0.999730647
1403636581263555584.000000 0.193711907 -0.020293636 -0.052621022 -0.014727262 0.023608400 -0.007787409 0.999582469
1403636581313555456.000000 0.209114343 -0.019558778 -0.059283234 -0.014276208 0.031124659 -0.008697717 0.999375761
1403636581363555584.000000 0.218455106 -0.019735578 -0.065354332 -0.014928203 0.036158662 -0.008767212 0.999196172
1403636581413555456.000000 0.216227800 -0.018742030 -0.065606058 -0.016995078 0.037815563 -0.011158315 0.999077916
1403636581463555584.000000 0.209634766 -0.017667318 -0.065468431 -0.018499523 0.035031300 -0.014099834 0.999115527
1403636581513555456.000000 0.192039847 -0.015211729 -0.057448328 -0.019817734 0.030078564 -0.016806919 0.999209762
1403636581563555584.000000 0.170868412 -0.014653746 -0.050680917 -0.020647237 0.023725562 -0.015681850 0.999382317
1403636581613555456.000000 0.143799022 -0.010780299 -0.040432245 -0.019612048 0.017304750 -0.014311349 0.999555528
1403636581663555584.000000 0.115182728 -0.008704077 -0.029055214 -0.018940777 0.012290895 -0.012100718 0.999671817
1403636581713555456.000000 0.083182082 -0.007267791 -0.024881626 -0.018606976 0.008537023 -0.013549705 0.999698639
1403636581763555584.000000 0.051198252 -0.003327853 -0.012711076 -0.016998552 0.006987218 -0.011489210 0.999765098
1403636581813555456.000000 0.019710027 -0.000859211 -0.003424480 -0.013946917 0.005519466 -0.011374587 0.999822855
1403636581863555584.000000 -0.013552333 0.000601054 0.006353887 -0.012858839 0.003281218 -0.010835895 0.999853253
1403636581913555456.000000 -0.046003621 0.002096072 0.016220799 -0.011183878 -0.001524919 -0.008603517 0.999899328
1403636581963555584.000000 -0.077847354 0.000787383 0.020631472 -0.013540789 -0.008612534 -0.007456439 0.999843538
1403636582013555456.000000 -0.106820114 0.001454777 0.028928470 -0.015444195 -0.016615951 -0.005898396 0.999725282
1403636582063555584.000000 -0.132383406 0.001520816 0.036043271 -0.017252056 -0.025439486 -0.005990423 0.999509513
1403636582113555456.000000 -0.153769881 0.001219158 0.041558322 -0.016862750 -0.033908293 -0.006449107 0.999261916
1403636582163555584.000000 -0.168679789 0.000196135 0.044867247 -0.015117443 -0.041258767 -0.005633875 0.999018312
1403636582213555456.000000 -0.178295702 -0.001117122 0.047503691 -0.013593619 -0.046560850 -0.006497636 0.998801827
1403636582263555584.000000 -0.177343994 -0.002606529 0.046845984 0.012645642 0.050177075 0.006682987 -0.998637915
1403636582313555456.000000 -0.167189434 -0.004479514 0.044099137 0.011205231 0.051314205 0.006624403 -0.998597741
1403636582363555584.000000 -0.148917824 -0.006867909 0.038832080 0.010151847 0.048810836 0.005863230 -0.998739243
1403636582413555456.000000 -0.124896519 -0.009457106 0.031598330 0.009663619 0.042467367 0.005903405 -0.999033749
1403636582463555584.000000 -0.099531025 -0.010455025 0.024698071 -0.009517177 -0.034556203 -0.005511887 0.999342322
1403636582513555456.000000 -0.069582731 -0.012004640 0.016447937 0.010843528 0.028000060 0.007561184 -0.999520600
1403636582563555584.000000 -0.038136777 -0.013398588 0.007685578 0.012593750 0.022910567 0.007973963 -0.999626398
1403636582613555456.000000 -0.005761411 -0.014748573 -0.003523636 0.015625179 0.020134447 0.010330405 -0.999621809
1403636582663555584.000000 0.027385725 -0.015828753 -0.013457946 0.018417817 0.017883692 0.010399352 -0.999616385
1403636582713555456.000000 0.059065163 -0.015972443 -0.022819953 0.019597813 0.015476041 0.009791716 -0.999640286
1403636582763555584.000000 0.090494953 -0.015113493 -0.031789843 0.021704331 0.011699430 0.008015919 -0.999663889
1403636582813555456.000000 0.121933036 -0.013957323 -0.040263269 0.024889531 0.006740158 0.005547332 -0.999652088
1403636582863555584.000000 0.154742986 -0.012673468 -0.049049128 0.029255304 0.000117392 0.003155907 -0.999567032
1403636582913555456.000000 0.183652878 -0.011657597 -0.057781883 0.032302491 -0.008170268 0.000694560 -0.999444544
1403636582963555584.000000 0.208881646 -0.008811233 -0.066752337 -0.033747837 0.016834820 -0.000487574 0.999288499
1403636583013555456.000000 0.228527114 -0.008295215 -0.073962398 0.035453387 -0.025194813 0.000238748 -0.999053657
1403636583063555584.000000 0.241490439 -0.007363671 -0.079781398 -0.035310544 0.030680941 -0.001597151 0.998904109
1403636583113555456.000000 0.246903494 -0.006723279 -0.082183585 0.036230437 -0.032960717 0.002650055 -0.998796284
1403636583163555584.000000 0.243963569 -0.005780032 -0.081665598 0.038274799 -0.033006955 0.004838170 -0.998710275
1403636583213555456.000000 0.233349323 -0.005112501 -0.078277759 0.038861495 -0.031723294 0.006815153 -0.998717725
1403636583263555584.000000 0.216002882 -0.004594002 -0.072341926 0.038082652 -0.029799562 0.007595665 -0.998801351
1403636583313555456.000000 0.194254413 -0.003649126 -0.064274967 0.037171591 -0.027730927 0.007538683 -0.998895645
1403636583363555584.000000 0.167929515 -0.002029466 -0.054135237 0.036451511 -0.025167426 0.008129470 -0.998985410
1403636583413555456.000000 0.139043584 0.000462998 -0.043808594 0.034194555 -0.022809699 0.007289767 -0.999128342
1403636583463555584.000000 0.107690513 0.003249125 -0.033658899 0.031920217 -0.019435661 0.009238212 -0.999258757
1403636583513555456.000000 0.076197147 0.006765349 -0.021641828 -0.030417394 0.016238522 -0.009727180 0.999358058
1403636583563555584.000000 0.042904358 0.009381454 -0.011482728 0.030181756 -0.011790998 0.011559614 -0.999408066
1403636583613555456.000000 0.009106847 0.011846503 -0.000009430 -0.032698229 0.006238701 -0.012968445 0.999361694
1403636583663555584.000000 -0.024532154 0.013231275 0.009988546 0.029768266 0.002089443 0.011213593 -0.999491811
1403636583713555456.000000 -0.056501713 0.014203381 0.019627465 -0.028136561 -0.012641622 -0.007278783 0.999497712
1403636583763555584.000000 -0.086109444 0.015210835 0.027662951 0.026077135 0.024103533 0.003289012 -0.999363899
1403636583813555456.000000 -0.113223307 0.015983980 0.034800455 -0.025799941 -0.034214042 -0.000387472 0.999081433
1403636583863555584.000000 -0.137516677 0.016699648 0.040969271 0.025884857 0.041811369 0.000009876 -0.998790145
1403636583913555456.000000 -0.158272848 0.017346486 0.045346942 -0.026507271 -0.047061078 -0.003003691 0.998535812
1403636583963555584.000000 -0.175491914 0.016939905 0.049798865 -0.024967086 -0.050328940 -0.005913681 0.998403072
1403636584013555456.000000 -0.186716288 0.016025789 0.051315635 -0.022162518 -0.051776201 -0.007567411 0.998384118
1403636584063555584.000000 -0.191691220 0.014318679 0.050846264 -0.018383538 -0.051859859 -0.008534751 0.998448730
1403636584113555456.000000 -0.189385533 0.012888647 0.049644399 -0.015359747 -0.051830627 -0.008249888 0.998503685
1403636584163555584.000000 -0.179661974 0.011633336 0.047440220 0.013337695 0.051999189 0.008562498 -0.998521388
1403636584213555456.000000 -0.162998021 0.010776405 0.044443134 0.012688091 0.051840309 0.009319406 -0.998531342
1403636584263555584.000000 -0.140307218 0.009894777 0.037999757 0.012583638 0.050324585 0.009569394 -0.998607874
1403636584313555456.000000 -0.114536032 0.008390933 0.031938657 0.012678728 0.048220634 0.009805631 -0.998708129
1403636584363555584.000000 -0.085201122 0.007361652 0.025981637 0.013868808 0.046474874 0.011375572 -0.998758435
1403636584413555456.000000 -0.053670622 0.006516640 0.021858970 0.017776145 0.044416104 0.014765401 -0.998745859
1403636584463555584.000000 -0.017706195 0.006747300 0.011951463 0.021033339 0.041183218 0.017466012 -0.998777509
1403636584513555456.000000 0.018127646 0.005843563 0.004002536 0.022878902 0.036125470 0.018483592 -0.998914361
1403636584563555584.000000 0.054637212 0.003425653 -0.004236471 0.024829583 0.029700752 0.017803520 -0.999091804
1403636584613555456.000000 0.089229740 0.003160549 -0.012108526 -0.027005512 -0.020034185 -0.016716443 0.999294698
1403636584663555584.000000 0.124615528 0.001986057 -0.020523049 0.030764565 0.009603142 0.015547481 -0.999359608
1403636584713555456.000000 0.158137307 0.000643398 -0.029508352 0.033838514 -0.001384655 0.015496102 -0.999306262
1403636584763555584.000000 0.190071642 -0.000950637 -0.039241135 0.037702762 -0.011084645 0.015328946 -0.999109983
1403636584813555456.000000 0.217566445 -0.002785635 -0.048307560 0.039376397 -0.019219685 0.015339687 -0.998921871
1403636584863555584.000000 0.240245774 -0.004746179 -0.056304254 0.040186297 -0.026083490 0.012998358 -0.998767138
1403636584913555456.000000 0.257460445 -0.006678130 -0.063772596 0.039607778 -0.030979453 0.011476408 -0.998669028
1403636584963555584.000000 0.267673731 -0.008227048 -0.068016730 0.040424112 -0.033488881 0.008315317 -0.998586655
1403636585013555456.000000 0.270177513 -0.006702051 -0.070948526 -0.042112574 0.033624280 -0.006744442 0.998524129
1403636585063555584.000000 0.266630262 -0.007171801 -0.069420971 0.043847039 -0.031976044 0.005450752 -0.998511612
1403636585113555456.000000 0.257037520 -0.007314613 -0.065384135 0.044087514 -0.029647890 0.004970698 -0.998575270
1403636585163555584.000000 0.241601124 -0.006692828 -0.059402198 0.046576582 -0.026847024 0.004248840 -0.998544872
1403636585213555456.000000 0.222055063 -0.005189721 -0.051724963 0.049419835 -0.023683755 0.004601039 -0.998486638
1403636585263555584.000000 0.200610474 -0.005764608 -0.043998495 0.053152848 -0.019633608 0.008160304 -0.998360097
1403636585313555456.000000 0.176461563 -0.002150094 -0.034822702 0.055448368 -0.016728751 0.010825066 -0.998262703
1403636585363555584.000000 0.151077241 0.001326063 -0.025906092 0.056736942 -0.013451862 0.015361334 -0.998180330
1403636585413555456.000000 0.126278192 0.005834928 -0.017119069 0.057198949 -0.009971232 0.017456606 -0.998160362
1403636585463555584.000000 0.100908093 0.009254409 -0.009404704 0.053989556 -0.005198990 0.019269349 -0.998342037
1403636585513555456.000000 0.074594557 0.013608140 -0.000729997 -0.051149864 -0.000000781 -0.020144859 0.998487890
1403636585563555584.000000 0.050568368 0.014967090 0.003136902 0.045251496 0.005889911 0.020912627 -0.998739362
1403636585613555456.000000 0.028593440 0.015896421 0.004480209 0.038654640 0.012095107 0.020466918 -0.998969853
1403636585663555584.000000 0.009927805 0.017043807 0.005428317 -0.032264654 -0.018892532 -0.018353393 0.999132216
1403636585713555456.000000 -0.005451389 0.017248401 0.003591871 0.025999218 0.026203409 0.015492549 -0.999198377
1403636585763555584.000000 -0.016893607 0.017467201 0.001846033 -0.021990629 -0.034025233 -0.012405527 0.999101996
1403636585813555456.000000 -0.025122218 0.017176537 -0.001714889 0.017580723 0.041944634 0.008216710 -0.998931527
1403636585863555584.000000 -0.030416435 0.016895292 -0.005979622 0.014017928 0.051121987 0.004629456 -0.998583317
1403636585913555456.000000 -0.033146020 0.016342200 -0.010545388 0.011539375 0.060406934 0.001500059 -0.998106062
1403636585963555584.000000 -0.034299679 0.015671840 -0.013105612 -0.012051665 -0.071054697 0.001041009 0.997399151
1403636586013555456.000000 -0.034649573 0.015654976 -0.016343692 0.015477641 0.083044909 -0.003459610 -0.996419668
1403636586063555584.000000 -0.034285296 0.015863916 -0.019233661 0.022405067 0.095447004 -0.004187592 -0.995173573
1403636586113555456.000000 -0.033504292 0.014362389 -0.022624897 -0.029049531 -0.106163472 0.006147229 0.993905306
1403636586163555584.000000 -0.032158457 0.012451005 -0.025856605 0.034491818 0.115534805 -0.008473675 -0.992668271
1403636586213555456.000000 -0.030995540 0.010015172 -0.029579762 0.036996920 0.124093369 -0.010960305 -0.991520047
1403636586263555584.000000 -0.030420355 0.007738703 -0.033829544 0.037845716 0.133525088 -0.012636345 -0.990241945
1403636586313555456.000000 -0.030105505 0.006042176 -0.038377527 0.038830914 0.143403783 -0.015493879 -0.988780797
1403636586363555584.000000 -0.030550351 0.005345799 -0.043524683 -0.039911557 -0.153652683 0.017818475 0.987157762
1403636586413555456.000000 -0.031496897 0.004736043 -0.048949946 0.040573921 0.163751200 -0.020983810 -0.985443592
1403636586463555584.000000 -0.032671858 0.004943787 -0.054718293 0.040767632 0.173430696 -0.021219844 -0.983773112
1403636586513555456.000000 -0.033298291 0.006176050 -0.060175244 0.040663529 0.181902692 -0.020680241 -0.982257724
1403636586563555584.000000 -0.032924652 0.008280870 -0.064776413 0.039312348 0.188513190 -0.020132525 -0.981076956
1403636586613555456.000000 -0.031647146 0.011449121 -0.068194650 0.037882250 0.192334101 -0.019783786 -0.980398476
1403636586663555584.000000 -0.029595453 0.015704751 -0.070237465 0.037902635 0.192903340 -0.020557167 -0.980269909
1403636586713555456.000000 -0.026726490 0.020584533 -0.071458772 -0.036858514 -0.190443441 0.020523727 0.980791271
1403636586763555584.000000 -0.025116060 0.024857750 -0.071155071 0.034533229 0.186647952 -0.021448167 -0.981585443
1403636586813555456.000000 -0.023415985 0.029571835 -0.069748469 0.032566398 0.182481423 -0.021571524 -0.982433081
1403636586863555584.000000 -0.022703448 0.033201251 -0.067872144 0.031425875 0.178755105 -0.020650344 -0.983174801
1403636586913555456.000000 -0.022320867 0.035219099 -0.065677010 0.029692465 0.175983042 -0.018465625 -0.983772039
1403636586963555584.000000 -0.021841407 0.036341622 -0.063330874 0.027425552 0.173793048 -0.017299887 -0.984248221
1403636587013555456.000000 -0.020680182 0.037400309 -0.060725573 0.024942333 0.172819719 -0.014374121 -0.984532773
1403636587063555584.000000 -0.019573985 0.038214721 -0.058118530 0.023544269 0.173577666 -0.013188859 -0.984450400
1403636587113555456.000000 -0.018189490 0.039668590 -0.055595133 0.022351759 0.176052406 -0.011211325 -0.984063208
1403636587163555584.000000 -0.017178649 0.042367257 -0.052948445 0.021982908 0.178529501 -0.009731774 -0.983640850
1403636587213555456.000000 -0.015625268 0.046620484 -0.050438818 -0.021128630 -0.180052638 0.009233078 0.983386695
1403636587263555584.000000 -0.014990062 0.052460011 -0.047600433 0.021513069 0.181031868 -0.009862873 -0.983192444
1403636587313555456.000000 -0.014179911 0.060149986 -0.044572089 0.022131871 0.181605950 -0.010888219 -0.983062088
1403636587363555584.000000 -0.013023932 0.069744118 -0.041288011 0.023391206 0.182353497 -0.011837685 -0.982883513
1403636587413555456.000000 -0.011728963 0.080785058 -0.038236529 0.024448058 0.183143646 -0.013108303 -0.982694745
1403636587463555584.000000 -0.010498743 0.093450785 -0.035570908 0.025407432 0.184205219 -0.015176175 -0.982442200
1403636587513555456.000000 -0.009089299 0.107769884 -0.033458259 0.026162092 0.185220212 -0.017367002 -0.982195199
1403636587563555584.000000 -0.007725656 0.123798370 -0.031768877 0.027055478 0.185784355 -0.019177152 -0.982030809
1403636587613555456.000000 -0.006038319 0.140994385 -0.030637218 -0.029083991 -0.185334966 0.020937754 0.982021809
1403636587663555584.000000 -0.003742009 0.159181133 -0.029065728 0.031194268 0.183078334 -0.022835810 -0.982337952
1403636587713555456.000000 -0.001032674 0.178029761 -0.027369924 0.034039047 0.179640666 -0.025042728 -0.982824266
1403636587763555584.000000 0.001660574 0.196992338 -0.025826665 0.037225738 0.175771028 -0.027792452 -0.983334363
1403636587813555456.000000 0.003808084 0.215929747 -0.024421200 0.040892176 0.172910914 -0.029647361 -0.983641565
1403636587863555584.000000 0.004459666 0.233974740 -0.022285815 -0.044382922 -0.171802312 0.031864744 0.983615160
1403636587913555456.000000 0.004390507 0.252104521 -0.021292251 0.047698509 0.172944412 -0.033151567 -0.983217180
1403636587963555584.000000 0.003517334 0.269550681 -0.020569883 0.052235983 0.176475704 -0.034111846 -0.982325912
1403636588013555456.000000 0.002397260 0.285970211 -0.020033611 0.057396300 0.181770548 -0.034362424 -0.981062889
1403636588063555584.000000 0.000905688 0.300527871 -0.019126546 0.061408706 0.186380982 -0.036492955 -0.979877293
1403636588113555456.000000 -0.000660026 0.313038558 -0.017978402 0.062440924 0.189649493 -0.037841976 -0.979133427
1403636588163555584.000000 -0.003130609 0.324704856 -0.015740437 -0.063223228 -0.191448003 0.037503034 0.978746176
1403636588213555456.000000 -0.004748551 0.333982855 -0.014860379 0.062619351 0.191791028 -0.037414104 -0.978721261
1403636588263555584.000000 -0.006151093 0.341063917 -0.014017968 0.061814830 0.190906182 -0.037789200 -0.978930950
1403636588313555456.000000 -0.007257924 0.345819890 -0.013378108 0.060499519 0.189176351 -0.038751643 -0.979311228
1403636588363555584.000000 -0.008367063 0.348397404 -0.012897168 0.058740538 0.187352404 -0.039145213 -0.979753256
1403636588413555456.000000 -0.009453695 0.348864287 -0.012930507 0.058138393 0.185731605 -0.040394045 -0.980046988
1403636588463555584.000000 -0.010295605 0.347326368 -0.013231356 0.058129434 0.185200900 -0.041089829 -0.980119050
1403636588513555456.000000 -0.010425602 0.343931675 -0.014259639 0.059852790 0.185759589 -0.040061817 -0.979952157
1403636588563555584.000000 -0.009621896 0.338256627 -0.015613705 0.060939323 0.185706452 -0.039258540 -0.979927719
1403636588613555456.000000 -0.008521599 0.329996049 -0.017563514 0.060797043 0.185311198 -0.039339643 -0.980008125
1403636588663555584.000000 -0.007441520 0.319973439 -0.019908737 -0.060043354 -0.184693962 0.038933214 0.980187356
1403636588713555456.000000 -0.007700158 0.307952464 -0.022395780 0.058058195 0.185177371 -0.039427124 -0.980195999
1403636588763555584.000000 -0.008596560 0.294644505 -0.024682924 0.055575635 0.186665282 -0.038238291 -0.980104744
1403636588813555456.000000 -0.009563718 0.279909879 -0.026507925 -0.053417068 -0.188257426 0.037572101 0.979945958
1403636588863555584.000000 -0.010820137 0.263528138 -0.028157987 0.051107604 0.189117894 -0.037407525 -0.979909778
1403636588913555456.000000 -0.011612147 0.245407373 -0.029932242 0.048304502 0.189035863 -0.037305944 -0.980071664
1403636588963555584.000000 -0.011900403 0.226155877 -0.032039989 0.045578677 0.188366860 -0.036287103 -0.980369210
1403636589013555456.000000 -0.012009996 0.205432743 -0.034272220 -0.042576738 -0.186565652 0.035152737 0.980889797
1403636589063555584.000000 -0.011451842 0.184261501 -0.037095368 0.039288703 0.184081852 -0.033794764 -0.981543839
1403636589113555456.000000 -0.010472661 0.162594184 -0.039846059 0.036143743 0.181517884 -0.031693660 -0.982212007
1403636589163555584.000000 -0.009249898 0.140116930 -0.042411488 0.033741612 0.179131329 -0.030551257 -0.982771695
1403636589213555456.000000 -0.008203804 0.116809368 -0.044886567 0.031591233 0.177877799 -0.029638650 -0.983098745
1403636589263555584.000000 -0.006329829 0.093015008 -0.048639700 0.029366216 0.178550109 -0.028454017 -0.983080804
1403636589313555456.000000 -0.006460252 0.068827219 -0.050562501 0.026651861 0.179919109 -0.026498729 -0.982963204
1403636589363555584.000000 -0.007663626 0.044229928 -0.052277923 0.024028435 0.182172880 -0.025250629 -0.982648551
1403636589413555456.000000 -0.009073943 0.020297285 -0.053267770 0.021745084 0.184147656 -0.023141852 -0.982385576
1403636589463555584.000000 -0.010410905 -0.003447548 -0.054322574 0.020496311 0.184606716 -0.021154920 -0.982370973
1403636589513555456.000000 -0.013301362 -0.028014855 -0.055053141 -0.019740079 -0.183042482 0.020679496 0.982689261
1403636589563555584.000000 -0.015247902 -0.051900722 -0.056204978 0.017820885 0.181775734 -0.020279795 -0.982969344
1403636589613555456.000000 -0.017267531 -0.075430423 -0.057151414 0.016580308 0.180490151 -0.019108934 -0.983251452
1403636589663555584.000000 -0.019165300 -0.098918907 -0.058585275 -0.015025239 -0.179254636 0.018023960 0.983522892
1403636589713555456.000000 -0.021388957 -0.121871129 -0.059719708 0.013583323 0.178646982 -0.017180411 -0.983669519
1403636589763555584.000000 -0.024353862 -0.144434139 -0.060321145 0.010138895 0.179087505 -0.016914092 -0.983635485
1403636589813555456.000000 -0.027332626 -0.165741771 -0.061635762 -0.006196643 -0.181074560 0.016088983 0.983318269
1403636589863555584.000000 -0.030914379 -0.185133547 -0.061846100 0.002317680 0.184428826 -0.014990956 -0.982728899
1403636589913555456.000000 -0.034343246 -0.203847602 -0.063417360 0.002026362 -0.187594920 0.014217495 0.982141495
1403636589963555584.000000 -0.037713774 -0.220272690 -0.063379154 -0.006709583 0.189503610 -0.014627602 -0.981748164
1403636590013555456.000000 -0.040450893 -0.235042036 -0.063401759 -0.011244441 0.189130232 -0.014685255 -0.981777847
1403636590063555584.000000 -0.041527350 -0.248343155 -0.064834677 0.014479637 -0.186479449 0.014172341 0.982249916
1403636590113555456.000000 -0.041901842 -0.258232087 -0.065202162 -0.017531293 0.183032289 -0.013759433 -0.982854307
1403636590163555584.000000 -0.041637897 -0.265288562 -0.065557443 -0.020479525 0.179692090 -0.013977866 -0.983410418
1403636590213555456.000000 -0.041100070 -0.269000173 -0.066199087 -0.021810854 0.177565411 -0.013425073 -0.983775675
1403636590263555584.000000 -0.040578432 -0.269460857 -0.067222565 -0.021929212 0.176962629 -0.012461795 -0.983894348
1403636590313555456.000000 -0.040031184 -0.266924918 -0.068767086 -0.021058841 0.177888975 -0.011168193 -0.983761907
1403636590363555584.000000 -0.039444223 -0.261373192 -0.070609502 -0.018766962 0.179004312 -0.010865166 -0.983609319
1403636590413555456.000000 -0.038555674 -0.252736121 -0.072665617 -0.016137239 0.179704070 -0.010181351 -0.983535647
1403636590463555584.000000 -0.037253976 -0.241247371 -0.074834794 -0.012248860 0.179464638 -0.009919479 -0.983638227
1403636590513555456.000000 -0.035369352 -0.227319255 -0.077097051 -0.008836020 0.178284720 -0.009074305 -0.983897448
1403636590563555584.000000 -0.033138879 -0.210599646 -0.079226747 0.005050248 -0.176431894 0.008353688 0.984264433
1403636590613555456.000000 -0.030864025 -0.192931876 -0.080942452 -0.002169407 0.174887151 -0.008073369 -0.984553039
1403636590663555584.000000 -0.028943064 -0.173884258 -0.082136221 0.001253450 0.174015343 -0.008270317 -0.984707415
1403636590713555456.000000 -0.027358539 -0.153638452 -0.082916014 0.004328927 0.174266607 -0.008621844 -0.984651268
1403636590763555584.000000 -0.026415769 -0.132381245 -0.083135560 0.007360656 0.175769314 -0.010145996 -0.984351635
1403636590813555456.000000 -0.025967097 -0.110416323 -0.082773097 0.008397833 0.178418696 -0.012135298 -0.983844042
1403636590863555584.000000 -0.025836468 -0.087472968 -0.081875138 0.009743716 0.181439295 -0.014361650 -0.983249009
1403636590913555456.000000 -0.025505828 -0.063854404 -0.080850214 0.011219595 0.184051305 -0.015620700 -0.982728541
1403636590963555584.000000 -0.024879605 -0.038758572 -0.078071021 0.012966949 0.185537353 -0.015912468 -0.982422829
1403636591013555456.000000 -0.024453988 -0.014899334 -0.076522842 0.013273189 0.185564101 -0.016213534 -0.982408762
1403636591063555584.000000 -0.024316074 0.008450292 -0.074781634 -0.012318266 -0.184405535 0.017109359 0.982624173
1403636591113555456.000000 -0.023397272 0.031085912 -0.072705939 0.011446014 0.183836728 -0.017935337 -0.982726514
1403636591163555584.000000 -0.022563968 0.052857351 -0.070614368 0.011571932 0.183805734 -0.019602573 -0.982699037
1403636591213555456.000000 -0.021821691 0.073719062 -0.068363287 0.012096430 0.184535995 -0.020615373 -0.982535124
1403636591263555584.000000 -0.021902312 0.093296736 -0.065942064 0.013239613 0.185794532 -0.021568859 -0.982262671
1403636591313555456.000000 -0.022547947 0.111613803 -0.063273422 -0.015138562 -0.187239632 0.022146957 0.981947958
1403636591363555584.000000 -0.023869468 0.127416790 -0.060987268 0.017560430 0.188566923 -0.023116358 -0.981631219
1403636591413555456.000000 -0.025864892 0.140828565 -0.058436118 0.019691793 0.189113796 -0.024264934 -0.981457889
1403636591463555584.000000 -0.028382624 0.152027950 -0.055157937 0.020950073 0.189120397 -0.025907245 -0.981388569
1403636591513555456.000000 -0.030696534 0.162285402 -0.051186487 0.023612509 0.188097686 -0.025814250 -0.981527090
1403636591563555584.000000 -0.032981563 0.171609178 -0.046814110 0.029463615 0.184374452 -0.026413435 -0.982059240
1403636591613555456.000000 -0.034996755 0.179739699 -0.042041309 0.037481681 0.178060323 -0.027328542 -0.982925713
1403636591663555584.000000 -0.036481984 0.186174721 -0.037229765 0.044265315 0.168721959 -0.027648291 -0.984281003
1403636591713555456.000000 -0.035944730 0.190662742 -0.034295391 0.049332928 0.158595204 -0.026135379 -0.985764086
1403636591763555584.000000 -0.035800684 0.194393501 -0.030837428 0.054923724 0.148088217 -0.024773221 -0.987137139
1403636591813555456.000000 -0.036142539 0.197410151 -0.028073888 -0.061031256 -0.137042493 0.024839705 0.988371134
1403636591863555584.000000 -0.034593485 0.200317964 -0.025275845 0.065929577 0.128199860 -0.025058871 -0.989237189
1403636591913555456.000000 -0.032757934 0.203394040 -0.022287177 0.070755854 0.122643597 -0.026312916 -0.989575565
1403636591963555584.000000 -0.031368762 0.206571534 -0.018903269 0.074668236 0.122111693 -0.029783014 -0.989255428
1403636592013555456.000000 -0.029675471 0.211193636 -0.014140811 0.078881234 0.125474244 -0.033098217 -0.988402009
1403636592063555584.000000 -0.027710667 0.217092425 -0.007481619 0.084205620 0.128840938 -0.037370451 -0.987376750
1403636592113555456.000000 -0.025494559 0.223844022 0.000502381 0.089319631 0.132225558 -0.041355971 -0.986320496
1403636592163555584.000000 -0.023094986 0.231140211 0.009696567 0.094081268 0.136106685 -0.045240585 -0.985178709
1403636592213555456.000000 -0.020448318 0.238294736 0.019696720 0.097491622 0.140714839 -0.047868095 -0.984074891
1403636592263555584.000000 -0.017556274 0.245105550 0.031891659 -0.099758238 -0.145192355 0.049491201 0.983116567
1403636592313555456.000000 -0.013763912 0.250091016 0.043757580 0.099617168 0.149248943 -0.050370589 -0.982478499
1403636592363555584.000000 -0.009568526 0.253149927 0.057048976 0.097781360 0.152618542 -0.053042617 -0.982004523
1403636592413555456.000000 -0.004577387 0.254180282 0.071177162 0.093590222 0.155396402 -0.053538132 -0.981950402
1403636592463555584.000000 0.001275606 0.253632843 0.086512752 -0.088158600 -0.155869365 0.053046230 0.982404709
1403636592513555456.000000 0.007674273 0.249818057 0.102116659 0.081039928 0.153550252 -0.050773863 -0.983502388
1403636592563555584.000000 0.013785133 0.243858859 0.118221305 -0.073462889 -0.149255946 0.047192264 0.984935939
1403636592613555456.000000 0.019617412 0.235414758 0.134165585 0.064740688 0.144541621 -0.042345963 -0.986470103
1403636592663555584.000000 0.024650337 0.224771872 0.149897531 0.056500401 0.140893623 -0.036738403 -0.987728238
1403636592713555456.000000 0.029185414 0.211526170 0.165878639 -0.047412354 -0.138721153 0.031659894 0.988689125
1403636592763555584.000000 0.032839414 0.195532292 0.179580063 -0.036050174 -0.138276294 0.026855966 0.989372969
1403636592813555456.000000 0.035628844 0.176351994 0.191319153 0.022905115 0.138896078 -0.023104291 -0.989772439
1403636592863555584.000000 0.037107904 0.153811350 0.200499192 -0.007903424 -0.140960127 0.020101979 0.989779711
1403636592913555456.000000 0.036874965 0.128824279 0.206993282 0.006623403 -0.143946782 0.016417366 0.989427149
1403636592963555584.000000 0.035589255 0.102073677 0.210426778 0.020831017 -0.147258595 0.012844437 0.988795221
1403636593013555456.000000 0.033159740 0.072056554 0.209575474 0.035256755 -0.150284111 0.009034269 0.987972736
1403636593063555584.000000 0.029721821 0.041466933 0.205417976 0.049049322 -0.153193653 0.004841551 0.986966252
1403636593113555456.000000 0.025591798 0.010440570 0.197237119 -0.061956830 0.155187875 0.000577830 -0.985940099
1403636593163555584.000000 0.020439707 -0.020931862 0.185898870 0.075184189 -0.156508446 -0.002951341 0.984806478
1403636593213555456.000000 0.014890713 -0.051347665 0.171542093 0.086730056 -0.157239661 -0.003083640 0.983739913
1403636593263555584.000000 0.008603589 -0.080368914 0.154245764 -0.098328099 0.157988966 0.001827322 -0.982531309
1403636593313555456.000000 0.001924651 -0.105463617 0.135648906 0.106256999 -0.160116434 -0.001760019 0.981360853
1403636593363555584.000000 -0.005738271 -0.126723364 0.114898600 0.110850193 -0.162553176 -0.003083393 0.980448484
1403636593413555456.000000 -0.014667694 -0.143720150 0.093516260 -0.113309085 0.164629936 0.003732639 -0.979818404
1403636593463555584.000000 -0.023738474 -0.155650124 0.070438452 0.112692587 -0.166083857 -0.004970556 0.979638696
1403636593513555456.000000 -0.034175493 -0.162519112 0.048315044 -0.109125011 0.167649716 0.004561106 -0.979777753
1403636593563555584.000000 -0.044931181 -0.165327892 0.026666779 -0.105069317 0.169889942 0.002129573 -0.979843557
1403636593613555456.000000 -0.055773478 -0.164147541 0.004870002 0.098901868 -0.173362166 0.001733041 0.979878068
1403636593663555584.000000 -0.066705480 -0.158716828 -0.015810031 -0.091875203 0.177582234 -0.007551161 -0.979778826
1403636593713555456.000000 -0.076843947 -0.148673445 -0.035896659 0.081665367 -0.181985199 0.012925405 0.979818940
1403636593763555584.000000 -0.086660855 -0.135177836 -0.055264723 0.068238616 -0.185026273 0.019869749 0.980160177
1403636593813555456.000000 -0.095679298 -0.117772043 -0.073392227 0.052158911 -0.185730860 0.026821027 0.980848730
1403636593863555584.000000 -0.102717631 -0.097881302 -0.091365844 0.034005392 -0.183313146 0.034993894 0.981842875
1403636593913555456.000000 -0.106164619 -0.075297974 -0.107753992 0.015240477 -0.178691477 0.042934842 0.982849836
1403636593963555584.000000 -0.109984122 -0.050776955 -0.121567868 -0.004886882 -0.172650501 0.050037902 0.983699262
1403636594013555456.000000 -0.112166286 -0.024664568 -0.133227512 -0.025019240 -0.166695371 0.056036938 0.984096825
1403636594063555584.000000 -0.113103189 0.002514452 -0.142062426 -0.045102123 -0.162002817 0.061918579 0.983812451
1403636594113555456.000000 -0.112851925 0.030099303 -0.147445649 0.063072450 0.159197867 -0.068130977 -0.982871413
1403636594163555584.000000 -0.111782849 0.058353864 -0.148709133 0.079569772 0.158489808 -0.074152946 -0.981351674
1403636594213555456.000000 -0.110238492 0.087190427 -0.146096885 -0.093750544 -0.158865809 0.078215435 0.979721844
1403636594263555584.000000 -0.107377380 0.116084412 -0.138877213 0.105839357 0.159488693 -0.080709815 -0.978185713
1403636594313555456.000000 -0.102935217 0.144968674 -0.127792701 0.115589887 0.159977600 -0.081121050 -0.976967573
1403636594363555584.000000 -0.097941183 0.173530325 -0.114575282 -0.123950265 -0.159552038 0.080283776 0.976081014
1403636594413555456.000000 -0.090877838 0.201256305 -0.097197086 0.130229548 0.157187536 -0.078167178 -0.975818813
1403636594463555584.000000 -0.083041608 0.227294460 -0.077452056 0.134451672 0.153156981 -0.074637718 -0.976163447
1403636594513555456.000000 -0.074454173 0.251061291 -0.056150198 -0.136292040 -0.147859812 0.071178980 0.976982892
1403636594563555584.000000 -0.065618001 0.270251691 -0.033311404 0.136824980 0.141896337 -0.071004681 -0.977805018
1403636594613555456.000000 -0.057051167 0.284528673 -0.010288583 0.135806218 0.137243852 -0.071013972 -0.978610218
1403636594663555584.000000 -0.048615314 0.293659627 0.012673267 -0.134210616 -0.133414492 0.072155081 0.979276180
1403636594713555456.000000 -0.041106988 0.295277894 0.034615610 0.130865052 0.131009579 -0.071104288 -0.980130136
1403636594763555584.000000 -0.034576990 0.291365176 0.059239175 -0.124581233 -0.129116923 0.069228210 0.981333673
1403636594813555456.000000 -0.029582033 0.279648244 0.079763919 0.114806980 0.127393305 -0.065102533 -0.983032048
1403636594863555584.000000 -0.025284968 0.261683047 0.099411130 -0.103571333 -0.125680402 0.060137056 0.984815180
1403636594913555456.000000 -0.021947710 0.236975670 0.116384134 0.090020292 0.123820856 -0.052627563 -0.986810625
1403636594963555584.000000 -0.019276762 0.206895947 0.130521193 -0.074037895 -0.122648999 0.044072282 0.988702834
1403636595013555456.000000 -0.018583529 0.171499819 0.142030597 -0.054144271 -0.121747904 0.036801953 0.990399659
1403636595063555584.000000 -0.019062236 0.133184463 0.149352178 -0.034079481 -0.122786321 0.028432017 0.991440296
1403636595113555456.000000 -0.020914244 0.093757242 0.153316051 0.013874368 0.125419945 -0.021559749 -0.991772413
1403636595163555584.000000 -0.024058299 0.054480843 0.156423405 0.005077265 -0.128524154 0.015438180 0.991573274
1403636595213555456.000000 -0.028312478 0.017263301 0.156505734 0.023691595 -0.131854713 0.011256293 0.990921974
1403636595263555584.000000 -0.032904048 -0.016899586 0.151826784 0.041046232 -0.134885490 0.007129337 0.989984989
1403636595313555456.000000 -0.038180523 -0.046641704 0.144027904 0.055961065 -0.137922749 0.003284424 0.988855362
1403636595363555584.000000 -0.043926124 -0.071466379 0.133648753 0.067336030 -0.140152827 -0.000690620 0.987837374
1403636595413555456.000000 -0.049714603 -0.089535072 0.121299021 0.075155705 -0.141817376 -0.002516841 0.987032533
1403636595463555584.000000 -0.055404652 -0.100449160 0.107469022 -0.080508210 0.143428639 0.004302710 -0.986371279
1403636595513555456.000000 -0.061625671 -0.104970641 0.093341067 0.082929395 -0.145523280 -0.004270356 0.985863864
1403636595563555584.000000 -0.067721240 -0.102026805 0.078267351 -0.084924921 0.148095414 0.005832844 -0.985302746
1403636595613555456.000000 -0.073836483 -0.093137808 0.063182481 0.083968215 -0.150454566 -0.006163221 0.985025346
1403636595663555584.000000 -0.080437601 -0.078861050 0.046363924 0.079858720 -0.152553126 -0.006736364 0.985040486
1403636595713555456.000000 -0.086865686 -0.058991265 0.031344969 0.072607465 -0.153762385 -0.005567754 0.985420942
1403636595763555584.000000 -0.093510151 -0.034553267 0.017315496 -0.062242962 0.154206112 0.005875033 -0.986058712
1403636595813555456.000000 -0.099996999 -0.007439273 0.002667269 0.047703184 -0.153826773 -0.004635163 0.986934841
1403636595863555584.000000 -0.106590457 0.021148663 -0.010789863 0.032216523 -0.153226256 -0.002914326 0.987661600
1403636595913555456.000000 -0.113435745 0.049726550 -0.023776706 0.016215885 -0.153167814 0.001332275 0.988066316
1403636595963555584.000000 -0.119647451 0.077142999 -0.037651069 0.000471410 -0.153998047 0.005661770 0.988054872
1403636596013555456.000000 -0.126090199 0.101628087 -0.052777708 -0.015028514 -0.156113043 0.009564527 0.987578571
1403636596063555584.000000 -0.132798105 0.121942401 -0.069117658 -0.029933995 -0.158156767 0.014756504 0.986849904
1403636596113555456.000000 -0.139339268 0.136274129 -0.085685283 0.042637274 0.160117149 -0.020051964 -0.985972941
1403636596163555584.000000 -0.145081311 0.144059062 -0.102550261 -0.051656038 -0.161272034 0.024832139 0.985244393
1403636596213555456.000000 -0.149360508 0.144093752 -0.119325198 0.057438210 0.160884038 -0.028617587 -0.984884918
1403636596263555584.000000 -0.152589500 0.136750609 -0.136562154 0.060173668 0.159711674 -0.032512050 -0.984791517
1403636596313555456.000000 -0.154420435 0.124035299 -0.154258713 0.061588779 0.157739356 -0.035484988 -0.984919310
1403636596363555584.000000 -0.156464785 0.108527690 -0.172424629 -0.062915720 -0.155174688 0.036927786 0.985189736
1403636596413555456.000000 -0.157324791 0.089295790 -0.192452148 0.063596383 0.152550921 -0.035769746 -0.985598445
1403636596463555584.000000 -0.158398136 0.068984166 -0.212365478 0.062830746 0.149641633 -0.033547726 -0.986171544
1403636596513555456.000000 -0.159658208 0.048993070 -0.230808347 0.061481565 0.146998897 -0.030454321 -0.986754239
1403636596563555584.000000 -0.160450190 0.030311786 -0.247051597 0.059764773 0.144997805 -0.027071681 -0.987254262
1403636596613555456.000000 -0.162014812 0.013468217 -0.260795295 0.059695896 0.145051092 -0.025241615 -0.987299144
1403636596663555584.000000 -0.163507029 -0.000587214 -0.271330446 -0.059320576 -0.146345869 0.024794977 0.987141967
1403636596713555456.000000 -0.164814860 -0.011871668 -0.277759284 0.058381509 0.147789761 -0.024006983 -0.987002313
1403636596763555584.000000 -0.165036082 -0.019222843 -0.279367208 0.057086453 0.147793218 -0.021445069 -0.987136483
1403636596813555456.000000 -0.164490238 -0.022667903 -0.275874674 0.056699965 0.145455226 -0.019619495 -0.987543941
1403636596863555584.000000 -0.162294865 -0.022379410 -0.267099559 0.056875959 0.142580807 -0.015928356 -0.988019347
1403636596913555456.000000 -0.158846051 -0.019351909 -0.253245056 0.057515610 0.139864594 -0.013746793 -0.988403261
1403636596963555584.000000 -0.153870955 -0.013649778 -0.234721467 0.058713388 0.139864013 -0.010245521 -0.988375366
1403636597013555456.000000 -0.147577003 -0.006379033 -0.212061882 0.059818704 0.142244503 -0.010020541 -0.987971604
1403636597063555584.000000 -0.140671253 0.002460203 -0.186195761 0.059901193 0.147653162 -0.008908643 -0.987183392
1403636597113555456.000000 -0.132526532 0.011625739 -0.157795742 0.057343390 0.153522253 -0.009517738 -0.986433983
1403636597163555584.000000 -0.122818209 0.021173250 -0.129287884 -0.052498978 -0.158795476 0.007858630 0.985883415
1403636597213555456.000000 -0.111032777 0.030644078 -0.098203272 0.046185125 0.161977232 -0.005833041 -0.985695839
1403636597263555584.000000 -0.097405151 0.039408844 -0.066701882 0.039436221 0.162802085 -0.002783407 -0.985866427
1403636597313555456.000000 -0.083492436 0.047321599 -0.035161231 -0.032094475 -0.161732122 -0.001329524 0.986311853
1403636597363555584.000000 -0.069047354 0.053233538 -0.003476828 0.024028525 0.159599662 0.004223946 -0.986880302
1403636597413555456.000000 -0.055566695 0.057856921 0.027456895 0.016427986 0.157675490 0.009448051 -0.987309158
1403636597463555584.000000 -0.043084390 0.060523972 0.057296172 -0.007904941 -0.155914381 -0.013792008 0.987642705
1403636597513555456.000000 -0.032620635 0.060704391 0.083364338 -0.001699873 0.153966993 0.019429598 -0.987883508
1403636597563555584.000000 -0.024630677 0.057783436 0.105517156 -0.012879235 0.151157677 0.022318238 -0.988173842
1403636597613555456.000000 -0.018711058 0.052144278 0.123849601 0.025246618 -0.147322714 -0.023998257 0.988475025
1403636597663555584.000000 -0.016049622 0.043608442 0.135525808 -0.037705924 0.142979756 0.025078243 -0.988689125
1403636597713555456.000000 -0.015636463 0.032981835 0.141608372 -0.049294703 0.138572544 0.026314281 -0.988774657
1403636597763555584.000000 -0.016890097 0.020675631 0.142297372 0.058607142 -0.134400621 -0.028199367 0.988790452
1403636597813555456.000000 -0.020153139 0.008696983 0.137264103 -0.066176750 0.130429879 0.030321805 -0.988781750
1403636597863555584.000000 -0.025078122 -0.002144164 0.127715603 -0.071190119 0.127499148 0.033944882 -0.988698006
1403636597913555456.000000 -0.031368628 -0.011669585 0.114271387 -0.075920507 0.125850722 0.038152833 -0.988403797
1403636597963555584.000000 -0.038952883 -0.019692443 0.098170243 -0.078673251 0.126197413 0.042302858 -0.987975359
1403636598013555456.000000 -0.047506325 -0.026223229 0.079725236 -0.080543637 0.128400043 0.045395195 -0.987403452
1403636598063555584.000000 -0.056341480 -0.031562917 0.060383506 0.081013903 -0.132146895 -0.046723943 0.986808479
1403636598113555456.000000 -0.067268059 -0.034711007 0.040212005 -0.081408970 0.138066307 0.046125304 -0.985993326
1403636598163555584.000000 -0.078118853 -0.035699509 0.020534404 0.079693057 -0.145783827 -0.046487227 0.985005140
1403636598213555456.000000 -0.090017825 -0.034689717 0.003001523 -0.076850556 0.155221671 0.046812933 -0.983772755
1403636598263555584.000000 -0.101786315 -0.032241248 -0.011826210 0.073826447 -0.164638698 -0.049090084 0.982361436
1403636598313555456.000000 -0.112740509 -0.028509662 -0.022378448 -0.070232578 0.171830222 0.049562190 -0.981369197
1403636598363555584.000000 -0.121974438 -0.023425089 -0.028405923 -0.065777846 0.176392943 0.051986981 -0.980742693
1403636598413555456.000000 -0.130417854 -0.017458757 -0.030354388 0.061168674 -0.178355053 -0.052670687 0.980649650
1403636598463555584.000000 -0.136539981 -0.011262191 -0.026560944 -0.058720656 0.178144932 0.054442909 -0.980740726
1403636598513555456.000000 -0.141485602 -0.005079762 -0.018428763 0.058174703 -0.175230995 -0.054572832 0.981290817
1403636598563555584.000000 -0.143413171 0.000785284 -0.005805392 -0.060849976 0.169976443 0.055174187 -0.982018948
1403636598613555456.000000 -0.144608468 0.006629969 0.009593161 0.064274594 -0.162781611 -0.054542914 0.983054459
1403636598663555584.000000 -0.144674703 0.012162985 0.027350783 0.069330230 -0.154742703 -0.054503094 0.984010935
1403636598713555456.000000 -0.145569578 0.017081596 0.046399366 0.075467885 -0.145288870 -0.053941917 0.985031009
1403636598763555584.000000 -0.147763371 0.021497842 0.065810002 0.082675748 -0.134301335 -0.053372517 0.986042202
1403636598813555456.000000 -0.151131898 0.025888519 0.085286655 0.088809088 -0.122940578 -0.051866595 0.987070620
1403636598863555584.000000 -0.155833781 0.030316610 0.104150325 0.092863433 -0.110919438 -0.050344396 0.988199770
1403636598913555456.000000 -0.161585286 0.034465596 0.121698573 0.094745815 -0.100253306 -0.048250992 0.989264607
1403636598963555584.000000 -0.168218628 0.038785245 0.137384281 0.094820060 -0.090873055 -0.048750322 0.990138769
1403636599013555456.000000 -0.175162032 0.042258289 0.152404413 0.095854871 -0.083140776 -0.048940901 0.990708947
1403636599063555584.000000 -0.180977613 0.044871297 0.165306732 0.098272145 -0.074464321 -0.047005225 0.991255879
1403636599113555456.000000 -0.185992867 0.046987724 0.176330477 0.102599360 -0.064827465 -0.044505253 0.991609871
1403636599163555584.000000 -0.189371467 0.048539530 0.185048416 0.107429594 -0.052451979 -0.041187044 0.991973460
1403636599213555456.000000 -0.191636667 0.049783997 0.193789661 0.108315155 -0.036284667 -0.040638663 0.992622733
1403636599263555584.000000 -0.193379447 0.050584614 0.201877668 0.108992092 -0.020478308 -0.037488587 0.993124425
1403636599313555456.000000 -0.195086479 0.051335841 0.209121138 0.109209560 -0.007024250 -0.034815710 0.993384063
1403636599363555584.000000 -0.197019488 0.051753737 0.216634974 0.107996665 0.002579827 -0.033163726 0.993594646
1403636599413555456.000000 -0.199937284 0.052666321 0.223013237 -0.105241105 -0.008502385 0.034068298 -0.993826628
1403636599463555584.000000 -0.202852815 0.053307183 0.229402363 0.101369850 0.010877158 -0.035780393 0.994145751
1403636599513555456.000000 -0.206095859 0.053882610 0.234529436 0.096927337 0.009556154 -0.034179524 0.994658530
1403636599563555584.000000 -0.209466442 0.054740429 0.238482043 -0.092828311 -0.006748600 0.032507919 -0.995128512
1403636599613555456.000000 -0.213066667 0.055298835 0.242120236 0.090275548 0.003394546 -0.031393372 0.995416164
1403636599663555584.000000 -0.215844169 0.056094285 0.245296538 0.088043973 0.000935438 -0.032077421 0.995599568
1403636599713555456.000000 -0.218671799 0.057097398 0.246684775 -0.087623231 -0.002359219 0.031006459 -0.995668292
1403636599763555584.000000 -0.218857974 0.058328800 0.246385232 0.089184768 0.011652783 -0.031255495 0.995456398
1403636599813555456.000000 -0.218617842 0.059325758 0.246142954 0.089277074 0.019784654 -0.030432155 0.995345235
1403636599863555584.000000 -0.219333425 0.059954938 0.245661050 -0.089580394 -0.026120195 0.029141471 -0.995210469
1403636599913555456.000000 -0.220114768 0.060684476 0.244862497 -0.090581059 -0.028194467 0.027601574 -0.995107174
1403636599963555584.000000 -0.220537320 0.061277140 0.244946003 -0.089437097 -0.027280834 0.025950693 -0.995280564
1403636600013555456.000000 -0.220958591 0.061799105 0.245864332 0.088794895 0.026701711 -0.024837846 0.995382130
1403636600063555584.000000 -0.222206265 0.062722653 0.245840728 -0.089716785 -0.026776278 0.022426190 -0.995354772
1403636600113555456.000000 -0.222384602 0.063544303 0.245111257 -0.090758555 -0.030042872 0.019958602 -0.995219588
1403636600163555584.000000 -0.222149253 0.064259358 0.245919690 0.090412617 0.030682625 -0.021464784 0.995200217
1403636600213555456.000000 -0.222503841 0.063808866 0.245680764 -0.090884916 -0.030353703 0.020140987 -0.995194912
1403636600263555584.000000 -0.222753629 0.063683659 0.245356515 -0.091105141 -0.030328488 0.019945197 -0.995179534
1403636600313555456.000000 -0.222778335 0.063729897 0.244916663 -0.091275029 -0.030307045 0.019441506 -0.995174587
1403636600363555584.000000 -0.222473234 0.063789606 0.244645804 -0.091410734 -0.030417191 0.018853264 -0.995170116
1403636600413555456.000000 -0.222123578 0.063897669 0.244682759 -0.091519080 -0.030410888 0.018876178 -0.995159864
1403636600463555584.000000 -0.221910521 0.063879147 0.244716853 -0.091754317 -0.030373797 0.018247062 -0.995151103
1403636600513555456.000000 -0.221726343 0.064017862 0.244932830 -0.091538787 -0.030607957 0.018474551 -0.995159566
1403636600563555584.000000 -0.221626624 0.064058259 0.245338544 -0.091538906 -0.030469846 0.018891865 -0.995155931
1403636600613555456.000000 -0.221590087 0.063878462 0.245561793 -0.091740817 -0.030443426 0.018278718 -0.995149672
1403636600663555584.000000 -0.222468793 0.063665166 0.245246649 0.091578096 0.030371130 -0.018470502 0.995163321
1403636600713555456.000000 -0.222392365 0.063904032 0.245425284 -0.091616020 -0.030275380 0.018479194 -0.995162487
1403636600763555584.000000 -0.222257003 0.064035706 0.245590270 -0.091748901 -0.030297901 0.018180985 -0.995155156
1403636600813555456.000000 -0.222052559 0.064190499 0.245668665 -0.091600403 -0.030345963 0.018603547 -0.995159507
1403636600863555584.000000 -0.221939668 0.063959867 0.245688275 -0.091788456 -0.030255290 0.018186752 -0.995152652
1403636600913555456.000000 -0.221825063 0.063853920 0.245694593 -0.091650665 -0.030321013 0.018530436 -0.995157063
1403636600963555584.000000 -0.221864924 0.063575275 0.245410323 -0.091757528 -0.030263612 0.018103030 -0.995156765
1403636601013555456.000000 -0.221857280 0.063537873 0.245126039 -0.091584980 -0.030289192 0.018588364 -0.995162904
1403636601063555584.000000 -0.221927136 0.063319713 0.244860858 -0.091734424 -0.030261749 0.018090220 -0.995159209
1403636601113555456.000000 -0.221918076 0.063389234 0.244681999 -0.091594487 -0.030277820 0.018493589 -0.995164216
1403636601163555584.000000 -0.222552478 0.063749306 0.245072290 0.091578729 0.030287258 -0.018263582 0.995169640
1403636601213555456.000000 -0.222491115 0.063815735 0.245157599 -0.091465026 -0.030307481 0.018615687 -0.995172858
1403636601263555584.000000 -0.222441003 0.063748538 0.245802969 -0.091718160 -0.030064683 0.017995531 -0.995168388
1403636601313555456.000000 -0.222315371 0.063905753 0.245291933 -0.091513231 -0.030309454 0.018566046 -0.995169342
1403636601363555584.000000 -0.222277462 0.063840568 0.245855927 -0.091692299 -0.030098641 0.018035920 -0.995169044
1403636601413555456.000000 -0.222203925 0.063799083 0.245285690 -0.091519922 -0.030319547 0.018413946 -0.995171309
1403636601463555584.000000 -0.222159252 0.063785896 0.245689929 -0.091677859 -0.030132288 0.018004695 -0.995169878
1403636601513555456.000000 -0.222160041 0.063854672 0.245029956 -0.091544054 -0.030428642 0.018330870 -0.995167196
1403636601563555584.000000 -0.222176298 0.063796930 0.244890273 -0.091567144 -0.030443210 0.018131269 -0.995168328
1403636601613555456.000000 -0.222243294 0.063840166 0.245331973 -0.091644585 -0.030222075 0.018050730 -0.995169461
1403636601663555584.000000 -0.222604588 0.063691050 0.244728178 0.091502659 0.030234188 -0.018163590 0.995180070
1403636601713555456.000000 -0.222657874 0.063748762 0.244861111 -0.091540843 -0.030212600 0.018127210 -0.995177865
1403636601763555584.000000 -0.222631022 0.063796952 0.245081976 -0.091525912 -0.030254234 0.018167712 -0.995177269
1403636601813555456.000000 -0.222533196 0.063776866 0.245224431 -0.091618799 -0.030199839 0.018093010 -0.995171726
1403636601863555584.000000 -0.222371012 0.063810684 0.245328099 -0.091567561 -0.030260133 0.018138586 -0.995173752
1403636601913555456.000000 -0.222262800 0.063828655 0.245254874 -0.091607861 -0.030262439 0.018063458 -0.995171368
1403636601963555584.000000 -0.222230554 0.063794658 0.245019630 -0.091583692 -0.030268166 0.018182823 -0.995171189
1403636602013555456.000000 -0.222217873 0.063756429 0.244771600 -0.091618031 -0.030319743 0.018066678 -0.995168626
1403636602063555584.000000 -0.222253352 0.063734762 0.244470403 -0.091590151 -0.030290587 0.018242147 -0.995168865
1403636602113555456.000000 -0.222265631 0.063646927 0.244319022 -0.091628604 -0.030278936 0.018023804 -0.995169640
1403636602163555584.000000 -0.222562268 0.063785136 0.244661272 0.091533743 0.030220078 -0.018237188 0.995176315
1403636602213555456.000000 -0.222546369 0.063885085 0.244830474 -0.091599993 -0.030236827 0.017977165 -0.995174408
1403636602263555584.000000 -0.222506136 0.064088777 0.244959265 -0.091524236 -0.030220672 0.018278984 -0.995176375
1403636602313555456.000000 -0.222636089 0.064167887 0.245811835 -0.091643035 -0.030034797 0.017918564 -0.995177627
1403636602363555584.000000 -0.222348705 0.063879900 0.245040268 -0.091595769 -0.030220438 0.018203327 -0.995171130
1403636602413555456.000000 -0.222271904 0.063808799 0.245020017 -0.091664262 -0.030259686 0.018024871 -0.995166957
1403636602463555584.000000 -0.222453967 0.063927077 0.245596915 -0.091614000 -0.030123321 0.018007418 -0.995176017
1403636602513555456.000000 -0.222253904 0.063685745 0.244599193 -0.091589600 -0.030279720 0.018045250 -0.995172858
1403636602563555584.000000 -0.222262368 0.063664801 0.244373783 -0.091597378 -0.030288586 0.018044390 -0.995171905
1403636602613555456.000000 -0.222507834 0.063871711 0.244967550 -0.091588162 -0.030090893 0.017990211 -0.995179653
1403636602663555584.000000 -0.222493485 0.063742898 0.244899601 0.091585428 0.030114522 -0.018076880 0.995177686
1403636602713555456.000000 -0.222519428 0.063798174 0.244930744 -0.091598384 -0.030128675 0.018021470 -0.995177031
1403636602763555584.000000 -0.222489268 0.063845873 0.244971186 -0.091570526 -0.030143432 0.018010514 -0.995179296
1403636602813555456.000000 -0.222453520 0.063865624 0.244952887 -0.091578543 -0.030182842 0.018021535 -0.995177209
1403636602863555584.000000 -0.222362518 0.063814141 0.244946927 -0.091601431 -0.030196708 0.017964156 -0.995175779
1403636602913555456.000000 -0.222581282 0.063993804 0.244893625 -0.091591790 -0.030180940 0.017996965 -0.995176494
1403636602963555584.000000 -0.222508207 0.063914388 0.244871572 -0.091589734 -0.030214125 0.017914589 -0.995177150
1403636603013555456.000000 -0.222499788 0.063856788 0.244825244 -0.091548346 -0.030214507 0.018020073 -0.995179057
1403636603063555584.000000 -0.222240195 0.063583761 0.244826585 -0.091602504 -0.030244773 0.017966311 -0.995174110
1403636603113555456.000000 -0.222519562 0.063784197 0.244737729 -0.091511399 -0.030252004 0.018054022 -0.995180666
1403636603163555584.000000 -0.222660482 0.063807972 0.245052889 0.091448635 0.030387873 -0.018237678 0.995178938
1403636603213555456.000000 -0.222704411 0.063793384 0.245010108 -0.091457725 -0.030373737 0.018281801 -0.995177746
1403636603263555584.000000 -0.222897664 0.063819997 0.244902477 -0.091559201 -0.030116210 0.017956359 -0.995182216
1403636603313555456.000000 -0.222828597 0.063822731 0.244897366 -0.091538049 -0.030137999 0.018014720 -0.995182455
1403636603363555584.000000 -0.222685352 0.063825034 0.244901657 -0.091573417 -0.030171752 0.017957587 -0.995179117
1403636603413555456.000000 -0.222578853 0.063868314 0.244917065 -0.091553010 -0.030188501 0.017997004 -0.995179832
1403636603463555584.000000 -0.222508192 0.063887917 0.244962037 -0.091550179 -0.030169453 0.017983437 -0.995180845
1403636603513555456.000000 -0.222500533 0.063835666 0.244907841 -0.091524273 -0.030117467 0.018010652 -0.995184362
1403636603563555584.000000 -0.222491443 0.063781582 0.244886577 -0.091549307 -0.030115990 0.017999353 -0.995182335
1403636603613555456.000000 -0.222507060 0.063744865 0.244881958 -0.091539703 -0.030113874 0.018028684 -0.995182753
1403636603663555584.000000 -0.222608417 0.063752837 0.245289460 0.091421969 0.030334899 -0.018272972 0.995182395
1403636603713555456.000000 -0.222635344 0.063719906 0.245258570 -0.091428772 -0.030320846 0.018250976 -0.995182574
1403636603763555584.000000 -0.222622067 0.063684553 0.245236099 -0.091426387 -0.030296216 0.018207047 -0.995184362
1403636603813555456.000000 -0.222609028 0.063648731 0.245221511 -0.091428347 -0.030283663 0.018246621 -0.995183825
1403636603863555584.000000 -0.222482905 0.063638367 0.245230213 -0.091419987 -0.030421920 0.018218273 -0.995180905
1403636603913555456.000000 -0.222436845 0.063651673 0.245199963 -0.091468498 -0.030351488 0.018152788 -0.995179772
1403636603963555584.000000 -0.222322717 0.063670442 0.245235786 -0.091391049 -0.030437065 0.018299067 -0.995181620
1403636604013555456.000000 -0.222320989 0.063636631 0.245199412 -0.091490306 -0.030423995 0.018101454 -0.995176494
1403636604063555584.000000 -0.222320855 0.063702330 0.245213941 -0.091436528 -0.030426133 0.018216366 -0.995179296
1403636604113555456.000000 -0.222363949 0.063733205 0.245251209 -0.091488786 -0.030454446 0.018105630 -0.995175719
1403636604163555584.000000 -0.222663477 0.063875996 0.245408997 0.091449745 0.030366363 -0.018266013 0.995178998
1403636604213555456.000000 -0.222693652 0.063951395 0.245424837 -0.091471337 -0.030358030 0.018159762 -0.995179236
1403636604263555584.000000 -0.223029360 0.064171620 0.245481461 -0.091468655 -0.030354025 0.018129697 -0.995180130
1403636604313555456.000000 -0.222552598 0.064050592 0.245411932 -0.091493852 -0.030375034 0.018128498 -0.995177209
1403636604363555584.000000 -0.222409070 0.064010985 0.245383665 -0.091494977 -0.030358110 0.018203096 -0.995176256
1403636604413555456.000000 -0.222292021 0.063942462 0.245317981 -0.091545090 -0.030333640 0.018150792 -0.995173335
1403636604463555584.000000 -0.222600654 0.063976042 0.245281473 -0.091507718 -0.030349916 0.018159280 -0.995176136
1403636604513555456.000000 -0.222581595 0.063924648 0.245302901 -0.091512084 -0.030358013 0.018124843 -0.995176077
1403636604563555584.000000 -0.222607866 0.063897349 0.245293930 -0.091500372 -0.030348601 0.018104473 -0.995177865
1403636604613555456.000000 -0.222230777 0.063784473 0.245292783 -0.091488920 -0.030378830 0.018155538 -0.995177031
1403636604663555584.000000 -0.222732887 0.063797869 0.245327353 0.091468804 0.030377150 -0.018171124 0.995178699
1403636604713555456.000000 -0.222797409 0.063845210 0.245371923 -0.091474526 -0.030383104 0.018180653 -0.995177805
1403636604763555584.000000 -0.223018542 0.064048395 0.245706812 -0.091458142 -0.030281788 0.018110145 -0.995183706
1403636604813555456.000000 -0.222722411 0.063817509 0.245354787 -0.091499254 -0.030400041 0.018250681 -0.995173693
1403636604863555584.000000 -0.222779065 0.063918173 0.245606661 -0.091468498 -0.030289385 0.018137202 -0.995181978
1403636604913555456.000000 -0.222659320 0.063840605 0.245526224 -0.091482647 -0.030280216 0.018156230 -0.995180607
1403636604963555584.000000 -0.222623572 0.063824207 0.245389551 -0.091520272 -0.030289749 0.018147014 -0.995177031
1403636605013555456.000000 -0.222600296 0.063831933 0.245278001 -0.091507614 -0.030286254 0.018145544 -0.995178282
1403636605063555584.000000 -0.222418308 0.063651383 0.244867682 -0.091560997 -0.030360160 0.018187439 -0.995170414
1403636605113555456.000000 -0.222610101 0.063909031 0.245185137 -0.091510199 -0.030316148 0.018192859 -0.995176375
1403636605163555584.000000 -0.222650349 0.063840829 0.245476633 0.091525093 0.030323077 -0.018133456 0.995175898
1403636605213555456.000000 -0.222625464 0.063841112 0.245540187 -0.091501303 -0.030321637 0.018190360 -0.995177031
1403636605263555584.000000 -0.222743556 0.063836902 0.245681360 -0.091461264 -0.030233031 0.018064190 -0.995185673
1403636605313555456.000000 -0.222694829 0.063852504 0.245718524 -0.091435499 -0.030267425 0.018161306 -0.995185196
1403636605363555584.000000 -0.222494021 0.063796081 0.245572969 -0.091540694 -0.030369177 0.018073387 -0.995174050
1403636605413555456.000000 -0.222472012 0.063779265 0.245453730 -0.091515034 -0.030389043 0.018174069 -0.995173931
1403636605463555584.000000 -0.222460821 0.063772060 0.245341957 -0.091553427 -0.030369643 0.018093918 -0.995172560
1403636605513555456.000000 -0.222476766 0.063775107 0.245222107 -0.091523834 -0.030369621 0.018145891 -0.995174229
1403636605563555584.000000 -0.222624451 0.063794263 0.245258510 -0.091459364 -0.030252492 0.018058226 -0.995185375
1403636605613555456.000000 -0.222471640 0.063764632 0.245126858 -0.091534875 -0.030391002 0.018173622 -0.995172143
1403636605663555584.000000 -0.222617194 0.063887976 0.245410919 0.091570199 0.030295687 -0.018113919 0.995172799
1403636605713555456.000000 -0.222650141 0.063907303 0.245409623 -0.091570690 -0.030266313 0.018120646 -0.995173573
1403636605763555584.000000 -0.222738296 0.064032301 0.245665386 -0.091468073 -0.030213613 0.018082865 -0.995185316
1403636605813555456.000000 -0.222734630 0.063978687 0.245651916 -0.091464832 -0.030271722 0.018111603 -0.995183289
1403636605863555584.000000 -0.222718388 0.063912429 0.245619893 -0.091480166 -0.030243669 0.018033577 -0.995184183
1403636605913555456.000000 -0.222618967 0.063685946 0.245262921 -0.091588959 -0.030288681 0.018141786 -0.995170891
1403636605963555584.000000 -0.222650856 0.063745424 0.245467037 -0.091514423 -0.030262824 0.018078802 -0.995179653
1403636606013555456.000000 -0.222672671 0.063806362 0.245437428 -0.091519214 -0.030257685 0.018081581 -0.995179296
1403636606063555584.000000 -0.222662076 0.063709371 0.245311245 -0.091509327 -0.030289864 0.018097352 -0.995178938
1403636606113555456.000000 -0.222671077 0.063704908 0.245252192 -0.091493107 -0.030303143 0.018099410 -0.995180011
1403636606163555584.000000 -0.222695976 0.063712947 0.244933248 0.091435455 0.030334419 -0.018214995 0.995182276
1403636606213555456.000000 -0.222720385 0.063674718 0.244962797 -0.091444343 -0.030356670 0.018218027 -0.995180666
1403636606263555584.000000 -0.222693324 0.063702375 0.245010436 -0.091425732 -0.030366518 0.018225892 -0.995181918
1403636606313555456.000000 -0.222602695 0.063742623 0.245072886 -0.091432013 -0.030362790 0.018194079 -0.995182097
1403636606363555584.000000 -0.222504139 0.063732281 0.245120838 -0.091426007 -0.030394992 0.018205730 -0.995181441
1403636606413555456.000000 -0.222476780 0.063725181 0.245159060 -0.091435738 -0.030405616 0.018198131 -0.995180309
1403636606463555584.000000 -0.222435445 0.063717030 0.245147407 -0.091461040 -0.030413929 0.018197946 -0.995177746
1403636606513555456.000000 -0.222402617 0.063728958 0.245209664 -0.091481529 -0.030434219 0.018141787 -0.995176256
1403636606563555584.000000 -0.222413778 0.063781038 0.245217234 -0.091484629 -0.030439463 0.018156910 -0.995175540
1403636606613555456.000000 -0.222452819 0.063838586 0.245209470 -0.091492325 -0.030481558 0.018186644 -0.995172977
1403636606663555584.000000 -0.222735494 0.063791789 0.244992375 0.091363661 0.030397952 -0.018174613 0.995187640
1403636606713555456.000000 -0.222703993 0.063830726 0.245079428 -0.091388635 -0.030411130 0.018191867 -0.995184600
1403636606763555584.000000 -0.222659245 0.063837312 0.245139644 -0.091367498 -0.030394591 0.018187173 -0.995187104
1403636606813555456.000000 -0.222608149 0.063800991 0.245135814 -0.091419920 -0.030395329 0.018199135 -0.995182097
1403636606863555584.000000 -0.222563043 0.063766636 0.245073542 -0.091440365 -0.030405138 0.018182212 -0.995180190
1403636606913555456.000000 -0.222546995 0.063726753 0.244971976 -0.091424942 -0.030383090 0.018210346 -0.995181799
1403636606963555584.000000 -0.222622633 0.063854866 0.245249808 -0.091438249 -0.030363545 0.018191712 -0.995181441
1403636607013555456.000000 -0.222538188 0.063667975 0.244729474 -0.091407910 -0.030427070 0.018179242 -0.995182633
1403636607063555584.000000 -0.222647369 0.063850790 0.245049670 -0.091447555 -0.030388024 0.018183606 -0.995180011
1403636607113555456.000000 -0.222548753 0.063713744 0.244563922 -0.091442496 -0.030435672 0.018190105 -0.995178998
1403636607163555584.000000 -0.222676069 0.063853651 0.245031744 0.091428399 0.030356089 -0.018206377 0.995182395
1403636607213555456.000000 -0.222673342 0.063880242 0.244980335 -0.091434970 -0.030322181 0.018206056 -0.995182812
1403636607263555584.000000 -0.222854227 0.063945085 0.244849905 -0.091367662 -0.030252367 0.018217867 -0.995190859
1403636607313555456.000000 -0.222800285 0.063863210 0.244786307 -0.091399625 -0.030232165 0.018222412 -0.995188475
1403636607363555584.000000 -0.222592384 0.063793287 0.244927943 -0.091438882 -0.030331612 0.018251212 -0.995181322
1403636607413555456.000000 -0.222574919 0.063742839 0.244912013 -0.091450065 -0.030335801 0.018213889 -0.995180905
1403636607463555584.000000 -0.222517118 0.063734919 0.244936317 -0.091470391 -0.030383337 0.018231645 -0.995177209
1403636607513555456.000000 -0.222521469 0.063750103 0.244951591 -0.091487579 -0.030403649 0.018218519 -0.995175183
1403636607563555584.000000 -0.222541884 0.063770741 0.244976938 -0.091464959 -0.030423177 0.018249420 -0.995176196
1403636607613555456.000000 -0.222526789 0.063806556 0.245011404 -0.091449179 -0.030437918 0.018250577 -0.995177150
1403636607663555584.000000 -0.222674057 0.063877314 0.245127365 0.091404103 0.030312620 -0.018330719 0.995183647
1403636607713555456.000000 -0.222715467 0.063868441 0.245135725 -0.091423579 -0.030277481 0.018298158 -0.995183587
1403636607763555584.000000 -0.222822919 0.063837573 0.245180652 -0.091345899 -0.030159341 0.018252287 -0.995195091
1403636607813555456.000000 -0.222841695 0.063829347 0.245214209 -0.091409944 -0.030227970 0.018260684 -0.995186985
1403636607863555584.000000 -0.222826451 0.063812897 0.245207906 -0.091416702 -0.030256212 0.018220251 -0.995186210
1403636607913555456.000000 -0.222789198 0.063825727 0.245164111 -0.091415323 -0.030288672 0.018188644 -0.995185971
1403636607963555584.000000 -0.222761601 0.063834205 0.245073885 -0.091353349 -0.030260202 0.018237995 -0.995191574
1403636608013555456.000000 -0.222724289 0.063823633 0.244978070 -0.091364227 -0.030272510 0.018237039 -0.995190263
1403636608063555584.000000 -0.222726077 0.063840732 0.244934991 -0.091374435 -0.030286469 0.018231696 -0.995189011
1403636608113555456.000000 -0.222727418 0.063854136 0.244924590 -0.091413736 -0.030344516 0.018214490 -0.995183945
1403636608163555584.000000 -0.222705796 0.063806884 0.244876385 0.091403142 0.030283680 -0.018245019 0.995186210
1403636608213555456.000000 -0.222741142 0.063834876 0.244968563 -0.091404468 -0.030281497 0.018246712 -0.995186150
1403636608263555584.000000 -0.223012760 0.063933350 0.245340303 -0.091451421 -0.030205572 0.018149070 -0.995185912
1403636608313555456.000000 -0.222925007 0.063964531 0.245422050 -0.091451213 -0.030241918 0.018180210 -0.995184243
1403636608363555584.000000 -0.222797468 0.063927554 0.245436475 -0.091478072 -0.030230507 0.018164029 -0.995182455
1403636608413555456.000000 -0.222427160 0.063811235 0.245168924 -0.091489278 -0.030349711 0.018215675 -0.995176792
1403636608463555584.000000 -0.222654268 0.063875914 0.245520547 -0.091500282 -0.030290263 0.018179789 -0.995178223
1403636608513555456.000000 -0.222604409 0.063847035 0.245266512 -0.091499008 -0.030283455 0.018142529 -0.995179296
1403636608563555584.000000 -0.222623065 0.063836284 0.245166376 -0.091503218 -0.030326033 0.018141361 -0.995177627
1403636608613555456.000000 -0.222689494 0.063886903 0.245244756 -0.091477782 -0.030372972 0.018194636 -0.995177567
1403636608663555584.000000 -0.222698271 0.063672706 0.245051831 0.091346562 0.030369949 -0.018292040 0.995187938
1403636608713555456.000000 -0.222667843 0.063715532 0.245069370 -0.091325447 -0.030391930 0.018316487 -0.995188713
1403636608763555584.000000 -0.222819686 0.063968390 0.245292261 -0.091404542 -0.030243536 0.018230982 -0.995187521
1403636608813555456.000000 -0.222772330 0.063951589 0.245291069 -0.091422334 -0.030230066 0.018246012 -0.995186031
1403636608863555584.000000 -0.222738400 0.063903362 0.245255321 -0.091425382 -0.030229177 0.018229418 -0.995186090
1403636608913555456.000000 -0.222728729 0.063872114 0.245152801 -0.091446675 -0.030245202 0.018230116 -0.995183647
1403636608963555584.000000 -0.222747922 0.063878156 0.245023072 -0.091456197 -0.030271411 0.018184572 -0.995182812
1403636609013555456.000000 -0.222767428 0.063867837 0.244943321 -0.091450289 -0.030264935 0.018207794 -0.995183170
1403636609063555584.000000 -0.222749695 0.063876510 0.244913280 -0.091497526 -0.030298099 0.018212633 -0.995177686
1403636609113555456.000000 -0.222731188 0.063806176 0.244901299 -0.091474347 -0.030288668 0.018229892 -0.995179832
1403636609163555584.000000 -0.222724542 0.063826010 0.244935751 0.091431744 0.030335590 -0.018275894 0.995181441
1403636609213555456.000000 -0.222774088 0.063740388 0.244905025 -0.091444090 -0.030355725 0.018259831 -0.995179951
1403636609263555584.000000 -0.222984284 0.063692003 0.244688362 -0.091483541 -0.030285288 0.018187974 -0.995179832
1403636609313555456.000000 -0.222765684 0.063645385 0.244883016 -0.091422170 -0.030360639 0.018287085 -0.995181262
1403636609363555584.000000 -0.222835079 0.063664697 0.244692698 -0.091471881 -0.030243963 0.018210588 -0.995181739
1403636609413555456.000000 -0.222731411 0.063661262 0.244729385 -0.091445819 -0.030252757 0.018208843 -0.995183885
1403636609463555584.000000 -0.222691700 0.063694403 0.244734362 -0.091448292 -0.030260986 0.018229255 -0.995183051
1403636609513555456.000000 -0.222682759 0.063720040 0.244779825 -0.091434091 -0.030262062 0.018233927 -0.995184243
1403636609563555584.000000 -0.222686395 0.063771844 0.244814858 -0.091458589 -0.030312046 0.018209878 -0.995180845
1403636609613555456.000000 -0.222701535 0.063773826 0.244835347 -0.091459028 -0.030295772 0.018202832 -0.995181441
1403636609663555584.000000 -0.222791046 0.063846529 0.244830489 0.091419630 0.030334134 -0.018270373 0.995182693
1403636609713555456.000000 -0.222739995 0.063859448 0.244836569 -0.091403939 -0.030383596 0.018331692 -0.995181441
1403636609763555584.000000 -0.222669825 0.063850395 0.244837493 -0.091418363 -0.030392438 0.018246029 -0.995181501
1403636609813555456.000000 -0.222655103 0.063904330 0.244859591 -0.091465078 -0.030240791 0.018258622 -0.995181561
1403636609863555584.000000 -0.222712651 0.063829832 0.244779050 -0.091445498 -0.030236457 0.018281573 -0.995183051
1403636609913555456.000000 -0.222710192 0.063873850 0.244865775 -0.091491677 -0.030205963 0.018217243 -0.995180905
1403636609963555584.000000 -0.222701281 0.063935138 0.244911999 -0.091479696 -0.030179886 0.018225636 -0.995182693
1403636610013555456.000000 -0.222636282 0.063934810 0.244938359 -0.091474615 -0.030224141 0.018200163 -0.995182276
1403636610063555584.000000 -0.222652704 0.063902341 0.244941577 -0.091491409 -0.030227756 0.018205237 -0.995180488
1403636610113555456.000000 -0.222671509 0.063863173 0.244973794 -0.091489710 -0.030258013 0.018157618 -0.995180607
1403636610163555584.000000 -0.222745046 0.063858829 0.244766846 0.091481403 0.030353347 -0.018143568 0.995178759
1403636610213555456.000000 -0.222749218 0.063946389 0.244844511 -0.091499850 -0.030335119 0.018070463 -0.995178938
1403636610263555584.000000 -0.222763717 0.064074859 0.244928703 -0.091455624 -0.030295739 0.018173946 -0.995182335
1403636610313555456.000000 -0.222728714 0.064016595 0.244947299 -0.091504343 -0.030357640 0.018067854 -0.995177865
1403636610363555584.000000 -0.222702980 0.063903153 0.244956449 -0.091497131 -0.030348729 0.018063923 -0.995178878
1403636610413555456.000000 -0.222723126 0.063899070 0.245162174 -0.091402106 -0.030227728 0.018245485 -0.995187998
1403636610463555584.000000 -0.222687721 0.063817583 0.245145783 -0.091427132 -0.030228017 0.018168798 -0.995187044
1403636610513555456.000000 -0.222638085 0.063676700 0.244839832 -0.091481216 -0.030351942 0.018174427 -0.995178223
1403636610563555584.000000 -0.222604275 0.063657403 0.244769067 -0.091488466 -0.030388817 0.018132636 -0.995177209
1403636610613555456.000000 -0.222584948 0.063664585 0.244675457 -0.091441855 -0.030368157 0.018215965 -0.995180607
1403636610663555584.000000 -0.222699493 0.063718304 0.244783804 0.091324776 0.030242775 -0.018214377 0.995195210
1403636610713555456.000000 -0.222704723 0.063624419 0.244825885 -0.091327079 -0.030209703 0.018263584 -0.995195150
1403636610763555584.000000 -0.222893313 0.063602641 0.244998604 -0.091355853 -0.030025059 0.018395765 -0.995195627
1403636610813555456.000000 -0.222771183 0.063702099 0.245029077 -0.091336034 -0.030010456 0.018466720 -0.995196521
1403636610863555584.000000 -0.222702444 0.063812941 0.244878188 -0.091573536 -0.030025700 0.018246179 -0.995178342
1403636610913555456.000000 -0.222545877 0.063889131 0.244957626 -0.091453992 -0.030118659 0.018422339 -0.995183229
1403636610963555584.000000 -0.222503603 0.063755557 0.244894102 -0.091561578 -0.029935054 0.018370058 -0.995179832
1403636611013555456.000000 -0.222379729 0.063766211 0.244989425 -0.091445960 -0.030181680 0.018401729 -0.995182455
1403636611063555584.000000 -0.222512513 0.063791767 0.244905606 -0.091506213 -0.030011278 0.018442864 -0.995181262
1403636611113555456.000000 -0.222524613 0.063860916 0.244964808 -0.091508828 -0.030186085 0.018299470 -0.995178461
1403636611163555584.000000 -0.222557575 0.063655913 0.245095223 0.091398932 0.030109346 -0.018354081 0.995189846
1403636611213555456.000000 -0.222541705 0.063721813 0.245178968 -0.091376871 -0.030142704 0.018466420 -0.995188832
1403636611263555584.000000 -0.222467005 0.063654147 0.245308444 -0.091418371 -0.030167675 0.018293664 -0.995187402
1403636611313555456.000000 -0.222382069 0.063683063 0.245425358 -0.091345884 -0.030194379 0.018356087 -0.995192111
1403636611363555584.000000 -0.222398311 0.063424900 0.245368659 -0.091943011 -0.030023444 0.017630961 -0.995155454
1403636611413555456.000000 -0.222311884 0.063646391 0.245365113 -0.091638647 -0.030261021 0.018045899 -0.995168805
1403636611463555584.000000 -0.222688317 0.064052507 0.245322168 -0.091782391 -0.029892998 0.017190233 -0.995181859
1403636611513555456.000000 -0.222617835 0.064453945 0.245343447 -0.090939820 -0.030392561 0.018709296 -0.995216668
1403636611563555584.000000 -0.223117784 0.064330101 0.245308891 -0.091501288 -0.029991979 0.017840872 -0.995193362
1403636611613555456.000000 -0.223059848 0.064368300 0.245263919 -0.091411784 -0.030212631 0.018402876 -0.995184660
1403636611663555584.000000 -0.222657815 0.064047039 0.245011106 0.091518648 0.030055959 -0.017682910 0.995192647
1403636611713555456.000000 -0.222873732 0.064289168 0.245041043 -0.091172665 -0.030433737 0.018439770 -0.995199144
1403636611763555584.000000 -0.223700300 0.064198963 0.245450854 -0.091550037 -0.030324569 0.017873991 -0.995178223
1403636611813555456.000000 -0.223768517 0.064180605 0.245329008 -0.091522902 -0.030326584 0.017628673 -0.995184958
1403636611863555584.000000 -0.222893491 0.064424030 0.244904071 -0.091083623 -0.030651450 0.018294517 -0.995203316
1403636611913555456.000000 -0.223313078 0.064399101 0.245078444 -0.091390498 -0.030344205 0.018310448 -0.995184362
1403636611963555584.000000 -0.223098680 0.064153314 0.245011643 -0.091678753 -0.030314170 0.017866308 -0.995166838
1403636612013555456.000000 -0.222930416 0.064089350 0.245003432 -0.091897823 -0.030392596 0.017478656 -0.995151043
1403636612063555584.000000 -0.222860545 0.064387545 0.244926140 -0.091399744 -0.030232500 0.018439598 -0.995184481
1403636612113555456.000000 -0.222897857 0.064055249 0.244966879 -0.092057876 -0.030113898 0.017086977 -0.995151579
1403636612163555584.000000 -0.222597197 0.063960642 0.245419726 0.092030160 0.030377684 -0.017283380 0.995142698
1403636612213555456.000000 -0.222737804 0.064058803 0.245400801 -0.091984101 -0.030010063 0.017191265 -0.995159686
1403636612263555584.000000 -0.222886041 0.064980887 0.245434597 -0.090841405 -0.030702258 0.020190371 -0.995187223
1403636612313555456.000000 -0.223003820 0.064086810 0.245348573 -0.092147075 -0.030174958 0.016996874 -0.995142937
1403636612363555584.000000 -0.222254306 0.064419582 0.245557234 -0.091065198 -0.030418880 0.019759592 -0.995184124
1403636612413555456.000000 -0.222715452 0.063994065 0.245272517 -0.091918051 -0.030263614 0.017470947 -0.995153248
1403636612463555584.000000 -0.222092718 0.064201757 0.245323882 -0.091087386 -0.030519785 0.019447600 -0.995185196
1403636612513555456.000000 -0.222672254 0.063949339 0.245104402 -0.091762230 -0.030281568 0.017695304 -0.995163202
1403636612563555584.000000 -0.222577095 0.064268231 0.244973987 -0.091175221 -0.030506907 0.019106790 -0.995184064
1403636612613555456.000000 -0.222597912 0.064147174 0.245252058 -0.091551714 -0.030355539 0.017963557 -0.995175481
1403636612663555584.000000 -0.222732127 0.064476810 0.244980514 0.091268644 0.030429969 -0.018986683 0.995180249
1403636612713555456.000000 -0.222658247 0.064115301 0.244825095 -0.091652296 -0.030341811 0.018023999 -0.995165527
1403636612763555584.000000 -0.222529352 0.064276151 0.244677305 -0.091225505 -0.030358586 0.018888550 -0.995188236
1403636612813555456.000000 -0.222448587 0.064020343 0.244614437 -0.091425203 -0.030357668 0.018285250 -0.995181203
1403636612863555584.000000 -0.222559959 0.064013526 0.244636431 -0.091324426 -0.030301189 0.018537948 -0.995187461
1403636612913555456.000000 -0.222543985 0.064173624 0.244581848 -0.091246381 -0.030281300 0.018547541 -0.995195091
1403636612963555584.000000 -0.222535878 0.064204194 0.244640037 -0.091341212 -0.030307133 0.018281784 -0.995190501
1403636613013555456.000000 -0.222523108 0.064307079 0.244769856 -0.091193825 -0.030429564 0.018534821 -0.995195627
1403636613063555584.000000 -0.222619116 0.064212188 0.244863749 -0.091455430 -0.030390270 0.017973969 -0.995183051
1403636613113555456.000000 -0.222409070 0.064458944 0.245107770 -0.091276914 -0.030436812 0.018680954 -0.995185077
1403636613163555584.000000 -0.222829938 0.064245097 0.244999483 0.091438435 0.030482730 -0.017920507 0.995182812
1403636613213555456.000000 -0.222747982 0.064431876 0.245020702 -0.091133580 -0.030490303 0.018665485 -0.995196819
1403636613263555584.000000 -0.222750455 0.064079873 0.244942814 -0.091424167 -0.030402178 0.017938474 -0.995186210
1403636613313555456.000000 -0.222434297 0.064505488 0.245104983 -0.091229908 -0.030629247 0.018487047 -0.995186985
1403636613363555584.000000 -0.222457871 0.064411789 0.245172128 -0.091469936 -0.030451765 0.017905518 -0.995181024
1403636613413555456.000000 -0.222424701 0.064648919 0.245255634 -0.091234259 -0.030517638 0.018525356 -0.995189369
1403636613463555584.000000 -0.222469985 0.064558737 0.245249242 -0.091422491 -0.030508941 0.017944092 -0.995182991
1403636613513555456.000000 -0.222487301 0.064721949 0.245204613 -0.091257736 -0.030568359 0.018433133 -0.995187402
1403636613563555584.000000 -0.222524107 0.064618565 0.245211378 -0.091437809 -0.030509053 0.017983656 -0.995180845
1403636613613555456.000000 -0.222543865 0.064699396 0.245167807 -0.091275662 -0.030584814 0.018380448 -0.995186150
1403636613663555584.000000 -0.222721219 0.064049989 0.245262638 0.091182306 0.030577492 -0.018469227 0.995193303
1403636613713555456.000000 -0.222715050 0.064180866 0.245304868 -0.091079794 -0.030673068 0.018685998 -0.995195746
1403636613763555584.000000 -0.222736284 0.064251550 0.245336697 -0.091121413 -0.030675342 0.018561753 -0.995194197
1403636613813555456.000000 -0.222681776 0.064284757 0.245383188 -0.091116205 -0.030655500 0.018600158 -0.995194554
1403636613863555584.000000 -0.222906306 0.064619943 0.245560944 -0.091398038 -0.030489007 0.018028179 -0.995184362
1403636613913555456.000000 -0.222516850 0.064220071 0.245314404 -0.091154404 -0.030602850 0.018625697 -0.995192170
1403636613963555584.000000 -0.222478122 0.064160846 0.245243520 -0.091170304 -0.030575501 0.018577458 -0.995192468
1403636614013555456.000000 -0.222463787 0.064136565 0.245148674 -0.091202907 -0.030600168 0.018505372 -0.995190024
1403636614063555584.000000 -0.222469673 0.064181857 0.245113894 -0.091148242 -0.030665772 0.018568834 -0.995191872
1403636614113555456.000000 -0.222769707 0.064523198 0.245236531 -0.091430135 -0.030557780 0.017970122 -0.995180368
1403636614163555584.000000 -0.222734615 0.064231731 0.245348006 0.091333099 0.030562399 -0.018095840 0.995186865
1403636614213555456.000000 -0.222798526 0.064280465 0.245332077 -0.091370583 -0.030521477 0.018020265 -0.995186031
1403636614263555584.000000 -0.223002002 0.064392678 0.245586708 -0.091128819 -0.030591507 0.018611068 -0.995195150
1403636614313555456.000000 -0.222915977 0.064335108 0.245582879 -0.091217995 -0.030628417 0.018421840 -0.995189369
1403636614363555584.000000 -0.222794592 0.064327560 0.245680422 -0.091133498 -0.030670639 0.018614383 -0.995192230
1403636614413555456.000000 -0.222571343 0.064236447 0.245355204 -0.091415405 -0.030521223 0.017866341 -0.995184720
1403636614463555584.000000 -0.222725555 0.064314432 0.245625362 -0.091139808 -0.030655261 0.018657591 -0.995191336
1403636614513555456.000000 -0.222720563 0.064202316 0.245567292 -0.091259666 -0.030661536 0.018383048 -0.995185256
1403636614563555584.000000 -0.222736403 0.064255580 0.245466471 -0.091171257 -0.030599812 0.018597079 -0.995191276
1403636614613555456.000000 -0.222719193 0.064202748 0.245399937 -0.091226026 -0.030564357 0.018388271 -0.995191216
1403636614663555584.000000 -0.222667113 0.064078994 0.245077088 0.091124117 0.030590879 -0.018617194 0.995195508
1403636614713555456.000000 -0.222687334 0.064030647 0.245175540 -0.091189809 -0.030587725 0.018428376 -0.995193124
1403636614763555584.000000 -0.222655922 0.064108916 0.245217949 -0.091142327 -0.030578213 0.018579388 -0.995194912
1403636614813555456.000000 -0.222524136 0.064156592 0.245251402 -0.091151282 -0.030587913 0.018500138 -0.995195329
1403636614863555584.000000 -0.222435668 0.064148866 0.245288432 -0.091156408 -0.030562704 0.018571651 -0.995194316
1403636614913555456.000000 -0.222359657 0.064099371 0.245300949 -0.091136903 -0.030589957 0.018505350 -0.995196462
1403636614963555584.000000 -0.222324952 0.064038672 0.245248735 -0.091079526 -0.030642154 0.018585810 -0.995198607
1403636615013555456.000000 -0.222326085 0.063981190 0.245202184 -0.091121539 -0.030661045 0.018483669 -0.995196104
1403636615063555584.000000 -0.222338855 0.063982934 0.245188132 -0.091116644 -0.030617401 0.018510368 -0.995197356
1403636615113555456.000000 -0.222377613 0.064015232 0.245091870 -0.091112755 -0.030594800 0.018589430 -0.995196939
1403636615163555584.000000 -0.222681433 0.064121045 0.245120227 0.091171876 0.030569056 -0.018574160 0.995192587
1403636615213555456.000000 -0.222657830 0.064128779 0.245180041 -0.091139555 -0.030599732 0.018652564 -0.995193124
1403636615263555584.000000 -0.222607255 0.064096332 0.245257899 -0.091171309 -0.030637091 0.018589241 -0.995190263
1403636615313555456.000000 -0.222555295 0.064095140 0.245301262 -0.091133229 -0.030576207 0.018668948 -0.995194137
1403636615363555584.000000 -0.222484782 0.064097606 0.245292395 -0.091134571 -0.030618858 0.018590758 -0.995194137
1403636615413555456.000000 -0.222438470 0.064098731 0.245188743 -0.091100104 -0.030636085 0.018656999 -0.995195568
1403636615463555584.000000 -0.222405478 0.064128675 0.245137393 -0.091135971 -0.030616598 0.018627439 -0.995193422
1403636615513555456.000000 -0.222401083 0.064104110 0.245094076 -0.091104172 -0.030632429 0.018655173 -0.995195329
1403636615563555584.000000 -0.222595453 0.064051367 0.245330065 -0.091114372 -0.030590048 0.018584622 -0.995196998
1403636615613555456.000000 -0.222363070 0.064020224 0.245090395 -0.091079667 -0.030587122 0.018698094 -0.995198190
1403636615663555584.000000 -0.222677097 0.064025410 0.245220274 0.091096073 0.030595893 -0.018682165 0.995196700
1403636615713555456.000000 -0.222791478 0.064016461 0.245127738 -0.091089718 -0.030543789 0.018754218 -0.995197475
1403636615763555584.000000 -0.223140553 0.064017765 0.245033965 -0.091118276 -0.030590653 0.018604686 -0.995196283
1403636615813555456.000000 -0.222984612 0.064051405 0.245003060 -0.091071457 -0.030660041 0.018646663 -0.995197654
1403636615863555584.000000 -0.222800255 0.064044140 0.244955927 -0.091102019 -0.030591488 0.018558387 -0.995198607
1403636615913555456.000000 -0.222670004 0.064033836 0.244961634 -0.091055229 -0.030594414 0.018677101 -0.995200574
1403636615963555584.000000 -0.222622976 0.063994005 0.244995505 -0.091092348 -0.030578785 0.018625174 -0.995198607
1403636616013555456.000000 -0.222280443 0.064041719 0.244978592 -0.091060489 -0.030559275 0.018704357 -0.995200634
1403636616063555584.000000 -0.222582951 0.064044781 0.245027795 -0.091091961 -0.030542294 0.018598491 -0.995200276
1403636616113555456.000000 -0.222582638 0.064076655 0.245069876 -0.091058090 -0.030599512 0.018591486 -0.995201766
1403636616163555584.000000 -0.222675577 0.064107768 0.245338887 0.091214471 0.030577816 -0.018397003 0.995191693
1403636616213555456.000000 -0.222683176 0.064196110 0.245437533 -0.091183648 -0.030582558 0.018442670 -0.995193541
1403636616263555584.000000 -0.222896248 0.064370118 0.245576605 -0.091040604 -0.030601602 0.018693119 -0.995201349
1403636616313555456.000000 -0.222798720 0.064337835 0.245629832 -0.091053404 -0.030627538 0.018706039 -0.995199144
1403636616363555584.000000 -0.222720951 0.064220659 0.245634064 -0.091078371 -0.030625135 0.018654229 -0.995197892
1403636616413555456.000000 -0.222433582 0.064024754 0.245525196 -0.091241777 -0.030601680 0.018427616 -0.995187879
1403636616463555584.000000 -0.222399756 0.063939005 0.245419487 -0.091240361 -0.030604346 0.018416928 -0.995188117
1403636616513555456.000000 -0.222621650 0.063992567 0.245323971 -0.091060795 -0.030643279 0.018644324 -0.995199203
1403636616563555584.000000 -0.222591326 0.063928463 0.245214090 -0.091026187 -0.030600483 0.018663662 -0.995203316
1403636616613555456.000000 -0.222576648 0.063940249 0.245131835 -0.091057271 -0.030560568 0.018688101 -0.995201230
1403636616663555584.000000 -0.222714856 0.064085603 0.245335892 0.091015697 0.030621942 -0.018675691 0.995203316
1403636616713555456.000000 -0.222762883 0.063984804 0.245323405 -0.091030553 -0.030601745 0.018671604 -0.995202720
1403636616763555584.000000 -0.222718641 0.063901439 0.245305881 -0.091039814 -0.030605270 0.018638521 -0.995202363
1403636616813555456.000000 -0.222621858 0.063870870 0.245247930 -0.091064297 -0.030601675 0.018640110 -0.995200217
1403636616863555584.000000 -0.222451925 0.063963316 0.245198861 -0.091072634 -0.030596877 0.018651217 -0.995199382
1403636616913555456.000000 -0.222227946 0.064158253 0.245079473 -0.091065846 -0.030589629 0.018623246 -0.995200753
1403636616963555584.000000 -0.222193256 0.064197250 0.245057657 -0.091088630 -0.030585239 0.018610258 -0.995199025
1403636617013555456.000000 -0.222224623 0.064184457 0.245118603 -0.091092356 -0.030579299 0.018659523 -0.995197952
1403636617063555584.000000 -0.222223788 0.064177305 0.245116875 -0.091070406 -0.030607514 0.018661883 -0.995199025
1403636617113555456.000000 -0.222239807 0.064168140 0.245092079 -0.091065869 -0.030568076 0.018693110 -0.995200098
1403636617163555584.000000 -0.222637117 0.064053714 0.245346501 0.091049641 0.030586274 -0.018665602 0.995201588
1403636617213555456.000000 -0.222718358 0.064073980 0.245380715 -0.091066614 -0.030625397 0.018652374 -0.995199025
1403636617263555584.000000 -0.222961858 0.064133681 0.245389476 -0.091005415 -0.030594349 0.018687215 -0.995204926
1403636617313555456.000000 -0.222938165 0.064160384 0.245388284 -0.091016553 -0.030594844 0.018680114 -0.995204031
1403636617363555584.000000 -0.222872496 0.064161532 0.245376796 -0.091028437 -0.030591296 0.018683953 -0.995203018
1403636617413555456.000000 -0.222765774 0.064129807 0.245339930 -0.091028780 -0.030561740 0.018684424 -0.995203853
1403636617463555584.000000 -0.222708121 0.064109489 0.245298952 -0.091047354 -0.030558679 0.018703010 -0.995201886
1403636617513555456.000000 -0.222676158 0.064082049 0.245241955 -0.091048367 -0.030564535 0.018693361 -0.995201766
1403636617563555584.000000 -0.222664922 0.064053424 0.245164156 -0.091047503 -0.030542968 0.018678136 -0.995202839
1403636617613555456.000000 -0.222637281 0.064046308 0.245106012 -0.091051988 -0.030546406 0.018715525 -0.995201588
1403636617663555584.000000 -0.222631052 0.064085849 0.245326981 0.091105655 0.030551095 -0.018609634 0.995198548
1403636617713555456.000000 -0.222596928 0.064042598 0.245376199 -0.091111258 -0.030590666 0.018645179 -0.995196164
1403636617763555584.000000 -0.222804472 0.064061396 0.245651305 -0.091169283 -0.030566996 0.018386601 -0.995196402
1403636617813555456.000000 -0.222497955 0.064020634 0.245409593 -0.091092199 -0.030577162 0.018625686 -0.995198667
1403636617863555584.000000 -0.222654536 0.064088725 0.245685324 -0.091112889 -0.030553609 0.018428320 -0.995201230
1403636617913555456.000000 -0.222627416 0.064122118 0.245639935 -0.091119073 -0.030524496 0.018450322 -0.995201111
1403636617963555584.000000 -0.222366855 0.064080678 0.245281637 -0.091075413 -0.030556148 0.018600095 -0.995201290
1403636618013555456.000000 -0.222358182 0.064082459 0.245238766 -0.091064103 -0.030575588 0.018632507 -0.995201170
1403636618063555584.000000 -0.222589433 0.064112917 0.245467842 -0.091099128 -0.030539241 0.018413953 -0.995203197
1403636618113555456.000000 -0.222582623 0.064046569 0.245348603 -0.090997189 -0.030572135 0.018694770 -0.995206177
1403636618163555584.000000 -0.222732112 0.063969351 0.245134145 0.090999365 0.030563230 -0.018647401 0.995207191
1403636618213555456.000000 -0.222775534 0.063968979 0.245191857 -0.091004342 -0.030516630 0.018743346 -0.995206356
1403636618263555584.000000 -0.222971112 0.063975953 0.245371968 -0.091003872 -0.030550545 0.018691059 -0.995206356
1403636618313555456.000000 -0.222885832 0.063979171 0.245445833 -0.090998143 -0.030523863 0.018707177 -0.995207369
1403636618363555584.000000 -0.222782254 0.063972279 0.245486587 -0.091003977 -0.030577410 0.018654410 -0.995206177
1403636618413555456.000000 -0.222689301 0.064009860 0.245452955 -0.090995125 -0.030600049 0.018683534 -0.995205700
1403636618463555584.000000 -0.222632468 0.064059526 0.245441526 -0.091012634 -0.030613674 0.018689526 -0.995203614
1403636618513555456.000000 -0.222650439 0.063982695 0.245378971 -0.091378771 -0.030596897 0.018812984 -0.995168269
1403636618563555584.000000 -0.222738966 0.064132653 0.245353550 -0.091508992 -0.030549532 0.018372042 -0.995165944
1403636618613555456.000000 -0.222861454 0.064062141 0.245328635 -0.091453426 -0.030537812 0.018334355 -0.995172203
1403636618663555584.000000 -0.222707719 0.064117685 0.245282307 0.091321349 0.030606104 -0.018316761 0.995182514
1403636618713555456.000000 -0.222934216 0.064038977 0.245281249 -0.090977892 -0.030560248 0.018140530 -0.995218575
1403636618763555584.000000 -0.223444656 0.063892722 0.245501474 -0.091234736 -0.030623179 0.018178010 -0.995192468
1403636618813555456.000000 -0.223429054 0.063608743 0.245250180 -0.091015644 -0.030576266 0.018556360 -0.995207012
1403636618863555584.000000 -0.223176658 0.063724987 0.245253026 -0.091190867 -0.030670317 0.018346367 -0.995191932
1403636618913555456.000000 -0.223015666 0.063620776 0.244984791 -0.091373809 -0.030593276 0.018533498 -0.995174050
1403636618963555584.000000 -0.222523421 0.063911647 0.244851753 -0.091512024 -0.030641813 0.018190322 -0.995166242
1403636619013555456.000000 -0.222468749 0.063920140 0.244772613 -0.091553859 -0.030591492 0.018039798 -0.995166659
1403636619063555584.000000 -0.222474933 0.064014077 0.244719267 -0.091468602 -0.030512638 0.018143512 -0.995175064
1403636619113555456.000000 -0.222809374 0.064110376 0.245067999 -0.091446221 -0.030500915 0.017903572 -0.995181799
1403636619163555584.000000 -0.222759977 0.064178951 0.245230272 0.091292992 0.030467723 -0.018105887 0.995193243
1403636619213555456.000000 -0.222810000 0.064177603 0.245172977 -0.091186769 -0.030502211 0.017987030 -0.995204091
1403636619263555584.000000 -0.222824156 0.064189002 0.245105609 -0.091125399 -0.030536968 0.018032763 -0.995207846
1403636619313555456.000000 -0.222782403 0.064137332 0.245035321 -0.091213301 -0.030512102 0.018154036 -0.995198309
1403636619363555584.000000 -0.222739369 0.064016700 0.244930953 -0.091623530 -0.030502109 0.018203164 -0.995159984
1403636619413555456.000000 -0.222741932 0.064041220 0.244883269 -0.091506667 -0.030499751 0.018262383 -0.995169759
1403636619463555584.000000 -0.222844154 0.063984670 0.244648486 -0.091403678 -0.030552598 0.018174659 -0.995179176
1403636619513555456.000000 -0.222830549 0.064098231 0.244728521 -0.091286547 -0.030514006 0.018168468 -0.995191216
1403636619563555584.000000 -0.222872153 0.064165175 0.244779825 -0.091174215 -0.030473361 0.018093247 -0.995204151
1403636619613555456.000000 -0.222758815 0.064150922 0.244939968 -0.091012008 -0.030531676 0.018691264 -0.995206177
1403636619663555584.000000 -0.222665220 0.064071782 0.245071873 0.091206402 0.030507404 -0.018233649 0.995197654
1403636619713555456.000000 -0.222934917 0.064155705 0.245040730 -0.091082953 -0.030494178 0.018319337 -0.995207787
1403636619763555584.000000 -0.223402306 0.064213820 0.245523840 -0.090961829 -0.030593863 0.018420100 -0.995213926
1403636619813555456.000000 -0.223054647 0.064113706 0.245128050 -0.091148518 -0.030570231 0.018272545 -0.995200276
1403636619863555584.000000 -0.223160014 0.064102106 0.245616406 -0.091033436 -0.030645512 0.018361988 -0.995206833
1403636619913555456.000000 -0.222925305 0.064050987 0.245561510 -0.091015823 -0.030693511 0.018412745 -0.995205998
1403636619963555584.000000 -0.222785145 0.064022057 0.245459780 -0.091124415 -0.030639740 0.018418973 -0.995197654
1403636620013555456.000000 -0.222735226 0.064002335 0.245376885 -0.091114871 -0.030593151 0.018424075 -0.995199859
1403636620063555584.000000 -0.222717032 0.064020224 0.245297089 -0.091060922 -0.030613234 0.018485459 -0.995203078
1403636620113555456.000000 -0.222702459 0.064059719 0.245244861 -0.091077864 -0.030667340 0.018550621 -0.995198607
1403636620163555584.000000 -0.222715795 0.064126462 0.245291904 0.091205880 0.030603642 -0.018267564 0.995194137
1403636620213555456.000000 -0.222710714 0.064152747 0.245243251 -0.091218390 -0.030608689 0.018265100 -0.995192826
1403636620263555584.000000 -0.222657099 0.064159036 0.245194197 -0.091227807 -0.030546453 0.018249435 -0.995194197
1403636620313555456.000000 -0.222517982 0.064143263 0.245158613 -0.091166899 -0.030614555 0.018214926 -0.995198309
1403636620363555584.000000 -0.222375125 0.064148173 0.245202988 -0.091178305 -0.030592447 0.018286800 -0.995196581
1403636620413555456.000000 -0.222332254 0.064145960 0.245274708 -0.091246620 -0.030572383 0.018286491 -0.995190978
1403636620463555584.000000 -0.222236022 0.064139314 0.245325387 -0.091186613 -0.030598102 0.018349443 -0.995194495
1403636620513555456.000000 -0.222287610 0.064162366 0.245329678 -0.091223113 -0.030566616 0.018222716 -0.995194495
1403636620563555584.000000 -0.222541705 0.064114638 0.245317474 -0.091156840 -0.030531894 0.018347900 -0.995199323
1403636620613555456.000000 -0.222591236 0.064006858 0.245300233 -0.091051549 -0.030521780 0.018585319 -0.995204866
1403636620663555584.000000 -0.222721547 0.064048603 0.245317101 0.091087371 0.030671904 -0.018282576 0.995202601
1403636620713555456.000000 -0.222640827 0.064041778 0.245500758 -0.091115385 -0.030711249 0.018242244 -0.995199561
1403636620763555584.000000 -0.222621813 0.064241558 0.246083528 -0.091205157 -0.030536858 0.018297447 -0.995195627
1403636620813555456.000000 -0.222476259 0.064252406 0.246306717 -0.091283061 -0.030542148 0.018253114 -0.995189130
1403636620863555584.000000 -0.222418040 0.064276099 0.246394768 -0.091282830 -0.030543894 0.018258121 -0.995189011
1403636620913555456.000000 -0.222308338 0.064070880 0.246007308 -0.091215692 -0.030678492 0.018158793 -0.995192826
1403636620963555584.000000 -0.222467571 0.064221151 0.246165186 -0.091261245 -0.030513283 0.018206498 -0.995192885
1403636621013555456.000000 -0.222498104 0.064179815 0.246025085 -0.091251709 -0.030457297 0.018217284 -0.995195270
1403636621063555584.000000 -0.222490653 0.064265169 0.245837867 -0.091002569 -0.030610887 0.018733067 -0.995203793
1403636621113555456.000000 -0.222525164 0.064056955 0.245618433 -0.091334917 -0.030527445 0.018162763 -0.995186508
1403636621163555584.000000 -0.222726598 0.064190865 0.245344669 0.090973981 0.030831136 -0.018889921 0.995196640
1403636621213555456.000000 -0.222840980 0.063910283 0.245626867 -0.091109656 -0.030847531 0.018483140 -0.995191336
1403636621263555584.000000 -0.222976103 0.063937783 0.246381506 -0.091024548 -0.030605011 0.018821891 -0.995200336
1403636621313555456.000000 -0.222855002 0.063722678 0.246296182 -0.091071650 -0.030817645 0.018521605 -0.995195091
1403636621363555584.000000 -0.222806633 0.063991234 0.246872544 -0.091054648 -0.030660437 0.018744629 -0.995197356
1403636621413555456.000000 -0.222716525 0.063922510 0.246368140 -0.091104403 -0.030801170 0.018456904 -0.995193779
1403636621463555584.000000 -0.222674191 0.064094476 0.246003881 -0.090993419 -0.030894311 0.018740527 -0.995195806
1403636621513555456.000000 -0.222654328 0.064127535 0.245629564 -0.091076374 -0.030831415 0.018552998 -0.995193660
1403636621563555584.000000 -0.222719729 0.064325325 0.245680377 -0.091068506 -0.030604541 0.018706704 -0.995198488
1403636621613555456.000000 -0.222599879 0.064182334 0.245038733 -0.091039754 -0.030776825 0.018544104 -0.995198786
1403636621663555584.000000 -0.222579852 0.064029485 0.245427862 0.090979218 0.030782744 -0.018817540 0.995199084
1403636621713555456.000000 -0.222614691 0.064138390 0.245462820 -0.091094233 -0.030736804 0.018634669 -0.995193362
1403636621763555584.000000 -0.222637564 0.064286478 0.245502293 -0.091080062 -0.030745925 0.018761925 -0.995191991
1403636621813555456.000000 -0.222643599 0.064295627 0.245450765 -0.091111474 -0.030756192 0.018706739 -0.995189905
1403636621863555584.000000 -0.222641498 0.064244650 0.245409563 -0.091087498 -0.030726673 0.018757217 -0.995191991
1403636621913555456.000000 -0.222585917 0.064156756 0.245346293 -0.091071866 -0.030719385 0.018732550 -0.995194197
1403636621963555584.000000 -0.222556531 0.064091064 0.245258659 -0.091103911 -0.030774632 0.018664051 -0.995190859
1403636622013555456.000000 -0.222504541 0.064037018 0.245123178 -0.091017328 -0.030746542 0.018805563 -0.995196939
1403636622063555584.000000 -0.222729251 0.064070307 0.245548412 -0.091036417 -0.030784350 0.018685533 -0.995196283
1403636622113555456.000000 -0.222713351 0.064065345 0.245486483 -0.090995990 -0.030722534 0.018754236 -0.995200574
1403636622163555584.000000 -0.222589940 0.064160913 0.245826423 0.091055863 0.030707659 -0.018795509 0.995194793
1403636622213555456.000000 -0.222642466 0.064083405 0.245762080 -0.091088265 -0.030699065 0.018750373 -0.995192945
1403636622263555584.000000 -0.222642094 0.064021789 0.245625958 -0.091081366 -0.030690288 0.018822726 -0.995192528
1403636622313555456.000000 -0.222533390 0.064013794 0.245530024 -0.091026783 -0.030701002 0.018801866 -0.995197594
1403636622363555584.000000 -0.222414479 0.064070739 0.245361954 -0.091012873 -0.030663310 0.018865058 -0.995198786
1403636622413555456.000000 -0.222299874 0.064048104 0.245319486 -0.091038831 -0.030653505 0.018792653 -0.995198071
1403636622463555584.000000 -0.222263455 0.064058021 0.245477349 -0.091038927 -0.030661641 0.018820619 -0.995197237
1403636622513555456.000000 -0.222261235 0.064096853 0.245678738 -0.091039419 -0.030696845 0.018794863 -0.995196640
1403636622563555584.000000 -0.222284421 0.064104281 0.245860338 -0.091028109 -0.030702390 0.018795950 -0.995197475
1403636622613555456.000000 -0.222504839 0.063975267 0.245380372 -0.091002740 -0.030679954 0.018807011 -0.995200336
1403636622663555584.000000 -0.222730532 0.064154088 0.245222181 0.091051869 0.030718829 -0.018837985 0.995194018
1403636622713555456.000000 -0.222703338 0.064083591 0.245350078 -0.091034271 -0.030740881 0.018755345 -0.995196521
1403636622763555584.000000 -0.222647965 0.064092398 0.245442584 -0.091028415 -0.030782789 0.018821549 -0.995194495
1403636622813555456.000000 -0.222554892 0.064103201 0.245473936 -0.091001205 -0.030754393 0.018730948 -0.995199561
1403636622863555584.000000 -0.222409666 0.064232394 0.245525330 -0.090928562 -0.030883128 0.018676557 -0.995203197
1403636622913555456.000000 -0.222315982 0.064417265 0.245609820 -0.090870723 -0.030996690 0.018611437 -0.995206177
1403636622963555584.000000 -0.222279280 0.064418383 0.245634973 -0.090893537 -0.030963954 0.018417720 -0.995208800
1403636623013555456.000000 -0.222427219 0.064403661 0.246124417 -0.090783127 -0.031063968 0.018523097 -0.995213747
1403636623063555584.000000 -0.222479612 0.064340025 0.246090114 -0.090811528 -0.031016892 0.018478090 -0.995213449
1403636623113555456.000000 -0.222353518 0.064228028 0.245361820 -0.090814918 -0.031048330 0.018518463 -0.995211422
1403636623163555584.000000 -0.222370237 0.064211331 0.245665938 0.090710677 0.031053562 -0.018519180 0.995220721
1403636623213555456.000000 -0.222535148 0.064172804 0.245818689 -0.090712659 -0.030917160 0.018544743 -0.995224297
1403636623263555584.000000 -0.222654268 0.064098828 0.246039823 -0.090750203 -0.030916221 0.018443914 -0.995222867
1403636623313555456.000000 -0.222526982 0.064164713 0.246308610 -0.090659924 -0.031054607 0.018581914 -0.995224118
1403636623363555584.000000 -0.222499996 0.064271927 0.246197417 -0.090750933 -0.030977217 0.018305724 -0.995223403
1403636623413555456.000000 -0.222405210 0.064414710 0.246087119 -0.090707421 -0.031055480 0.018502768 -0.995221317
1403636623463555584.000000 -0.222332984 0.064470358 0.245738119 -0.090717085 -0.031113017 0.018380268 -0.995220840
1403636623513555456.000000 -0.222466290 0.064710282 0.245208159 -0.090687968 -0.031052921 0.018416490 -0.995224714
1403636623563555584.000000 -0.222449049 0.064770155 0.245055139 -0.090677403 -0.030922936 0.018349349 -0.995230973
1403636623613555456.000000 -0.222282141 0.064768314 0.245161042 -0.090543382 -0.030872835 0.018311543 -0.995245457
1403636623663555584.000000 -0.222606987 0.064541064 0.245430738 0.091037504 0.030808330 -0.016740698 0.995230079
1403636623713555456.000000 -0.222152770 0.064620346 0.246041432 -0.090855345 -0.030936621 0.016718306 -0.995243073
1403636623763555584.000000 -0.221750975 0.064573511 0.246903360 -0.090237007 -0.030904893 0.018171331 -0.995274842
1403636623813555456.000000 -0.221604288 0.064694203 0.247620821 -0.089972511 -0.030500334 0.018150611 -0.995311677
1403636623863555584.000000 -0.221673280 0.064919367 0.248099267 -0.089816622 -0.030757444 0.017949667 -0.995321512
1403636623913555456.000000 -0.221819162 0.064901285 0.248277381 -0.089653589 -0.030640738 0.018104671 -0.995337009
1403636623963555584.000000 -0.221982345 0.064855665 0.247932687 -0.089502610 -0.030610161 0.017763618 -0.995357573
1403636624013555456.000000 -0.222147331 0.064882196 0.247179240 -0.089489944 -0.030689837 0.018090067 -0.995350420
1403636624063555584.000000 -0.222191751 0.064986750 0.246491015 -0.089783013 -0.030787198 0.016301990 -0.995351911
1403636624113555456.000000 -0.222194195 0.064757794 0.245970577 -0.088593110 -0.030202132 0.017930059 -0.995448411
1403636624163555584.000000 -0.222643033 0.064565614 0.245168567 0.088359043 0.030203791 -0.017521478 0.995476484
1403636624213555456.000000 -0.222605690 0.064749025 0.244541913 -0.088287391 -0.030002905 0.017683433 -0.995486081
1403636624263555584.000000 -0.222153500 0.064864494 0.244011730 -0.088336408 -0.029696135 0.017627217 -0.995491922
1403636624313555456.000000 -0.221882820 0.065165430 0.244116426 -0.087106340 -0.027161252 0.018434515 -0.995658100
1403636624363555584.000000 -0.223262832 0.066620320 0.244725674 0.086130984 0.022558166 -0.017477605 0.995875120
1403636624413555456.000000 -0.223252505 0.068492442 0.243195206 0.083915234 0.018717146 -0.019283054 0.996110499
1403636624463555584.000000 -0.224107057 0.071057931 0.241143897 -0.082423881 -0.014005310 0.018898765 -0.996319771
1403636624513555456.000000 -0.224384874 0.074262440 0.239239380 0.080437846 0.009443934 -0.018971998 0.996534407
1403636624563555584.000000 -0.224852830 0.077754125 0.236310333 -0.078486823 -0.006120206 0.019198662 -0.996711493
1403636624613555456.000000 -0.225391567 0.081977338 0.233304188 -0.077066675 -0.005401090 0.020925647 -0.996791780
1403636624663555584.000000 -0.225936264 0.086950451 0.230666533 -0.075550258 -0.007430033 0.023015648 -0.996848643
1403636624713555456.000000 -0.227593601 0.092746384 0.227971390 -0.073893160 -0.007875141 0.027370507 -0.996859491
1403636624763555584.000000 -0.228542730 0.098817848 0.224239141 0.073163107 0.010514039 -0.029099405 0.996839941
1403636624813555456.000000 -0.229854286 0.106161505 0.219319880 0.070706919 0.007239420 -0.036628962 0.996798158
1403636624863555584.000000 -0.229693666 0.113818437 0.213457078 -0.068695091 -0.003694471 0.043412689 -0.996685863
1403636624913555456.000000 -0.228335008 0.121676825 0.206420064 0.065840796 -0.002898396 -0.051783882 0.996481299
1403636624963555584.000000 -0.224809453 0.129040107 0.197322026 0.063252226 -0.009124645 -0.059633285 0.996172547
1403636625013555456.000000 -0.219105020 0.136035055 0.187741935 0.061655506 -0.014985341 -0.064725354 0.995883942
1403636625063555584.000000 -0.211570755 0.141572982 0.177977219 0.060435604 -0.021221528 -0.068238139 0.995610774
1403636625113555456.000000 -0.202004284 0.145921871 0.167970851 0.060613174 -0.026518548 -0.069091417 0.995414138
1403636625163555584.000000 -0.191125810 0.148334160 0.158542469 0.062223688 -0.029300410 -0.064812921 0.995524526
1403636625213555456.000000 -0.178770542 0.149941251 0.147931010 0.064182401 -0.027978608 -0.060661208 0.995699823
1403636625263555584.000000 -0.166041374 0.150855556 0.140385300 -0.065825120 0.024186125 0.057167135 -0.995898604
1403636625313555456.000000 -0.155525863 0.150904685 0.132782176 0.067452081 -0.020590354 -0.054479431 0.996021211
1403636625363555584.000000 -0.149843022 0.150988296 0.130216718 -0.069005474 0.018253000 0.053015262 -0.996039450
1403636625413555456.000000 -0.148911372 0.151290849 0.130112648 -0.069587037 0.019646870 0.052924234 -0.995977283
1403636625463555584.000000 -0.151023149 0.151504397 0.131862566 -0.069984592 0.022829348 0.053525556 -0.995849431
1403636625513555456.000000 -0.154729143 0.151302099 0.135326847 -0.070384890 0.024470886 0.053374927 -0.995790303
1403636625563555584.000000 -0.157875374 0.150415227 0.139816180 -0.070870116 0.025621053 0.054020714 -0.995692134
1403636625613555456.000000 -0.158702731 0.149393365 0.141900599 -0.071167439 0.025615565 0.055142727 -0.995609581
1403636625663555584.000000 -0.155354962 0.147788465 0.144092843 -0.071508139 0.024039909 0.055787355 -0.995588481
1403636625713555456.000000 -0.146988779 0.144853637 0.146704495 -0.072663181 0.020894293 0.055200625 -0.995608628
1403636625763555584.000000 -0.134542882 0.141262650 0.148954391 -0.073229544 0.015659025 0.055324145 -0.995656312
1403636625813555456.000000 -0.118490733 0.138122559 0.153396875 0.074188523 -0.010535212 -0.054471869 0.995699763
1403636625863555584.000000 -0.098122455 0.132885545 0.153948873 -0.075421758 0.004521253 0.052981902 -0.995732963
1403636625913555456.000000 -0.074988410 0.127106056 0.153885081 -0.076347202 0.000880235 0.051593076 -0.995745182
1403636625963555584.000000 -0.050129604 0.121149540 0.152715877 -0.077035435 -0.001991006 0.050730363 -0.995734930
1403636626013555456.000000 -0.025104525 0.115232930 0.151200444 -0.077711307 -0.004377701 0.049835294 -0.995719969
1403636626063555584.000000 -0.001060977 0.109335944 0.149380103 -0.079498008 -0.005455976 0.045797974 -0.995767534
1403636626113555456.000000 0.024450313 0.106757104 0.150825813 0.081765369 0.005831170 -0.040828343 0.995797992
1403636626163555584.000000 0.046587534 0.101476945 0.148649246 -0.083664596 -0.006361146 0.035979230 -0.995823979
1403636626213555456.000000 0.066743791 0.096956372 0.146834254 -0.085355841 -0.006636085 0.031757344 -0.995822191
1403636626263555584.000000 0.084002599 0.093558520 0.145415485 -0.086291768 -0.006811186 0.029239506 -0.995817482
1403636626313555456.000000 0.099286035 0.094314508 0.147059098 0.087160200 0.006595538 -0.027868582 0.995782614
1403636626363555584.000000 0.109614596 0.093338743 0.147852734 -0.087104015 -0.006784674 0.028062671 -0.995780766
1403636626413555456.000000 0.116790056 0.093420289 0.149439052 -0.086730808 -0.007584482 0.029776584 -0.995757818
1403636626463555584.000000 0.122009017 0.094535820 0.151697308 -0.085938811 -0.008698612 0.032724898 -0.995724857
1403636626513555456.000000 0.126481667 0.096592762 0.153770193 -0.085191160 -0.012280265 0.036075320 -0.995635629
1403636626563555584.000000 0.129939482 0.099605292 0.155501246 -0.084470928 -0.016149627 0.039849203 -0.995497882
1403636626613555456.000000 0.132278621 0.103339016 0.156792745 -0.084162727 -0.019709170 0.043319911 -0.995314896
1403636626663555584.000000 0.133330554 0.107659549 0.157456726 -0.084005632 -0.022510976 0.046377383 -0.995130897
1403636626713555456.000000 0.132644743 0.112588882 0.157706678 -0.084385611 -0.022095397 0.047779512 -0.995041728
1403636626763555584.000000 0.130581141 0.117912643 0.157564536 -0.085206784 -0.019687839 0.048686981 -0.994978368
1403636626813555456.000000 0.123789839 0.127314821 0.164888442 0.086256415 0.017058728 -0.049264617 0.994907975
1403636626863555584.000000 0.118862174 0.132293165 0.163431838 -0.086720712 -0.013293917 0.050009035 -0.994887948
1403636626913555456.000000 0.113161661 0.137277201 0.161658973 -0.086919427 -0.009089476 0.050788190 -0.994878411
1403636626963555584.000000 0.106774077 0.143387347 0.160088375 -0.086551525 -0.004375590 0.051972713 -0.994881153
1403636627013555456.000000 0.099624261 0.148974091 0.158217564 -0.086366788 0.000020655 0.052698422 -0.994868696
1403636627063555584.000000 0.092921034 0.154534057 0.156193227 -0.085884847 0.004037183 0.053270731 -0.994871736
1403636627113555456.000000 0.087899655 0.159815058 0.154067889 -0.085849553 0.008958904 0.053773131 -0.994815588
1403636627163555584.000000 0.086554974 0.164742127 0.151349172 -0.086234063 0.007855899 0.053351324 -0.994814396
1403636627213555456.000000 0.087925553 0.169443160 0.147756502 -0.086270034 0.005164636 0.053692192 -0.994810522
1403636627263555584.000000 0.092012987 0.173653692 0.144267738 -0.086495094 0.001123751 0.053590573 -0.994809270
1403636627313555456.000000 0.096733019 0.177030087 0.136389226 0.087667391 0.002337367 -0.052336853 0.994771242
1403636627363555584.000000 0.105321459 0.181111664 0.131081924 -0.088061407 -0.003643322 0.051314715 -0.994785786
1403636627413555456.000000 0.115760475 0.185145915 0.124945499 -0.088620856 -0.003919066 0.050374117 -0.994783163
1403636627463555584.000000 0.127889171 0.189437851 0.117440030 -0.088553354 -0.004831904 0.048746292 -0.994866252
1403636627513555456.000000 0.139306009 0.193946645 0.110708378 -0.086914942 -0.003601015 0.046769943 -0.995110750
1403636627563555584.000000 0.147380248 0.199127361 0.104801230 -0.083761699 -0.002648915 0.044686854 -0.995479822
1403636627613555456.000000 0.150999829 0.204973176 0.099770240 -0.079619512 -0.001353894 0.043170787 -0.995889187
1403636627663555584.000000 0.150043875 0.210887820 0.095550001 -0.075878963 0.001595112 0.042214189 -0.996221781
1403636627713555456.000000 0.145574674 0.217215180 0.092315726 -0.071001530 0.006218657 0.041280918 -0.996602297
1403636627763555584.000000 0.143619031 0.223469779 0.083596930 0.065076120 -0.012050703 -0.040294837 0.996993601
1403636627813555456.000000 0.136581868 0.230509087 0.082952082 -0.058728699 0.017415196 0.039315846 -0.997347474
1403636627863555584.000000 0.129242852 0.237879097 0.083238997 -0.051681545 0.022525039 0.038086168 -0.997682869
1403636627913555456.000000 0.123068057 0.244961992 0.084025882 -0.045830484 0.027312618 0.037415255 -0.997874618
1403636627963555584.000000 0.119300529 0.251581788 0.085661173 -0.040730599 0.029710976 0.037195805 -0.998035431
1403636628013555456.000000 0.119825751 0.258153111 0.088243484 -0.036288872 0.030514531 0.036750969 -0.998199105
1403636628063555584.000000 0.123747468 0.263738275 0.092057243 -0.033054281 0.028183065 0.035917751 -0.998410285
1403636628113555456.000000 0.131472841 0.268831849 0.095240436 -0.030619372 0.021600170 0.034497734 -0.998702049
1403636628163555584.000000 0.141619802 0.273473144 0.098607056 -0.029164771 0.012469203 0.032086734 -0.998981655
1403636628213555456.000000 0.153203830 0.278239548 0.101678610 -0.028425572 0.004007735 0.029319566 -0.999157786
1403636628263555584.000000 0.168687925 0.283605963 0.101440184 0.028461615 0.001645404 -0.025411235 0.999270558
1403636628313555456.000000 0.181760237 0.288003713 0.103731178 -0.029282175 -0.005813370 0.020780616 -0.999338269
1403636628363555584.000000 0.195256248 0.292990744 0.105681606 -0.029738881 -0.007573695 0.018050604 -0.999366045
1403636628413555456.000000 0.208301038 0.298590451 0.107491799 -0.030198555 -0.007983271 0.015704975 -0.999388695
1403636628463555584.000000 0.220175683 0.304852575 0.109349445 -0.030817084 -0.008093647 0.014303203 -0.999390006
1403636628513555456.000000 0.235023662 0.312899023 0.108376995 0.031771809 0.007091012 -0.013236752 0.999382377
1403636628563555584.000000 0.243753254 0.320794165 0.110531375 -0.032615263 -0.006357396 0.012060886 -0.999374986
1403636628613555456.000000 0.250945657 0.329485774 0.112808295 -0.033946816 -0.005747783 0.011260225 -0.999343693
1403636628663555584.000000 0.256749600 0.339270085 0.115216441 -0.034632236 -0.005675561 0.011306200 -0.999320090
1403636628713555456.000000 0.261212468 0.350390762 0.117906250 -0.033349823 -0.005559750 0.013062512 -0.999342918
1403636628763555584.000000 0.263768464 0.362796426 0.120750524 -0.030012151 -0.003322114 0.015510851 -0.999423683
1403636628813555456.000000 0.264796108 0.375927895 0.123890050 -0.025355112 0.000117163 0.017945111 -0.999517441
1403636628863555584.000000 0.265224457 0.389437407 0.127250120 -0.020522822 0.004296048 0.019575102 -0.999588490
1403636628913555456.000000 0.267325103 0.403041333 0.130754709 -0.016043635 0.008568565 0.020297222 -0.999628544
1403636628963555584.000000 0.265520930 0.415970594 0.145113751 0.012550526 -0.011604382 -0.020702196 0.999639571
1403636629013555456.000000 0.271032035 0.429365486 0.144575983 -0.009540218 0.014511478 0.020323606 -0.999642611
1403636629063555584.000000 0.278668135 0.442680389 0.142162487 -0.006595775 0.015936479 0.019621089 -0.999658763
1403636629113555456.000000 0.287746549 0.456162900 0.139188960 -0.003376913 0.016412778 0.019868305 -0.999662220
1403636629163555584.000000 0.296528041 0.470018417 0.136977956 0.000873846 0.016589077 0.018297827 -0.999694645
1403636629213555456.000000 0.305321842 0.484657466 0.148079544 -0.006116256 -0.015374529 -0.016432855 0.999728084
1403636629263555584.000000 0.312821448 0.498833835 0.149292648 0.011058915 0.013458291 0.014406847 -0.999744534
1403636629313555456.000000 0.319362074 0.513009727 0.151563436 0.015254465 0.010959475 0.011322537 -0.999759495
1403636629363555584.000000 0.323599547 0.525555491 0.181795076 -0.018344063 -0.008245736 -0.007815644 0.999767244
1403636629413555456.000000 0.328062594 0.539676726 0.186376572 0.020712432 0.004998418 0.003160582 -0.999768019
1403636629463555584.000000 0.331291527 0.554509640 0.191513941 0.024509363 0.001192876 -0.002258649 -0.999696374
1403636629513555456.000000 0.332824141 0.570042670 0.197174042 0.029473776 -0.001027371 -0.007622065 -0.999535978
1403636629563555584.000000 0.332293630 0.586661458 0.210714504 -0.035555031 0.000763372 0.012174760 0.999293268
1403636629613555456.000000 0.330034554 0.604523778 0.218664378 0.044009723 0.001993322 -0.014519043 -0.998923659
1403636629663555584.000000 0.326164693 0.623342335 0.227130622 0.053284645 0.006905090 -0.016754234 -0.998414934
1403636629713555456.000000 0.323867857 0.642502785 0.244461983 -0.063264757 -0.011780373 0.018775459 0.997750700
1403636629763555584.000000 0.317851216 0.662841380 0.254659325 0.074198775 0.016102936 -0.020759048 -0.996897399
1403636629813555456.000000 0.307923675 0.685005546 0.282933325 -0.085436493 -0.018658755 0.023641508 0.995888352
1403636629863555584.000000 0.300697714 0.706757545 0.295935512 0.096658587 0.020943440 -0.027024888 -0.994730234
1403636629913555456.000000 0.294109493 0.728736222 0.309925348 0.106974415 0.022273980 -0.030361377 -0.993548512
1403636629963555584.000000 0.289020747 0.750606894 0.323501974 0.116233379 0.022838127 -0.032602135 -0.992424011
1403636630013555456.000000 0.292038530 0.773346782 0.348081231 -0.123505376 -0.022473440 0.034858558 0.991476834
1403636630063555584.000000 0.290799499 0.794611394 0.361059517 0.129649282 0.020575460 -0.036483366 -0.990674853
1403636630113555456.000000 0.294393450 0.816300869 0.377945542 -0.134887666 -0.015784107 0.037351999 0.990030825
1403636630163555584.000000 0.298620105 0.838055015 0.392437696 0.139210597 0.008548257 -0.038135026 -0.989491343
1403636630213555456.000000 0.306095779 0.859708011 0.408825576 -0.143138900 -0.001620127 0.037982348 0.988972187
1403636630263555584.000000 0.315967768 0.881782532 0.424477845 -0.145897388 0.004587713 0.038376126 0.988544524
1403636630313555456.000000 0.325471342 0.904386044 0.437524527 -0.147977442 0.008217396 0.038182795 0.988219261
1403636630363555584.000000 0.335535765 0.925877333 0.451868296 0.149248078 -0.007632590 -0.038288549 -0.988028824
1403636630413555456.000000 0.346902877 0.947402000 0.465777725 0.150063276 -0.006338767 -0.038144249 -0.987919986
1403636630463555584.000000 0.364809245 0.972894371 0.487917423 -0.150342047 0.003339506 0.036734950 0.987945735
1403636630513555456.000000 0.379438132 0.993718684 0.500894964 0.150362834 -0.001771388 -0.035431627 -0.987994254
1403636630563555584.000000 0.395326257 1.014294386 0.513789415 0.150441900 0.000207454 -0.032519836 -0.988083899
1403636630613555456.000000 0.411341012 1.034633636 0.527110994 0.150120348 0.000889227 -0.029546112 -0.988225758
1403636630663555584.000000 0.426251978 1.054608345 0.541351795 0.149326861 0.002606343 -0.027162468 -0.988411307
1403636630713555456.000000 0.440049887 1.074260473 0.556574225 0.148257598 0.003545475 -0.025612343 -0.988610744
1403636630763555584.000000 0.452833712 1.093505263 0.572869658 0.146650508 0.003383374 -0.026301358 -0.988832951
1403636630813555456.000000 0.467472672 1.117043018 0.587602556 -0.144510925 -0.004095136 0.027365308 0.989116311
1403636630863555584.000000 0.477980286 1.135883093 0.606019080 0.142798111 0.004029964 -0.028727315 -0.989326715
1403636630913555456.000000 0.487103999 1.154548764 0.625127196 0.140902907 0.003602081 -0.030228784 -0.989555299
1403636630963555584.000000 0.495048881 1.173194528 0.645110309 0.139381558 0.003275979 -0.031556390 -0.989730477
1403636631013555456.000000 0.502203107 1.192167640 0.665759504 0.138709739 0.003017992 -0.032182515 -0.989805460
1403636631063555584.000000 0.508623242 1.211120963 0.687182486 0.137692332 0.001921171 -0.032264907 -0.989947557
1403636631113555456.000000 0.514581680 1.230125189 0.708936751 0.137377948 0.000115380 -0.032221667 -0.989994466
1403636631163555584.000000 0.520060062 1.248944163 0.731012762 0.137049884 -0.001380264 -0.032002524 -0.990046084
1403636631213555456.000000 0.525274217 1.267663240 0.753303528 0.136401460 -0.003477011 -0.031813454 -0.990136623
1403636631263555584.000000 0.530338526 1.286455512 0.775510311 0.136298627 -0.004863367 -0.031105055 -0.990167439
1403636631313555456.000000 0.531490624 1.305488348 0.779889047 -0.135428846 0.005029025 0.031334691 0.990278721
1403636631363555584.000000 0.535066247 1.324693918 0.802479148 0.135261536 -0.005077051 -0.030711960 -0.990320861
1403636631413555456.000000 0.537223637 1.343765378 0.825818300 0.134759158 -0.005050709 -0.030707249 -0.990389585
1403636631463555584.000000 0.537938297 1.362810254 0.849384904 0.134598628 -0.004832419 -0.029809024 -0.990439951
1403636631513555456.000000 0.537556529 1.381751180 0.873201787 0.134435102 -0.004435022 -0.028583996 -0.990500152
1403636631563555584.000000 0.536661208 1.400328040 0.897211671 0.134512067 -0.004550052 -0.027086757 -0.990531266
1403636631613555456.000000 0.535936177 1.418455243 0.920879364 0.134199589 -0.004053927 -0.025787452 -0.990610421
1403636631663555584.000000 0.535893023 1.436366200 0.944709718 0.133629292 -0.003192123 -0.024819473 -0.990715444
1403636631713555456.000000 0.536814213 1.453944921 0.968195200 0.133312225 -0.002799226 -0.024085691 -0.990777433
1403636631763555584.000000 0.538959384 1.470427275 0.989380240 0.133042410 -0.002239992 -0.023335218 -0.990833104
1403636631813555456.000000 0.544534981 1.485536337 0.993007183 -0.132433891 0.002140009 0.023011468 0.990922451
1403636631863555584.000000 0.551602602 1.502825737 1.015512943 0.132580906 -0.001486405 -0.021844234 -0.990930378
1403636631913555456.000000 0.559988260 1.519795656 1.037563324 0.132551163 -0.000422058 -0.020897804 -0.990955770
1403636631963555584.000000 0.568906605 1.536527157 1.059857845 0.132579178 0.000053669 -0.020440754 -0.990961671
1403636632013555456.000000 0.578356683 1.552553177 1.082121015 0.132699087 -0.000152960 -0.020531209 -0.990943789
1403636632063555584.000000 0.588567436 1.568010926 1.104436040 0.133009553 -0.001537095 -0.020095820 -0.990909874
1403636632113555456.000000 0.598211706 1.582580566 1.126304269 0.133444175 -0.002906876 -0.018437466 -0.990880609
1403636632163555584.000000 0.607758641 1.595884323 1.147238731 0.135179326 -0.004087336 -0.015363650 -0.990693688
1403636632213555456.000000 0.615320802 1.604601860 1.165694594 0.136028811 -0.003576729 -0.014321929 -0.990594923
1403636632263555584.000000 0.621885061 1.613464594 1.185077906 0.136458859 -0.004438461 -0.015361712 -0.990516722
1403636632313555456.000000 0.619497776 1.618920207 1.182105184 -0.136756346 0.005029504 0.016628569 0.990452409
1403636632363555584.000000 0.622546673 1.626731634 1.201836228 -0.136863291 0.005504277 0.017610518 0.990418136
1403636632413555456.000000 0.624965310 1.639542937 1.225897789 0.137300968 -0.004549322 -0.018152496 -0.990352631
1403636632463555584.000000 0.624675393 1.648741603 1.248381615 0.136584893 -0.001794559 -0.021549841 -0.990392387
1403636632513555456.000000 0.623201370 1.657118440 1.271316409 0.133935541 0.001358234 -0.025370095 -0.990664363
1403636632563555584.000000 0.620458126 1.665016294 1.294717550 0.129621401 0.006389405 -0.030394154 -0.991077065
1403636632613555456.000000 0.617284775 1.672717929 1.318471193 0.124021634 0.011017630 -0.034529276 -0.991617322
1403636632663555584.000000 0.614053547 1.680363536 1.342734694 0.117158301 0.014623261 -0.036666267 -0.992328465
1403636632713555456.000000 0.611628711 1.688122153 1.367317796 0.108939417 0.016838353 -0.036886528 -0.993221104
1403636632763555584.000000 0.610937595 1.696117282 1.391738057 0.099561341 0.017969521 -0.035302613 -0.994242668
1403636632813555456.000000 0.618080914 1.702214956 1.401948571 -0.089667186 -0.017553179 0.030140113 0.995360911
1403636632863555584.000000 0.622209847 1.711686730 1.425871730 0.079707958 0.014885984 -0.021684628 -0.996471167
1403636632913555456.000000 0.628491580 1.721590877 1.449316502 0.069686808 0.010974519 -0.012529999 -0.997429848
1403636632963555584.000000 0.635810137 1.731877446 1.472813010 0.061044294 0.008590577 -0.004153716 -0.998089492
1403636633013555456.000000 0.644580305 1.742265940 1.496291161 0.053376000 0.006386591 0.003167337 -0.998549104
1403636633063555584.000000 0.654045999 1.752500534 1.519345760 0.046462465 0.005834370 0.008846639 -0.998863876
1403636633113555456.000000 0.663209021 1.762530446 1.542476892 0.040167741 0.005066639 0.012756191 -0.999098718
1403636633163555584.000000 0.671323717 1.772443295 1.566106439 0.035033047 0.005018157 0.016048586 -0.999244750
1403636633213555456.000000 0.678018689 1.781947732 1.590351343 0.030669902 0.004876377 0.017798139 -0.999359190
1403636633263555584.000000 0.683176219 1.791363597 1.615091205 0.026947021 0.006147673 0.017973119 -0.999456406
1403636633313555456.000000 0.696359873 1.801038742 1.638477087 -0.023708086 -0.008115816 -0.017362393 0.999535203
1403636633363555584.000000 0.699051201 1.810025334 1.664036036 0.020822929 0.009798884 0.015262551 -0.999618649
1403636633413555456.000000 0.700612426 1.819050074 1.690356493 0.019304283 0.011905382 0.013235225 -0.999655187
1403636633463555584.000000 0.701261878 1.827980042 1.717135668 0.017974937 0.013668961 0.011057487 -0.999683857
1403636633513555456.000000 0.701465905 1.837152243 1.744807243 0.017904449 0.015109376 0.009808201 -0.999677420
1403636633563555584.000000 0.701627553 1.846517563 1.773305774 0.018304599 0.016810993 0.008300445 -0.999656677
1403636633613555456.000000 0.702494264 1.856373072 1.802416325 0.019044016 0.018829903 0.007433052 -0.999613702
1403636633663555584.000000 0.705329299 1.866556644 1.832374692 0.020630881 0.020221056 0.007151275 -0.999557137
1403636633713555456.000000 0.710476041 1.876819968 1.862332344 0.022013022 0.019806014 0.006407203 -0.999540985
1403636633763555584.000000 0.717448056 1.887282491 1.892646194 0.023074761 0.019070489 0.005258132 -0.999538064
1403636633813555456.000000 0.730382681 1.895874143 1.928867459 -0.024440261 -0.019305393 -0.004239740 0.999505877
1403636633863555584.000000 0.741762578 1.906541109 1.959678292 0.025297288 0.018061547 0.002219613 -0.999514401
1403636633913555456.000000 0.754591405 1.917255163 1.990432024 0.025401598 0.016924918 -0.001870343 -0.999532282
1403636633963555584.000000 0.767625034 1.928175807 2.021726370 0.025305931 0.014916996 -0.006420704 -0.999547839
1403636634013555456.000000 0.774585843 1.938796043 2.052198887 -0.025594695 -0.012774521 0.010351823 0.999537170
1403636634063555584.000000 0.786223412 1.951136589 2.085051298 0.026427910 0.012433032 -0.012575126 -0.999494374
1403636634113555456.000000 0.798598647 1.964000821 2.118046761 0.026180640 0.012836058 -0.012756700 -0.999493480
1403636634163555584.000000 0.812683523 1.977859855 2.150801659 0.026288263 0.014120658 -0.011557280 -0.999487936
1403636634213555456.000000 0.829007268 1.992564797 2.183644056 0.026723562 0.015758814 -0.008394948 -0.999483466
1403636634263555584.000000 0.847846031 2.007954121 2.216803312 0.027414562 0.015657943 -0.004076093 -0.999493301
1403636634313555456.000000 0.868396699 2.023646116 2.250277996 0.027845481 0.012790679 -0.000290455 -0.999530375
1403636634363555584.000000 0.888947785 2.039603233 2.284038544 0.027980451 0.008445451 0.003031309 -0.999568224
1403636634413555456.000000 0.897506237 2.056265831 2.312786579 -0.028104585 -0.003420579 -0.006235042 0.999579728
1403636634463555584.000000 0.914990723 2.072595596 2.347707510 -0.028085483 -0.000668256 -0.008697385 0.999567568
1403636634513555456.000000 0.930859029 2.089043856 2.382502317 0.027436320 -0.002809669 0.010426397 -0.999565244
1403636634563555584.000000 0.945105731 2.105339050 2.417828798 0.026752707 -0.004997929 0.011762823 -0.999560475
1403636634613555456.000000 0.957601786 2.121085405 2.453226566 0.025381168 -0.005981417 0.013943161 -0.999562800
1403636634663555584.000000 0.968477547 2.136205196 2.488615274 0.022217993 -0.006437613 0.016161103 -0.999601841
1403636634713555456.000000 0.978891194 2.150992393 2.523409843 0.018943006 -0.006591132 0.019304857 -0.999612510
1403636634763555584.000000 0.989217818 2.165143251 2.557338238 0.015359256 -0.004489820 0.021361468 -0.999643743
1403636634813555456.000000 0.993926406 2.180912733 2.586953402 -0.011883854 0.002696319 -0.022295548 0.999677181
1403636634863555584.000000 1.006009579 2.194023371 2.619144917 -0.008667026 0.000494977 -0.023073513 0.999696136
1403636634913555456.000000 1.020186543 2.206890821 2.650411129 0.005180586 0.001207829 0.024158226 -0.999694049
1403636634963555584.000000 1.035465121 2.219026804 2.681101322 0.002286099 0.003886952 0.025678752 -0.999660134
1403636635013555456.000000 1.052619576 2.230595350 2.711328268 -0.000100510 0.004413542 0.027710088 -0.999606252
1403636635063555584.000000 1.069094181 2.241727114 2.741535664 -0.002132435 0.006109437 0.029378271 -0.999547482
1403636635113555456.000000 1.084245205 2.252656937 2.772190332 -0.003801568 0.007722456 0.030664809 -0.999492645
1403636635163555584.000000 1.097591758 2.263441563 2.803153753 -0.005458608 0.008751197 0.031068582 -0.999464035
1403636635213555456.000000 1.109260917 2.274234772 2.834712982 -0.006896653 0.010432570 0.031191107 -0.999435246
1403636635263555584.000000 1.114368558 2.287560940 2.866892338 0.009189997 -0.010969902 -0.029480068 0.999462962
1403636635313555456.000000 1.123557329 2.297789097 2.899491549 0.010857554 -0.012501151 -0.027618343 0.999481380
1403636635363555584.000000 1.132940888 2.307632685 2.932279587 -0.012795717 0.014392975 0.023968633 -0.999527216
1403636635413555456.000000 1.143237472 2.317714214 2.964835882 -0.014026492 0.015543026 0.022478720 -0.999528110
1403636635463555584.000000 1.154826760 2.327920675 2.997919559 -0.014640462 0.015184402 0.021073045 -0.999555469
1403636635513555456.000000 1.168526173 2.338006258 3.031419992 -0.015618280 0.015775880 0.018145828 -0.999588907
1403636635563555584.000000 1.183926344 2.348418951 3.063698530 -0.015863849 0.015924510 0.017327674 -0.999597192
1403636635613555456.000000 1.199225068 2.359500647 3.095011950 -0.016080661 0.015196845 0.016197383 -0.999624074
1403636635663555584.000000 1.219626665 2.369515896 3.132203341 0.015920734 -0.014002161 -0.014967726 0.999663234
1403636635713555456.000000 1.238476396 2.381309032 3.164558172 0.015665658 -0.012685421 -0.014379724 0.999693453
1403636635763555584.000000 1.258594155 2.393413067 3.196897507 -0.015994888 0.009366159 0.012149807 -0.999754429
1403636635813555456.000000 1.281235814 2.405930042 3.228927612 -0.017008787 0.005203191 0.007993976 -0.999809861
1403636635863555584.000000 1.306261778 2.419306040 3.261068583 -0.017592760 0.002545891 0.004310912 -0.999832749
1403636635913555456.000000 1.341011286 2.430329084 3.292464018 0.018267965 -0.003915999 -0.000350119 0.999825418
1403636635963555584.000000 1.368009806 2.445651770 3.323842764 -0.017897932 0.007386764 -0.000523145 -0.999812424
1403636636013555456.000000 1.394651532 2.462020159 3.355340004 -0.016645815 0.012706493 0.001440479 -0.999779701
1403636636063555584.000000 1.420498371 2.479354858 3.387561560 -0.014576346 0.016646720 0.005795023 -0.999738455
1403636636113555456.000000 1.448791027 2.496402979 3.421154737 0.012494239 -0.019439984 -0.010453654 0.999678373
1403636636163555584.000000 1.475315213 2.514376640 3.454297066 -0.010997032 0.017735710 0.014680646 -0.999674439
1403636636213555456.000000 1.503643513 2.532565594 3.487112761 -0.009641509 0.012711358 0.019094905 -0.999690413
1403636636263555584.000000 1.533960342 2.550714493 3.519451380 -0.008507024 0.006454529 0.022633094 -0.999686837
1403636636313555456.000000 1.569897532 2.568672895 3.554386616 0.007975409 -0.000985605 -0.024504209 0.999667466
1403636636363555584.000000 1.602249861 2.586320639 3.585540771 0.007498730 0.005848779 -0.026058236 0.999615192
1403636636413555456.000000 1.634259820 2.603792191 3.616892099 -0.007566120 -0.014543344 0.027162842 -0.999496579
1403636636463555584.000000 1.663918972 2.620992661 3.647606134 -0.007659453 -0.021496218 0.027904240 -0.999350131
1403636636513555456.000000 1.690631390 2.638035774 3.677998781 -0.006538499 -0.024423942 0.030867144 -0.999203682
1403636636563555584.000000 1.717131376 2.655914068 3.708289146 0.005353109 0.025652358 -0.034445088 0.999063015
1403636636613555456.000000 1.739056945 2.672067881 3.737304449 0.003857301 0.026244588 -0.038665332 0.998900115
1403636636663555584.000000 1.757943153 2.687664509 3.765822649 -0.002160817 -0.025711512 0.043296389 -0.998729110
1403636636713555456.000000 1.774473429 2.702183485 3.793536901 -0.000637155 -0.025602838 0.047136638 -0.998560071
1403636636763555584.000000 1.788344979 2.715380669 3.820698023 0.000752189 -0.024983615 0.051111601 -0.998380125
1403636636813555456.000000 1.799635172 2.727119684 3.847182274 0.002439858 -0.024544531 0.056294594 -0.998109519
1403636636863555584.000000 1.808383346 2.737293005 3.873048782 0.003856120 -0.022976071 0.060702231 -0.997884035
1403636636913555456.000000 1.814674973 2.745503902 3.898417473 0.002506222 -0.020067971 0.058186647 -0.998100877
1403636636963555584.000000 1.819386363 2.752124071 3.923345327 -0.000336743 -0.018129274 0.052645463 -0.998448730
1403636637013555456.000000 1.823791742 2.760269165 3.940038204 0.003858669 0.015289626 -0.045881640 0.998822510
1403636637063555584.000000 1.825941324 2.764939785 3.963807583 0.006802098 0.013745451 -0.039762083 0.999091506
1403636637113555456.000000 1.826499104 2.768544674 3.987413406 -0.009181818 -0.011093640 0.035169989 -0.999277592
1403636637163555584.000000 1.826127648 2.772134066 4.010542870 -0.010577030 -0.007429810 0.032411598 -0.999391019
1403636637213555456.000000 1.825301528 2.775470495 4.033486366 -0.011207865 -0.003085802 0.031430241 -0.999438345
1403636637263555584.000000 1.825321317 2.778500080 4.055710793 -0.012028608 -0.000028190 0.030786922 -0.999453604
1403636637313555456.000000 1.827477932 2.781403780 4.078776836 -0.012587194 0.002619919 0.030662715 -0.999447107
1403636637363555584.000000 1.820008755 2.783450365 4.084043980 0.012654130 -0.004428803 -0.031522892 0.999413133
1403636637413555456.000000 1.828390002 2.785207748 4.108518124 -0.013827664 0.005435354 0.030920839 -0.999411404
1403636637463555584.000000 1.839995742 2.786563635 4.132646561 -0.014182073 0.007441783 0.031955525 -0.999361038
1403636637513555456.000000 1.852672458 2.787680626 4.155454636 -0.014878784 0.008069256 0.031319574 -0.999366164
1403636637563555584.000000 1.865837693 2.788618326 4.177340508 -0.015535070 0.009772173 0.031104522 -0.999347687
1403636637613555456.000000 1.868120193 2.790997267 4.183694839 0.016711662 -0.009619592 -0.030071216 0.999361813
1403636637663555584.000000 1.883870125 2.791510105 4.203830719 0.017222084 -0.010687155 -0.029482035 0.999359846
1403636637713555456.000000 1.901837945 2.792591572 4.223475933 -0.017684560 0.009931712 0.029909668 -0.999346793
1403636637763555584.000000 1.921986818 2.793199062 4.245283127 -0.018194424 0.008803613 0.030328238 -0.999335647
1403636637813555456.000000 1.943851829 2.793571711 4.266340733 -0.018433560 0.006553453 0.030811323 -0.999333799
1403636637863555584.000000 1.960717559 2.793299198 4.278324127 0.018813098 -0.004751033 -0.031037020 0.999329925
1403636637913555456.000000 1.985746503 2.792794704 4.298832893 0.019313073 -0.002854287 -0.031057229 0.999326944
1403636637963555584.000000 2.008750677 2.792374611 4.319613457 -0.019691246 0.000222241 0.031082269 -0.999322832
1403636638013555456.000000 2.027621746 2.792111635 4.341987610 -0.019995781 -0.001406604 0.031028891 -0.999317527
1403636638063555584.000000 2.046952248 2.793956995 4.371915817 0.020550260 0.002540996 -0.030634299 0.999316216
1403636638113555456.000000 2.057590961 2.793905735 4.396942616 0.020837920 0.004615572 -0.030377388 0.999310672
1403636638163555584.000000 2.064423323 2.793926477 4.421033859 -0.021338889 -0.006110252 0.030065520 -0.999301493
1403636638213555456.000000 2.069884062 2.793977737 4.445798874 -0.021624885 -0.006365094 0.030276550 -0.999287367
1403636638263555584.000000 2.074039459 2.794132471 4.470306396 -0.021514671 -0.006862498 0.030647820 -0.999275148
1403636638313555456.000000 2.076144695 2.794235945 4.494616032 -0.022458624 -0.004850813 0.028921921 -0.999317586
1403636638363555584.000000 2.075817585 2.794600487 4.518491745 -0.023996007 0.001111198 0.024618372 -0.999408305
1403636638413555456.000000 2.064680576 2.796499252 4.539896488 0.025627473 -0.010636472 -0.019245395 0.999429703
1403636638463555584.000000 2.061100245 2.797745943 4.564164162 0.027018467 -0.020865103 -0.015071216 0.999303520
1403636638513555456.000000 2.058008671 2.799809694 4.587853432 -0.028498011 0.029477607 0.010623218 -0.999102712
1403636638563555584.000000 2.056195974 2.802708626 4.611264229 -0.028722044 0.034402724 0.009248855 -0.998952448
1403636638613555456.000000 2.057353020 2.806621075 4.634479046 -0.028081907 0.036430284 0.011400525 -0.998876512
1403636638663555584.000000 2.062559605 2.811233759 4.658614635 -0.026620004 0.034686539 0.016752925 -0.998903215
1403636638713555456.000000 2.071328640 2.816661596 4.683372021 -0.025294337 0.031755574 0.020523157 -0.998964846
1403636638763555584.000000 2.082521677 2.822499752 4.708203316 -0.024723012 0.027044708 0.023545735 -0.999051034
1403636638813555456.000000 2.093074560 2.828925848 4.753314495 0.024713006 -0.021332862 -0.025001004 0.999154270
1403636638863555584.000000 2.109089375 2.834739923 4.779148102 0.024971535 -0.016823383 -0.024755707 0.999240041
1403636638913555456.000000 2.124542713 2.840270519 4.803953648 -0.026041625 0.013468323 0.023047615 -0.999304414
1403636638963555584.000000 2.144082308 2.846548080 4.833117485 0.027210750 -0.010955360 -0.020648075 0.999356449
1403636639013555456.000000 2.162321568 2.852784395 4.858993530 0.029252697 -0.010569129 -0.015523110 0.999395669
1403636639063555584.000000 2.180214405 2.859639406 4.887066364 -0.031484671 0.009878184 0.009765813 -0.999407709
1403636639113555456.000000 2.196017504 2.867342234 4.915661335 -0.033383135 0.009445441 0.004934123 -0.999385893
1403636639163555584.000000 2.213804483 2.877627134 4.953023434 0.034851640 -0.010151264 -0.000877215 0.999340594
1403636639213555456.000000 2.222790718 2.887964725 4.984654427 0.035991348 -0.010454313 0.002313170 0.999294758
1403636639263555584.000000 2.228462458 2.899474382 5.019371986 -0.036426231 0.011453875 -0.003562906 -0.999264359
1403636639313555456.000000 2.231933594 2.912957430 5.054536343 -0.034679782 0.011468933 0.000949577 -0.999332249
1403636639363555584.000000 2.237754583 2.929002523 5.092345715 0.032627940 -0.011773105 -0.007083840 0.999373198
1403636639413555456.000000 2.239416122 2.944822550 5.129041672 0.030348765 -0.012080534 -0.013411924 0.999376416
1403636639463555584.000000 2.240975618 2.961270571 5.166524410 -0.028210083 0.012150017 0.019823711 -0.999331594
1403636639513555456.000000 2.241616964 2.978193045 5.204313755 -0.025921024 0.010757567 0.026438486 -0.999256432
1403636639563555584.000000 2.241587877 2.995254040 5.242422104 -0.023437792 0.008594249 0.033824239 -0.999116063
1403636639613555456.000000 2.240684032 3.015281439 5.287035465 0.021898527 -0.006612029 -0.039459016 0.998959363
1403636639663555584.000000 2.240309477 3.031054735 5.325400829 0.021692524 -0.003214817 -0.041345030 0.998904288
1403636639713555456.000000 2.240592241 3.045593262 5.363255501 -0.022453273 -0.000933254 0.040244278 -0.998937190
1403636639763555584.000000 2.241893530 3.059684753 5.400020123 -0.023807898 -0.004827674 0.037214722 -0.999011993
1403636639813555456.000000 2.244413376 3.073337555 5.435220718 -0.024566747 -0.006923746 0.035220034 -0.999053597
1403636639863555584.000000 2.248861313 3.086484194 5.469433784 -0.025716860 -0.008324686 0.032518961 -0.999105573
1403636639913555456.000000 2.254843712 3.099270105 5.501490116 -0.027010838 -0.009002890 0.030394340 -0.999132454
1403636639963555584.000000 2.257218838 3.117844343 5.538630962 0.027540449 0.009500675 -0.029888868 0.999128580
1403636640013555456.000000 2.266220808 3.130513430 5.568849564 0.028309748 0.010138582 -0.029934799 0.999099433
1403636640063555584.000000 2.278927088 3.143195391 5.598549366 -0.030386150 -0.010389357 0.031586502 -0.998985052
1403636640113555456.000000 2.293653965 3.155296803 5.627286434 -0.033277318 -0.010624483 0.035463985 -0.998760283
1403636640163555584.000000 2.309942484 3.166960001 5.654695034 -0.037577257 -0.010743096 0.037333105 -0.998538375
1403636640213555456.000000 2.327979326 3.178408861 5.680346012 -0.041939009 -0.010805083 0.038964685 -0.998301625
1403636640263555584.000000 2.346385002 3.189909697 5.704641819 -0.045390185 -0.009180542 0.041361708 -0.998070478
1403636640313555456.000000 2.345079184 3.204355240 5.732961655 0.048647434 0.008980471 -0.042165928 0.997885227
1403636640363555584.000000 2.361250639 3.215602160 5.756738663 0.051576294 0.008887891 -0.043722786 0.997671902
1403636640413555456.000000 2.375564098 3.227083206 5.780311108 -0.053904194 -0.008863416 0.045161076 -0.997484982
1403636640463555584.000000 2.388347864 3.238422871 5.803994179 -0.055787276 -0.008879606 0.046526179 -0.997318566
1403636640513555456.000000 2.399257898 3.249842644 5.827630043 -0.057542406 -0.007377749 0.046962705 -0.997210562
1403636640563555584.000000 2.409155846 3.261183739 5.851361752 -0.058963519 -0.007279903 0.048021253 -0.997077942
1403636640613555456.000000 2.417815447 3.272355556 5.875326157 -0.060159560 -0.007157683 0.048109893 -0.997003019
1403636640663555584.000000 2.405887604 3.281607866 5.901199341 0.061156508 0.008303689 -0.048681866 0.996905744
1403636640713555456.000000 2.411550522 3.292525291 5.925116539 0.061960045 0.007375212 -0.048813023 0.996857047
1403636640763555584.000000 2.415041685 3.304024220 5.948001385 -0.062772624 -0.005903675 0.048766974 -0.996818185
1403636640813555456.000000 2.420657158 3.314706564 5.970919609 -0.063145198 -0.004596018 0.049490880 -0.996765971
1403636640863555584.000000 2.426691294 3.325128794 5.992785931 -0.063476264 -0.002800758 0.050198957 -0.996716142
1403636640913555456.000000 2.434636116 3.335115433 6.014135838 -0.063774221 -0.001957497 0.050407682 -0.996688604
1403636640963555584.000000 2.444415331 3.344725847 6.034462929 -0.063615307 -0.001399104 0.050840423 -0.996677697
1403636641013555456.000000 2.454039097 3.354073286 6.053290367 -0.063379467 -0.001947790 0.051126704 -0.996677160
1403636641063555584.000000 2.462460279 3.362852573 6.072315216 -0.063424699 -0.003086753 0.050175544 -0.996719778
1403636641113555456.000000 2.468947172 3.371258974 6.091559410 -0.062939927 -0.003688488 0.050426047 -0.996735811
1403636641163555584.000000 2.471726894 3.370809317 6.107547760 0.062104069 0.003988720 -0.050529353 0.996781826
1403636641213555456.000000 2.474908590 3.378961802 6.127471447 -0.061644338 -0.004957141 0.050326977 -0.996816278
1403636641263555584.000000 2.476431847 3.386745691 6.147517204 -0.062014524 -0.005925401 0.048731375 -0.996867299
1403636641313555456.000000 2.475944757 3.394466400 6.167603970 -0.062706165 -0.005500646 0.045173395 -0.996994019
1403636641363555584.000000 2.474128723 3.402216434 6.187560558 -0.063823745 -0.004953563 0.040848568 -0.997112513
1403636641413555456.000000 2.471301556 3.410145283 6.207602501 -0.064999111 -0.004642196 0.037131716 -0.997183442
1403636641463555584.000000 2.467761278 3.418508053 6.227631092 -0.064947069 -0.004865606 0.036410730 -0.997212410
1403636641513555456.000000 2.464228630 3.427276850 6.246689796 -0.064132705 -0.005429774 0.037690122 -0.997214675
1403636641563555584.000000 2.460911274 3.436295509 6.264005184 -0.063447461 -0.005304856 0.039593834 -0.997185409
1403636641613555456.000000 2.465514421 3.441478014 6.272339344 0.062137011 0.005987151 -0.041249696 0.997196913
1403636641663555584.000000 2.465218782 3.450260878 6.288135529 0.061294094 0.005711998 -0.042818803 0.997184575
1403636641713555456.000000 2.465818644 3.459409475 6.302558899 -0.060697395 -0.006703268 0.044010211 -0.997163057
1403636641763555584.000000 2.468948364 3.468201160 6.315704823 -0.059987072 -0.006252740 0.044611596 -0.997182190
1403636641813555456.000000 2.474192619 3.476505756 6.328116417 -0.059867717 -0.007265470 0.044882964 -0.997170329
1403636641863555584.000000 2.481016874 3.484364986 6.341009140 -0.059666414 -0.008246587 0.045050558 -0.997167230
1403636641913555456.000000 2.489398241 3.492050648 6.353736877 -0.058484659 -0.008677730 0.044564974 -0.997255385
1403636641963555584.000000 2.499542713 3.499631643 6.365547180 -0.056053009 -0.009259218 0.042835295 -0.997465611
1403636642013555456.000000 2.511376858 3.507201672 6.375760078 -0.052097797 -0.010815607 0.041507464 -0.997720420
1403636642063555584.000000 2.539641619 3.512495279 6.367461205 0.047474202 0.010642114 -0.039452657 0.998036325
1403636642113555456.000000 2.552596092 3.519812822 6.376311302 0.042912953 0.011586285 -0.038552891 0.998267531
1403636642163555584.000000 2.562048912 3.527397156 6.388831139 -0.038941350 -0.012217468 0.037710063 -0.998454988
1403636642213555456.000000 2.570630312 3.534551382 6.399463177 -0.035815641 -0.013193422 0.036358584 -0.998609722
1403636642263555584.000000 2.577597380 3.541434765 6.410126209 -0.032844484 -0.013708556 0.034814943 -0.998759866
1403636642313555456.000000 2.582661390 3.548310280 6.420752048 -0.029291272 -0.014225513 0.032818988 -0.998930752
1403636642363555584.000000 2.585555077 3.555498600 6.431194305 -0.024423363 -0.014936257 0.030856399 -0.999113798
1403636642413555456.000000 2.586980581 3.562595367 6.441556454 -0.020161532 -0.016082305 0.028624011 -0.999257565
1403636642463555584.000000 2.586605787 3.569682837 6.451745033 -0.016212057 -0.016119670 0.027149586 -0.999369919
1403636642513555456.000000 2.584673882 3.576483727 6.461112499 -0.013082615 -0.015008675 0.025598152 -0.999474049
1403636642563555584.000000 2.587672472 3.586522341 6.449899197 0.010061613 0.011087410 -0.025189970 0.999570608
1403636642613555456.000000 2.583103180 3.592640638 6.456939220 0.008085961 0.007098530 -0.023656843 0.999662280
1403636642663555584.000000 2.576365471 3.599752188 6.468254089 -0.006250730 -0.002737098 0.022581486 -0.999721706
1403636642713555456.000000 2.569576263 3.606223583 6.477784634 -0.004528544 0.001214362 0.022000764 -0.999746978
1403636642763555584.000000 2.563527822 3.612544298 6.487430573 -0.003631812 0.004843412 0.021380609 -0.999753058
1403636642813555456.000000 2.560029268 3.618617773 6.496579170 -0.002939800 0.007640752 0.020450046 -0.999757409
1403636642863555584.000000 2.558614016 3.624405622 6.504199505 -0.002646111 0.009365336 0.019549415 -0.999761522
1403636642913555456.000000 2.559270859 3.630199432 6.512059689 -0.002574296 0.011243616 0.019336244 -0.999746501
1403636642963555584.000000 2.561603308 3.636099815 6.518642426 -0.002518302 0.011924314 0.018570689 -0.999753296
1403636643013555456.000000 2.566362619 3.642275810 6.524598598 -0.002747159 0.011271066 0.018190028 -0.999767244
1403636643063555584.000000 2.570574999 3.653199673 6.521422386 0.003228005 -0.007532205 -0.018136708 0.999801993
1403636643113555456.000000 2.577010155 3.660189152 6.528154373 0.003555112 -0.003135068 -0.017727854 0.999831617
1403636643163555584.000000 2.582107544 3.666818619 6.536923885 -0.004130263 -0.000123553 0.017035818 -0.999846399
1403636643213555456.000000 2.585716009 3.674153566 6.545474529 -0.004367361 -0.002666857 0.016628439 -0.999848664
1403636643263555584.000000 2.587635279 3.681685686 6.554380894 -0.004731445 -0.003657509 0.016560450 -0.999845088
1403636643313555456.000000 2.588350773 3.689599991 6.563436508 -0.004830391 -0.003253919 0.016940493 -0.999839604
1403636643363555584.000000 2.588776827 3.697811127 6.572478294 -0.004946500 -0.001196408 0.017345427 -0.999836683
1403636643413555456.000000 2.591047287 3.706204891 6.581621170 -0.005377185 0.001244063 0.016810168 -0.999843538
1403636643463555584.000000 2.595587254 3.714709997 6.590954781 -0.005989106 0.004968597 0.016139753 -0.999839544
1403636643513555456.000000 2.601613522 3.723469734 6.601230621 -0.006389259 0.008969988 0.016349856 -0.999805689
1403636643563555584.000000 2.614832163 3.729625940 6.612792015 0.006789903 -0.012942998 -0.016776230 0.999752462
1403636643613555456.000000 2.624653578 3.738472939 6.623784542 0.006691069 -0.016751504 -0.017652320 0.999681473
1403636643663555584.000000 2.636844397 3.748370886 6.634911060 -0.007518280 0.020008700 0.018568451 -0.999599099
1403636643713555456.000000 2.650711060 3.757941246 6.645936966 -0.007955066 0.022996524 0.019472485 -0.999514282
1403636643763555584.000000 2.665998220 3.767522573 6.656812668 -0.008134816 0.024558268 0.020254685 -0.999460161
1403636643813555456.000000 2.681037664 3.777212143 6.668563366 -0.007972446 0.027509041 0.021808488 -0.999351859
1403636643863555584.000000 2.694693327 3.783341408 6.672037125 0.007977908 -0.030305998 -0.021991830 0.999266863
1403636643913555456.000000 2.708360672 3.792995691 6.686586380 0.008080265 -0.032249864 -0.022606358 0.999191523
1403636643963555584.000000 2.721000195 3.803136826 6.703076839 -0.007925984 0.034282237 0.023517283 -0.999104083
1403636644013555456.000000 2.732840538 3.813115358 6.721431255 -0.007638203 0.035186626 0.024189083 -0.999058843
1403636644063555584.000000 2.743858814 3.822881222 6.741431713 -0.007857802 0.035947796 0.024207463 -0.999029577
1403636644113555456.000000 2.754057169 3.832530975 6.763134003 -0.007627773 0.036900371 0.024430305 -0.998991191
1403636644163555584.000000 2.764020205 3.841984987 6.786611557 -0.007684401 0.035547979 0.024728715 -0.999032438
1403636644213555456.000000 2.773729086 3.850958824 6.811596870 -0.008600709 0.030156873 0.022352766 -0.999258220
1403636644263555584.000000 2.783010483 3.859817743 6.838167191 -0.010494458 0.022990571 0.016839078 -0.999538839
1403636644313555456.000000 2.788548946 3.867272615 6.864223003 0.012552748 -0.014564130 -0.010404124 0.999760985
1403636644363555584.000000 2.795408249 3.877022028 6.892991543 0.014343378 -0.006954405 -0.004588219 0.999862492
1403636644413555456.000000 2.801505566 3.888127565 6.922924995 -0.015765464 0.001049235 0.000901184 -0.999874771
1403636644463555584.000000 2.805467367 3.900328159 6.953200817 -0.016610537 -0.004076289 -0.001924838 -0.999851882
1403636644513555456.000000 2.807476997 3.913682938 6.983754635 -0.018481934 -0.008772137 -0.006889741 -0.999767005
1403636644563555584.000000 2.807282209 3.928594112 7.014638901 -0.020134619 -0.011301457 -0.010694056 -0.999676228
1403636644613555456.000000 2.805468798 3.945219994 7.045445919 -0.020353505 -0.012843166 -0.011942500 -0.999639094
1403636644663555584.000000 2.794512510 3.965864897 7.081642151 0.018882344 0.014161976 0.007902687 0.999690235
1403636644713555456.000000 2.789411068 3.985823393 7.111964226 0.016211174 0.014969699 0.000871085 0.999756157
1403636644763555584.000000 2.782619238 4.007055283 7.141500473 -0.012881443 -0.014417828 0.008161313 -0.999779761
1403636644813555456.000000 2.774321079 4.029055119 7.170903683 -0.009308351 -0.014587292 0.016554400 -0.999713302
1403636644863555584.000000 2.764406681 4.051251411 7.199944019 -0.006368969 -0.012588565 0.022499295 -0.999647379
1403636644913555456.000000 2.750156641 4.072875977 7.233713627 0.004743237 0.009957185 -0.024302047 0.999643922
1403636644963555584.000000 2.741301060 4.094297409 7.260889053 0.004135119 0.006853229 -0.024262588 0.999673605
1403636645013555456.000000 2.733515501 4.115054131 7.285721779 -0.003417395 0.000576967 0.024349550 -0.999697506
1403636645063555584.000000 2.727077961 4.135486126 7.309967995 -0.003165724 0.012100006 0.022188997 -0.999675572
1403636645113555456.000000 2.716840267 4.158011436 7.343566895 0.003006295 -0.023437295 -0.020170523 0.999517322
1403636645163555584.000000 2.714143276 4.178409576 7.365173817 0.002039855 -0.033975609 -0.021129252 0.999197245
1403636645213555456.000000 2.713983059 4.198594093 7.388932705 -0.001926558 0.042859755 0.019421939 -0.998890519
1403636645263555584.000000 2.718123436 4.218565941 7.414012909 -0.001427693 0.047738325 0.019866170 -0.998661280
1403636645313555456.000000 2.724616051 4.238221169 7.440181255 -0.001450151 0.047135953 0.019638414 -0.998694420
1403636645363555584.000000 2.733121157 4.257838249 7.468152046 -0.001232159 0.042713840 0.020154526 -0.998883307
1403636645413555456.000000 2.742395639 4.277314663 7.498093128 -0.000722995 0.037569232 0.020762363 -0.999078095
1403636645463555584.000000 2.748350382 4.297003746 7.550401211 0.000423347 -0.033097893 -0.020401679 0.999243796
1403636645513555456.000000 2.756476402 4.316367626 7.584553242 0.000297866 -0.029876556 -0.020794272 0.999337316
1403636645563555584.000000 2.762481928 4.334980011 7.621912479 0.000107815 0.028527884 0.021130906 -0.999369681
1403636645613555456.000000 2.768376827 4.353791714 7.660303593 0.000550717 0.026373226 0.021255506 -0.999426007
1403636645663555584.000000 2.774252653 4.372452736 7.699995041 0.000658725 0.024892718 0.022217652 -0.999443054
1403636645713555456.000000 2.781454086 4.390900612 7.740411758 0.000827460 0.023553442 0.022533067 -0.999468267
1403636645763555584.000000 2.790674686 4.408843994 7.781957150 0.000262219 0.022491952 0.021879144 -0.999507606
1403636645813555456.000000 2.805749178 4.427147388 7.834479332 0.000218656 -0.022219280 -0.020814782 0.999536455
1403636645863555584.000000 2.821225643 4.444427013 7.876172543 0.000218503 -0.023059923 -0.020214045 0.999529719
1403636645913555456.000000 2.840680599 4.460990906 7.917016506 -0.000830371 0.023535065 0.018959204 -0.999542892
1403636645963555584.000000 2.863407612 4.477756500 7.958266735 0.000048850 0.018875271 0.017087160 -0.999675810
1403636646013555456.000000 2.887785673 4.494791985 7.999096870 0.002310609 0.014430451 0.014044433 -0.999794602
1403636646063555584.000000 2.911486387 4.512359619 8.041835785 -0.005678960 -0.010731362 -0.008725800 0.999888241
1403636646113555456.000000 2.937227249 4.530684948 8.081392288 -0.011563607 -0.007170245 -0.003487659 0.999901414
1403636646163555584.000000 2.962021589 4.549569130 8.121581078 0.019784207 0.003517511 -0.002072095 -0.999795914
1403636646213555456.000000 2.991714478 4.571470737 8.167103767 -0.028690321 -0.000074836 0.009174092 0.999546349
1403636646263555584.000000 3.014432430 4.592463017 8.208115578 -0.039604083 0.003681088 0.016238987 0.999076724
1403636646313555456.000000 3.036080599 4.615103722 8.250140190 0.051612567 -0.008478247 -0.023432253 -0.998356342
1403636646363555584.000000 3.057845592 4.638146400 8.291930199 -0.063913301 0.013229176 0.030913992 0.997388840
1403636646413555456.000000 3.074642181 4.662750721 8.331888199 -0.078217469 0.017011434 0.034754831 0.996185124
1403636646463555584.000000 3.096707821 4.687862873 8.370529175 -0.091541536 0.022238277 0.035942778 0.994903862
1403636646513555456.000000 3.112757683 4.713245869 8.408652306 0.103702471 -0.026928242 -0.035167046 -0.993621647
1403636646563555584.000000 3.128126383 4.738796234 8.444789886 0.114252284 -0.029852042 -0.034969158 -0.992387235
1403636646613555456.000000 3.150053263 4.765114307 8.476983070 -0.122222096 0.029893424 0.035755541 0.991407931
1403636646663555584.000000 3.167419672 4.790759087 8.510011673 0.129859492 -0.027531546 -0.034789134 -0.990539432
1403636646713555456.000000 3.186440945 4.815913677 8.541091919 0.135554388 -0.025576461 -0.035820864 -0.989791811
1403636646763555584.000000 3.207257748 4.840623856 8.570311546 0.140121520 -0.024717389 -0.036726624 -0.989144206
1403636646813555456.000000 3.229884148 4.864856243 8.597739220 0.143684104 -0.024933664 -0.036940731 -0.988619566
1403636646863555584.000000 3.263312578 4.890853882 8.617786407 -0.146678701 0.024923531 0.037235465 0.988168895
1403636646913555456.000000 3.286869526 4.914072990 8.642096519 -0.148016170 0.024125321 0.038119670 0.987955570
1403636646963555584.000000 3.311280012 4.937077522 8.665813446 0.149458691 -0.022534806 -0.038475044 -0.987762153
1403636647013555456.000000 3.333186626 4.959761143 8.689137459 0.150499180 -0.020907871 -0.038492922 -0.987639189
1403636647063555584.000000 3.353371382 4.982201099 8.712415695 0.150877938 -0.018480839 -0.038128927 -0.987643957
1403636647113555456.000000 3.371529818 5.004724026 8.735400200 0.151217118 -0.014446291 -0.038259879 -0.987654269
1403636647163555584.000000 3.392695427 5.031746864 8.750694275 -0.150500312 0.011120721 0.038637605 0.987792134
1403636647213555456.000000 3.408737659 5.054358482 8.773908615 -0.150485352 0.009035210 0.038024709 0.987839401
1403636647263555584.000000 3.424805880 5.077173233 8.796979904 0.149653986 -0.009107939 -0.038475253 -0.987947583
1403636647313555456.000000 3.439169168 5.099832058 8.820494652 0.148303285 -0.010270013 -0.039444834 -0.988101661
1403636647363555584.000000 3.452507734 5.122690678 8.844170570 0.147138596 -0.012023754 -0.040050752 -0.988231599
1403636647413555456.000000 3.464423180 5.145665646 8.867828369 0.146073014 -0.013931217 -0.040427458 -0.988349319
1403636647463555584.000000 3.475011110 5.168706417 8.891146660 0.144482210 -0.016067915 -0.041352060 -0.988512397
1403636647513555456.000000 3.483219147 5.195661545 8.903635025 -0.142288387 0.019288013 0.041917581 0.988749206
1403636647563555584.000000 3.492602348 5.219048500 8.925345421 -0.140288591 0.023690138 0.043287829 0.988880277
1403636647613555456.000000 3.502451181 5.243474960 8.945294380 0.138424113 -0.029193260 -0.045672361 -0.988888621
1403636647663555584.000000 3.512841463 5.268373489 8.964158058 0.139159232 -0.030238893 -0.046138484 -0.988732338
1403636647713555456.000000 3.524180651 5.293876648 8.982188225 0.140375033 -0.029063394 -0.045439184 -0.988628149
1403636647763555584.000000 3.536598206 5.320019722 8.999116898 0.141898766 -0.026596973 -0.044537108 -0.988521039
1403636647813555456.000000 3.549383879 5.346404552 9.014735222 0.144153357 -0.025323942 -0.043078903 -0.988292933
1403636647863555584.000000 3.560281038 5.373102188 9.029501915 0.147282794 -0.023308275 -0.043520596 -0.987861574
1403636647913555456.000000 3.567188740 5.398960590 9.030034065 -0.151591524 0.022905301 0.044261657 0.987186074
1403636647963555584.000000 3.573548079 5.425891399 9.043286324 -0.157421276 0.023030920 0.046153191 0.986183584
1403636648013555456.000000 3.577034473 5.454149246 9.056415558 0.165296778 -0.022583338 -0.048257582 -0.984803677
1403636648063555584.000000 3.577842474 5.482217312 9.068577766 0.174704060 -0.022276865 -0.051427435 -0.983024657
1403636648113555456.000000 3.575223684 5.508975983 9.076438904 -0.185423255 0.022188112 0.055509374 0.980838776
1403636648163555584.000000 3.572288990 5.537414074 9.087799072 -0.197366774 0.022491563 0.059805505 0.978245258
1403636648213555456.000000 3.568212986 5.565723896 9.097556114 0.209409878 -0.023076167 -0.063812718 -0.975470662
1403636648263555584.000000 3.562619925 5.594265461 9.107162476 0.221926719 -0.023762390 -0.068741843 -0.972346902
1403636648313555456.000000 3.557240009 5.622900009 9.112874985 -0.234517932 0.023737064 0.074049525 0.968996763
1403636648363555584.000000 3.548943043 5.651010990 9.120927811 -0.247524202 0.024610698 0.078185953 0.965408266
1403636648413555456.000000 3.539123297 5.678524017 9.127291679 0.260706812 -0.024678178 -0.082618520 -0.961559772
1403636648463555584.000000 3.527860880 5.705800533 9.132958412 0.274130344 -0.024554184 -0.087634720 -0.957376599
1403636648513555456.000000 3.516322613 5.732809544 9.137952805 0.286943555 -0.024905318 -0.092532486 -0.953142643
1403636648563555584.000000 3.506246328 5.759408474 9.141777992 0.298246771 -0.025449723 -0.096960478 -0.949210167
1403636648613555456.000000 3.496571302 5.784793377 9.143638611 0.308191478 -0.025583791 -0.100198485 -0.945686996
1403636648663555584.000000 3.491551161 5.810988426 9.145137787 -0.316492856 0.023933640 0.102670953 0.942718565
1403636648713555456.000000 3.484007835 5.834779263 9.144105911 -0.323916227 0.020918442 0.104036056 0.940115511
1403636648763555584.000000 3.477914333 5.857783794 9.142039299 0.329390496 -0.017709497 -0.106437251 -0.938008249
1403636648813555456.000000 3.473003149 5.880601406 9.139678001 0.333055466 -0.010585668 -0.109734222 -0.936440349
1403636648863555584.000000 3.470696211 5.903318882 9.136536598 0.335548788 -0.004042216 -0.113158286 -0.935193062
1403636648913555456.000000 3.470687866 5.926031113 9.132963181 0.337669522 0.002808992 -0.114806481 -0.934232831
1403636648963555584.000000 3.473450661 5.949069023 9.129179001 0.338751584 0.007292052 -0.116099574 -0.933656812
1403636649013555456.000000 3.485813141 5.981074333 9.130609512 -0.339947402 -0.008708006 0.115578346 0.933274686
1403636649063555584.000000 3.494252920 6.005444050 9.126951218 -0.340878576 -0.005645149 0.113854319 0.933170497
1403636649113555456.000000 3.505828857 6.030841827 9.124332428 0.341628850 -0.000814023 -0.110699542 -0.933292389
1403636649163555584.000000 3.519018650 6.055815220 9.121196747 0.341907769 -0.008534166 -0.108210608 -0.933443487
1403636649213555456.000000 3.533285618 6.080562592 9.117706299 0.342204094 -0.014841140 -0.104760446 -0.933649540
1403636649263555584.000000 3.548786879 6.104897022 9.113576889 0.341894805 -0.019866664 -0.102166861 -0.933956802
1403636649313555456.000000 3.565063477 6.128359318 9.108404160 0.341071099 -0.021381503 -0.100884862 -0.934363782
1403636649363555584.000000 3.582232714 6.151126385 9.102367401 0.339741856 -0.020266803 -0.100271210 -0.934938729
1403636649413555456.000000 3.600604534 6.173166275 9.095353127 0.338104218 -0.017966233 -0.100437224 -0.935561419
1403636649463555584.000000 3.620177269 6.194714546 9.087643623 0.336161584 -0.014264978 -0.100589842 -0.936308503
1403636649513555456.000000 3.645367146 6.226687908 9.083778381 -0.334076166 0.014055217 0.100239724 0.937095344
1403636649563555584.000000 3.668948889 6.247304916 9.074298859 -0.332158089 0.016939633 0.099721588 0.937784493
1403636649613555456.000000 3.694113255 6.268716812 9.064124107 0.331085235 -0.020304302 -0.100371584 -0.938027620
1403636649663555584.000000 3.718127728 6.289185524 9.053234100 0.331680268 -0.024831399 -0.101681836 -0.937567294
1403636649713555456.000000 3.739666462 6.309141159 9.041660309 0.334031999 -0.027459282 -0.103798956 -0.936426461
1403636649763555584.000000 3.759322643 6.328906536 9.029820442 0.338159412 -0.029155653 -0.104313262 -0.934835315
1403636649813555456.000000 3.776973009 6.348306656 9.018007278 0.341991156 -0.029915528 -0.104463585 -0.933399379
1403636649863555584.000000 3.792712212 6.367067814 9.006138802 0.345774531 -0.031089097 -0.104324810 -0.931981623
1403636649913555456.000000 3.807016134 6.389555931 9.003751755 -0.349208057 0.031608101 0.104522541 0.930660903
1403636649963555584.000000 3.818356037 6.407810688 8.992692947 -0.352337211 0.031757493 0.104241826 0.929507256
1403636650013555456.000000 3.826507330 6.425438881 8.982430458 0.355070740 -0.031466417 -0.104217023 -0.928479195
1403636650063555584.000000 3.831964493 6.442489147 8.972057343 0.357520401 -0.032330208 -0.104920320 -0.927429676
1403636650113555456.000000 3.834531307 6.458640099 8.961140633 0.361286044 -0.032879833 -0.106437631 -0.925776660
1403636650163555584.000000 3.834733248 6.474366188 8.949658394 0.366860271 -0.033512112 -0.108344629 -0.923337460
1403636650213555456.000000 3.832240582 6.489215851 8.937181473 0.374704421 -0.032889362 -0.110620901 -0.919933736
1403636650263555584.000000 3.828697681 6.505789757 8.933431625 -0.384304762 0.032561637 0.114206113 0.915536284
1403636650313555456.000000 3.822556257 6.519619465 8.920600891 -0.394309789 0.032323644 0.119102851 0.910653412
1403636650363555584.000000 3.814799309 6.533187389 8.908020020 0.405517638 -0.031078786 -0.124166057 -0.905081451
1403636650413555456.000000 3.805996895 6.546013355 8.894533157 0.417121589 -0.029297968 -0.128928155 -0.899182320
1403636650463555584.000000 3.795775652 6.559808254 8.886409760 -0.428928703 0.026698215 0.134310111 0.892898798
1403636650513555456.000000 3.784372330 6.570425510 8.872035980 -0.440055788 0.023787204 0.139698043 0.886718452
1403636650563555584.000000 3.772234440 6.580633163 8.858562469 0.449409693 -0.021015085 -0.145343289 -0.881172359
1403636650613555456.000000 3.759311438 6.590048790 8.845065117 0.457418412 -0.018882627 -0.149432227 -0.876402795
1403636650663555584.000000 3.745809317 6.599129677 8.832010269 0.463995457 -0.017572833 -0.152877197 -0.872369230
1403636650713555456.000000 3.732283592 6.607921600 8.818976402 0.470206618 -0.015945362 -0.154988661 -0.868694425
1403636650763555584.000000 3.720057011 6.616044521 8.805524826 0.475010395 -0.015812470 -0.157390371 -0.865646303
1403636650813555456.000000 3.709957123 6.623924255 8.791646957 0.479114681 -0.016487472 -0.158510968 -0.863163710
1403636650863555584.000000 3.702949286 6.631792545 8.777128220 0.482770115 -0.018399892 -0.158050671 -0.861170411
1403636650913555456.000000 3.696362972 6.648276329 8.773973465 -0.486164331 0.021768024 0.156301886 0.859499991
1403636650963555584.000000 3.692656994 6.655186653 8.758516312 -0.488122851 0.025215920 0.155034125 0.858524740
1403636651013555456.000000 3.690708399 6.662158489 8.742685318 0.489778578 -0.027752863 -0.153176337 -0.857836664
1403636651063555584.000000 3.690158367 6.668351173 8.726329803 0.490462422 -0.029164717 -0.152058691 -0.857597947
1403636651113555456.000000 3.690762997 6.673585892 8.709384918 0.490344286 -0.030722877 -0.151393801 -0.857728720
1403636651163555584.000000 3.692502499 6.678262711 8.691861153 0.490141839 -0.030317742 -0.151118487 -0.857907414
1403636651213555456.000000 3.695204973 6.681674957 8.673631668 0.488894850 -0.028681474 -0.151880711 -0.858540356
1403636651263555584.000000 3.698976517 6.684148788 8.654587746 0.487795740 -0.026362438 -0.152564332 -0.859118402
1403636651313555456.000000 3.703586340 6.686120987 8.635246277 0.486230254 -0.023585605 -0.153394923 -0.859938323
1403636651363555584.000000 3.707931995 6.687799454 8.616212845 0.484370172 -0.021083977 -0.154798672 -0.860801101
1403636651413555456.000000 3.708036661 6.696177483 8.606032372 -0.483048648 0.019612687 0.154826656 0.861573040
1403636651463555584.000000 3.709431171 6.697638035 8.588147163 -0.481241435 0.018751249 0.155076206 0.862558126
1403636651513555456.000000 3.709011316 6.698636055 8.570542336 0.479979843 -0.019175038 -0.153993979 -0.863445222
1403636651563555584.000000 3.707273483 6.699590683 8.553653717 0.478636026 -0.021825476 -0.152895659 -0.864322960
1403636651613555456.000000 3.704377651 6.700338840 8.537166595 0.477835238 -0.025073130 -0.150484055 -0.865100801
1403636651663555584.000000 3.700075150 6.700595856 8.520967484 0.476883322 -0.028470565 -0.149091274 -0.865761817
1403636651713555456.000000 3.694205284 6.700121403 8.504814148 0.475912392 -0.031214902 -0.149354979 -0.866155982
1403636651763555584.000000 3.686950684 6.699316025 8.488418579 0.475908309 -0.034401607 -0.151455417 -0.865672588
1403636651813555456.000000 3.678460598 6.698135376 8.471588135 0.476961404 -0.038222179 -0.155624062 -0.864192188
1403636651863555584.000000 3.669160366 6.701240540 8.456495285 -0.479650766 0.042269371 0.159408346 0.861822188
1403636651913555456.000000 3.657125473 6.698903084 8.437730789 -0.484590441 0.044876546 0.163621441 0.858129501
1403636651963555584.000000 3.642744064 6.695895195 8.417555809 0.491324961 -0.047146093 -0.167553291 -0.853406668
1403636652013555456.000000 3.627442598 6.693289757 8.396627426 0.500141621 -0.048553474 -0.170399949 -0.847623110
1403636652063555584.000000 3.609902382 6.690473557 8.374670982 0.510849476 -0.047014501 -0.173699215 -0.840625405
1403636652113555456.000000 3.594742298 6.689581871 8.353460312 -0.523325503 0.043289382 0.176109716 0.832611501
1403636652163555584.000000 3.575055122 6.685590744 8.329589844 0.537108541 -0.039136957 -0.179321468 -0.823302209
1403636652213555456.000000 3.553754568 6.680860519 8.305279732 0.551598668 -0.034421600 -0.184370905 -0.812749386
1403636652263555584.000000 3.541512489 6.681899548 8.283046722 -0.565481484 0.030045295 0.190600753 0.801872373
1403636652313555456.000000 3.515973091 6.672679901 8.258295059 0.579027593 -0.024247844 -0.198695168 -0.790354013
1403636652363555584.000000 3.489143848 6.663259029 8.233910561 0.591569901 -0.019542025 -0.206811845 -0.779032767
1403636652413555456.000000 3.468373060 6.658982754 8.209466934 -0.602739036 0.016108865 0.213366091 0.768713951
1403636652463555584.000000 3.442867279 6.650550365 8.185733795 -0.611842155 0.014330831 0.219286114 0.759840429
1403636652513555456.000000 3.419681072 6.643749714 8.161546707 0.619163632 -0.012375624 -0.224954024 -0.752249300
1403636652563555584.000000 3.397927999 6.636870384 8.137114525 0.625231743 -0.009841079 -0.230618283 -0.745522380
1403636652613555456.000000 3.388207674 6.639385223 8.113750458 -0.629728258 0.006361558 0.235590979 0.740201831
1403636652663555584.000000 3.371527910 6.635174274 8.087875366 0.633396924 -0.002084627 -0.239379272 -0.735867977
1403636652713555456.000000 3.357752562 6.631976128 8.061012268 0.636970580 0.001324211 -0.240196168 -0.732511163
1403636652763555584.000000 3.346680403 6.629999161 8.033885956 0.638719976 0.001989517 -0.242186144 -0.730327904
1403636652813555456.000000 3.337882996 6.629517555 8.006080627 0.640522301 0.002495161 -0.242101327 -0.728774309
1403636652863555584.000000 3.331010580 6.630889893 7.978057384 0.641628623 0.001477471 -0.242052391 -0.727819502
1403636652913555456.000000 3.326513052 6.633603096 7.949655056 0.642592192 0.000201646 -0.240184620 -0.727589607
1403636652963555584.000000 3.323764801 6.637450695 7.921007156 0.643353045 -0.001028607 -0.237721160 -0.727725625
1403636653013555456.000000 3.320849180 6.642707825 7.892821789 0.643685043 -0.002465258 -0.235674307 -0.728094161
1403636653063555584.000000 3.315501928 6.649192810 7.866020679 0.644037962 -0.003473617 -0.232305124 -0.728860438
1403636653113555456.000000 3.320586920 6.675363541 7.847199917 -0.643904209 0.005650274 0.229888707 0.729730606
1403636653163555584.000000 3.309752464 6.685934544 7.823669910 0.643943429 -0.008267534 -0.226076856 -0.730861008
1403636653213555456.000000 3.298126698 6.697007179 7.800863743 0.644080341 -0.012188283 -0.221364141 -0.732127011
1403636653263555584.000000 3.287241936 6.708299160 7.778174400 0.643974721 -0.016529510 -0.216577932 -0.733564913
1403636653313555456.000000 3.277468443 6.719279289 7.755417824 0.643848658 -0.019280456 -0.211732715 -0.735021412
1403636653363555584.000000 3.269307613 6.730079651 7.732699394 0.642794788 -0.021054910 -0.208982408 -0.736680448
1403636653413555456.000000 3.263261318 6.740052700 7.709752560 0.641448975 -0.021697771 -0.207168549 -0.738345265
1403636653463555584.000000 3.255026340 6.751355171 7.692128658 -0.639943719 0.021555953 0.206615627 0.739809096
1403636653513555456.000000 3.253767967 6.760476589 7.668383598 0.638311028 -0.021093745 -0.205982924 -0.741407514
1403636653563555584.000000 3.253931046 6.768611908 7.644464493 0.636521161 -0.020801632 -0.206148028 -0.742907166
1403636653613555456.000000 3.256190538 6.776730061 7.620120049 0.635466456 -0.022450799 -0.205276757 -0.744002640
1403636653663555584.000000 3.258964062 6.784448624 7.595905781 0.634679079 -0.024193972 -0.203273043 -0.745169222
1403636653713555456.000000 3.260761499 6.791524410 7.572256565 0.634365857 -0.025815381 -0.201073229 -0.745977998
1403636653763555584.000000 3.261161804 6.797898293 7.549527645 0.634083807 -0.027871927 -0.199553341 -0.746551752
1403636653813555456.000000 3.259808064 6.803421974 7.527865410 0.633832157 -0.028522994 -0.197914407 -0.747176826
1403636653863555584.000000 3.256848335 6.808125496 7.506938934 0.634006798 -0.029155679 -0.196461186 -0.747387767
1403636653913555456.000000 3.252042532 6.811732769 7.487183094 0.633853912 -0.029239064 -0.196151078 -0.747595549
1403636653963555584.000000 3.222096443 6.804587841 7.483213902 -0.633108854 0.029847816 0.197817937 0.747763574
1403636654013555456.000000 3.213577747 6.806611061 7.465448380 -0.632026553 0.029796248 0.200783387 0.747890890
1403636654063555584.000000 3.203818798 6.807384491 7.447791576 0.631111801 -0.030453175 -0.203153819 -0.747996747
1403636654113555456.000000 3.193176746 6.807849884 7.430514336 0.631517172 -0.031367943 -0.204536423 -0.747239590
1403636654163555584.000000 3.183269978 6.807670116 7.412657261 0.633316457 -0.033120394 -0.205465928 -0.745383859
1403636654213555456.000000 3.174775600 6.807093620 7.393968582 0.636377096 -0.033985261 -0.206158057 -0.742541671
1403636654263555584.000000 3.155201912 6.797670841 7.380591869 -0.640618086 0.032836340 0.206626996 0.738806903
1403636654313555456.000000 3.149388552 6.795029640 7.359996319 -0.645430684 0.031431474 0.208214328 0.734219491
1403636654363555584.000000 3.144355536 6.791102409 7.338853836 0.650534272 -0.029691519 -0.210963547 -0.728984177
1403636654413555456.000000 3.141647816 6.787032127 7.316817284 0.656501651 -0.027473615 -0.213960573 -0.722822070
1403636654463555584.000000 3.135583401 6.778368950 7.297147751 -0.662757933 0.026213082 0.217197180 0.716163635
1403636654513555456.000000 3.135965824 6.772638798 7.274262428 0.669987500 -0.024798995 -0.219546989 -0.708731890
1403636654563555584.000000 3.137660503 6.766352177 7.251082897 0.677358150 -0.023549877 -0.222340286 -0.700853944
1403636654613555456.000000 3.139578819 6.759702206 7.228495121 0.682884693 -0.022339286 -0.227055714 -0.693985045
1403636654663555584.000000 3.140723467 6.753054619 7.206824780 0.686997712 -0.022349004 -0.233117893 -0.687888622
1403636654713555456.000000 3.159190893 6.758009911 7.196810722 0.691420138 -0.020692533 -0.237598166 -0.681950986
1403636654763555584.000000 3.157147408 6.750880241 7.177153587 0.694807589 -0.019593442 -0.240714237 -0.677432835
1403636654813555456.000000 3.153627872 6.744060040 7.158225536 0.698303401 -0.018548414 -0.242426783 -0.673244119
1403636654863555584.000000 3.148392200 6.737516403 7.140264034 0.701162636 -0.017471462 -0.243790701 -0.669799864
1403636654913555456.000000 3.144234657 6.727993965 7.123509884 0.703907430 -0.017468605 -0.244079828 -0.666809082
1403636654963555584.000000 3.136232853 6.721673965 7.106938362 0.707124829 -0.019212671 -0.241247818 -0.664383113
1403636655013555456.000000 3.127058029 6.715283394 7.091225624 0.709912479 -0.022976849 -0.238070890 -0.662433922
1403636655063555584.000000 3.116844416 6.708735466 7.076283932 0.711998820 -0.026590135 -0.235389575 -0.661016226
1403636655113555456.000000 3.105834007 6.701711655 7.062059879 0.713546455 -0.029423051 -0.233489394 -0.659900367
1403636655163555584.000000 3.094369173 6.694011211 7.048360825 0.714988768 -0.031735871 -0.231179506 -0.659044743
1403636655213555456.000000 3.082661629 6.685557365 7.035180092 0.715507209 -0.034588106 -0.230185181 -0.658686638
1403636655263555584.000000 3.077723265 6.676183701 7.021806240 0.716859341 -0.037115674 -0.230135530 -0.657094300
1403636655313555456.000000 3.064895630 6.665033340 7.008634567 0.718849719 -0.038813595 -0.230216220 -0.654789388
1403636655363555584.000000 3.052173615 6.652276993 6.995588779 0.721237898 -0.041015357 -0.231397614 -0.651604831
1403636655413555456.000000 3.040008068 6.637842178 6.982598305 0.723541617 -0.043025155 -0.232677415 -0.648457885
1403636655463555584.000000 3.029470921 6.622334003 6.968814850 0.726644337 -0.043682415 -0.233159870 -0.644760728
1403636655513555456.000000 3.020729542 6.604862690 6.954239368 0.730131626 -0.043614138 -0.235038370 -0.640127063
1403636655563555584.000000 3.012674809 6.584526062 6.939715385 0.732950985 -0.041465353 -0.240069821 -0.635161340
1403636655613555456.000000 3.004182339 6.562497139 6.925210476 0.735798240 -0.037864141 -0.247237489 -0.629317880
1403636655663555584.000000 3.002002239 6.551676750 6.909946918 0.738352120 -0.035206325 -0.255117714 -0.623307109
1403636655713555456.000000 2.990532875 6.528721333 6.896712303 0.740314603 -0.032918219 -0.261946231 -0.618251503
1403636655763555584.000000 2.976142883 6.505879402 6.884013653 0.743174732 -0.030578921 -0.266869754 -0.612810612
1403636655813555456.000000 2.958327055 6.483155251 6.872063160 0.746697426 -0.029928572 -0.271233976 -0.606613159
1403636655863555584.000000 2.937242985 6.460299015 6.860549927 0.750831604 -0.029761078 -0.275673300 -0.599475205
1403636655913555456.000000 2.912619114 6.445470333 6.850162983 0.755986452 -0.030491594 -0.279704183 -0.591033280
1403636655963555584.000000 2.889689445 6.423285007 6.837663651 0.761518061 -0.031377990 -0.282610118 -0.582440674
1403636656013555456.000000 2.867836952 6.401083946 6.824232101 0.766225994 -0.032825898 -0.284720063 -0.575112879
1403636656063555584.000000 2.848113298 6.378684044 6.809131145 0.770953059 -0.033237901 -0.285779417 -0.568204880
1403636656113555456.000000 2.829825163 6.355786800 6.792883396 0.774874210 -0.031700317 -0.286616236 -0.562508941
1403636656163555584.000000 2.817248821 6.344008923 6.773849964 0.778085709 -0.030225029 -0.287347466 -0.557763815
1403636656213555456.000000 2.804366112 6.321155071 6.754436016 0.780820429 -0.026598666 -0.287799060 -0.553880632
1403636656263555584.000000 2.794258595 6.298357010 6.733722687 0.782575846 -0.025252320 -0.288674086 -0.551003397
1403636656313555456.000000 2.785967827 6.276035786 6.711829185 0.783739924 -0.023551015 -0.289795846 -0.548830986
1403636656363555584.000000 2.780241013 6.254512787 6.688706875 0.784381151 -0.023251953 -0.290945292 -0.547317505
1403636656413555456.000000 2.776398659 6.234149456 6.664261818 0.784725189 -0.022114079 -0.291371852 -0.546644151
1403636656463555584.000000 2.776666641 6.225895882 6.639326096 0.784925103 -0.022033533 -0.291788489 -0.546137929
1403636656513555456.000000 2.775599003 6.207562923 6.612615585 0.784939468 -0.020785097 -0.291485906 -0.546327770
1403636656563555584.000000 2.774808407 6.190614700 6.585276604 0.785257459 -0.020187363 -0.289717585 -0.546833575
1403636656613555456.000000 2.773259163 6.174188614 6.558022976 0.785584509 -0.020506836 -0.287348807 -0.547601223
1403636656663555584.000000 2.771157742 6.158581257 6.530810356 0.786375999 -0.022978894 -0.283343792 -0.548453391
1403636656713555456.000000 2.768222809 6.143475533 6.503550529 0.787759185 -0.027939718 -0.276908129 -0.549524128
1403636656763555584.000000 2.763653517 6.128320694 6.476725578 0.789041221 -0.032337070 -0.270702660 -0.550534606
1403636656813555456.000000 2.760077953 6.126246452 6.446822166 0.790320754 -0.033912584 -0.265547693 -0.551114857
1403636656863555584.000000 2.751851082 6.111075878 6.421428680 0.791012824 -0.034136247 -0.261397839 -0.552091062
1403636656913555456.000000 2.741736889 6.096666813 6.396418095 0.791287184 -0.035359867 -0.258139521 -0.553152978
1403636656963555584.000000 2.730202436 6.080913067 6.373184681 0.790983617 -0.036832720 -0.256439209 -0.554280758
1403636657013555456.000000 2.717016220 6.064280987 6.351142406 0.790415049 -0.039063387 -0.255657613 -0.555299282
1403636657063555584.000000 2.702279329 6.046749592 6.330175400 0.789750338 -0.041337010 -0.255402416 -0.556197166
1403636657113555456.000000 2.686441422 6.028315544 6.310244083 0.788858652 -0.043590114 -0.255886555 -0.557067335
1403636657163555584.000000 2.671217203 6.006234169 6.294495106 0.788067102 -0.046095502 -0.256727338 -0.557599008
1403636657213555456.000000 2.656682014 5.985424042 6.275053501 0.786880732 -0.047779072 -0.258494824 -0.558315694
1403636657263555584.000000 2.643207312 5.963654041 6.255292892 0.785570800 -0.047375247 -0.261547983 -0.558772624
1403636657313555456.000000 2.630967379 5.940534592 6.235221863 0.784637988 -0.046190184 -0.264031202 -0.559014618
1403636657363555584.000000 2.619806767 5.916668415 6.214566231 0.783458769 -0.045364987 -0.267611325 -0.559033692
1403636657413555456.000000 2.608487606 5.892193317 6.193830013 0.781705618 -0.044359773 -0.272946507 -0.558989048
1403636657463555584.000000 2.596217394 5.867049217 6.172968864 0.779917479 -0.042415418 -0.278292060 -0.559001982
1403636657513555456.000000 2.582792759 5.841611385 6.151904583 0.778275013 -0.041141488 -0.282981068 -0.559032381
1403636657563555584.000000 2.568479776 5.807095051 6.135530472 0.777588367 -0.039208777 -0.285686195 -0.558750868
1403636657613555456.000000 2.552950382 5.781364441 6.113982201 0.777320445 -0.038189232 -0.286806852 -0.558620095
1403636657663555584.000000 2.536402941 5.755785942 6.092096806 0.777242124 -0.037861928 -0.287125528 -0.558587730
1403636657713555456.000000 2.518893480 5.730327606 6.069792747 0.777559578 -0.038594279 -0.286871642 -0.558226049
1403636657763555584.000000 2.499989510 5.704996109 6.046996117 0.778338313 -0.039584126 -0.287397683 -0.556799054
1403636657813555456.000000 2.479606628 5.679512978 6.023978233 0.778831124 -0.040643230 -0.289074212 -0.555163383
1403636657863555584.000000 2.457910299 5.653944969 6.000695705 0.778415442 -0.042970262 -0.292699844 -0.553669453
1403636657913555456.000000 2.439705610 5.630185604 5.969246864 0.777468264 -0.044744577 -0.297379464 -0.552364528
1403636657963555584.000000 2.418651104 5.603841305 5.943531036 0.776985705 -0.045316856 -0.300738752 -0.551176727
1403636658013555456.000000 2.399233341 5.578275681 5.915145397 0.777429163 -0.044190921 -0.301586360 -0.550178826
1403636658063555584.000000 2.381607294 5.551856518 5.884713173 0.778316736 -0.040865611 -0.301475257 -0.549241066
1403636658113555456.000000 2.365647316 5.524629116 5.852586746 0.780449450 -0.036307894 -0.298011035 -0.548424959
1403636658163555584.000000 2.355173111 5.499426842 5.814555168 0.782068014 -0.031644661 -0.295880079 -0.547561228
1403636658213555456.000000 2.340536833 5.472657681 5.779612541 0.783695579 -0.028170004 -0.293548524 -0.546678185
1403636658263555584.000000 2.324937820 5.446311474 5.744499207 0.785384893 -0.023435824 -0.290640026 -0.546030939
1403636658313555456.000000 2.307926416 5.420583248 5.709894180 0.786330462 -0.020630592 -0.289360344 -0.545462608
1403636658363555584.000000 2.289745331 5.395481110 5.675711155 0.787120044 -0.018337039 -0.288537413 -0.544841349
1403636658413555456.000000 2.277105093 5.372930050 5.638855934 0.787562549 -0.016074009 -0.288435876 -0.544326723
1403636658463555584.000000 2.257975101 5.349705219 5.605070114 0.788321376 -0.013073175 -0.287448227 -0.543830931
1403636658513555456.000000 2.238442421 5.327291965 5.571646214 0.789106965 -0.009926029 -0.285979331 -0.543532431
1403636658563555584.000000 2.218776226 5.305871010 5.538496971 0.790354371 -0.006018145 -0.283352286 -0.543153107
1403636658613555456.000000 2.198819637 5.285597801 5.506089211 0.791265905 -0.003161749 -0.281207770 -0.542964637
1403636658663555584.000000 2.178678989 5.266282558 5.474577427 0.791870475 -0.001677602 -0.279880881 -0.542775273
1403636658713555456.000000 2.158283710 5.249495983 5.440618515 0.792601347 -0.000687769 -0.278103977 -0.542624056
1403636658763555584.000000 2.137837172 5.232763290 5.410985947 0.793766081 0.000411333 -0.275061190 -0.542472661
1403636658813555456.000000 2.117351294 5.217046261 5.382308006 0.795530021 0.001786420 -0.270418078 -0.542220354
1403636658863555584.000000 2.096837044 5.202395916 5.354964256 0.796935201 0.001420842 -0.266680956 -0.542008936
1403636658913555456.000000 2.076264620 5.188720703 5.329212666 0.797674298 -0.002302282 -0.264726639 -0.541876674
1403636658963555584.000000 2.055322170 5.175771236 5.305042267 0.797822952 -0.007629754 -0.264201254 -0.541865349
1403636659013555456.000000 2.035848618 5.152559757 5.288951874 0.798070490 -0.012056588 -0.264510602 -0.541269243
1403636659063555584.000000 2.014170408 5.140161991 5.266971588 0.798707843 -0.016843967 -0.262402117 -0.541227579
1403636659113555456.000000 1.991756201 5.127690792 5.246205807 0.798935473 -0.019567817 -0.261377484 -0.541295767
1403636659163555584.000000 1.968686223 5.115101337 5.226624966 0.799231172 -0.022092627 -0.260318130 -0.541272521
1403636659213555456.000000 1.945547342 5.102238178 5.208164692 0.799334288 -0.023630228 -0.259486735 -0.541454613
1403636659263555584.000000 1.923388004 5.088959694 5.190639019 0.799136937 -0.024253802 -0.259857386 -0.541540504
1403636659313555456.000000 1.900008440 5.069919586 5.177755833 0.798472643 -0.023011975 -0.261829287 -0.541624784
1403636659363555584.000000 1.880622983 5.056135654 5.160945892 0.797558129 -0.021149293 -0.264578432 -0.541712165
1403636659413555456.000000 1.862721920 5.042124748 5.144401550 0.796389639 -0.017710790 -0.267762482 -0.541990042
1403636659463555584.000000 1.846496820 5.028647423 5.127765656 0.795051634 -0.014203341 -0.271405786 -0.542245567
1403636659513555456.000000 1.833014011 5.015346527 5.110538483 0.795092702 -0.012013228 -0.271801919 -0.542039812
1403636659563555584.000000 1.820187807 5.002328396 5.093899727 0.794586837 -0.012931181 -0.273375660 -0.541968942
1403636659613555456.000000 1.806085944 4.983753681 5.083214760 0.795573890 -0.013002235 -0.271438211 -0.541492879
1403636659663555584.000000 1.792605281 4.970956326 5.068452835 0.796474040 -0.013772171 -0.269870877 -0.540933549
1403636659713555456.000000 1.778031349 4.958541393 5.054874420 0.797379494 -0.014377082 -0.268275023 -0.540377498
1403636659763555584.000000 1.762281537 4.946449280 5.042733192 0.798278630 -0.015335368 -0.266935557 -0.539686501
1403636659813555456.000000 1.745478511 4.934656143 5.032015324 0.798855066 -0.015160843 -0.266405404 -0.539100111
1403636659863555584.000000 1.727914810 4.922934055 5.022762299 0.799135864 -0.015921295 -0.266901910 -0.538415968
1403636659913555456.000000 1.707526922 4.907974720 5.017010689 0.799066067 -0.015118212 -0.268344402 -0.537825525
1403636659963555584.000000 1.687556982 4.895689487 5.010422707 0.798650563 -0.012115567 -0.271348149 -0.537011027
1403636660013555456.000000 1.667047739 4.883819580 5.004974365 0.797757864 -0.009796559 -0.274889678 -0.536583841
1403636660063555584.000000 1.645952940 4.872292995 5.000473976 0.796849549 -0.007307997 -0.278903663 -0.535901368
1403636660113555456.000000 1.624457359 4.861203194 4.996731758 0.796214759 -0.004641698 -0.281826407 -0.535345256
1403636660163555584.000000 1.601012230 4.852094650 4.993977547 0.795574129 -0.002611151 -0.284319520 -0.534992874
1403636660213555456.000000 1.578806758 4.842782497 4.991351128 0.795296192 -0.002278625 -0.285291821 -0.534890056
1403636660263555584.000000 1.556524634 4.834467888 4.989164352 0.794613481 -0.000090965 -0.287932187 -0.534494698
1403636660313555456.000000 1.535541892 4.827469826 4.986961842 0.793701351 0.002559579 -0.290752500 -0.534316957
1403636660363555584.000000 1.515552402 4.821507931 4.984762192 0.791811109 0.007180791 -0.296142787 -0.534119129
1403636660413555456.000000 1.497828245 4.817516327 4.981991768 0.789938509 0.010708352 -0.301469147 -0.533852935
1403636660463555584.000000 1.480035901 4.818905830 4.976544380 0.788984835 0.012483764 -0.304146260 -0.533706009
1403636660513555456.000000 1.466445565 4.818674088 4.972831249 0.788948536 0.013228000 -0.303890467 -0.533887565
1403636660563555584.000000 1.453277230 4.820743084 4.969039917 0.790343642 0.011585396 -0.300193340 -0.533953905
1403636660613555456.000000 1.439786553 4.824880123 4.965379238 0.792557240 0.008318403 -0.293888390 -0.534241080
1403636660663555584.000000 1.425434470 4.830657959 4.962368965 0.795308888 0.005083183 -0.285938531 -0.534506500
1403636660713555456.000000 1.409847736 4.837806225 4.960362911 0.798047245 0.002521351 -0.277928442 -0.534668148
1403636660763555584.000000 1.393431067 4.845869541 4.959654331 0.800796688 0.001531351 -0.269736260 -0.534756660
1403636660813555456.000000 1.375919342 4.854547977 4.960353374 0.803026974 0.002369184 -0.262876719 -0.534825206
1403636660863555584.000000 1.357415438 4.863626003 4.962784767 0.804849923 0.004193563 -0.257018715 -0.534920990
1403636660913555456.000000 1.338048220 4.873513222 4.966945648 0.806078315 0.004639348 -0.253282785 -0.534849644
1403636660963555584.000000 1.314250827 4.888548374 4.968320847 0.805893958 0.002346470 -0.252797455 -0.535371661
1403636661013555456.000000 1.294210672 4.898718834 4.976942539 0.805423021 -0.001351181 -0.253705382 -0.535654306
1403636661063555584.000000 1.274082184 4.908983231 4.987206459 0.805047393 -0.005255234 -0.254668623 -0.535737872
1403636661113555456.000000 1.253612041 4.919253826 4.999145508 0.804621696 -0.008931525 -0.255631953 -0.535869896
1403636661163555584.000000 1.231302619 4.930624008 5.011812210 0.804146349 -0.012184883 -0.257184595 -0.535776436
1403636661213555456.000000 1.212068796 4.940793991 5.025727272 0.804122448 -0.015450664 -0.256983280 -0.535824656
1403636661263555584.000000 1.194353461 4.949874878 5.040510178 0.803569913 -0.016731359 -0.258633912 -0.535820901
1403636661313555456.000000 1.179147959 4.957828999 5.055706978 0.803518176 -0.018442329 -0.258533180 -0.535890937
1403636661363555584.000000 1.164845943 4.967436790 5.070034027 0.803399622 -0.019127823 -0.258706778 -0.535960913
1403636661413555456.000000 1.153721213 4.974574566 5.085300922 0.803440809 -0.019103261 -0.258375078 -0.536060095
1403636661463555584.000000 1.144682884 4.981415749 5.100513935 0.803201735 -0.019717246 -0.258970946 -0.536108494
1403636661513555456.000000 1.137724638 4.987459660 5.115801811 0.802645743 -0.019454489 -0.260301948 -0.536306202
1403636661563555584.000000 1.132894039 4.992890835 5.131273746 0.801793158 -0.020519534 -0.262094945 -0.536668479
1403636661613555456.000000 1.126960993 5.001030922 5.146502495 0.800749540 -0.021164594 -0.264549494 -0.536997139
1403636661663555584.000000 1.126002550 5.005051136 5.161881447 0.800421774 -0.022794347 -0.264720500 -0.537334740
1403636661713555456.000000 1.126661777 5.009004116 5.176874161 0.800546944 -0.023659140 -0.263769239 -0.537578464
1403636661763555584.000000 1.129168749 5.012239933 5.191902161 0.799893558 -0.028735507 -0.265095174 -0.537651539
1403636661813555456.000000 1.133271694 5.014652252 5.206609726 0.798762500 -0.033653300 -0.266907841 -0.538150728
1403636661863555584.000000 1.139162302 5.016086102 5.220564842 0.798115790 -0.037100002 -0.267365068 -0.538656473
1403636661913555456.000000 1.146848679 5.016754150 5.233373642 0.797984898 -0.038834583 -0.267338425 -0.538741350
1403636661963555584.000000 1.155926704 5.016487122 5.245491028 0.797468066 -0.039915800 -0.267463118 -0.539365292
1403636662013555456.000000 1.166578650 5.015511036 5.256772995 0.797604680 -0.039912626 -0.266859144 -0.539462626
1403636662063555584.000000 1.178454876 5.013670444 5.267446518 0.797889948 -0.039603144 -0.265819192 -0.539577007
1403636662113555456.000000 1.188832164 5.010807991 5.281054497 0.798046947 -0.039061543 -0.265040576 -0.539767444
1403636662163555584.000000 1.200412512 5.006692410 5.291217804 0.798491597 -0.035452724 -0.264377624 -0.539684057
1403636662213555456.000000 1.210659504 5.001569271 5.302045345 0.799190164 -0.030448254 -0.263258040 -0.539502859
1403636662263555584.000000 1.219377995 4.995718956 5.313617706 0.800169826 -0.024834359 -0.261451751 -0.539216578
1403636662313555456.000000 1.226718426 4.989355564 5.326117516 0.800724208 -0.020802693 -0.261097401 -0.538735688
1403636662363555584.000000 1.232781410 4.982824326 5.339671612 0.801021516 -0.016712759 -0.261269778 -0.538352489
1403636662413555456.000000 1.237518072 4.976460457 5.354413033 0.800788701 -0.013487007 -0.263253033 -0.537822902
1403636662463555584.000000 1.240625381 4.970061779 5.370797157 0.799822628 -0.009910779 -0.267123938 -0.537429452
1403636662513555456.000000 1.242872715 4.963669300 5.388333797 0.798662424 -0.007023509 -0.271305829 -0.537105441
1403636662563555584.000000 1.244496584 4.957694054 5.407022476 0.797500789 -0.006757400 -0.275519997 -0.536689520
1403636662613555456.000000 1.246810079 4.947223663 5.428744316 0.795908689 -0.010529760 -0.280469447 -0.536428332
1403636662663555584.000000 1.246745586 4.942749023 5.448144436 0.794272840 -0.018138442 -0.285772651 -0.535850525
1403636662713555456.000000 1.245993137 4.939092636 5.467256546 0.793006420 -0.025895188 -0.289160579 -0.535589755
1403636662763555584.000000 1.244202256 4.935920238 5.485765457 0.792356670 -0.032305371 -0.290871888 -0.535276413
1403636662813555456.000000 1.242209911 4.930868626 5.503504276 0.792044759 -0.037025169 -0.292295158 -0.534656823
1403636662863555584.000000 1.237336159 4.927597046 5.521205902 0.791240275 -0.037860308 -0.294568777 -0.534541607
1403636662913555456.000000 1.230900049 4.924024105 5.538137436 0.790907621 -0.034487914 -0.296567559 -0.534156680
1403636662963555584.000000 1.225606680 4.918558598 5.553344727 0.790012658 -0.032435898 -0.299642026 -0.533893883
1403636663013555456.000000 1.218096018 4.915191174 5.568181038 0.788401961 -0.032922097 -0.304251671 -0.533638000
1403636663063555584.000000 1.211521745 4.912059307 5.581109524 0.786723435 -0.034977991 -0.309030890 -0.533237994
1403636663113555456.000000 1.205782652 4.909075260 5.591887474 0.785245240 -0.037317596 -0.312770724 -0.533077657
1403636663163555584.000000 1.201177359 4.906571388 5.600043297 0.784230709 -0.036975190 -0.315762311 -0.532831430
1403636663213555456.000000 1.197744489 4.903285027 5.604194641 0.785319328 -0.032791790 -0.314343780 -0.532340348
1403636663263555584.000000 1.192726851 4.901253223 5.607312679 0.787911892 -0.022699928 -0.308739275 -0.532315373
1403636663313555456.000000 1.185892940 4.899953842 5.609909058 0.789755464 -0.013231133 -0.304840624 -0.532149971
1403636663363555584.000000 1.177061796 4.899412155 5.612445831 0.791153431 -0.004217715 -0.301909059 -0.531892359
1403636663413555456.000000 1.166198730 4.900064468 5.615481377 0.791583776 0.004239450 -0.300830275 -0.531863034
1403636663463555584.000000 1.159414053 4.908164501 5.614557266 0.791004598 0.010365433 -0.302157879 -0.531888247
1403636663513555456.000000 1.146267891 4.912253857 5.618098259 0.790901303 0.016048940 -0.302837938 -0.531513691
1403636663563555584.000000 1.132619619 4.918366432 5.622116566 0.790660560 0.019586293 -0.303347498 -0.531462789
1403636663613555456.000000 1.118155479 4.926708698 5.626525879 0.790154338 0.021039775 -0.304283649 -0.531624913
1403636663663555584.000000 1.103351831 4.937616825 5.630893230 0.789916456 0.022700123 -0.304667771 -0.531690001
1403636663713555456.000000 1.089294195 4.951055050 5.634832859 0.790660560 0.026491109 -0.302054316 -0.531899750
1403636663763555584.000000 1.076636076 4.966742992 5.638619423 0.791728377 0.029919390 -0.298131794 -0.532342494
1403636663813555456.000000 1.066048265 4.985034943 5.642439842 0.793729722 0.033504322 -0.291331410 -0.532913327
1403636663863555584.000000 1.053306937 5.013314247 5.643689632 0.795597374 0.036684204 -0.284312218 -0.533709407
1403636663913555456.000000 1.047260880 5.037280560 5.648548603 0.797042549 0.036919389 -0.278777063 -0.534456313
1403636663963555584.000000 1.044037700 5.063595772 5.654198647 0.799242735 0.037162714 -0.270449847 -0.535431445
1403636664013555456.000000 1.043611050 5.091750145 5.661124229 0.801423371 0.036516357 -0.262433439 -0.536204994
1403636664063555584.000000 1.044965982 5.121173382 5.670264244 0.802187085 0.033915780 -0.258463889 -0.537161171
1403636664113555456.000000 1.045929193 5.154918671 5.678695202 0.802003324 0.028856041 -0.256686151 -0.538581610
1403636664163555584.000000 1.051936984 5.187733650 5.690891266 0.801726758 0.022226755 -0.255697399 -0.539776921
1403636664213555456.000000 1.059839010 5.221516132 5.704770565 0.801117361 0.014711534 -0.254863441 -0.541330993
1403636664263555584.000000 1.063868046 5.261591911 5.716354847 0.800557733 0.007929850 -0.253444582 -0.542964399
1403636664313555456.000000 1.068828106 5.296056271 5.734688759 0.799788833 0.002120722 -0.252967000 -0.544372201
1403636664363555584.000000 1.070132375 5.330193043 5.755862236 0.798884034 -0.001573920 -0.252676100 -0.545835793
1403636664413555456.000000 1.067601919 5.364412308 5.779666901 0.798001826 -0.004964859 -0.252125710 -0.547358394
1403636664463555584.000000 1.062735915 5.401367188 5.802233696 0.796809554 -0.007133369 -0.252234191 -0.549018741
1403636664513555456.000000 1.057056785 5.434937477 5.829477787 0.795939207 -0.009981392 -0.251286030 -0.550669193
1403636664563555584.000000 1.051408052 5.468161106 5.857872009 0.794534028 -0.012891420 -0.251417398 -0.552574754
1403636664613555456.000000 1.044941187 5.506219387 5.883783817 0.792198896 -0.019340141 -0.253647327 -0.554716170
1403636664663555584.000000 1.042315245 5.537871361 5.913225174 0.790643394 -0.022467980 -0.254140913 -0.556588471
1403636664713555456.000000 1.041495204 5.568770885 5.942608833 0.788458347 -0.025481738 -0.256722718 -0.558370531
1403636664763555584.000000 1.041819572 5.600381374 5.969191551 0.787452042 -0.021834059 -0.256848514 -0.559885263
1403636664813555456.000000 1.045066476 5.629045963 5.997599602 0.786801279 -0.017956687 -0.256006271 -0.561321855
1403636664863555584.000000 1.050557494 5.657387257 6.025874615 0.785726309 -0.016972309 -0.255813897 -0.562943578
1403636664913555456.000000 1.057627916 5.685401440 6.054021358 0.784584522 -0.017995384 -0.256344110 -0.564261556
1403636664963555584.000000 1.065699577 5.712965012 6.082371712 0.782978773 -0.016136721 -0.258652151 -0.565493584
1403636665013555456.000000 1.076816916 5.738717079 6.109802723 0.780925035 -0.015380595 -0.262532860 -0.566565216
1403636665063555584.000000 1.088610888 5.764726639 6.137439251 0.778969169 -0.012491371 -0.266574562 -0.567440808
1403636665113555456.000000 1.102323174 5.790046692 6.164844990 0.776978076 -0.011003491 -0.270187974 -0.568491340
1403636665163555584.000000 1.117855549 5.815707207 6.191522121 0.775738239 -0.009397676 -0.272697002 -0.569015205
1403636665213555456.000000 1.134575963 5.846941471 6.216486931 0.773983240 -0.012531999 -0.275761664 -0.569867134
1403636665263555584.000000 1.151416898 5.873013973 6.242263794 0.773276389 -0.019811729 -0.276632667 -0.570197880
1403636665313555456.000000 1.168501616 5.900180817 6.266929150 0.773480892 -0.025262617 -0.275027186 -0.570481598
1403636665363555584.000000 1.186022282 5.929866791 6.291138649 0.773550212 -0.027564351 -0.274099410 -0.570727468
1403636665413555456.000000 1.202329040 5.957091808 6.314121246 0.774391532 -0.026363349 -0.272054106 -0.570621908
1403636665463555584.000000 1.217927694 5.983865738 6.336590290 0.775464714 -0.021559287 -0.270056576 -0.570315003
1403636665513555456.000000 1.233013630 6.009160519 6.359066010 0.776774287 -0.015290932 -0.267940432 -0.569733143
1403636665563555584.000000 1.254485369 6.036944866 6.381958485 0.778510928 -0.009891023 -0.264780164 -0.568959057
1403636665613555456.000000 1.270546198 6.062015057 6.405274391 0.779150128 -0.004869699 -0.264049858 -0.568488419
1403636665663555584.000000 1.286986351 6.087444305 6.428971767 0.780080974 -0.002542645 -0.263038486 -0.567695379
1403636665713555456.000000 1.303654313 6.113226891 6.453241825 0.781357646 -0.002119709 -0.261017710 -0.566873491
1403636665763555584.000000 1.324723959 6.141584396 6.476995945 0.782944381 -0.002797964 -0.258154511 -0.565991640
1403636665813555456.000000 1.343080997 6.168488026 6.502280235 0.784064829 -0.005374310 -0.256776422 -0.565048158
1403636665863555584.000000 1.361939192 6.195513248 6.528547764 0.783878028 -0.014279238 -0.258063138 -0.564566076
1403636665913555456.000000 1.385570884 6.220973492 6.554969788 0.782972932 -0.022887761 -0.261371642 -0.564016342
1403636665963555584.000000 1.404356241 6.247469425 6.581772327 0.781935155 -0.030336097 -0.265059829 -0.563383043
1403636666013555456.000000 1.421527743 6.273451328 6.608903885 0.780904949 -0.035031822 -0.268727720 -0.562801719
1403636666063555584.000000 1.438874960 6.297457695 6.636447906 0.780362785 -0.037461635 -0.270589083 -0.562505305
1403636666113555456.000000 1.453189373 6.322014809 6.663047791 0.781088531 -0.036553513 -0.269312918 -0.562170088
1403636666163555584.000000 1.466009498 6.345940113 6.689397812 0.782607138 -0.033390045 -0.266156346 -0.561757982
1403636666213555456.000000 1.477565527 6.369408131 6.715985775 0.783497691 -0.032421451 -0.263676047 -0.561743021
1403636666263555584.000000 1.487686276 6.392446518 6.742918491 0.783632517 -0.032495122 -0.263023913 -0.561856449
1403636666313555456.000000 1.495306730 6.414877892 6.772699356 0.783779025 -0.034615982 -0.262604803 -0.561721444
1403636666363555584.000000 1.503103256 6.435851574 6.800474167 0.783151984 -0.037776925 -0.262931943 -0.562239110
1403636666413555456.000000 1.510746837 6.455574989 6.828054428 0.781904399 -0.040242050 -0.265397489 -0.562645853
1403636666463555584.000000 1.518970490 6.474044800 6.854930401 0.780500233 -0.041386779 -0.268013209 -0.563272238
1403636666513555456.000000 1.525026560 6.493161678 6.881722927 0.779362321 -0.040978380 -0.269681752 -0.564080656
1403636666563555584.000000 1.536358953 6.507749557 6.905983925 0.778803945 -0.037437454 -0.270674467 -0.564622223
1403636666613555456.000000 1.549999595 6.521285534 6.928910255 0.778006077 -0.032744151 -0.271743685 -0.565499544
1403636666663555584.000000 1.565044522 6.534077168 6.950818062 0.777752697 -0.026843335 -0.271474004 -0.566288054
1403636666713555456.000000 1.577961564 6.547802448 6.973402500 0.776776075 -0.021039959 -0.273093998 -0.567094386
1403636666763555584.000000 1.594375730 6.560018539 6.994596958 0.775510371 -0.016153628 -0.275275975 -0.567931294
1403636666813555456.000000 1.611218929 6.572457790 7.015637398 0.773811996 -0.013985872 -0.278558731 -0.568704307
1403636666863555584.000000 1.621553898 6.587718487 7.039390087 0.771284938 -0.013368837 -0.284343332 -0.569288731
1403636666913555456.000000 1.635067105 6.601278782 7.060882568 0.767010570 -0.017521463 -0.294289291 -0.569896221
1403636666963555584.000000 1.646855354 6.615103245 7.081971169 0.763129950 -0.022105251 -0.303215176 -0.570267200
1403636667013555456.000000 1.657427430 6.630232811 7.101519108 0.761658013 -0.025346866 -0.306152850 -0.570530534
1403636667063555584.000000 1.663932204 6.647525787 7.121460438 0.761721492 -0.027432654 -0.305290014 -0.570811629
1403636667113555456.000000 1.672186136 6.664340973 7.137693882 0.765013158 -0.027550051 -0.296512634 -0.571030796
1403636667163555584.000000 1.679278970 6.682344437 7.152709484 0.769420207 -0.026271939 -0.284454525 -0.571303785
1403636667213555456.000000 1.682058811 6.700024605 7.170404434 0.772966266 -0.025395073 -0.274493814 -0.571429372
1403636667263555584.000000 1.686423540 6.718221664 7.185453415 0.776183248 -0.022677584 -0.265212297 -0.571566105
1403636667313555456.000000 1.689176202 6.736196995 7.201403141 0.777970076 -0.020510074 -0.259461224 -0.571858287
1403636667363555584.000000 1.690781593 6.753730297 7.218313217 0.778759539 -0.020258751 -0.256446779 -0.572152376
1403636667413555456.000000 1.691474795 6.771016121 7.236018658 0.778779209 -0.018847635 -0.256032228 -0.572359443
1403636667463555584.000000 1.691121817 6.786178112 7.256545544 0.777804375 -0.016259247 -0.258156359 -0.572810054
1403636667513555456.000000 1.691015244 6.802598953 7.276276112 0.776386440 -0.014128646 -0.261649102 -0.573205292
1403636667563555584.000000 1.690619588 6.819483757 7.296520710 0.773865879 -0.013302133 -0.268247575 -0.573583484
1403636667613555456.000000 1.691837072 6.836874962 7.317279816 0.771391213 -0.014092411 -0.275146246 -0.573630154
1403636667663555584.000000 1.695193291 6.853831291 7.336539745 0.769150436 -0.015426807 -0.280589253 -0.573968112
1403636667713555456.000000 1.700684428 6.870455742 7.354239464 0.767803967 -0.017675972 -0.283882648 -0.574086487
1403636667763555584.000000 1.707886219 6.887183666 7.371061325 0.767443895 -0.019472405 -0.284750551 -0.574079990
1403636667813555456.000000 1.715981722 6.904447079 7.386781216 0.767702520 -0.021095227 -0.284404576 -0.573848307
1403636667863555584.000000 1.725142360 6.921963215 7.401719570 0.767804086 -0.022233227 -0.284688264 -0.573528707
1403636667913555456.000000 1.732935905 6.938402176 7.416515350 0.767934442 -0.023500051 -0.285055757 -0.573121071
1403636667963555584.000000 1.739412665 6.955095291 7.430941582 0.767917573 -0.022683769 -0.285824120 -0.572793722
1403636668013555456.000000 1.744558692 6.972325325 7.445106983 0.768436849 -0.022992423 -0.285283476 -0.572354376
1403636668063555584.000000 1.747564793 6.990079880 7.459140778 0.769820452 -0.021027515 -0.283386379 -0.571512580
1403636668113555456.000000 1.748593211 7.008376598 7.473233223 0.771262169 -0.018872926 -0.281363636 -0.570642531
1403636668163555584.000000 1.749607921 7.029726505 7.486328602 0.772650838 -0.016300119 -0.279667288 -0.569676518
1403636668213555456.000000 1.747674704 7.049372673 7.500652313 0.773509264 -0.013034424 -0.279640019 -0.568608046
1403636668263555584.000000 1.744827151 7.069525242 7.514998436 0.774435163 -0.010094648 -0.279351473 -0.567548394
1403636668313555456.000000 1.741053343 7.090291977 7.529557705 0.775563717 -0.008088692 -0.279178262 -0.566122890
1403636668363555584.000000 1.736621976 7.111717224 7.544632912 0.776367784 -0.007543602 -0.279055834 -0.565087676
1403636668413555456.000000 1.734310031 7.130058765 7.562037468 0.777616560 -0.007369333 -0.278018445 -0.563882947
1403636668463555584.000000 1.728875279 7.152346134 7.577781677 0.779014885 -0.008055235 -0.276389271 -0.562743306
1403636668513555456.000000 1.722998023 7.175294399 7.593811035 0.780015349 -0.008082141 -0.275499761 -0.561792314
1403636668563555584.000000 1.717058301 7.198591232 7.610400200 0.780627787 -0.008394863 -0.275728732 -0.560823917
1403636668613555456.000000 1.716233611 7.225788116 7.626106739 0.781270981 -0.008202645 -0.275630742 -0.559978724
1403636668663555584.000000 1.710559368 7.250105858 7.643191338 0.782030225 -0.007463134 -0.275630414 -0.558928430
1403636668713555456.000000 1.705100060 7.275189877 7.660435200 0.783498287 -0.004596482 -0.273193210 -0.558099329
1403636668763555584.000000 1.700997591 7.300561905 7.678579807 0.785576701 -0.001215135 -0.268667638 -0.557391763
1403636668813555456.000000 1.696672082 7.326561451 7.696770668 0.787895262 0.000891455 -0.263733536 -0.556475401
1403636668863555584.000000 1.693980932 7.352702141 7.715868473 0.789881170 0.004403779 -0.258123398 -0.556273937
1403636668913555456.000000 1.690819025 7.378288269 7.740153313 0.792359769 0.005916835 -0.251913786 -0.555581272
1403636668963555584.000000 1.692816496 7.405383110 7.761430740 0.792855978 0.002460509 -0.250639588 -0.555475712
1403636669013555456.000000 1.697187066 7.431380749 7.784326077 0.792381048 -0.003507067 -0.251855344 -0.555597782
1403636669063555584.000000 1.703689814 7.457141399 7.807979107 0.792068183 -0.009313368 -0.252865583 -0.555517972
1403636669113555456.000000 1.715535164 7.483679295 7.830191612 0.791602910 -0.014764925 -0.254341990 -0.555389166
1403636669163555584.000000 1.724337935 7.508160114 7.855306149 0.791424692 -0.017645907 -0.255508482 -0.555023491
1403636669213555456.000000 1.732470512 7.531999588 7.881361485 0.791608632 -0.019832373 -0.255520612 -0.554681540
1403636669263555584.000000 1.746050954 7.554618835 7.906242847 0.791958332 -0.020749636 -0.255277276 -0.554260731
1403636669313555456.000000 1.752229095 7.577476501 7.934449196 0.792323411 -0.020057207 -0.255033076 -0.553876758
1403636669363555584.000000 1.756935716 7.599825382 7.963817120 0.792075217 -0.020318124 -0.256241113 -0.553664684
1403636669413555456.000000 1.761134505 7.621801853 7.993933678 0.792413712 -0.021437252 -0.255353868 -0.553548038
1403636669463555584.000000 1.767473817 7.643130302 8.024801254 0.792884111 -0.023742588 -0.253848076 -0.553473055
1403636669513555456.000000 1.770729780 7.664250851 8.056499481 0.793384969 -0.025291795 -0.251419485 -0.553794980
1403636669563555584.000000 1.773477554 7.684586525 8.089021683 0.794227004 -0.027299564 -0.248294681 -0.553902566
1403636669613555456.000000 1.779012799 7.698796749 8.121919632 0.795638502 -0.029833453 -0.243294939 -0.553964794
1403636669663555584.000000 1.783541560 7.716855526 8.155485153 0.796525419 -0.032910921 -0.239113197 -0.554336667
1403636669713555456.000000 1.789911389 7.734138966 8.189224243 0.797536135 -0.035941865 -0.234783709 -0.554545701
1403636669763555584.000000 1.796432018 7.746467113 8.225206375 0.797594368 -0.038643707 -0.233321413 -0.554897308
1403636669813555456.000000 1.806074381 7.760579586 8.260086060 0.795016706 -0.046925928 -0.238208041 -0.555880785
1403636669863555584.000000 1.817821860 7.772776604 8.295057297 0.790909469 -0.058747355 -0.246681184 -0.556919575
1403636669913555456.000000 1.829412699 7.773825169 8.333288193 0.785675228 -0.068004556 -0.258827657 -0.557761729
1403636669963555584.000000 1.843742371 7.780868053 8.366434097 0.781582475 -0.074026629 -0.268250376 -0.558292627
1403636670013555456.000000 1.859103918 7.785377026 8.397308350 0.778634310 -0.076169766 -0.275494635 -0.558596075
1403636670063555584.000000 1.875108480 7.787328720 8.426183701 0.776161611 -0.078085475 -0.280913770 -0.559073687
1403636670113555456.000000 1.887068272 7.779891491 8.454765320 0.773379743 -0.080063120 -0.285107166 -0.560524523
1403636670163555584.000000 1.904021382 7.777087212 8.478380203 0.771280229 -0.084826656 -0.285841942 -0.562339544
1403636670213555456.000000 1.920697808 7.772660732 8.499412537 0.768279910 -0.094152734 -0.286395341 -0.564676046
1403636670263555584.000000 1.935642123 7.765948296 8.518159866 0.765535057 -0.102934502 -0.286060631 -0.567036211
1403636670313555456.000000 1.945383906 7.749598026 8.539733887 0.762708783 -0.110102348 -0.286428332 -0.569308102
1403636670363555584.000000 1.954073429 7.737447739 8.554401398 0.759065449 -0.114341743 -0.288163066 -0.572457671
1403636670413555456.000000 1.960352182 7.722591400 8.566528320 0.754865408 -0.116329238 -0.290047050 -0.576644123
1403636670463555584.000000 1.964958668 7.704793453 8.575513840 0.749379039 -0.118444189 -0.292965710 -0.581870437
1403636670513555456.000000 1.969559908 7.683846951 8.580129623 0.743770003 -0.119741596 -0.294480473 -0.588004589
1403636670563555584.000000 1.973832369 7.660157204 8.580436707 0.737453520 -0.120181985 -0.294982135 -0.595570505
1403636670613555456.000000 1.978377819 7.633565903 8.575754166 0.731092095 -0.119857237 -0.294622362 -0.603602827
1403636670663555584.000000 1.983335733 7.604429245 8.565963745 0.724730372 -0.118674271 -0.292982876 -0.612244487
1403636670713555456.000000 1.987820387 7.572097778 8.551399231 0.718130827 -0.117630728 -0.290507466 -0.621334493
1403636670763555584.000000 1.991623640 7.537712097 8.532241821 0.710955620 -0.117331952 -0.288088948 -0.630698144
1403636670813555456.000000 1.991651177 7.491079330 8.513597488 0.702601135 -0.118961468 -0.286355734 -0.640468776
1403636670863555584.000000 1.991270304 7.451710701 8.487899780 0.692920983 -0.122248888 -0.285713315 -0.650602520
1403636670913555456.000000 1.988634944 7.410799026 8.457984924 0.682686150 -0.126499876 -0.284652323 -0.660992026
1403636670963555584.000000 1.984966040 7.367348671 8.423508644 0.671223640 -0.132823512 -0.283205539 -0.672020376
1403636671013555456.000000 1.981115699 7.321076393 8.383356094 0.659869730 -0.136293456 -0.279388905 -0.684059858
1403636671063555584.000000 1.976425290 7.273324490 8.337318420 0.649452984 -0.136349961 -0.273369342 -0.696339607
1403636671113555456.000000 1.973262668 7.221628666 8.283792496 0.639950097 -0.132105410 -0.265850723 -0.708756328
1403636671163555584.000000 1.969526649 7.167366028 8.224449158 0.630462468 -0.125863105 -0.258987367 -0.720833719
1403636671213555456.000000 1.965603232 7.111875534 8.159261703 0.621641994 -0.118426666 -0.253604025 -0.731588364
1403636671263555584.000000 1.961302042 7.057317734 8.089489937 -0.614275277 0.108210586 0.248483673 0.741088569
1403636671313555456.000000 1.954293728 6.997991562 8.014787674 0.609492362 -0.092506431 -0.242060766 -0.749245167
1403636671363555584.000000 1.946261644 6.937810898 7.936586380 0.606347501 -0.072788112 -0.233171225 -0.756753385
1403636671413555456.000000 1.937073112 6.877273560 7.856617928 0.603081703 -0.052484810 -0.223244652 -0.764002442
1403636671463555584.000000 1.926140308 6.816951752 7.776462078 0.597712457 -0.034672704 -0.216375560 -0.771180451
1403636671513555456.000000 1.913818359 6.757087231 7.696720600 0.591239929 -0.020096689 -0.212828696 -0.777647376
1403636671563555584.000000 1.905941725 6.702611446 7.618952274 -0.584340692 0.008776664 0.212511703 0.783139765
1403636671613555456.000000 1.890754700 6.644966602 7.541043282 -0.578068674 -0.001529251 0.213268772 0.787623525
1403636671663555584.000000 1.874172211 6.589143753 7.463993073 0.572585106 0.009840554 -0.215321481 -0.791003227
1403636671713555456.000000 1.857190371 6.535458565 7.388262749 0.567992508 0.016269101 -0.217262343 -0.793673098
1403636671763555584.000000 1.839318752 6.483926773 7.313911915 0.564709008 0.021302318 -0.218835697 -0.795462668
1403636671813555456.000000 1.821133614 6.435135841 7.241086483 0.562541664 0.027655492 -0.219297290 -0.796674907
1403636671863555584.000000 1.803631067 6.389244080 7.169805050 0.560564041 0.032614697 -0.221566811 -0.797253132
1403636671913555456.000000 1.797168732 6.352256298 7.099499702 -0.559179544 -0.039465278 0.225119188 0.796920419
1403636671963555584.000000 1.784000397 6.313799858 7.030587196 0.558701634 0.047028393 -0.227015406 -0.796307027
1403636672013555456.000000 1.773634672 6.278954506 6.962956905 0.558727503 0.055192184 -0.228319421 -0.795391560
1403636672063555584.000000 1.766800642 6.248703003 6.896752834 0.560714841 0.061563481 -0.225036338 -0.794460535
1403636672113555456.000000 1.763028145 6.222367287 6.832442760 0.563851714 0.066655129 -0.218138188 -0.793753207
1403636672163555584.000000 1.762727737 6.199635506 6.770524979 0.567040384 0.069265135 -0.212330252 -0.792832613
1403636672213555456.000000 1.764602184 6.180295944 6.711639881 0.569542587 0.071613811 -0.208026901 -0.791970611
1403636672263555584.000000 1.767625570 6.164655685 6.656219006 0.571838200 0.072160527 -0.205384269 -0.790955961
1403636672313555456.000000 1.779110193 6.156249046 6.599732876 -0.574067056 -0.073182084 0.200978428 0.790379047
1403636672363555584.000000 1.782840490 6.147286892 6.551911354 -0.577488363 -0.072922707 0.192894801 0.789924741
1403636672413555456.000000 1.785140276 6.140978813 6.508582592 0.580951095 0.071641438 -0.183438495 -0.789755523
1403636672463555584.000000 1.786178589 6.136677742 6.469950676 0.584582150 0.065424815 -0.173468232 -0.789868474
1403636672513555456.000000 1.787220001 6.133523941 6.432250977 -0.586659908 -0.050885472 0.168789819 0.790411770
1403636672563555584.000000 1.783974767 6.131546974 6.403232098 -0.587930441 -0.034578495 0.165294692 0.791087806
1403636672613555456.000000 1.776823640 6.130973339 6.378538132 0.587674201 0.019065345 -0.165675998 -0.791724145
1403636672663555584.000000 1.766083241 6.130277634 6.357477188 0.587376118 0.006465149 -0.166700408 -0.791933477
1403636672713555456.000000 1.750649691 6.129498005 6.339883327 0.585826516 -0.000036579 -0.171482101 -0.792086601
1403636672763555584.000000 1.730916381 6.128181458 6.325100422 0.583294928 -0.000514623 -0.178654119 -0.792369545
1403636672813555456.000000 1.709981799 6.126500130 6.312377453 0.579550147 0.001317241 -0.185149357 -0.793624341
1403636672863555584.000000 1.690795422 6.124930382 6.300548553 0.576006770 0.003486754 -0.186447114 -0.795890450
1403636672913555456.000000 1.673974514 6.123579025 6.289350033 0.571273863 0.004265289 -0.185684308 -0.799468160
1403636672963555584.000000 1.659402132 6.122251987 6.278967381 0.565958798 0.005929672 -0.183288231 -0.803779125
1403636673013555456.000000 1.646294475 6.119832039 6.260261536 -0.559498012 -0.007686085 0.180392236 0.808926225
1403636673063555584.000000 1.636391640 6.118840218 6.251221657 -0.553509176 -0.010521721 0.176656753 0.813823879
1403636673113555456.000000 1.628358364 6.119368553 6.243584633 0.546955705 0.013238212 -0.174609676 -0.818642616
1403636673163555584.000000 1.623555779 6.120491982 6.236274719 0.540362775 0.018759714 -0.175621033 -0.822686732
1403636673213555456.000000 1.620988965 6.121745110 6.229536057 0.534018397 0.026199793 -0.178000972 -0.826107502
1403636673263555584.000000 1.620374322 6.123909473 6.223954201 0.528404772 0.034231331 -0.179549277 -0.829083025
1403636673313555456.000000 1.615255594 6.126326561 6.218157768 -0.523546159 -0.040000800 0.182079598 0.831352174
1403636673363555584.000000 1.619509578 6.131197929 6.215091228 -0.519908190 -0.044303354 0.183126897 0.833185077
1403636673413555456.000000 1.624638200 6.137611389 6.213151932 0.517285228 0.045066718 -0.182477579 -0.834917367
1403636673463555584.000000 1.629787564 6.146226883 6.213895321 0.515328109 0.044329666 -0.181653678 -0.836345553
1403636673513555456.000000 1.634213686 6.156739712 6.216958046 0.514181674 0.043482881 -0.180055752 -0.837440431
1403636673563555584.000000 1.638491154 6.168955326 6.222255707 0.513369679 0.040638760 -0.177742496 -0.838574827
1403636673613555456.000000 1.642890692 6.182765961 6.229616642 0.513844192 0.035219349 -0.172985926 -0.839523494
1403636673663555584.000000 1.646890402 6.197798729 6.239180565 0.514355659 0.029038722 -0.168492034 -0.840360343
1403636673713555456.000000 1.650800705 6.213849545 6.250835896 0.514770210 0.022472015 -0.164317161 -0.841134131
1403636673763555584.000000 1.660464048 6.228940010 6.262256622 0.515978336 0.015646711 -0.158461943 -0.841671765
1403636673813555456.000000 1.649198413 6.249526024 6.280234337 -0.515932620 -0.008992662 0.155233920 0.842398405
1403636673863555584.000000 1.654690385 6.264097214 6.295086861 -0.516315401 -0.006369418 0.152429700 0.842699826
1403636673913555456.000000 1.661895990 6.277816296 6.309976578 0.516533494 0.008034014 -0.150904983 -0.842826426
1403636673963555584.000000 1.670728207 6.291856766 6.326505661 0.516414046 0.008249537 -0.150700942 -0.842934072
1403636674013555456.000000 1.679201961 6.305705070 6.344716072 0.515839875 0.008655898 -0.152354941 -0.842984140
1403636674063555584.000000 1.687396169 6.319860935 6.364796162 0.515740991 0.008747417 -0.152913183 -0.842942595
1403636674113555456.000000 1.694533348 6.333698750 6.386743546 0.515173495 0.008040796 -0.154496625 -0.843007922
1403636674163555584.000000 1.700687647 6.347193241 6.410251617 0.515092432 0.006559071 -0.154790163 -0.843016565
1403636674213555456.000000 1.705525637 6.360575676 6.435418129 0.515061080 0.003733767 -0.155388206 -0.842942834
1403636674263555584.000000 1.708627105 6.373631477 6.462265968 0.514394224 -0.000703196 -0.157609940 -0.842945576
1403636674313555456.000000 1.707724810 6.395721912 6.494975090 -0.512715757 0.006335397 0.162445202 0.843026757
1403636674363555584.000000 1.707622528 6.407490253 6.524209976 -0.509832144 0.010371816 0.168043017 0.843638122
1403636674413555456.000000 1.705424786 6.418519020 6.554357529 0.505213678 -0.014912902 -0.173160598 -0.845311940
1403636674463555584.000000 1.702423930 6.429889679 6.585038185 0.499993771 -0.019123470 -0.175948173 -0.847751617
1403636674513555456.000000 1.697884202 6.441277981 6.615894318 0.494174927 -0.022733305 -0.176937357 -0.850862861
1403636674563555584.000000 1.691603541 6.452750206 6.646442890 0.488896430 -0.024131861 -0.176242128 -0.854012132
1403636674613555456.000000 1.684151649 6.464492321 6.676417351 0.484686106 -0.024994658 -0.174162015 -0.856809437
1403636674663555584.000000 1.675882459 6.476607323 6.705917358 0.481125742 -0.025363775 -0.170815170 -0.859474838
1403636674713555456.000000 1.665770650 6.488819599 6.735031605 0.477181554 -0.024704918 -0.170711070 -0.861710668
1403636674763555584.000000 1.656831026 6.510780334 6.769312382 -0.472896874 0.020341750 0.172536284 0.863820612
1403636674813555456.000000 1.644710779 6.523787022 6.796786308 -0.468562633 0.013771682 0.176170781 0.865576923
1403636674863555584.000000 1.634526730 6.536762238 6.823309422 0.464871883 -0.006754999 -0.179834232 -0.866895676
1403636674913555456.000000 1.625461936 6.551040173 6.848364830 0.461739093 -0.000739598 -0.182925180 -0.867948711
1403636674963555584.000000 1.618354559 6.566987991 6.872356892 0.459427625 0.005523991 -0.185321167 -0.868649423
1403636675013555456.000000 1.614139795 6.584780216 6.895246983 0.457476586 0.010030078 -0.188003153 -0.869062364
1403636675063555584.000000 1.612553954 6.604423046 6.917084694 0.456432402 0.015441692 -0.188597053 -0.869403422
1403636675113555456.000000 1.613509059 6.626608849 6.938081741 0.457299501 0.019847678 -0.186019897 -0.869413495
1403636675163555584.000000 1.616875768 6.651104450 6.958677292 0.458935916 0.026199214 -0.180899799 -0.869463444
1403636675213555456.000000 1.623353601 6.678627014 6.979851723 0.461623698 0.030313760 -0.172733873 -0.869567573
1403636675263555584.000000 1.629499674 6.709254742 7.007346153 -0.464143485 -0.033411484 0.166410252 0.869345844
1403636675313555456.000000 1.640129209 6.741150856 7.031495571 -0.466322809 -0.035277333 0.161008134 0.869123101
1403636675363555584.000000 1.653475881 6.773514271 7.055771828 0.468260199 0.032329652 -0.154323325 -0.869408727
1403636675413555456.000000 1.668496609 6.806883812 7.082494736 0.468807489 0.025987536 -0.147102773 -0.870577395
1403636675463555584.000000 1.683421612 6.840783119 7.111650467 0.467098624 0.019828657 -0.141632706 -0.872562885
1403636675513555456.000000 1.697499990 6.874702454 7.142891884 0.464804560 0.015382108 -0.134414956 -0.875015855
1403636675563555584.000000 1.713259459 6.901232719 7.171896935 -0.462501526 -0.011301781 0.127036333 0.877397597
1403636675613555456.000000 1.725105643 6.934015274 7.206744671 -0.459850043 -0.007961520 0.120446958 0.879754066
1403636675663555584.000000 1.736056089 6.965582848 7.243535519 0.455974936 0.005238255 -0.115832657 -0.882407129
1403636675713555456.000000 1.745870233 6.995979786 7.282003880 0.450710505 0.001316188 -0.112403885 -0.885564029
1403636675763555584.000000 1.756552935 7.023282051 7.319967270 -0.443945408 0.004522965 0.110317126 0.889225602
1403636675813555456.000000 1.763999701 7.050650597 7.361790657 -0.434184253 0.012273779 0.114187166 0.893473446
1403636675863555584.000000 1.772438169 7.071671009 7.401555061 -0.423088551 0.020337127 0.120154858 0.897855997
1403636675913555456.000000 1.776257515 7.096455097 7.444590569 0.410423636 -0.025169976 -0.128221914 -0.902484417
1403636675963555584.000000 1.778521061 7.120467663 7.487520218 0.397642106 -0.027293997 -0.134941325 -0.907153070
1403636676013555456.000000 1.779399753 7.144159317 7.529847622 0.385866702 -0.026314499 -0.138059810 -0.911786139
1403636676063555584.000000 1.779185534 7.168104649 7.571236134 0.375453651 -0.024072763 -0.137069866 -0.916333437
1403636676113555456.000000 1.777731895 7.192203045 7.611561775 0.366804719 -0.019122534 -0.132021591 -0.920683980
1403636676163555584.000000 1.775910139 7.216685772 7.651346207 0.359464377 -0.013323974 -0.121338591 -0.925140500
1403636676213555456.000000 1.781004071 7.232437611 7.684193134 -0.352237940 0.007441935 0.110519797 0.929332316
1403636676263555584.000000 1.777760506 7.256900311 7.723636627 -0.345202714 0.000411939 0.096597224 0.933543801
1403636676313555456.000000 1.774965286 7.280462742 7.763126373 0.336066216 0.006018212 -0.086592630 -0.937829912
1403636676363555584.000000 1.773564577 7.303480625 7.803263664 0.327506363 0.009286354 -0.073898412 -0.941908896
1403636676413555456.000000 1.773871303 7.325130939 7.843808174 0.318342924 0.013009435 -0.063472845 -0.945758879
1403636676463555584.000000 1.780857801 7.338581562 7.882948399 -0.307611853 -0.015185782 0.058013853 0.949620366
1403636676513555456.000000 1.784643412 7.356147766 7.924055576 -0.295724303 -0.016196158 0.056006838 0.953492641
1403636676563555584.000000 1.790922523 7.372444630 7.966030121 0.283235997 0.013702994 -0.057565525 -0.957223058
1403636676613555456.000000 1.799813032 7.388177395 8.008955956 0.271983027 0.011588839 -0.059118181 -0.960414529
1403636676663555584.000000 1.811340094 7.403460979 8.052100182 0.262565672 0.008580283 -0.060978483 -0.962947249
1403636676713555456.000000 1.830334663 7.411230087 8.093526840 -0.254857361 -0.005907161 0.063652143 0.964863420
1403636676763555584.000000 1.845088720 7.425221920 8.135906219 -0.248363256 -0.002598551 0.066300958 0.966391802
1403636676813555456.000000 1.861846089 7.438416004 8.177658081 0.242131308 0.000887149 -0.069306821 -0.967764556
1403636676863555584.000000 1.879817605 7.451489449 8.218846321 0.235644892 0.000057587 -0.073033608 -0.969091177
1403636676913555456.000000 1.897946239 7.464570045 8.258763313 0.231337309 -0.001710278 -0.074110113 -0.970045328
1403636676963555584.000000 1.914062500 7.477851391 8.298680305 0.228052869 -0.002837927 -0.075212017 -0.970735371
1403636677013555456.000000 1.926837444 7.491595268 8.339267731 0.226902500 -0.003205547 -0.073209792 -0.971156776
1403636677063555584.000000 1.936015606 7.505829334 8.380571365 0.227776632 -0.002626268 -0.067892432 -0.971340120
1403636677113555456.000000 1.941672802 7.520177841 8.423005104 0.229282290 -0.001909195 -0.062486216 -0.971350312
1403636677163555584.000000 1.944293618 7.534028530 8.466228485 0.230969965 -0.000860617 -0.057807017 -0.971241832
1403636677213555456.000000 1.952906132 7.540673256 8.514254570 -0.232989743 0.001589192 0.053952854 0.970980108
1403636677263555584.000000 1.953365803 7.552939892 8.557811737 -0.233421758 0.004215288 0.050177973 0.971070945
1403636677313555456.000000 1.954267859 7.564683437 8.601272583 0.231922746 -0.007814634 -0.047422204 -0.971546173
1403636677363555584.000000 1.956743240 7.574790955 8.644007683 0.228872061 -0.013321799 -0.043254465 -0.972403824
1403636677413555456.000000 1.961544275 7.583551884 8.685950279 0.224694014 -0.019419802 -0.039420556 -0.973438025
1403636677463555584.000000 1.968125820 7.590655327 8.726419449 0.219079614 -0.026118690 -0.036497835 -0.974674225
1403636677513555456.000000 1.975829244 7.595909595 8.765033722 0.211854413 -0.031478062 -0.035218209 -0.976159096
1403636677563555584.000000 1.984763980 7.599592209 8.801788330 0.203699112 -0.035174474 -0.033970475 -0.977811575
1403636677613555456.000000 1.994896770 7.601941109 8.836872101 0.194158837 -0.037060104 -0.034371167 -0.979667127
1403636677663555584.000000 2.013812304 7.605685234 8.875595093 -0.184241697 0.036319442 0.035046697 0.981584251
1403636677713555456.000000 2.026281357 7.605820179 8.906768799 -0.172706038 0.035802960 0.036480989 0.983646274
1403636677763555584.000000 2.038394451 7.604165554 8.934944153 0.161071122 -0.032601036 -0.037092306 -0.985706627
1403636677813555456.000000 2.050922871 7.602201462 8.961516380 0.147546962 -0.027354047 -0.040027510 -0.987866163
1403636677863555584.000000 2.063137531 7.600028992 8.986116409 0.132852450 -0.021928435 -0.044071574 -0.989912689
1403636677913555456.000000 2.076056480 7.598379612 9.009334564 0.118395649 -0.015991550 -0.045959938 -0.991773486
1403636677963555584.000000 2.089807510 7.597490311 9.031299591 0.104415417 -0.011667343 -0.045860708 -0.993407369
1403636678013555456.000000 2.104238272 7.598717213 9.056311607 -0.091793425 0.007069708 0.042500082 0.994845629
1403636678063555584.000000 2.117083073 7.601184845 9.077265739 -0.080617674 0.005521065 0.037615716 0.996019840
1403636678113555456.000000 2.129291773 7.604787350 9.099294662 0.072401442 -0.005018597 -0.029201221 -0.996935427
1403636678163555584.000000 2.139910936 7.610074043 9.120836258 0.065654427 -0.005121374 -0.020901674 -0.997610390
1403636678213555456.000000 2.148861647 7.616371632 9.142451286 0.060441494 -0.004039726 -0.011944255 -0.998092115
1403636678263555584.000000 2.157199144 7.623112679 9.163802147 0.054780960 -0.003716715 -0.004443400 -0.998481572
1403636678313555456.000000 2.165778160 7.629665852 9.184532166 0.047867581 -0.003620249 0.001074093 -0.998846591
1403636678363555584.000000 2.175472260 7.635783195 9.204434395 0.039215390 -0.004023763 0.003013645 -0.999218166
1403636678413555456.000000 2.186206102 7.641789436 9.223663330 0.030646995 -0.002516511 0.005606910 -0.999511421
1403636678463555584.000000 2.194813967 7.646728992 9.240364075 -0.022302659 0.001834090 -0.008808638 0.999710858
1403636678513555456.000000 2.208200693 7.652435780 9.257901192 -0.013570677 0.000252173 -0.012496687 0.999829829
1403636678563555584.000000 2.224347115 7.658227444 9.275036812 0.004178798 -0.000211797 0.015643174 -0.999868929
1403636678613555456.000000 2.241065979 7.663364887 9.290966988 -0.006684263 -0.000264458 0.019750772 -0.999782622
1403636678663555584.000000 2.255716085 7.668960094 9.305904388 0.016831538 0.000641302 -0.027350497 0.999484062
1403636678713555456.000000 2.270769835 7.673978329 9.321765900 0.026512433 0.000849212 -0.037897583 0.998929501
1403636678763555584.000000 2.284414530 7.678474426 9.337626457 -0.036670253 -0.000933436 0.049946446 -0.998078048
1403636678813555456.000000 2.294849157 7.682113171 9.355128288 0.046121418 0.000717229 -0.062990345 0.996947646
1403636678863555584.000000 2.304363012 7.685111046 9.371852875 0.054794431 -0.000012587 -0.074755177 0.995695353
1403636678913555456.000000 2.311633348 7.686886311 9.388643265 -0.062621564 -0.000230997 0.086179458 -0.994309604
1403636678963555584.000000 2.317182064 7.686688900 9.405513763 -0.071619771 0.000540729 0.093550406 -0.993035138
1403636679013555456.000000 2.321874857 7.683834553 9.422439575 0.081653103 0.000295580 -0.097693965 0.991861224
1403636679063555584.000000 2.324745178 7.679496288 9.438998222 0.092833124 0.001289518 -0.099166140 0.990730226
1403636679113555456.000000 2.326357841 7.673450947 9.455538750 -0.104695082 -0.003139520 0.099689558 -0.989490330
1403636679163555584.000000 2.326158762 7.665615082 9.471668243 -0.118031323 -0.004782105 0.096487090 -0.988299549
1403636679213555456.000000 2.323747635 7.654824257 9.488555908 0.133114636 0.007756473 -0.091548815 0.986832917
1403636679263555584.000000 2.322896957 7.644307137 9.502911568 0.148163766 0.009967296 -0.087426730 0.985040545
1403636679313555456.000000 2.322943926 7.632870197 9.515583038 -0.162765831 -0.010794551 0.084384277 -0.982990384
1403636679363555584.000000 2.324373007 7.621415615 9.527090073 -0.176931515 -0.011804985 0.084637284 -0.980506301
1403636679413555456.000000 2.327389956 7.610144615 9.537216187 -0.190026566 -0.011240245 0.086115353 -0.977930367
1403636679463555584.000000 2.331975937 7.599259377 9.545500755 0.202846572 0.010709937 -0.088466793 0.975147307
1403636679513555456.000000 2.337983608 7.588848114 9.552498817 0.214407399 0.009397508 -0.091988899 0.972357571
1403636679563555584.000000 2.341222763 7.580996513 9.561100006 0.224288687 0.007901132 -0.095502540 0.969799697
1403636679613555456.000000 2.349989414 7.571846485 9.566159248 0.232842267 0.006373186 -0.097630121 0.967580616
1403636679663555584.000000 2.359903812 7.563554764 9.569906235 0.239682138 0.003400702 -0.100107148 0.965670526
1403636679713555456.000000 2.370792389 7.556389809 9.572060585 0.245110780 0.001575243 -0.102941468 0.964013100
1403636679763555584.000000 2.383250713 7.550313950 9.572909355 0.248740777 0.001596895 -0.106796898 0.962662935
1403636679813555456.000000 2.397866726 7.544681549 9.572520256 0.252068430 0.005111375 -0.108656846 0.961576402
1403636679863555584.000000 2.414911747 7.538773060 9.571626663 0.253927976 0.009235442 -0.110553779 0.960839868
1403636679913555456.000000 2.433318853 7.532988071 9.569864273 0.254552782 0.015262441 -0.114848718 0.960093617
1403636679963555584.000000 2.444535732 7.529114723 9.565776825 0.254278272 0.017521216 -0.118584156 0.959673643
1403636680013555456.000000 2.464159012 7.523397446 9.561035156 0.251853019 0.020339193 -0.125614151 0.959363103
1403636680063555584.000000 2.485191345 7.518344402 9.554460526 0.248943657 0.022841169 -0.132867634 0.959088922
1403636680113555456.000000 2.505259275 7.512606621 9.545805931 0.245496631 0.026210530 -0.141020954 0.958727062
1403636680163555584.000000 2.523085833 7.506152630 9.535845757 0.243210644 0.027375044 -0.144944787 0.958691955
1403636680213555456.000000 2.538524151 7.498605251 9.524315834 0.242991135 0.027368428 -0.143888459 0.958906889
1403636680263555584.000000 2.552158833 7.490026474 9.511205673 0.242681041 0.030038616 -0.142797589 0.959068596
1403636680313555456.000000 2.563072681 7.480740070 9.496882439 0.240368947 0.031595916 -0.145623431 0.959175825
1403636680363555584.000000 2.568197012 7.471794605 9.477910995 0.236414790 0.031418193 -0.151938409 0.959184885
1403636680413555456.000000 2.573921442 7.460562229 9.460538864 -0.232883543 -0.029106935 0.156723246 -0.959351778
1403636680463555584.000000 2.577673912 7.448081970 9.441981316 -0.230126619 -0.026803534 0.159734488 -0.959587514
1403636680513555456.000000 2.579241276 7.433583736 9.421958923 -0.227562413 -0.024648571 0.162064940 -0.959866047
1403636680563555584.000000 2.578571558 7.417082787 9.400588989 -0.226677418 -0.022161124 0.160404533 -0.960414827
1403636680613555456.000000 2.575990677 7.398411274 9.377743721 -0.226891249 -0.020988783 0.156401962 -0.961050630
1403636680663555584.000000 2.571554899 7.377837181 9.353811264 -0.226288140 -0.020055227 0.154233798 -0.961563051
1403636680713555456.000000 2.565150738 7.355397701 9.328918457 -0.226683617 -0.017352255 0.150136665 -0.962170720
1403636680763555584.000000 2.556967735 7.331609249 9.302904129 -0.228740707 -0.012909316 0.141377062 -0.963080347
1403636680813555456.000000 2.547824621 7.306314945 9.276192665 -0.231258944 -0.008987408 0.132106483 -0.963839471
1403636680863555584.000000 2.536765099 7.284387589 9.255698204 0.234565824 0.003764815 -0.120581351 0.964585304
1403636680913555456.000000 2.525103807 7.258705616 9.228928566 0.237543061 -0.003285140 -0.110049345 0.965117514
1403636680963555584.000000 2.510839224 7.232148170 9.202054024 0.238926128 -0.012461219 -0.104368217 0.965332210
1403636681013555456.000000 2.495906830 7.206352234 9.176733017 -0.238342255 0.020696433 0.103682093 -0.965409160
1403636681063555584.000000 2.482051373 7.181482315 9.154139519 0.237563655 -0.028833767 -0.104627199 0.965290368
1403636681113555456.000000 2.466138601 7.156195641 9.131509781 0.236185238 -0.034327209 -0.107467540 0.965136766
1403636681163555584.000000 2.451124430 7.130824089 9.110864639 -0.235359043 0.034143321 0.109712884 -0.965092480
1403636681213555456.000000 2.437069893 7.104917049 9.091561317 -0.234289512 0.027632613 0.113802694 -0.965087533
1403636681263555584.000000 2.424338102 7.078354359 9.073014259 -0.233911261 0.018210677 0.116923004 -0.965030015
1403636681313555456.000000 2.412560225 7.051337242 9.054404259 -0.234331086 0.010936806 0.117559575 -0.964960694
1403636681363555584.000000 2.406663656 7.021495342 9.037210464 0.234662935 -0.003711002 -0.117656797 0.964923024
1403636681413555456.000000 2.397917747 6.993666649 9.017882347 -0.236069694 -0.001102257 0.115857720 -0.964804113
1403636681463555584.000000 2.390387297 6.965870857 8.996934891 0.237670138 0.003767094 -0.113181539 0.964722097
1403636681513555456.000000 2.383821249 6.938146591 8.975433350 0.238847420 0.005412212 -0.111805849 0.964583933
1403636681563555584.000000 2.377598763 6.910352707 8.953624725 0.239895880 0.005806140 -0.111986794 0.964300394
1403636681613555456.000000 2.370615244 6.882975101 8.931824684 0.239592120 0.006247857 -0.114822194 0.964039683
1403636681663555584.000000 2.366469622 6.853775024 8.914670944 0.239916742 0.006596652 -0.116160050 0.963796318
1403636681713555456.000000 2.357114077 6.826494694 8.892860413 0.240279585 0.007196701 -0.117802277 0.963502228
1403636681763555584.000000 2.346812487 6.798768997 8.871701241 0.240694374 0.007890475 -0.118660755 0.963287950
1403636681813555456.000000 2.335619211 6.770929337 8.849948883 0.241349250 0.008435105 -0.119290821 0.963041663
1403636681863555584.000000 2.324731112 6.742851734 8.827445030 0.242345065 0.009023758 -0.118984945 0.962823987
1403636681913555456.000000 2.314961195 6.714594364 8.804025650 0.243364349 0.010003846 -0.118587099 0.962606311
1403636681963555584.000000 2.309263468 6.684309959 8.781344414 0.244644448 0.009627825 -0.117689133 0.962395847
1403636682013555456.000000 2.302906275 6.655047417 8.756052017 0.245863959 0.009262408 -0.116578333 0.962223828
1403636682063555584.000000 2.298441410 6.626505852 8.729076385 0.247099474 0.008447169 -0.115082219 0.962094903
1403636682113555456.000000 2.295320511 6.598113060 8.700525284 0.248079017 0.008484505 -0.114213772 0.961946011
1403636682163555584.000000 2.292768240 6.570087433 8.670994759 0.248935997 0.007725940 -0.113155864 0.961856008
1403636682213555456.000000 2.289553404 6.542471409 8.641242981 0.249353766 0.004696621 -0.112869434 0.961800992
1403636682263555584.000000 2.286041975 6.513082504 8.613823891 0.249658301 0.000362379 -0.111956127 0.961840153
1403636682313555456.000000 2.279631138 6.486225605 8.585082054 0.249134898 -0.005554442 -0.112850979 0.961855352
1403636682363555584.000000 2.271631718 6.459585190 8.558140755 0.248714268 -0.011718660 -0.112922132 0.961900473
1403636682413555456.000000 2.263212442 6.432780266 8.531816483 -0.248201594 0.015037044 0.112946704 -0.961983860
1403636682463555584.000000 2.254979849 6.406009674 8.506385803 0.247937888 -0.013221500 -0.112383083 0.962144494
1403636682513555456.000000 2.246343851 6.379381657 8.481793404 0.246864662 -0.008680408 -0.113124780 0.962385237
1403636682563555584.000000 2.236938715 6.352797031 8.457930565 0.245806143 -0.003904293 -0.113908097 0.962594926
1403636682613555456.000000 2.226352453 6.326047421 8.434496880 0.245041996 0.000348307 -0.114662066 0.962708116
1403636682663555584.000000 2.214888573 6.299144745 8.411249161 0.243998230 0.004147358 -0.114771865 0.962951243
1403636682713555456.000000 2.203451633 6.271977425 8.387711525 0.244013727 0.006151775 -0.112844445 0.963164389
1403636682763555584.000000 2.186656713 6.238946915 8.361532211 0.243375018 0.008785412 -0.110711157 0.963553071
1403636682813555456.000000 2.177723408 6.212136745 8.336643219 0.242722422 0.011118758 -0.109372266 0.963846445
1403636682863555584.000000 2.170325041 6.185615540 8.310265541 0.241648033 0.013094095 -0.110763133 0.963932693
1403636682913555456.000000 2.163818836 6.159265518 8.283409119 0.239542961 0.013879737 -0.113027766 0.964184284
1403636682963555584.000000 2.158575296 6.132796764 8.255146980 0.238081336 0.014474505 -0.115374409 0.964259565
1403636683013555456.000000 2.153796911 6.106378555 8.225749016 0.236744836 0.014753047 -0.118532643 0.964201391
1403636683063555584.000000 2.148474455 6.079534531 8.196041107 0.236592487 0.015981644 -0.118419483 0.964233100
1403636683113555456.000000 2.141103983 6.052420616 8.166322708 0.236913875 0.014772073 -0.118275627 0.964191139
1403636683163555584.000000 2.131907940 6.025151253 8.136629105 0.237862736 0.013720945 -0.116583377 0.964179158
1403636683213555456.000000 2.120913982 5.997790813 8.106895447 0.238987133 0.011562704 -0.114987709 0.964120984
1403636683263555584.000000 2.106270313 5.972246647 8.073541641 0.239524707 0.010450127 -0.114096172 0.964106262
1403636683313555456.000000 2.092701912 5.945010185 8.043745995 0.240951642 0.009468582 -0.112794489 0.963913977
1403636683363555584.000000 2.077688217 5.917336941 8.014147758 0.242162064 0.008593698 -0.111762777 0.963738978
1403636683413555456.000000 2.061817408 5.890232086 7.984680176 0.243179351 0.008001069 -0.111346617 0.963536084
1403636683463555584.000000 2.044877052 5.863161087 7.955496788 0.244587973 0.007040943 -0.110460244 0.963288963
1403636683513555456.000000 2.027411699 5.836410046 7.926578522 0.245063320 0.007027491 -0.110959850 0.963110864
1403636683563555584.000000 2.009089470 5.809980392 7.897822380 0.245871872 0.006874605 -0.110557824 0.962952077
1403636683613555456.000000 1.989598036 5.783901215 7.869174957 0.246240914 0.005250596 -0.110985205 0.962818861
1403636683663555584.000000 1.962547898 5.763576031 7.833227158 0.246964499 0.003063526 -0.110880546 0.962655067
1403636683713555456.000000 1.942080259 5.738049507 7.804560661 0.247380644 0.000293105 -0.111281306 0.962506771
1403636683763555584.000000 1.923055887 5.712755680 7.775325298 0.248128951 -0.002608893 -0.110362254 0.962416530
1403636683813555456.000000 1.905697227 5.687477112 7.745883465 0.248330548 -0.005757958 -0.111628011 0.962204754
1403636683863555584.000000 1.890016794 5.662464142 7.715887547 0.249917507 -0.008794033 -0.109875716 0.961972654
1403636683913555456.000000 1.876054287 5.637324810 7.686551571 0.249856904 -0.008934421 -0.112320282 0.961704731
1403636683963555584.000000 1.864571691 5.611780167 7.657414913 0.250801533 -0.008977527 -0.111555561 0.961547375
1403636684013555456.000000 1.855759621 5.586106300 7.628141403 0.251905143 -0.007312928 -0.110941648 0.961344063
1403636684063555584.000000 1.842508316 5.565367699 7.591632843 0.252914071 -0.004973134 -0.110875100 0.961101770
1403636684113555456.000000 1.837624311 5.540124416 7.561058044 0.253877461 -0.003343818 -0.111214310 0.960815549
1403636684163555584.000000 1.833629131 5.515034199 7.530708790 0.254982263 -0.002461035 -0.111439027 0.960499525
1403636684213555456.000000 1.831589937 5.490183830 7.499508381 0.256181180 -0.001194516 -0.111062638 0.960226476
1403636684263555584.000000 1.830850244 5.465424538 7.468069077 0.257568538 0.000058918 -0.110327266 0.959940851
1403636684313555456.000000 1.830075860 5.441089630 7.436532497 0.258324027 0.002233888 -0.110826798 0.959677637
1403636684363555584.000000 1.827783346 5.417345524 7.405132771 0.259290546 0.003989463 -0.110609077 0.959436417
1403636684413555456.000000 1.823746681 5.394196987 7.374219418 0.260042071 0.005152067 -0.110617429 0.959226489
1403636684463555584.000000 1.817795396 5.371526718 7.343708038 0.261027783 0.005339612 -0.109466136 0.959089816
1403636684513555456.000000 1.810136795 5.349521637 7.313366890 0.262794375 0.005183649 -0.106744476 0.958914936
1403636684563555584.000000 1.798268557 5.330313683 7.277611732 0.263806731 0.006250526 -0.105053358 0.958817422
1403636684613555456.000000 1.787348509 5.310420990 7.247528076 0.264911711 0.006292786 -0.103029184 0.958732069
1403636684663555584.000000 1.776113391 5.291148663 7.218232155 0.265618294 0.006696011 -0.102493115 0.958591342
1403636684713555456.000000 1.763079643 5.272993088 7.189148903 0.266091794 0.007436350 -0.101856925 0.958522320
1403636684763555584.000000 1.748492122 5.255942345 7.160336971 0.266108811 0.008043594 -0.102295235 0.958466053
1403636684813555456.000000 1.732268929 5.239954472 7.131809235 0.266180813 0.008365929 -0.102134690 0.958460391
1403636684863555584.000000 1.714319229 5.225146294 7.103565693 0.265870273 0.008109908 -0.103374705 0.958415866
1403636684913555456.000000 1.695642114 5.211446762 7.075230122 0.264645070 0.009669777 -0.106411710 0.958408117
1403636684963555584.000000 1.677067280 5.198516846 7.046426773 0.262461007 0.009814256 -0.112196051 0.958347559
1403636685013555456.000000 1.658884048 5.186483383 7.016923428 0.260577232 0.009693690 -0.115803920 0.958433628
1403636685063555584.000000 1.642102480 5.162667274 6.993737698 0.258662969 0.009381566 -0.118035622 0.958683014
1403636685113555456.000000 1.627707720 5.150367737 6.962594032 0.257558197 0.007886450 -0.119110897 0.958860934
1403636685163555584.000000 1.614668250 5.138492584 6.930587292 0.256859273 0.005156489 -0.118442520 0.959149659
1403636685213555456.000000 1.602639794 5.127097130 6.897171497 0.254707724 0.003404692 -0.120922320 0.959421813
1403636685263555584.000000 1.591495156 5.115620613 6.863020420 0.252389550 0.001899111 -0.123525746 0.959706962
1403636685313555456.000000 1.582158208 5.103476048 6.828397751 0.250269085 0.001038524 -0.125488386 0.960008860
1403636685363555584.000000 1.573742628 5.090783119 6.793176174 0.248715594 0.000823053 -0.126527041 0.960276425
1403636685413555456.000000 1.565085053 5.077441692 6.758156776 0.247730300 0.000926637 -0.125633687 0.960648239
1403636685463555584.000000 1.555006742 5.063399315 6.723385811 0.247461677 0.000113132 -0.123578705 0.960984409
1403636685513555456.000000 1.543624878 5.048923969 6.689058781 0.247311234 -0.000097896 -0.121409163 0.961299658
1403636685563555584.000000 1.536200047 5.028624535 6.655679703 0.246634126 -0.001383955 -0.120256655 0.961617410
1403636685613555456.000000 1.521963477 5.013219833 6.622443676 0.246878594 -0.001407756 -0.117806539 0.961857915
1403636685663555584.000000 1.505926013 4.998127937 6.588843346 0.246023491 -0.000557235 -0.118296891 0.962017655
1403636685713555456.000000 1.488720655 4.982749939 6.556075573 0.245557576 0.000705074 -0.118989505 0.962051213
1403636685763555584.000000 1.470285892 4.966986179 6.523771763 0.245212823 0.001520167 -0.119760901 0.962042451
1403636685813555456.000000 1.451077938 4.951031685 6.491796017 0.244247630 0.003471699 -0.121889040 0.962015688
1403636685863555584.000000 1.430929422 4.934858322 6.460042953 0.243542001 0.005285596 -0.123611815 0.961966515
1403636685913555456.000000 1.413819075 4.919571877 6.430041790 0.243981495 0.004443188 -0.122645117 0.961983085
1403636685963555584.000000 1.391559601 4.902801514 6.398328304 0.245264068 0.002769671 -0.119887620 0.962010801
1403636686013555456.000000 1.369314075 4.885354996 6.366007328 0.246251807 0.000309639 -0.117414802 0.962067485
1403636686063555584.000000 1.348401904 4.868079185 6.332984447 0.247474357 -0.002953329 -0.114911586 0.962051511
1403636686113555456.000000 1.329649448 4.850566864 6.299687386 0.248209238 -0.005110192 -0.112913765 0.962089717
1403636686163555584.000000 1.315253854 4.834328651 6.268433094 0.248372987 -0.004970709 -0.112215139 0.962129951
1403636686213555456.000000 1.300600648 4.816671371 6.234764576 0.248345733 -0.006139187 -0.111396529 0.962225318
1403636686263555584.000000 1.287556410 4.799283028 6.201533318 0.248571306 -0.007508232 -0.110189304 0.962296367
1403636686313555456.000000 1.276333809 4.781780720 6.167952538 0.248470277 -0.008831077 -0.109531641 0.962386310
1403636686363555584.000000 1.266944051 4.764318466 6.134415627 0.248690352 -0.009910799 -0.108812317 0.962400556
1403636686413555456.000000 1.258460522 4.747071743 6.101368904 0.248194754 -0.010831168 -0.109303661 0.962462902
1403636686463555584.000000 1.249135971 4.730008602 6.069097042 0.248238176 -0.012465932 -0.109080866 0.962457180
1403636686513555456.000000 1.238558769 4.713215351 6.037880898 0.248535022 -0.014051213 -0.108500302 0.962424397
1403636686563555584.000000 1.227146506 4.698299885 6.011884689 0.248469934 -0.014008048 -0.109149031 0.962368488
1403636686613555456.000000 1.214521170 4.682080269 5.983004570 0.248471886 -0.014164221 -0.110806368 0.962176204
1403636686663555584.000000 1.200231791 4.665697098 5.955481052 0.248369858 -0.013945468 -0.111336462 0.962144613
1403636686713555456.000000 1.185456276 4.649209976 5.928734303 0.248651102 -0.013575442 -0.111190453 0.962094128
1403636686763555584.000000 1.170880556 4.632632732 5.902691841 0.249317691 -0.012020248 -0.110626519 0.962007344
1403636686813555456.000000 1.157549143 4.616000175 5.877088547 0.249522060 -0.010208759 -0.110362262 0.962005556
1403636686863555584.000000 1.145702958 4.599366188 5.851497173 0.250486672 -0.009070727 -0.109287575 0.961889029
1403636686913555456.000000 1.135979176 4.582884312 5.825707436 0.251239032 -0.007929196 -0.108137719 0.961832821
1403636686963555584.000000 1.128116846 4.566783428 5.799693584 0.251776457 -0.007105643 -0.107444361 0.961776435
1403636687013555456.000000 1.120525479 4.550729275 5.776505947 0.252538592 -0.006197797 -0.106890202 0.961644590
1403636687063555584.000000 1.115978718 4.535047054 5.750696659 0.252855897 -0.006062175 -0.105770670 0.961685836
1403636687113555456.000000 1.113707066 4.519505978 5.724127769 0.253225297 -0.006078672 -0.105719849 0.961594224
1403636687163555584.000000 1.111176729 4.504326820 5.697905540 0.253606886 -0.005787427 -0.105888672 0.961476803
1403636687213555456.000000 1.108334184 4.489490032 5.672247410 0.253622681 -0.004274933 -0.105877958 0.961481750
1403636687263555584.000000 1.104122639 4.475159168 5.647377014 0.253819853 -0.003822594 -0.106332570 0.961381495
1403636687313555456.000000 1.098509789 4.461294174 5.623254776 0.254167676 -0.003015675 -0.106418796 0.961282909
1403636687363555584.000000 1.091572523 4.448052883 5.600037098 0.254039288 -0.001132080 -0.107121401 0.961242855
1403636687413555456.000000 1.080972433 4.434726238 5.576933861 0.254178643 0.000389001 -0.107791431 0.961131692
1403636687463555584.000000 1.070870042 4.422099113 5.555357456 0.254310280 0.001275877 -0.108060613 0.961065888
1403636687513555456.000000 1.059700370 4.409733772 5.533776283 0.254518032 0.001892334 -0.107814446 0.961037517
1403636687563555584.000000 1.046212554 4.397818089 5.513112068 0.255350322 0.001413343 -0.106649928 0.960947514
1403636687613555456.000000 1.031308889 4.386365891 5.493008137 0.256131709 0.002355245 -0.105583660 0.960855424
1403636687663555584.000000 1.014581203 4.375541210 5.473388195 0.256935418 0.002220263 -0.104805879 0.960726321
1403636687713555456.000000 0.996493340 4.365346909 5.454281330 0.257872522 0.003431069 -0.103343397 0.960630059
1403636687763555584.000000 0.978293300 4.354920387 5.435884476 0.258333832 0.002815721 -0.103008278 0.960544169
1403636687813555456.000000 0.957342744 4.345856190 5.418053627 0.258238822 0.002780945 -0.103857554 0.960478365
1403636687863555584.000000 0.934838176 4.336970329 5.400635719 0.258380651 0.002412576 -0.103969418 0.960429072
1403636687913555456.000000 0.911353290 4.328920364 5.383834839 0.258007169 0.002371018 -0.105375521 0.960376322
1403636687963555584.000000 0.886966586 4.321294785 5.367396355 0.257246166 0.002705385 -0.108039916 0.960283577
1403636688013555456.000000 0.868928254 4.309792995 5.349215508 0.256106585 0.002776375 -0.110423781 0.960316777
1403636688063555584.000000 0.843664825 4.302517414 5.333128929 0.254990906 0.003504102 -0.114324741 0.960154831
1403636688113555456.000000 0.819716811 4.295178890 5.316563606 0.253957897 0.004004385 -0.116961278 0.960109115
1403636688163555584.000000 0.796855569 4.287894249 5.298910141 0.253697336 0.003722298 -0.117971018 0.960055590
1403636688213555456.000000 0.775675595 4.280138969 5.280629635 0.253669918 0.003496067 -0.117967650 0.960064113
1403636688263555584.000000 0.756367803 4.273941040 5.261127949 0.254338175 0.003881973 -0.116597205 0.960053205
1403636688313555456.000000 0.737635553 4.265488148 5.241193771 0.255274177 0.002336229 -0.114318244 0.960083842
1403636688363555584.000000 0.719569027 4.257324696 5.220899105 0.256197929 0.001462437 -0.112141907 0.960096240
1403636688413555456.000000 0.700858235 4.249132156 5.200700760 0.256403029 -0.000153207 -0.111862168 0.960075200
1403636688463555584.000000 0.681729555 4.241310120 5.180794239 0.255497426 0.000502069 -0.113615967 0.960110545
1403636688513555456.000000 0.661656082 4.234222889 5.162088871 0.254706442 0.000352752 -0.116326094 0.959996283
1403636688563555584.000000 0.640583336 4.226582050 5.142691135 0.252892315 0.000952084 -0.120800354 0.959922850
1403636688613555456.000000 0.618402898 4.218859673 5.123673916 0.251352727 0.001346031 -0.125607252 0.959709764
1403636688663555584.000000 0.595321655 4.210312366 5.104800224 0.250682145 0.001930269 -0.128598556 0.959488034
1403636688713555456.000000 0.571269214 4.201209068 5.086083412 0.250647485 0.002316615 -0.130186319 0.959282100
1403636688763555584.000000 0.546407461 4.191519737 5.067160606 0.250990540 0.001893167 -0.131781846 0.958975375
1403636688813555456.000000 0.522026002 4.180450916 5.049915314 0.252505511 0.001173324 -0.130411252 0.958766162
1403636688863555584.000000 0.499228001 4.168568611 5.030032158 0.254363298 -0.000115486 -0.131648362 0.958106518
1403636688913555456.000000 0.478242993 4.155643463 5.008975983 0.258109778 -0.002021530 -0.130998492 0.957191050
1403636688963555584.000000 0.458853602 4.141806126 4.987322330 0.261845082 -0.004509346 -0.130112723 0.956288457
1403636689013555456.000000 0.441431075 4.127134323 4.965013981 0.265523791 -0.006637449 -0.129150704 0.955391645
1403636689063555584.000000 0.426626861 4.113445759 4.938121796 0.269375980 -0.008777824 -0.127708033 0.954489529
1403636689113555456.000000 0.412996471 4.097473621 4.915052414 0.273358643 -0.011079499 -0.126152277 0.953539670
1403636689163555584.000000 0.401402056 4.081382275 4.891839504 0.276978821 -0.013703411 -0.125208676 0.952584803
1403636689213555456.000000 0.391776681 4.065137863 4.867989540 0.279829711 -0.015580120 -0.125781476 0.951646805
1403636689263555584.000000 0.384018272 4.048945904 4.843875885 0.282659680 -0.016973170 -0.125404343 0.950836062
1403636689313555456.000000 0.376143038 4.030958176 4.823826313 0.284953028 -0.018645350 -0.125665084 0.950085461
1403636689363555584.000000 0.373227954 4.013886929 4.800511837 0.286896139 -0.018639125 -0.125934348 0.949465036
1403636689413555456.000000 0.372443497 3.996396542 4.777907848 0.288498849 -0.018506449 -0.126945123 0.948847115
1403636689463555584.000000 0.373738170 3.978904963 4.754764557 0.290035933 -0.018342625 -0.126560047 0.948433101
1403636689513555456.000000 0.377124548 3.961504936 4.731307030 0.291061759 -0.019249717 -0.126878947 0.948058128
1403636689563555584.000000 0.381564379 3.944242239 4.707707405 0.292100310 -0.021216303 -0.126581863 0.947736442
1403636689613555456.000000 0.387363613 3.927430630 4.683769226 0.292662859 -0.023958636 -0.126314461 0.947533250
1403636689663555584.000000 0.391586721 3.904356480 4.670499802 0.293434173 -0.027706921 -0.124368526 0.947449863
1403636689713555456.000000 0.396615803 3.887125015 4.649739742 0.294252098 -0.032423548 -0.121610403 0.947404563
1403636689763555584.000000 0.400636286 3.870402336 4.629656792 0.294956893 -0.038249549 -0.117584839 0.947476208
1403636689813555456.000000 0.404511631 3.853239775 4.612225056 0.295673728 -0.041607354 -0.114066422 0.947541416
1403636689863555584.000000 0.408428133 3.835979462 4.597052097 0.296343356 -0.042114038 -0.110213101 0.947765887
1403636689913555456.000000 0.413342804 3.814079285 4.591757298 0.298065156 -0.042253479 -0.103267290 0.948001981
1403636689963555584.000000 0.417413533 3.797221184 4.581567287 0.298613489 -0.040814839 -0.098909944 0.948357046
1403636690013555456.000000 0.421069264 3.781097889 4.574639797 0.298104465 -0.039282214 -0.097951964 0.948681235
1403636690063555584.000000 0.424527675 3.766031504 4.569707394 0.296922743 -0.038159102 -0.099095590 0.948978841
1403636690113555456.000000 0.427435249 3.751769066 4.567163944 0.294569999 -0.038299449 -0.104104891 0.949170113
1403636690163555584.000000 0.430765688 3.737972498 4.566740990 0.291756243 -0.037283488 -0.110002741 0.949414432
1403636690213555456.000000 0.435575604 3.724216938 4.567889214 0.289472073 -0.036586955 -0.114792161 0.949573636
1403636690263555584.000000 0.444442302 3.708192110 4.572415829 0.288111299 -0.035853043 -0.116750509 0.949776769
1403636690313555456.000000 0.453370661 3.693692207 4.576291084 0.286994219 -0.034505662 -0.119273871 0.949851334
1403636690363555584.000000 0.464146644 3.678791523 4.581316948 0.285936803 -0.033426601 -0.120773539 0.950019300
1403636690413555456.000000 0.475818038 3.663584709 4.587224960 0.285491168 -0.032781690 -0.121440500 0.950090766
1403636690463555584.000000 0.487919986 3.647921085 4.594410896 0.285957992 -0.031794053 -0.120003954 0.950166464
1403636690513555456.000000 0.501595736 3.632715225 4.598988056 0.287263513 -0.031153893 -0.115781091 0.950317860
1403636690563555584.000000 0.512466848 3.616877556 4.608816147 0.288541496 -0.030545728 -0.112140723 0.950386882
1403636690613555456.000000 0.521880925 3.601658583 4.620241165 0.290520877 -0.032266576 -0.105855756 0.950447857
1403636690663555584.000000 0.530855358 3.586687088 4.633409023 0.292405009 -0.032182902 -0.100215673 0.950484335
1403636690713555456.000000 0.541107357 3.574021816 4.645016193 0.295860529 -0.031226818 -0.090916373 0.950381875
1403636690763555584.000000 0.545130551 3.560942173 4.662382126 0.299310505 -0.030693501 -0.080443539 0.950263083
1403636690813555456.000000 0.546114266 3.549602985 4.682346821 0.302129835 -0.029217586 -0.072302870 0.950071692
1403636690863555584.000000 0.545006514 3.540508747 4.704826832 0.304483443 -0.025280554 -0.065893747 0.949899375
1403636690913555456.000000 0.543202639 3.533937931 4.729045391 0.306565106 -0.019501237 -0.060517143 0.949723780
1403636690963555584.000000 0.542779028 3.530202389 4.754482269 0.308920890 -0.011942335 -0.054486405 0.949450672
1403636691013555456.000000 0.543822467 3.530961990 4.779294491 0.311117887 -0.002662015 -0.049520202 0.949076593
1403636691063555584.000000 0.548522711 3.534325123 4.805669308 0.312689453 0.006027326 -0.046722505 0.948686481
1403636691113555456.000000 0.554501235 3.541467190 4.831737518 0.313549519 0.012029204 -0.046882998 0.948337495
1403636691163555584.000000 0.564092278 3.553547859 4.856439114 0.313244313 0.020236311 -0.049903497 0.948144615
1403636691213555456.000000 0.575672030 3.569705009 4.880290031 0.311378896 0.027647430 -0.057813287 0.948122621
1403636691263555584.000000 0.588700652 3.590058565 4.902228355 0.308320820 0.034733813 -0.068902284 0.948147833
1403636691313555456.000000 0.598204792 3.613260746 4.921008587 0.305343688 0.038803577 -0.079553671 0.948119640
1403636691363555584.000000 0.612369478 3.639987469 4.938558578 0.302973390 0.039385956 -0.088913582 0.948024392
1403636691413555456.000000 0.625818729 3.668829918 4.953284740 0.302097857 0.033174444 -0.095307447 0.947920322
1403636691463555584.000000 0.641745985 3.698575258 4.967354298 0.301413238 0.024578346 -0.100548185 0.947858632
1403636691513555456.000000 0.659568787 3.729315281 4.979555607 0.301895767 0.016066652 -0.102838695 0.947641790
1403636691563555584.000000 0.680017650 3.760766268 4.990214348 0.302484363 0.010987309 -0.104654908 0.947327793
1403636691613555456.000000 0.702709079 3.792748451 4.999869347 0.302578330 0.006533597 -0.108004518 0.946962953
1403636691663555584.000000 0.723797619 3.828220844 5.005592823 0.301022947 0.004895417 -0.114471488 0.946708858
1403636691713555456.000000 0.747409046 3.861394882 5.014258862 0.298987448 0.003081150 -0.121878609 0.946436822
1403636691763555584.000000 0.770103574 3.894433498 5.022784710 0.297530860 0.003658901 -0.127416894 0.946164370
1403636691813555456.000000 0.790536165 3.927341938 5.031219006 0.297307909 0.002626098 -0.129004464 0.946022749
1403636691863555584.000000 0.808562517 3.960157871 5.039518356 0.297892749 0.001186840 -0.128118023 0.945962071
1403636691913555456.000000 0.824476242 3.993102551 5.047911167 0.298760086 0.000723080 -0.125529140 0.946036100
1403636691963555584.000000 0.839771867 4.025933266 5.056347847 0.300361454 0.004089029 -0.121622726 0.946030796
1403636692013555456.000000 0.853775680 4.059053421 5.064636707 0.301426083 0.007744259 -0.118375741 0.946081221
1403636692063555584.000000 0.866487563 4.092633247 5.072541237 0.302074194 0.007696644 -0.116161697 0.946149290
1403636692113555456.000000 0.879451394 4.126740932 5.079672337 0.301107913 0.007290470 -0.117859408 0.946250558
1403636692163555584.000000 0.899032235 4.165234566 5.081761360 0.299098670 0.008886438 -0.122748271 0.946252584
1403636692213555456.000000 0.914831758 4.198940277 5.086959362 0.297688991 0.008115804 -0.125863448 0.946294785
1403636692263555584.000000 0.931243479 4.232595444 5.090754509 0.296686590 0.006889655 -0.127306953 0.946426272
1403636692313555456.000000 0.949825883 4.266051292 5.092350006 0.296492964 0.005719132 -0.126614630 0.946587563
1403636692363555584.000000 0.969420135 4.299931049 5.091969967 0.296994001 0.004186266 -0.124088719 0.946772993
1403636692413555456.000000 0.990230918 4.333620548 5.091063023 0.296147764 0.002766200 -0.124464929 0.946993887
1403636692463555584.000000 1.012923717 4.366699219 5.089481354 0.294692844 0.002547362 -0.127043068 0.947105944
1403636692513555456.000000 1.036860585 4.399633408 5.086870670 0.292380214 0.003565117 -0.131098509 0.947266817
1403636692563555584.000000 1.062284589 4.432025909 5.083510876 0.291689336 0.003877229 -0.131313056 0.947448790
1403636692613555456.000000 1.090599895 4.463827133 5.079455376 0.291722924 0.003218101 -0.130082190 0.947610736
1403636692663555584.000000 1.129443765 4.493556976 5.074647903 0.291408330 0.002168597 -0.129058078 0.947850525
1403636692713555456.000000 1.156222224 4.524517059 5.069160461 0.289567471 0.000471393 -0.131964892 0.948016822
1403636692763555584.000000 1.181742430 4.555383205 5.063778400 0.285921454 -0.000958922 -0.139857799 0.947991490
1403636692813555456.000000 1.205727696 4.585419655 5.058501244 0.281578094 -0.002461384 -0.149266824 0.947853982
1403636692863555584.000000 1.228493810 4.613922119 5.053209782 0.278607845 -0.003134364 -0.156054348 0.947636545
1403636692913555456.000000 1.249906182 4.640550137 5.047740459 -0.276404113 0.003915876 0.161194667 -0.947418511
1403636692963555584.000000 1.270194769 4.664713860 5.042013645 -0.276247412 0.005238251 0.161420092 -0.947419405
1403636693013555456.000000 1.289579988 4.686339855 5.036190987 -0.277559787 0.007430560 0.158251569 -0.947555721
1403636693063555584.000000 1.308043242 4.706124783 5.030251503 -0.279152364 0.007308077 0.154175997 -0.947760761
1403636693113555456.000000 1.325511813 4.724084854 5.024532318 0.281031460 -0.006030038 -0.150303870 0.947836399
1403636693163555584.000000 1.343203068 4.740115643 5.016565323 0.282804549 -0.006120930 -0.146818012 0.947854817
1403636693213555456.000000 1.356789947 4.755532742 5.011619091 0.283711672 -0.008312730 -0.145274222 0.947804868
1403636693263555584.000000 1.367716908 4.769796848 5.007142067 0.284781724 -0.012443211 -0.143290505 0.947740734
1403636693313555456.000000 1.377545834 4.783098221 5.003180027 0.285979062 -0.017813098 -0.140755445 0.947674274
1403636693363555584.000000 1.386361122 4.795483589 4.999791622 0.287033856 -0.022606270 -0.138722554 0.947552979
1403636693413555456.000000 1.394567847 4.806879997 4.997178555 0.288102388 -0.026970802 -0.136736408 0.947403193
1403636693463555584.000000 1.402252436 4.817333221 4.995625973 -0.288873404 0.031853192 0.135980606 -0.947125614
1403636693513555456.000000 1.409470558 4.827276707 4.995353699 -0.288914979 0.038526457 0.134922922 -0.947016239
1403636693563555584.000000 1.416425347 4.836343765 4.996370316 -0.288759857 0.045131229 0.135470659 -0.946693540
1403636693613555456.000000 1.423817873 4.844424248 4.998847008 -0.288587511 0.049663171 0.136637241 -0.946351528
1403636693663555584.000000 1.436172247 4.857182980 5.001765251 0.288848251 -0.052756540 -0.137214527 0.946020961
1403636693713555456.000000 1.444493055 4.862447739 5.007878780 0.289480120 -0.051673118 -0.136596888 0.945977032
1403636693763555584.000000 1.452917576 4.866594315 5.017155170 -0.290599018 0.046035547 0.135784775 -0.946042001
1403636693813555456.000000 1.461328506 4.869647980 5.027475834 -0.291192412 0.040307425 0.135339290 -0.946184754
1403636693863555584.000000 1.469800591 4.871645927 5.039347172 -0.292378217 0.033308562 0.133725837 -0.946320772
1403636693913555456.000000 1.477984428 4.872766495 5.052387714 0.294246227 -0.025257342 -0.130398750 0.946455240
1403636693963555584.000000 1.485612154 4.873142242 5.066325188 0.295039296 -0.017300682 -0.129530534 0.946506381
1403636694013555456.000000 1.491323590 4.872446060 5.076958656 0.296753794 -0.009557959 -0.126548141 0.946483731
1403636694063555584.000000 1.497404456 4.872303009 5.091961384 0.297561109 -0.003428088 -0.125289142 0.946439862
1403636694113555456.000000 1.502665520 4.872493744 5.106775761 0.298371285 -0.000665295 -0.124528818 0.946291089
1403636694163555584.000000 1.508717179 4.872814655 5.120971203 0.298899472 0.002317152 -0.124005638 0.946190476
1403636694213555456.000000 1.516104817 4.873552799 5.133945465 0.299280554 0.003973212 -0.123576015 0.946120739
1403636694263555584.000000 1.523864865 4.874462605 5.146199703 0.299308717 0.003710997 -0.124646544 0.945972443
1403636694313555456.000000 1.533214688 4.875078201 5.157673836 0.299474061 0.001900268 -0.125287458 0.945840776
1403636694363555584.000000 1.543233514 4.876031399 5.167827129 0.299564570 -0.001122381 -0.124642938 0.945898533
1403636694413555456.000000 1.553241491 4.876976490 5.177672386 0.299428552 -0.004265845 -0.125902176 0.945765913
1403636694463555584.000000 1.562920690 4.877903461 5.187441349 0.298837394 -0.006462147 -0.126503319 0.945860147
1403636694513555456.000000 1.570407987 4.876719475 5.192544937 0.297853649 -0.007883267 -0.127699211 0.945998907
1403636694563555584.000000 1.577730060 4.877182961 5.202605247 0.297726303 -0.008956210 -0.128026545 0.945985258
1403636694613555456.000000 1.584143519 4.878511906 5.214708805 0.297241807 -0.009669580 -0.128283426 0.946095765
1403636694663555584.000000 1.588827491 4.879199028 5.226729393 0.296674043 -0.009734567 -0.128848135 0.946196556
1403636694713555456.000000 1.592396617 4.879787445 5.239100933 0.296375543 -0.008342755 -0.129070133 0.946273148
1403636694763555584.000000 1.594745398 4.880225182 5.251487255 0.296923399 -0.006659655 -0.126239970 0.946496487
1403636694813555456.000000 1.595725298 4.880776405 5.263985634 0.296485960 -0.004805892 -0.125384718 0.946758568
1403636694863555584.000000 1.594584107 4.881357193 5.276745319 0.298376113 -0.006755138 -0.119377904 0.946929216
1403636694913555456.000000 1.592522740 4.882310390 5.289960384 0.299366742 -0.008085549 -0.114664949 0.947188616
1403636694963555584.000000 1.590023398 4.883903027 5.303252220 0.300328881 -0.009985438 -0.110026076 0.947416067
1403636695013555456.000000 1.587316871 4.884593010 5.313759804 0.300376087 -0.011364777 -0.107764699 0.947645485
1403636695063555584.000000 1.585399389 4.887485981 5.327736855 0.298928410 -0.012234002 -0.109778523 0.947861254
1403636695113555456.000000 1.584689856 4.892041683 5.340748310 0.297184587 -0.010967320 -0.112623684 0.948091209
1403636695163555584.000000 1.585775971 4.896582603 5.353547573 0.295754284 -0.010743659 -0.114107102 0.948363602
1403636695213555456.000000 1.589148760 4.901215553 5.366126537 0.293758988 -0.009441179 -0.116821304 0.948667169
1403636695263555584.000000 1.594337583 4.906111717 5.378035545 0.292062193 -0.007707816 -0.119249664 0.948904574
1403636695313555456.000000 1.601265192 4.911288738 5.388943672 0.290612668 -0.006427702 -0.120825253 0.949159801
1403636695363555584.000000 1.609837651 4.916326046 5.399250031 0.289178282 -0.005339995 -0.122017443 0.949452043
1403636695413555456.000000 1.619461656 4.921178341 5.408962250 0.288463861 -0.004904372 -0.122297764 0.949635625
1403636695463555584.000000 1.632795572 4.919828415 5.423588276 0.287485033 -0.003869625 -0.123023503 0.949843466
1403636695513555456.000000 1.643162251 4.924233913 5.432950974 0.286117524 -0.002654792 -0.125236496 0.949971378
1403636695563555584.000000 1.652099729 4.928973198 5.441004276 0.285242528 -0.001234012 -0.126095653 0.950123727
1403636695613555456.000000 1.659718752 4.933480740 5.449592113 0.283966601 -0.000071293 -0.127885640 0.950267494
1403636695663555584.000000 1.665813565 4.937793732 5.458103180 0.282466114 0.001264683 -0.130312696 0.950384140
1403636695713555456.000000 1.670306087 4.941624641 5.466564178 0.281929880 0.001885396 -0.130517408 0.950514197
1403636695763555584.000000 1.673166513 4.945147991 5.474842072 0.282316566 0.000342631 -0.127508655 0.950809538
1403636695813555456.000000 1.674887657 4.948652267 5.482979774 0.282133013 -0.000224005 -0.127221256 0.950902522
1403636695863555584.000000 1.675494194 4.952064514 5.491139889 0.282152981 -0.000440016 -0.126133054 0.951041579
1403636695913555456.000000 1.674987078 4.954997540 5.499738216 0.281517506 -0.001447390 -0.126210585 0.951218545
1403636695963555584.000000 1.676232100 4.951881409 5.520360470 0.281469375 -0.003778551 -0.125106052 0.951372266
1403636696013555456.000000 1.673777819 4.954098701 5.529807091 0.281296819 -0.006526629 -0.123847529 0.951573074
1403636696063555584.000000 1.669816852 4.957184315 5.537139893 0.280340165 -0.009999013 -0.124708466 0.951712787
1403636696113555456.000000 1.665825844 4.959424496 5.545972347 0.278576106 -0.013108908 -0.127400503 0.951836526
1403636696163555584.000000 1.661701202 4.961253166 5.554951191 0.276787192 -0.013855425 -0.130878791 0.951875865
1403636696213555456.000000 1.657861352 4.959527016 5.571558952 0.275433123 -0.014871600 -0.133106112 0.951944470
1403636696263555584.000000 1.652861357 4.960197449 5.580550194 0.274770617 -0.011695525 -0.134218812 0.952024043
1403636696313555456.000000 1.647490740 4.959801674 5.589454651 0.275397569 -0.008230273 -0.132632509 0.952101409
1403636696363555584.000000 1.642731905 4.958684921 5.598178864 0.276143193 -0.000532267 -0.129800782 0.952311099
1403636696413555456.000000 1.638017774 4.959339142 5.599475861 0.277814984 0.007086083 -0.125127181 0.952424169
1403636696463555584.000000 1.634051204 4.957660675 5.606482983 0.279405296 0.011122188 -0.119948909 0.952586591
1403636696513555456.000000 1.631828904 4.954006195 5.618827343 0.279228181 0.012676881 -0.118884452 0.952752590
1403636696563555584.000000 1.629776597 4.953045368 5.622846127 0.279110342 0.011301917 -0.117533334 0.952971995
1403636696613555456.000000 1.628478050 4.952779770 5.624761105 0.279014081 0.010440465 -0.117482536 0.953016281
1403636696663555584.000000 1.628050566 4.953023911 5.625723362 0.279039949 0.008305110 -0.116168104 0.953190863
1403636696713555456.000000 1.627873182 4.949450016 5.640415192 0.279225260 0.007996215 -0.115730748 0.953192413
1403636696763555584.000000 1.627779961 4.950149536 5.640892506 0.279072791 0.006115683 -0.115787998 0.953244090
1403636696813555456.000000 1.626093388 4.952074051 5.639970779 0.278312415 0.006079681 -0.117011935 0.953317106
1403636696863555584.000000 1.622934580 4.954167366 5.639412403 0.278037250 0.005233696 -0.117988795 0.953282058
1403636696913555456.000000 1.618629098 4.956342697 5.638974190 0.277279586 0.005542479 -0.119862564 0.953267157
1403636696963555584.000000 1.613446236 4.958444118 5.638475895 0.275051326 0.007443095 -0.126050919 0.953101575
1403636697013555456.000000 1.607783198 4.960036755 5.637839317 0.272510976 0.009310508 -0.132793128 0.952899337
1403636697063555584.000000 1.602379441 4.960994720 5.636679173 0.270172298 0.011327766 -0.138857454 0.952679038
1403636697113555456.000000 1.597871661 4.961130142 5.634189606 0.267215222 0.012836401 -0.145992771 0.952427149
1403636697163555584.000000 1.594644904 4.959891796 5.629744053 0.265040219 0.014473264 -0.151113719 0.952212691
1403636697213555456.000000 1.596162677 4.954435349 5.626227379 0.263750315 0.015920948 -0.153930470 0.952096522
1403636697263555584.000000 1.595685840 4.949587822 5.617142200 0.262911022 0.016766755 -0.154740557 0.952182829
1403636697313555456.000000 1.595683813 4.942759514 5.605939865 0.263718575 0.013546586 -0.152433842 0.952382743
1403636697363555584.000000 1.597075224 4.934129715 5.592774868 0.265336603 0.009794366 -0.146701977 0.952879429
1403636697413555456.000000 1.599604845 4.923809528 5.578357697 0.267475069 0.005282908 -0.140809998 0.953206062
1403636697463555584.000000 1.603815556 4.912421227 5.562433720 0.269269764 0.000801636 -0.136126801 0.953395307
1403636697513555456.000000 1.608384132 4.900053024 5.545238495 0.269884855 -0.002758245 -0.132596880 0.953715146
1403636697563555584.000000 1.620490670 4.888226032 5.521499157 0.268364340 -0.004929602 -0.130709931 0.954395711
1403636697613555456.000000 1.629137993 4.875649452 5.503148556 0.264640808 -0.004781173 -0.129757896 0.955565453
1403636697663555584.000000 1.636590600 4.863020420 5.485404491 0.258518249 -0.004037480 -0.128557518 0.957405388
1403636697713555456.000000 1.639480591 4.859757423 5.466734409 0.251171350 -0.004079411 -0.124683142 0.959870100
1403636697763555584.000000 1.643593311 4.846933365 5.450007915 -0.241025254 0.005081400 0.122241102 -0.962776303
1403636697813555456.000000 1.646541715 4.833703041 5.433597088 -0.230562419 0.004634496 0.118700556 -0.965779364
1403636697863555584.000000 1.648021579 4.819743633 5.417684555 -0.221055716 0.004232086 0.114707172 -0.968482792
1403636697913555456.000000 1.648027062 4.804995537 5.401933670 -0.212263063 0.004455391 0.110814124 -0.970898986
1403636697963555584.000000 1.646789312 4.789569855 5.386422157 -0.204671070 0.004443800 0.106412992 -0.973019183
1403636698013555456.000000 1.644015551 4.773660183 5.371386051 -0.198130190 0.004993966 0.103100084 -0.974725604
1403636698063555584.000000 1.634989858 4.763316154 5.347050667 0.192806900 -0.003955536 -0.100555994 0.976062655
1403636698113555456.000000 1.629716516 4.746300220 5.332504749 0.188317567 -0.004523118 -0.097662173 0.977229893
1403636698163555584.000000 1.623457313 4.729383469 5.318666458 -0.184757516 0.004575914 0.095139280 -0.978157640
1403636698213555456.000000 1.616206884 4.712005138 5.305432320 -0.181071997 0.004025931 0.093054593 -0.979049325
1403636698263555584.000000 1.607638121 4.694698811 5.292629242 -0.176235244 0.004263569 0.090499483 -0.980169833
1403636698313555456.000000 1.598136306 4.677482605 5.280390739 -0.169591650 0.004284014 0.089128606 -0.981466532
1403636698363555584.000000 1.588004827 4.660201073 5.268452168 -0.162103906 0.003457927 0.086776339 -0.982944667
1403636698413555456.000000 1.576843858 4.642932415 5.256704807 -0.153375953 0.004016345 0.084254876 -0.984561205
1403636698463555584.000000 1.564552188 4.625776291 5.245284081 -0.144146770 0.005065258 0.080796301 -0.986239374
1403636698513555456.000000 1.543861032 4.608482361 5.220121861 0.133831993 -0.004893563 -0.078444466 0.987882435
1403636698563555584.000000 1.530250549 4.590716839 5.209196091 0.123033136 -0.004960139 -0.074545071 0.989586413
1403636698613555456.000000 1.516655087 4.572865963 5.199764252 -0.111730777 0.005059240 0.070156351 -0.991246045
1403636698663555584.000000 1.501716137 4.554887772 5.190315247 -0.100117549 0.005721742 0.064521588 -0.992864966
1403636698713555456.000000 1.485999346 4.536670208 5.181477547 -0.087884203 0.005948777 0.059041385 -0.994361699
1403636698763555584.000000 1.469463944 4.518098831 5.173312187 -0.074978687 0.006328786 0.053391609 -0.995734692
1403636698813555456.000000 1.452040076 4.499269962 5.165790558 -0.061516076 0.006776470 0.047750775 -0.996940255
1403636698863555584.000000 1.433863163 4.480197906 5.158664703 -0.048303660 0.007019376 0.040317122 -0.997994006
1403636698913555456.000000 1.414184451 4.461234570 5.137550354 0.034441885 -0.006205629 -0.034846697 0.998779774
1403636698963555584.000000 1.398179889 4.441709042 5.130137444 0.021188671 -0.006469953 -0.028013302 0.999362051
1403636699013555456.000000 1.383703709 4.421538353 5.121636391 -0.008371450 0.005976639 0.021770639 -0.999710143
1403636699063555584.000000 1.371171474 4.401414394 5.113842010 0.004414139 0.005506682 0.015019091 -0.999862373
1403636699113555456.000000 1.360489964 4.381222725 5.105349541 0.017381430 0.004338397 0.007989347 -0.999807596
1403636699163555584.000000 1.351266265 4.361284733 5.096294403 0.029477829 0.003274223 -0.001961967 -0.999558151
1403636699213555456.000000 1.343535900 4.341977119 5.086488247 0.042676989 0.003336669 -0.009845059 -0.999034882
1403636699263555584.000000 1.337385774 4.323456764 5.076465607 0.056270875 0.003078374 -0.018632531 -0.998236954
1403636699313555456.000000 1.332714796 4.305533409 5.066721916 0.069515184 0.004153625 -0.028106308 -0.997176230
1403636699363555584.000000 1.330314279 4.288838863 5.057423592 0.082930222 0.004399741 -0.035590976 -0.995909870
1403636699413555456.000000 1.330768466 4.276651382 5.037646770 -0.095619634 -0.004804804 0.044150036 0.994426787
1403636699463555584.000000 1.330131412 4.262767315 5.028104305 -0.108030841 -0.005246244 0.051200800 0.992814362
1403636699513555456.000000 1.329496026 4.248708725 5.019162178 0.120707065 0.005292824 -0.056689110 -0.991054058
1403636699563555584.000000 1.327858090 4.236719131 5.010822296 0.132807299 0.004967210 -0.063324630 -0.989104390
1403636699613555456.000000 1.325019717 4.226121902 5.003314018 0.144465372 0.004456557 -0.069737054 -0.987039387
1403636699663555584.000000 1.321084142 4.217233658 4.996431828 0.156387717 0.003589470 -0.076164752 -0.984748185
1403636699713555456.000000 1.316491008 4.210228920 4.989975929 0.168773443 0.002121760 -0.080644451 -0.982347965
1403636699763555584.000000 1.311014414 4.204781532 4.983784676 0.180756673 0.001520144 -0.081381895 -0.980153978
1403636699813555456.000000 1.304519773 4.200826168 4.977787018 0.191806108 0.000334624 -0.080223963 -0.978148520
1403636699863555584.000000 1.297491550 4.197964668 4.971940517 0.200680211 -0.001827548 -0.079205513 -0.976447999
1403636699913555456.000000 1.290564656 4.199604034 4.965822697 -0.207204446 0.004140357 0.078969046 0.975096464
1403636699963555584.000000 1.282433510 4.198000908 4.960044384 -0.211713076 0.006412626 0.080307864 0.974005759
1403636700013555456.000000 1.273659945 4.196044445 4.954782486 0.215082124 -0.007211864 -0.081655703 -0.973149598
1403636700063555584.000000 1.263578415 4.194983482 4.949270725 0.217361376 -0.007702336 -0.082502730 -0.972567797
1403636700113555456.000000 1.252558827 4.194231987 4.943470478 0.218226537 -0.008605107 -0.084018625 -0.972236633
1403636700163555584.000000 1.240653992 4.194545269 4.937758923 0.219646201 -0.009167277 -0.083979391 -0.971915185
1403636700213555456.000000 1.228013873 4.195616722 4.932657242 0.219954252 -0.009436873 -0.084309042 -0.971814394
1403636700263555584.000000 1.214112282 4.197616577 4.927370548 0.220497563 -0.009195562 -0.085177951 -0.971617758
1403636700313555456.000000 1.198366165 4.200689793 4.922413826 0.222115219 -0.007776203 -0.087115698 -0.971089780
1403636700363555584.000000 1.181007028 4.205169201 4.918139935 0.224205881 -0.006503173 -0.090823099 -0.970278680
1403636700413555456.000000 1.163025498 4.214588642 4.925336838 -0.227869272 0.006050158 0.094234318 0.969102144
1403636700463555584.000000 1.143514633 4.221974850 4.921528339 -0.233198911 0.007502228 0.094779819 0.967770040
1403636700513555456.000000 1.122350812 4.229410172 4.917593002 0.237907857 -0.010137579 -0.094505996 -0.966625988
1403636700563555584.000000 1.100850344 4.238254070 4.913741589 0.243291393 -0.012344047 -0.093097433 -0.965396225
1403636700613555456.000000 1.079016685 4.247975826 4.909401417 0.249620512 -0.015209558 -0.091925427 -0.963850617
1403636700663555584.000000 1.056228995 4.258532524 4.904640198 0.257285893 -0.016505461 -0.090462945 -0.961950123
1403636700713555456.000000 1.033315897 4.269433498 4.899651051 0.264194816 -0.017874328 -0.090972699 -0.960002899
1403636700763555584.000000 1.011763692 4.280258656 4.893895626 0.270140797 -0.018890440 -0.090741128 -0.958349228
1403636700813555456.000000 0.991636038 4.290900707 4.887298584 0.274978131 -0.018269010 -0.090984389 -0.956961393
1403636700863555584.000000 0.973006248 4.301469803 4.879958153 0.278428882 -0.015613735 -0.092390127 -0.955875337
1403636700913555456.000000 0.954987228 4.315142155 4.875793934 -0.280955195 0.013265550 0.093500517 0.955063283
1403636700963555584.000000 0.940393388 4.325332642 4.867605686 -0.282830089 0.009596544 0.094589204 0.954446435
1403636701013555456.000000 0.926499724 4.335699558 4.858128071 0.283720106 -0.006624065 -0.095941536 -0.954072535
1403636701063555584.000000 0.914824128 4.346009731 4.848563194 0.283906519 -0.001774931 -0.097036973 -0.953927577
1403636701113555456.000000 0.905254245 4.356455803 4.838518620 0.283431679 0.003110271 -0.098553069 -0.953909934
1403636701163555584.000000 0.898748636 4.367433548 4.828536034 0.283111542 0.005427928 -0.097557656 -0.954096913
1403636701213555456.000000 0.894913733 4.379150391 4.818641186 0.282197416 0.008259605 -0.097226851 -0.954381108
1403636701263555584.000000 0.892924309 4.390021801 4.811564445 -0.281173736 -0.008868225 0.096977971 0.954703152
1403636701313555456.000000 0.893514991 4.402488232 4.801774979 -0.279958963 -0.010415664 0.096152030 0.955127954
1403636701363555584.000000 0.895777702 4.414729118 4.792392731 0.278720737 0.009655499 -0.096019611 -0.955511332
1403636701413555456.000000 0.898913503 4.427857876 4.783515930 0.277784497 0.008256132 -0.093926728 -0.956004977
1403636701463555584.000000 0.902704358 4.441371918 4.775476933 0.276368678 0.005485272 -0.092184611 -0.956604600
1403636701513555456.000000 0.907046556 4.455348015 4.767951012 0.275524467 0.001222151 -0.089702837 -0.957098901
1403636701563555584.000000 0.911312819 4.469491482 4.760936260 0.274237126 -0.002807119 -0.087610990 -0.957658827
1403636701613555456.000000 0.915198326 4.483914375 4.754514694 0.272830248 -0.005188516 -0.085822515 -0.958212554
1403636701663555584.000000 0.920674801 4.497946739 4.747199059 0.271734655 -0.007105156 -0.083351336 -0.958729625
1403636701713555456.000000 0.923649192 4.512458801 4.741449833 0.271523803 -0.008882227 -0.083060734 -0.958799660
1403636701763555584.000000 0.917499304 4.525189400 4.740975380 -0.272618532 0.009945172 0.083941415 0.958401918
1403636701813555456.000000 0.917492449 4.540029049 4.736088753 -0.275317818 0.009607193 0.086356074 0.957418680
1403636701863555584.000000 0.915809035 4.555137634 4.730430603 0.280545026 -0.009222580 -0.087809145 -0.955771446
1403636701913555456.000000 0.912484646 4.570416927 4.725716114 0.286018044 -0.008717031 -0.092034064 -0.953754365
1403636701963555584.000000 0.908153355 4.585821629 4.721123695 0.293080449 -0.009237901 -0.095233977 -0.951288104
1403636702013555456.000000 0.902549744 4.601227283 4.716746330 0.301009715 -0.009208117 -0.099271104 -0.948395371
1403636702063555584.000000 0.892174006 4.613412857 4.715239525 -0.310057580 0.010102560 0.103603780 0.945001841
1403636702113555456.000000 0.883882284 4.628865719 4.710911751 -0.319891572 0.011358409 0.108232789 0.941183388
1403636702163555584.000000 0.874364614 4.644604206 4.706489563 0.330571383 -0.012752808 -0.112307258 -0.936988294
1403636702213555456.000000 0.863779187 4.660672188 4.702738762 0.340141058 -0.012822676 -0.116178937 -0.933082044
1403636702263555584.000000 0.851832449 4.676544189 4.699419975 0.348221183 -0.011893808 -0.119464144 -0.929692984
1403636702313555456.000000 0.838686347 4.692363262 4.696365356 0.355326682 -0.009355217 -0.122151218 -0.926679313
1403636702363555584.000000 0.819100916 4.704719543 4.697808743 -0.361527413 0.007091310 0.123738639 0.924086809
1403636702413555456.000000 0.804302335 4.720902920 4.695940495 -0.367308378 0.004529985 0.123469025 0.921856582
1403636702463555584.000000 0.788445294 4.736810684 4.695389748 0.372016042 -0.001662473 -0.124508597 -0.919836402
1403636702513555456.000000 0.772157192 4.753084183 4.695517540 0.376073658 0.000251508 -0.124122821 -0.918238640
1403636702563555584.000000 0.754962981 4.769433498 4.696874619 0.378900141 0.001654922 -0.124202624 -0.917063653
1403636702613555456.000000 0.736715436 4.785991669 4.699474335 0.381228328 0.004119018 -0.124635607 -0.916031659
1403636702663555584.000000 0.714279830 4.800153732 4.704553127 -0.382962465 -0.006591345 0.124837250 0.915266156
1403636702713555456.000000 0.694563925 4.817026138 4.709795952 -0.384320498 -0.008367843 0.124156080 0.914774835
1403636702763555584.000000 0.673739374 4.833456516 4.716562271 0.384638608 0.008987348 -0.125227943 -0.914489090
1403636702813555456.000000 0.652600646 4.850425720 4.724649429 0.385023773 0.011566800 -0.124625728 -0.914380312
1403636702863555584.000000 0.630991042 4.867200851 4.732492447 -0.384956628 -0.012930682 0.124678604 0.914383173
1403636702913555456.000000 0.610810757 4.884848118 4.743159294 -0.384509116 -0.013917898 0.125539780 0.914439023
1403636702963555584.000000 0.592890382 4.902902126 4.754681587 0.384099841 0.013577639 -0.125266060 -0.914653718
1403636703013555456.000000 0.576998949 4.921318531 4.766571045 0.383135736 0.010988745 -0.126666948 -0.914899886
1403636703063555584.000000 0.563079059 4.939929008 4.778604984 0.382527560 0.008151920 -0.126830697 -0.915161312
1403636703113555456.000000 0.551615179 4.959018230 4.790966988 0.381189585 0.003255858 -0.129153281 -0.915425241
1403636703163555584.000000 0.542810977 4.978041649 4.802865982 0.379578173 -0.004692547 -0.131590873 -0.915741384
1403636703213555456.000000 0.535602450 4.997354031 4.814367294 0.377478540 -0.010232732 -0.134855509 -0.916089118
1403636703263555584.000000 0.530974030 5.016420364 4.819828987 -0.375494391 0.016423684 0.139263749 0.916154981
1403636703313555456.000000 0.526521385 5.036897659 4.829594135 -0.373672366 0.021588659 0.142664447 0.916269481
1403636703363555584.000000 0.523525715 5.057385445 4.838387489 0.373324543 -0.024102826 -0.142423004 -0.916386127
1403636703413555456.000000 0.521682024 5.078639984 4.845158577 0.374692887 -0.023853641 -0.138657525 -0.916411698
1403636703463555584.000000 0.520749629 5.100224018 4.850422859 0.376530945 -0.020363849 -0.133549392 -0.916501164
1403636703513555456.000000 0.520873785 5.121853828 4.854377747 0.378446788 -0.015854832 -0.127876267 -0.916610301
1403636703563555584.000000 0.522659481 5.143408298 4.857262611 0.379920423 -0.012405983 -0.123622231 -0.916637480
1403636703613555456.000000 0.525572300 5.164783001 4.859520912 0.380088031 -0.008692659 -0.122333810 -0.916783512
1403636703663555584.000000 0.529377997 5.185904503 4.861432076 0.379848719 -0.006466342 -0.121852189 -0.916965187
1403636703713555456.000000 0.532287955 5.206931591 4.863042831 -0.379532307 0.005435613 0.121465079 0.917154253
1403636703763555584.000000 0.535117984 5.227334023 4.865087509 -0.378724515 0.006804290 0.121651322 0.917454362
1403636703813555456.000000 0.536700130 5.248167992 4.868503094 0.377748311 -0.008981241 -0.122540854 -0.917719603
1403636703863555584.000000 0.537128806 5.268460274 4.872091293 0.376552880 -0.011981550 -0.123744294 -0.918015182
1403636703913555456.000000 0.536467433 5.288551807 4.876153469 0.375001222 -0.014704052 -0.125052676 -0.918433368
1403636703963555584.000000 0.534668624 5.308547497 4.880280972 0.374249399 -0.015920065 -0.125282004 -0.918688416
1403636704013555456.000000 0.531755149 5.328209877 4.884439468 0.372616798 -0.017585125 -0.126981497 -0.919088244
1403636704063555584.000000 0.527644575 5.347882748 4.888422966 0.371285588 -0.018747879 -0.127882347 -0.919479072
1403636704113555456.000000 0.521870255 5.367717266 4.892307281 0.370290548 -0.017247874 -0.128393769 -0.919838309
1403636704163555584.000000 0.515072525 5.387634754 4.896157742 0.369605154 -0.014241844 -0.128263041 -0.920183599
1403636704213555456.000000 0.511554897 5.410281658 4.902198792 -0.369108856 0.009995941 0.127784684 0.920505285
1403636704263555584.000000 0.503510773 5.430793762 4.906487465 -0.368876755 0.006055853 0.127195045 0.920714319
1403636704313555456.000000 0.495873272 5.451486588 4.910518646 0.368924141 -0.003008568 -0.125799522 -0.920902014
1403636704363555584.000000 0.490418494 5.472598553 4.914298058 0.369072288 -0.000294427 -0.124320373 -0.921048403
1403636704413555456.000000 0.487049878 5.494152069 4.918095589 0.368434578 0.001177787 -0.124740668 -0.921246111
1403636704463555584.000000 0.486924767 5.516480923 4.923939228 -0.368563443 -0.004170590 0.123474658 0.921356440
1403636704513555456.000000 0.488011956 5.538168430 4.927120209 -0.368712664 -0.007122622 0.122401103 0.921421885
1403636704563555584.000000 0.491043866 5.560278416 4.930423737 0.368361324 0.009453390 -0.122981772 -0.921464086
1403636704613555456.000000 0.494813561 5.582705021 4.934450150 0.368115664 0.011669099 -0.122803017 -0.921560705
1403636704663555584.000000 0.498334825 5.605626106 4.939786434 0.368097514 0.013531061 -0.122770272 -0.921546876
1403636704713555456.000000 0.500235736 5.628918171 4.946550369 0.367876738 0.018294435 -0.122532763 -0.921584368
1403636704763555584.000000 0.501091361 5.652757168 4.954912186 0.367427647 0.021235939 -0.122302160 -0.921731114
1403636704813555456.000000 0.500747383 5.677100658 4.968807220 -0.366609097 -0.024546305 0.123754963 0.921780884
1403636704863555584.000000 0.499455154 5.702479362 4.981477737 -0.365557551 -0.027979547 0.125134423 0.921914399
1403636704913555456.000000 0.497690320 5.728239536 4.995659351 0.364238948 0.030563863 -0.126287252 -0.922197104
1403636704963555584.000000 0.495365083 5.755343914 5.011879444 0.363628685 0.033594474 -0.126472279 -0.922307134
1403636705013555456.000000 0.492751598 5.783398628 5.029827118 0.363169044 0.035739630 -0.126190990 -0.922446132
1403636705063555584.000000 0.490623593 5.812694550 5.049840927 0.363278151 0.036766760 -0.124360137 -0.922611415
1403636705113555456.000000 0.489173532 5.843272209 5.071948528 0.363564223 0.032301623 -0.122228347 -0.922950625
1403636705163555584.000000 0.488896191 5.874581337 5.095450401 0.364393592 0.024317645 -0.118315533 -0.923378289
1403636705213555456.000000 0.490313649 5.906491756 5.120330811 0.365492165 0.016143126 -0.113712348 -0.923701465
1403636705263555584.000000 0.493512034 5.938793659 5.145846367 0.366253465 0.009799395 -0.109826744 -0.923959196
1403636705313555456.000000 0.496728003 5.969939709 5.171507835 -0.366529882 -0.005434144 0.107989974 0.924102068
1403636705363555584.000000 0.502712667 6.001517296 5.197675705 -0.366596550 -0.002444491 0.106997795 0.924203694
1403636705413555456.000000 0.509859025 6.031654835 5.224018097 0.366313607 0.004018748 -0.107726723 -0.924225688
1403636705463555584.000000 0.517429054 6.062028885 5.251061440 0.366009414 0.005935865 -0.109328121 -0.924147844
1403636705513555456.000000 0.524440467 6.092218876 5.279215813 0.365771562 0.009510714 -0.111184977 -0.923990607
1403636705563555584.000000 0.530549824 6.122282505 5.308620930 0.365594059 0.012978889 -0.112007551 -0.923919320
1403636705613555456.000000 0.535594523 6.152427673 5.339260101 0.365377575 0.014101154 -0.113328330 -0.923827469
1403636705663555584.000000 0.539552867 6.182772160 5.371216774 0.365651309 0.015526648 -0.113793105 -0.923639059
1403636705713555456.000000 0.543395340 6.213694096 5.404473305 0.365876585 0.013355871 -0.113521136 -0.923617303
1403636705763555584.000000 0.548118651 6.242982864 5.436343193 -0.365911573 -0.010385755 0.113754705 0.923612833
1403636705813555456.000000 0.552104115 6.274157047 5.471354008 -0.365336061 -0.006306019 0.114732414 0.923756599
1403636705863555584.000000 0.557398021 6.306150913 5.507504463 0.364878803 0.001368160 -0.115146987 -0.923906267
1403636705913555456.000000 0.564359486 6.337809086 5.542969704 0.363619238 -0.004291127 -0.117824674 -0.924056292
1403636705963555584.000000 0.573397636 6.369603157 5.577995300 0.362004161 -0.009618499 -0.120892115 -0.924254119
1403636706013555456.000000 0.584305167 6.401022434 5.611918449 0.359251648 -0.015158268 -0.126073852 -0.924561501
1403636706063555584.000000 0.596526504 6.432135105 5.644177914 0.356309325 -0.019575931 -0.131613880 -0.924845040
1403636706113555456.000000 0.605571866 6.459132671 5.671567917 -0.354418725 0.024645295 0.135354385 0.924910367
1403636706163555584.000000 0.617321610 6.491611481 5.701645851 -0.354726046 0.025477152 0.132390738 0.925198913
1403636706213555456.000000 0.627576768 6.524488449 5.730937958 0.356356949 -0.023806846 -0.126132071 -0.925491035
1403636706263555584.000000 0.635201693 6.557584763 5.760179996 0.357633263 -0.020801356 -0.121142358 -0.925737739
1403636706313555456.000000 0.640839458 6.590468884 5.789432526 0.359447300 -0.016634269 -0.114432693 -0.925973058
1403636706363555584.000000 0.636943996 6.619134426 5.815351963 -0.360448301 0.012425698 0.110311486 0.926150143
1403636706413555456.000000 0.639040649 6.651248455 5.844962597 -0.361334622 0.008592829 0.106644347 0.926277757
1403636706463555584.000000 0.640281379 6.682557583 5.873598099 0.361709386 -0.004825111 -0.104330547 -0.926422298
1403636706513555456.000000 0.643262029 6.713720322 5.902900696 0.362109512 -0.002348535 -0.102595545 -0.926469266
1403636706563555584.000000 0.647592187 6.743919849 5.931520939 0.362617999 0.000045573 -0.101922110 -0.926347733
1403636706613555456.000000 0.654098392 6.773508072 5.959957123 0.362363309 0.001018296 -0.102089278 -0.926428497
1403636706663555584.000000 0.661573410 6.802627563 5.988406658 0.362827927 0.002638655 -0.102038473 -0.926248968
1403636706713555456.000000 0.671298027 6.832246780 6.017737865 0.362846106 0.005002473 -0.102707893 -0.926158130
1403636706763555584.000000 0.683308482 6.861346722 6.046933174 0.362516701 0.007152088 -0.105252840 -0.925987244
1403636706813555456.000000 0.695951402 6.890003681 6.076298714 0.362987906 0.010140724 -0.106154703 -0.925671756
1403636706863555584.000000 0.702823579 6.913176537 6.102775574 -0.363606393 -0.011569393 0.107106596 0.925302565
1403636706913555456.000000 0.717645645 6.941135406 6.133062363 -0.364036262 -0.011770460 0.108606756 0.924956024
1403636706963555584.000000 0.733683228 6.969343662 6.163520813 0.365357369 0.011752001 -0.108604081 -0.924435556
1403636707013555456.000000 0.750817358 6.997554779 6.195012093 0.366499484 0.008980428 -0.108493291 -0.924027503
1403636707063555584.000000 0.768264592 7.025513172 6.226998329 0.368082136 0.006533376 -0.107266963 -0.923561990
1403636707113555456.000000 0.785748005 7.053283215 6.259434700 0.369479269 0.004173905 -0.107038990 -0.923044086
1403636707163555584.000000 0.803122461 7.080705166 6.292408466 0.370870471 0.003814535 -0.107365511 -0.922449589
1403636707213555456.000000 0.820745885 7.107743740 6.325696468 0.372537583 0.004298496 -0.107928023 -0.921709716
1403636707263555584.000000 0.839644909 7.134578705 6.359042168 0.374095529 0.004767877 -0.108159728 -0.921048999
1403636707313555456.000000 0.860317051 7.160775661 6.392159462 0.375719249 0.006171543 -0.107883781 -0.920411944
1403636707363555584.000000 0.881465137 7.183359146 6.421719551 -0.376813680 -0.006846604 0.108428426 0.919895589
1403636707413555456.000000 0.906119406 7.208755016 6.455086231 -0.377503335 -0.007482376 0.109355964 0.919498026
1403636707463555584.000000 0.933623552 7.233704090 6.489225388 0.378229141 0.008606783 -0.109144248 -0.919215024
1403636707513555456.000000 0.962698460 7.257965565 6.523020267 0.378273278 0.008433429 -0.110636421 -0.919019997
1403636707563555584.000000 0.993568540 7.282029629 6.557232857 0.378143102 0.007983575 -0.112231210 -0.918884277
1403636707613555456.000000 1.023769855 7.305832386 6.592224121 0.377555102 0.008422524 -0.114900254 -0.918792248
1403636707663555584.000000 1.052248120 7.329763412 6.628580093 0.375068456 0.007134041 -0.121806599 -0.918932021
1403636707713555456.000000 1.078273773 7.354279041 6.666001320 0.373459369 0.006223872 -0.125753403 -0.919062257
1403636707763555584.000000 1.100657105 7.378440380 6.701626778 -0.371825308 -0.005736664 0.129507855 0.919206679
1403636707813555456.000000 1.121281505 7.404389858 6.741477013 -0.371254116 -0.004234165 0.130781129 0.919265330
1403636707863555584.000000 1.139440417 7.430942535 6.782699108 0.370421618 0.002441458 -0.130964562 -0.919581532
1403636707913555456.000000 1.154840708 7.458085060 6.824384689 0.369637907 0.000142786 -0.130537644 -0.919960797
1403636707963555584.000000 1.168017864 7.485952854 6.867062092 0.369109154 -0.001022993 -0.128758147 -0.920423150
1403636708013555456.000000 1.179141879 7.514559746 6.910744190 0.368657976 -0.001957206 -0.126416609 -0.920926929
1403636708063555584.000000 1.188360214 7.543529034 6.955002785 0.368392766 -0.002511395 -0.123393536 -0.921441555
1403636708113555456.000000 1.196610808 7.572947025 6.999836922 0.368049175 -0.003653737 -0.120080270 -0.922012627
1403636708163555584.000000 1.201894045 7.599304199 7.039266109 -0.367799848 0.004537527 0.117235273 0.922474205
1403636708213555456.000000 1.207546830 7.628643513 7.084751606 -0.366524756 0.006380484 0.117276937 0.922965407
1403636708263555584.000000 1.212112904 7.657736778 7.130172729 0.364892244 -0.009275298 -0.119178943 -0.923343956
1403636708313555456.000000 1.215689301 7.686907768 7.175694466 0.362517834 -0.014121301 -0.123563699 -0.923641443
1403636708363555584.000000 1.218845844 7.716167450 7.220642090 0.359444201 -0.019192649 -0.130321145 -0.923822463
1403636708413555456.000000 1.222827077 7.741394520 7.259381294 -0.357121795 0.023306221 0.135402441 0.923897743
1403636708463555584.000000 1.227825284 7.772309780 7.301496983 -0.355411500 0.026656784 0.138939813 0.923941433
1403636708513555456.000000 1.234975100 7.805188179 7.342316628 0.354849607 -0.028473813 -0.140103817 -0.923927486
1403636708563555584.000000 1.243239403 7.838724613 7.380967140 0.355220854 -0.029771557 -0.138687983 -0.923957586
1403636708613555456.000000 1.252630949 7.873003006 7.417369843 0.357440352 -0.029216640 -0.134013027 -0.923809111
1403636708663555584.000000 1.260856986 7.907563686 7.452373505 0.360353500 -0.026054995 -0.127624676 -0.923676670
1403636708713555456.000000 1.268240333 7.942221642 7.486589432 0.364058375 -0.024534287 -0.119606614 -0.923338413
1403636708763555584.000000 1.275662661 7.966697693 7.512932777 -0.367533416 0.021736812 0.112232760 0.922957540
1403636708813555456.000000 1.279760361 8.000140190 7.546324730 -0.371056974 0.020959785 0.104988575 0.922417998
1403636708863555584.000000 1.282173276 8.032397270 7.579558849 0.373374313 -0.019501381 -0.102294035 -0.921817422
1403636708913555456.000000 1.284940481 8.063682556 7.612529755 0.375933349 -0.020490695 -0.099799454 -0.921028972
1403636708963555584.000000 1.288435698 8.093525887 7.644892693 0.378603488 -0.020879347 -0.097811252 -0.920139432
1403636709013555456.000000 1.303252935 8.115257263 7.675999165 -0.380285859 0.022945169 0.098136447 0.919361413
1403636709063555584.000000 1.309682846 8.141412735 7.706291199 -0.383136213 0.023896838 0.095258787 0.918455958
1403636709113555456.000000 1.317111373 8.164491653 7.735572815 0.384687454 -0.025155691 -0.095737532 -0.917723894
1403636709163555584.000000 1.326082706 8.186400414 7.764340401 0.386510789 -0.023757031 -0.095614262 -0.917007625
1403636709213555456.000000 1.336150408 8.206274033 7.792201042 0.387383312 -0.021234484 -0.097896636 -0.916460395
1403636709263555584.000000 1.347270012 8.224435806 7.819355011 0.388354599 -0.017307255 -0.098615125 -0.916054726
1403636709313555456.000000 1.359503031 8.240984917 7.846196175 0.388512671 -0.014140936 -0.100492224 -0.915838003
1403636709363555584.000000 1.371622205 8.256155968 7.873098373 0.388340682 -0.011326896 -0.102323152 -0.915747344
1403636709413555456.000000 1.382927656 8.270159721 7.900215149 0.389348954 -0.008849205 -0.100988634 -0.915494621
1403636709463555584.000000 1.392283440 8.282948494 7.928267479 0.388965786 -0.008498263 -0.102128126 -0.915534437
1403636709513555456.000000 1.412847757 8.297456741 7.955808640 -0.389357269 0.006286509 0.101255938 0.915482759
1403636709563555584.000000 1.419094205 8.308101654 7.985581398 -0.389002919 0.005424176 0.101957008 0.915561080
1403636709613555456.000000 1.423463106 8.317554474 8.016865730 0.388838172 -0.003670738 -0.102257803 -0.915606201
1403636709663555584.000000 1.427198887 8.326255798 8.048673630 0.388473302 -0.002757363 -0.102391720 -0.915749371
1403636709713555456.000000 1.430723667 8.334091187 8.081064224 0.388084531 -0.002097273 -0.101739302 -0.915988624
1403636709763555584.000000 1.434278965 8.340740204 8.114147186 0.386855006 -0.002189991 -0.102610581 -0.916411221
1403636709813555456.000000 1.438463211 8.346395493 8.147323608 0.386539966 -0.002253204 -0.101095155 -0.916712463
1403636709863555584.000000 1.443935394 8.350956917 8.180661201 0.385456562 -0.003101765 -0.101889521 -0.917078137
1403636709913555456.000000 1.451685190 8.354827881 8.213888168 0.385252208 -0.003413006 -0.100665480 -0.917298019
1403636709963555584.000000 1.472723961 8.369752884 8.255876541 -0.384578556 0.003396136 0.100055136 0.917647481
1403636710013555456.000000 1.484022975 8.372116089 8.288745880 -0.383519679 0.003941192 0.100446634 0.918045521
1403636710063555584.000000 1.496004820 8.372599602 8.321092606 0.382780671 -0.004468918 -0.099811234 -0.918420851
1403636710113555456.000000 1.508011580 8.372520447 8.354147911 0.381855994 -0.005348832 -0.099051215 -0.918883204
1403636710163555584.000000 1.518645287 8.371661186 8.388155937 0.381027162 -0.005668975 -0.098076791 -0.919329762
1403636710213555456.000000 1.527500153 8.370140076 8.423271179 0.379948020 -0.006266876 -0.097219795 -0.919863403
1403636710263555584.000000 1.534076691 8.367689133 8.459613800 0.378004104 -0.007567577 -0.098212905 -0.920548737
1403636710313555456.000000 1.538792014 8.364390373 8.496768951 0.374593377 -0.011367113 -0.102863804 -0.921395540
1403636710363555584.000000 1.542008877 8.360507965 8.534715652 0.369854599 -0.014785860 -0.109389044 -0.922509134
1403636710413555456.000000 1.544450879 8.356269836 8.573299408 0.364180684 -0.017772274 -0.114463881 -0.924096644
1403636710463555584.000000 1.549284816 8.366829872 8.622668266 -0.357434273 0.019147767 0.118824333 0.926150560
1403636710513555456.000000 1.550002694 8.363095284 8.661751747 -0.350130647 0.021077305 0.121957421 0.928488374
1403636710563555584.000000 1.549391389 8.358417511 8.699361801 0.343203425 -0.022191668 -0.123088665 -0.930896461
1403636710613555456.000000 1.547996759 8.354879379 8.736739159 0.336892277 -0.023395643 -0.122783765 -0.933209717
1403636710663555584.000000 1.545624852 8.351839066 8.773555756 0.329976261 -0.023871602 -0.121160388 -0.935877085
1403636710713555456.000000 1.542657614 8.349448204 8.809512138 0.323364884 -0.024132773 -0.117211461 -0.938676894
1403636710763555584.000000 1.540004253 8.347655296 8.844351768 0.316003114 -0.024241889 -0.112889141 -0.941706181
1403636710813555456.000000 1.533405662 8.351605415 8.884088516 -0.309391886 0.023142247 0.104158953 0.944929719
1403636710863555584.000000 1.533501983 8.350343704 8.915799141 -0.302168012 0.020736855 0.095635943 0.948218524
1403636710913555456.000000 1.535003185 8.349790573 8.946638107 0.294684738 -0.018385770 -0.087598115 -0.951393485
1403636710963555584.000000 1.538101673 8.348844528 8.976054192 0.287985474 -0.016974397 -0.079931490 -0.954142213
1403636711013555456.000000 1.542617083 8.347681999 9.004434586 0.282747805 -0.013020467 -0.070824400 -0.956487358
1403636711063555584.000000 1.548228979 8.345737457 9.031714439 0.277272701 -0.012438505 -0.066545650 -0.958403349
1403636711113555456.000000 1.554844260 8.343239784 9.058408737 0.273570061 -0.011157781 -0.060684219 -0.959871054
1403636711163555584.000000 1.556598186 8.337409973 9.087967873 -0.270481050 0.011815524 0.056914132 0.960968912
1403636711213555456.000000 1.563832045 8.332990646 9.114216805 -0.267925888 0.011946044 0.054182209 0.961840630
1403636711263555584.000000 1.570477486 8.327205658 9.138974190 0.265976161 -0.012239859 -0.052477315 -0.962472379
1403636711313555456.000000 1.578165770 8.320028305 9.163497925 0.263345569 -0.014098497 -0.053788766 -0.963097692
1403636711363555584.000000 1.586104512 8.311785698 9.187408447 0.261524856 -0.016064255 -0.055485129 -0.963466704
1403636711413555456.000000 1.596293449 8.302693367 9.210903168 0.260281414 -0.021784212 -0.056790080 -0.963615000
1403636711463555584.000000 1.607084513 8.292287827 9.232751846 0.259715289 -0.029546905 -0.057306811 -0.963530481
1403636711513555456.000000 1.617584825 8.281002045 9.253740311 0.259970486 -0.036235061 -0.056967802 -0.963253379
1403636711563555584.000000 1.628547907 8.268907547 9.274499893 0.261744142 -0.040892582 -0.054150470 -0.962748945
1403636711613555456.000000 1.639221907 8.255267143 9.294383049 0.263444990 -0.043434661 -0.051972359 -0.962293684
1403636711663555584.000000 1.647131920 8.233814240 9.313306808 -0.265683532 0.044432756 0.050269675 0.961722910
1403636711713555456.000000 1.656680822 8.217036247 9.330936432 -0.267713547 0.042887587 0.048603840 0.961315632
1403636711763555584.000000 1.665975571 8.198717117 9.346566200 0.268829644 -0.041909982 -0.049287878 -0.961012483
1403636711813555456.000000 1.674707413 8.178698540 9.361383438 0.268977672 -0.039955359 -0.052282047 -0.960896015
1403636711863555584.000000 1.683303356 8.157146454 9.375077248 0.268109560 -0.037273638 -0.057366937 -0.960956335
1403636711913555456.000000 1.692216516 8.134230614 9.387594223 0.266596735 -0.034450445 -0.064185649 -0.961051285
1403636711963555584.000000 1.701556206 8.110477448 9.398498535 0.265028208 -0.031976581 -0.070992991 -0.961091876
1403636712013555456.000000 1.711407900 8.085997581 9.407662392 0.263223112 -0.030647382 -0.078118555 -0.961078525
1403636712063555584.000000 1.722071171 8.061365128 9.415407181 0.261436403 -0.029989310 -0.084535256 -0.961043954
1403636712113555456.000000 1.736490726 8.033267021 9.416246414 -0.260791749 0.030819532 0.087911144 0.960889995
1403636712163555584.000000 1.748826981 8.009178162 9.420907021 -0.259976000 0.031826206 0.089084938 0.960970104
1403636712213555456.000000 1.762032509 7.986125469 9.424892426 0.259139508 -0.030795755 -0.084031716 -0.961684525
1403636712263555584.000000 1.776045442 7.962577343 9.427268982 0.256971627 -0.029274924 -0.076817654 -0.962916255
1403636712313555456.000000 1.791230083 7.938751698 9.428534508 0.253364116 -0.029035741 -0.068683326 -0.964492738
1403636712363555584.000000 1.806830406 7.914242744 9.428648949 0.248755202 -0.028116159 -0.060678974 -0.966254830
1403636712413555456.000000 1.822892547 7.889060020 9.427469254 0.244045556 -0.027985021 -0.054537583 -0.967824578
1403636712463555584.000000 1.839644432 7.862929344 9.424880028 0.239240780 -0.028707081 -0.048843868 -0.969305992
1403636712513555456.000000 1.857149363 7.835826874 9.421182632 0.234033033 -0.029117420 -0.044772264 -0.970760643
1403636712563555584.000000 1.874739289 7.807444096 9.416119576 0.228998691 -0.030025952 -0.042418923 -0.972038448
1403636712613555456.000000 1.891759634 7.778652191 9.394796371 -0.223120317 0.032469478 0.040800370 0.973395288
1403636712663555584.000000 1.906642318 7.748153210 9.388057709 -0.217904851 0.036364939 0.040876079 0.974435329
1403636712713555456.000000 1.919538021 7.718162060 9.381525040 0.213434875 -0.039681196 -0.040954467 -0.975291610
1403636712763555584.000000 1.930323482 7.686948299 9.374011993 0.209355772 -0.041150074 -0.041111473 -0.976108015
1403636712813555456.000000 1.938904285 7.655237198 9.365686417 0.206342384 -0.040717218 -0.041413840 -0.976754785
1403636712863555584.000000 1.949074626 7.621034622 9.366841316 -0.204949453 0.038719542 0.041777309 0.977113724
1403636712913555456.000000 1.954264641 7.588291645 9.356375694 -0.203373611 0.036333285 0.042050004 0.977522850
1403636712963555584.000000 1.957962632 7.555058479 9.344735146 0.202625647 -0.033027608 -0.041757017 -0.977807939
1403636713013555456.000000 1.960330248 7.521748543 9.332589149 0.202958599 -0.030701905 -0.040065259 -0.977885485
1403636713063555584.000000 1.963302135 7.487663269 9.318925858 0.202192366 -0.031217843 -0.040988609 -0.977989674
1403636713113555456.000000 1.966884613 7.452359676 9.303016663 0.200509697 -0.031732846 -0.042621821 -0.978249669
1403636713163555584.000000 1.971255422 7.416648865 9.285593987 0.199234098 -0.030603359 -0.043614946 -0.978502393
1403636713213555456.000000 1.973942757 7.383730412 9.270492554 -0.198446020 0.029452166 0.045109436 0.978630126
1403636713263555584.000000 1.981306553 7.347661495 9.249926567 -0.197855309 0.026934193 0.046215624 0.978770673
1403636713313555456.000000 1.990099192 7.311082840 9.227788925 0.198080823 -0.025600035 -0.046093512 -0.978766620
1403636713363555584.000000 2.000681400 7.274684906 9.204832077 0.198099986 -0.023425413 -0.046712566 -0.978787899
1403636713413555456.000000 2.013363838 7.238265991 9.181531906 0.197527856 -0.023319043 -0.048966508 -0.978795826
1403636713463555584.000000 2.026292801 7.202074051 9.157510757 0.197346672 -0.022772849 -0.050767314 -0.978753567
1403636713513555456.000000 2.039471626 7.165834904 9.132027626 0.196896151 -0.022174124 -0.053198852 -0.978728890
1403636713563555584.000000 2.050560474 7.133489132 9.109113693 -0.196462691 0.022571633 0.055826906 0.978660464
1403636713613555456.000000 2.061742783 7.097990513 9.083257675 -0.195993856 0.021061124 0.059934009 0.978545249
1403636713663555584.000000 2.070941210 7.062843323 9.057749748 0.195695564 -0.019722227 -0.063224643 -0.978425741
1403636713713555456.000000 2.078804016 7.028450966 9.032034874 0.195376635 -0.019143373 -0.066725396 -0.978268504
1403636713763555584.000000 2.085002184 6.995031357 9.006377220 0.195396394 -0.018605534 -0.070028700 -0.978043973
1403636713813555456.000000 2.089769602 6.962795734 8.980656624 0.195487365 -0.017987080 -0.072327733 -0.977870107
1403636713863555584.000000 2.093247414 6.931739330 8.954728127 0.196444809 -0.017882863 -0.072881341 -0.977639019
1403636713913555456.000000 2.095495224 6.901903152 8.928607941 0.198179439 -0.017009493 -0.071458571 -0.977409482
1403636713963555584.000000 2.096324682 6.873298168 8.902314186 0.199900046 -0.016192844 -0.069601238 -0.977207005
1403636714013555456.000000 2.093517065 6.847778320 8.877982140 -0.201462463 0.014712954 0.068543352 0.976984322
1403636714063555584.000000 2.091796398 6.820847511 8.851572037 -0.204508454 0.014519276 0.063988447 0.976663232
1403636714113555456.000000 2.089143515 6.795171738 8.825216293 0.206064552 -0.013956661 -0.063344076 -0.976386309
1403636714163555584.000000 2.085247993 6.769649029 8.798913956 0.207766965 -0.013758790 -0.062264703 -0.976097763
1403636714213555456.000000 2.080439806 6.744617939 8.772509575 0.208882168 -0.015255412 -0.062380824 -0.975830019
1403636714263555584.000000 2.074534416 6.719992638 8.746313095 0.208973125 -0.016763411 -0.064833976 -0.975625873
1403636714313555456.000000 2.067659140 6.695854664 8.720155716 0.209106356 -0.017482203 -0.067325465 -0.975415885
1403636714363555584.000000 2.059587002 6.672432423 8.693989754 0.209715709 -0.016590897 -0.068597175 -0.975212097
1403636714413555456.000000 2.050137043 6.649791241 8.667922974 0.210417405 -0.012904571 -0.069255009 -0.975070179
1403636714463555584.000000 2.039604187 6.627573013 8.642124176 0.209403306 -0.008287680 -0.069924630 -0.975290835
1403636714513555456.000000 2.026030064 6.604646683 8.622618675 -0.207350180 0.003882198 0.069874585 0.975760460
1403636714563555584.000000 2.013955355 6.583624363 8.597944260 -0.203023791 -0.000015679 0.070444129 0.976636589
1403636714613555456.000000 2.001904488 6.563433647 8.574397087 0.197442204 0.003684140 -0.069219075 -0.977860808
1403636714663555584.000000 1.990408897 6.544260025 8.551368713 0.191026747 0.006357793 -0.066011742 -0.979342043
1403636714713555456.000000 1.980236053 6.525929928 8.528782845 0.182860985 0.008625764 -0.062658839 -0.981102169
1403636714763555584.000000 1.971910357 6.508495331 8.506228447 0.173735172 0.010590167 -0.057737980 -0.983041406
1403636714813555456.000000 1.966015220 6.491776943 8.483893394 0.163766623 0.011471347 -0.050583519 -0.985134661
1403636714863555584.000000 1.964360595 6.475793839 8.462837219 -0.153448761 -0.011760641 0.042524714 0.987171173
1403636714913555456.000000 1.962428570 6.460143566 8.440944672 -0.142116725 -0.012643418 0.035482362 0.989133000
1403636714963555584.000000 1.962661386 6.444869518 8.419579506 0.130214721 0.014038967 -0.029770494 -0.990939379
1403636715013555456.000000 1.965001702 6.430097580 8.398281097 0.119762100 0.014885961 -0.024185395 -0.992396414
1403636715063555584.000000 1.969428062 6.415707588 8.377449989 0.110102840 0.015868679 -0.019331278 -0.993605494
1403636715113555456.000000 1.975198984 6.401600361 8.356556892 0.102420732 0.017469967 -0.013916044 -0.994490445
1403636715163555584.000000 1.982273936 6.387714386 8.336506844 0.095299251 0.018113025 -0.011439193 -0.995218158
1403636715213555456.000000 1.989880085 6.373995781 8.317469597 0.090109564 0.018452000 -0.008353000 -0.995725930
1403636715263555584.000000 1.996900678 6.360470295 8.299996376 0.085281245 0.017478669 -0.007288469 -0.996176958
1403636715313555456.000000 2.007301807 6.346789837 8.284943581 -0.081127658 -0.015470306 0.007368815 0.996556401
1403636715363555584.000000 2.012295246 6.333532810 8.271069527 -0.078307316 -0.013778639 0.006968547 0.996809721
1403636715413555456.000000 2.015319109 6.322038651 8.258253098 0.075086385 0.009842120 -0.009816909 -0.997080207
1403636715463555584.000000 2.016905308 6.310352802 8.247110367 0.072812423 0.006059861 -0.012579300 -0.997247934
1403636715513555456.000000 2.016497612 6.299074650 8.237098694 0.069902472 0.002257631 -0.018150266 -0.997386158
1403636715563555584.000000 2.014346361 6.288613796 8.227829933 0.066753663 -0.000865278 -0.025783814 -0.997435987
1403636715613555456.000000 2.010461330 6.279564857 8.219290733 0.065654218 -0.001671047 -0.028818596 -0.997424841
1403636715663555584.000000 2.006307602 6.271935940 8.210963249 0.066421762 -0.005889847 -0.027961366 -0.997382462
1403636715713555456.000000 2.001938581 6.265532970 8.202671051 0.068773322 -0.012009703 -0.023351939 -0.997286677
1403636715763555584.000000 1.997126341 6.259917259 8.194105148 0.071571313 -0.017156087 -0.018308695 -0.997119904
1403636715813555456.000000 1.988512516 6.252461910 8.184056282 -0.074356735 0.022004915 0.014494556 0.996883512
1403636715863555584.000000 1.985544562 6.247615337 8.174031258 -0.076196015 0.026289251 0.011768546 0.996676803
1403636715913555456.000000 1.984780788 6.243806362 8.161351204 0.078614727 -0.030233745 -0.008110776 -0.996413529
1403636715963555584.000000 1.984830856 6.239243984 8.147129059 0.080237776 -0.032832298 -0.007373797 -0.996207654
1403636716013555456.000000 1.984735608 6.234367847 8.130985260 0.081378728 -0.034058329 -0.007266966 -0.996074677
1403636716063555584.000000 1.985125065 6.229331017 8.113821983 0.082723305 -0.033474144 -0.007508515 -0.995981932
1403636716113555456.000000 1.986040592 6.223931313 8.094860077 0.083215185 -0.032215554 -0.009934621 -0.995961189
1403636716163555584.000000 1.987177968 6.218425751 8.074270248 0.084055550 -0.027177330 -0.012360280 -0.996013701
1403636716213555456.000000 1.988676786 6.212503910 8.051808357 0.084892377 -0.020730818 -0.015425735 -0.996055007
1403636716263555584.000000 1.989538670 6.206611633 8.028556824 0.086584046 -0.016682636 -0.016754972 -0.995963991
1403636716313555456.000000 1.973202467 6.201245308 8.011316299 -0.088191606 0.013726930 0.017992295 0.995846450
1403636716363555584.000000 1.970431089 6.195822239 7.988352299 -0.089698099 0.011036475 0.019286197 0.995721102
1403636716413555456.000000 1.967963934 6.191127300 7.965305328 0.091077976 -0.010577426 -0.019934108 -0.995588064
1403636716463555584.000000 1.962699294 6.186516285 7.943127155 0.092488013 -0.009436207 -0.020028546 -0.995467663
1403636716513555456.000000 1.956154823 6.182175636 7.921694756 0.093855456 -0.009749549 -0.020350665 -0.995330095
1403636716563555584.000000 1.948126197 6.177891731 7.900930405 0.094441734 -0.010184019 -0.018185724 -0.995312214
1403636716613555456.000000 1.938529730 6.173501015 7.880785942 0.093432993 -0.009859241 -0.016384792 -0.995441914
1403636716663555584.000000 1.927325845 6.168871880 7.861051559 0.090542011 -0.010251931 -0.014674066 -0.995731771
1403636716713555456.000000 1.914716363 6.164312840 7.841765881 0.086358517 -0.010053713 -0.012553495 -0.996134281
1403636716763555584.000000 1.900619626 6.159596920 7.822715759 0.081056975 -0.010505294 -0.010993407 -0.996593475
1403636716813555456.000000 1.881240010 6.159657955 7.807939529 -0.074143492 0.010886542 0.008706300 0.997150183
1403636716863555584.000000 1.866551161 6.154759407 7.788836956 -0.066182539 0.010327939 0.006458021 0.997733176
1403636716913555456.000000 1.852955461 6.148620129 7.768584251 0.056771141 -0.009893280 -0.003630828 -0.998331606
1403636716963555584.000000 1.840666771 6.142667770 7.747736931 0.046334494 -0.008324090 0.000840532 -0.998890936
1403636717013555456.000000 1.830155492 6.136899471 7.726060390 0.035462748 -0.008386015 0.004967159 -0.999323487
1403636717063555584.000000 1.821336985 6.131127357 7.704031467 0.024294630 -0.007263024 0.009678278 -0.999631643
1403636717113555456.000000 1.814072132 6.125386238 7.681343079 0.013632130 -0.006920383 0.014122830 -0.999783456
1403636717163555584.000000 1.808400869 6.120117188 7.658373833 0.005243214 -0.006472965 0.018796921 -0.999788642
1403636717213555456.000000 1.803570867 6.115173340 7.635534286 -0.002234636 -0.005950316 0.022862347 -0.999718428
1403636717263555584.000000 1.798856735 6.110685349 7.612337112 -0.007645942 -0.005683883 0.028377127 -0.999551892
1403636717313555456.000000 1.798904777 6.110269547 7.589186192 0.011792960 0.004994772 -0.035047688 0.999303639
1403636717363555584.000000 1.794698358 6.105817318 7.565591335 0.013760865 0.005521693 -0.043021504 0.998964131
1403636717413555456.000000 1.789636731 6.100662708 7.541314125 -0.015242651 -0.005981233 0.049720529 -0.998628974
1403636717463555584.000000 1.783779502 6.094860077 7.517362118 -0.016710036 -0.006391559 0.053764679 -0.998393416
1403636717513555456.000000 1.776062846 6.087964058 7.493898392 -0.018137757 -0.006133973 0.055037379 -0.998300791
1403636717563555584.000000 1.766792893 6.079771519 7.470993519 -0.020185946 -0.006643738 0.053406004 -0.998346746
1403636717613555456.000000 1.755496740 6.070403576 7.448744297 -0.022249229 -0.006098955 0.050039146 -0.998480797
1403636717663555584.000000 1.742867351 6.060241699 7.426857948 -0.022963936 -0.006891121 0.048466776 -0.998537004
1403636717713555456.000000 1.728718400 6.049030304 7.405364037 -0.023486363 -0.007565138 0.046771165 -0.998600900
1403636717763555584.000000 1.713513017 6.036928654 7.383993626 -0.023202537 -0.007048922 0.050004046 -0.998454571
1403636717813555456.000000 1.705395937 6.023060799 7.363891125 0.024947224 0.006336898 -0.051774208 0.998327076
1403636717863555584.000000 1.691258907 6.008191586 7.341698647 0.027819481 0.005719609 -0.054996185 0.998082578
1403636717913555456.000000 1.677749395 5.992325306 7.320112705 -0.032279726 -0.005377959 0.058237519 -0.997766256
1403636717963555584.000000 1.666109085 5.974587917 7.297042847 -0.037500951 -0.005558026 0.061963547 -0.997358203
1403636718013555456.000000 1.656230211 5.954915047 7.273167133 -0.044784591 -0.005632833 0.064832613 -0.996874869
1403636718063555584.000000 1.648048997 5.933656216 7.248490334 -0.053070638 -0.005126504 0.067112304 -0.996319830
1403636718113555456.000000 1.641102433 5.910802841 7.223151207 -0.063678481 -0.005061584 0.066703454 -0.995725930
1403636718163555584.000000 1.634219527 5.886961460 7.198064327 -0.074414633 -0.004127068 0.066194274 -0.995019495
1403636718213555456.000000 1.626461506 5.862744808 7.173228264 -0.084175132 -0.003445245 0.065659858 -0.994279444
1403636718263555584.000000 1.616415739 5.838370323 7.148467064 -0.092646398 -0.002347492 0.065391079 -0.993546784
1403636718313555456.000000 1.603584051 5.817179680 7.127708912 0.100807235 0.001134074 -0.064675301 0.992801011
1403636718363555584.000000 1.590033412 5.792404652 7.104013443 0.108673744 0.000540633 -0.065240219 0.991934240
1403636718413555456.000000 1.574615359 5.766948700 7.081545353 -0.116829611 0.000967910 0.065599181 -0.990982711
1403636718463555584.000000 1.558328509 5.741249561 7.059582710 -0.125633717 0.001709820 0.064934447 -0.989947915
1403636718513555456.000000 1.540794969 5.715586185 7.038106441 -0.134341151 0.001991282 0.065878339 -0.988740921
1403636718563555584.000000 1.522357821 5.690208435 7.017312527 -0.142376959 0.002770473 0.064962797 -0.987674594
1403636718613555456.000000 1.503331661 5.665176392 6.997421265 -0.149681404 0.004104400 0.063804664 -0.986664951
1403636718663555584.000000 1.479351640 5.643108368 6.973695755 0.157150820 -0.005764260 -0.060352311 0.985711932
1403636718713555456.000000 1.459025025 5.619494438 6.955730915 0.163349465 -0.007747688 -0.058360372 0.984810174
1403636718763555584.000000 1.438525677 5.597752094 6.938872814 -0.168153018 0.007725027 0.058438584 -0.983996928
1403636718813555456.000000 1.417807698 5.577160835 6.922801971 -0.170565292 0.007767000 0.062616289 -0.983324230
1403636718863555584.000000 1.398158431 5.557534695 6.907434940 -0.171503872 0.006975979 0.069142580 -0.982729435
1403636718913555456.000000 1.373025179 5.537392616 6.887829304 0.172092900 -0.005361323 -0.074685454 0.982230902
1403636718963555584.000000 1.356572747 5.519044399 6.872087955 0.172183141 -0.003582557 -0.079854943 0.981816351
1403636719013555456.000000 1.342376113 5.500727654 6.856019020 -0.172455311 0.002312012 0.083525695 -0.981466889
1403636719063555584.000000 1.330410600 5.482466221 6.839152336 -0.173034549 0.000121856 0.085265763 -0.981218100
1403636719113555456.000000 1.320411921 5.464100838 6.821569920 -0.173261255 -0.002582249 0.086641468 -0.981054127
1403636719163555584.000000 1.312511086 5.445194244 6.803866386 -0.173846021 -0.005898969 0.086187802 -0.980976284
1403636719213555456.000000 1.305745721 5.426315784 6.785409451 -0.174127743 -0.009062115 0.085202090 -0.980988264
1403636719263555584.000000 1.298118353 5.407555103 6.766857147 -0.174151242 -0.012225530 0.084236734 -0.981033206
1403636719313555456.000000 1.288731694 5.389046669 6.748223782 -0.174776912 -0.014171408 0.081078619 -0.981161833
1403636719363555584.000000 1.277272344 5.371222496 6.729417801 -0.174595192 -0.016531704 0.079920650 -0.981252253
1403636719413555456.000000 1.255688667 5.351785183 6.702260017 0.174242496 0.018345464 -0.078378700 0.981407046
1403636719463555584.000000 1.240327358 5.335023403 6.683497429 0.173952892 0.018970551 -0.076693974 0.981579602
1403636719513555456.000000 1.223704100 5.318658829 6.664474010 -0.173427597 -0.018821295 0.075359322 -0.981778800
1403636719563555584.000000 1.205319881 5.303169727 6.645492554 -0.172386393 -0.015925432 0.075042851 -0.982037663
1403636719613555456.000000 1.186984181 5.288191319 6.625625610 -0.171969086 -0.013040684 0.073194042 -0.982292891
1403636719663555584.000000 1.170580506 5.273623466 6.605100155 -0.170312598 -0.009523121 0.073667176 -0.982586443
1403636719713555456.000000 1.156064749 5.259600639 6.583292961 -0.168749377 -0.005981220 0.073312066 -0.982910573
1403636719763555584.000000 1.142521977 5.246043205 6.556376457 0.167062819 0.003562375 -0.072806232 0.983248055
1403636719813555456.000000 1.132144928 5.232647896 6.532903671 0.165473133 0.001368033 -0.072099261 0.983574331
1403636719863555584.000000 1.124376655 5.219901085 6.508578300 -0.164063588 -0.000757435 0.071233250 -0.983874202
1403636719913555456.000000 1.117264390 5.207576752 6.483852863 -0.162772119 -0.000029174 0.070284940 -0.984157145
1403636719963555584.000000 1.109968901 5.195635319 6.459481716 -0.161637560 0.001795300 0.069654733 -0.984387279
1403636720013555456.000000 1.102000117 5.184265614 6.435674667 -0.160080418 0.002072055 0.069905162 -0.984623432
1403636720063555584.000000 1.092667222 5.173112869 6.413046837 -0.159676239 0.002785542 0.069352761 -0.984726369
1403636720113555456.000000 1.082144141 5.162258148 6.391464710 -0.158895895 0.003116614 0.069694519 -0.984827459
1403636720163555584.000000 1.069846272 5.152554512 6.369133472 0.158381090 -0.004073408 -0.069757909 0.984902382
1403636720213555456.000000 1.056439996 5.142490864 6.349475384 0.158598408 -0.004338879 -0.068942659 0.984923720
1403636720263555584.000000 1.042055130 5.133038044 6.330817699 -0.158718154 0.004174075 0.068773262 -0.984916925
1403636720313555456.000000 1.027000546 5.123741150 6.312902451 -0.159025744 0.004146055 0.068028465 -0.984919190
1403636720363555584.000000 1.011209130 5.114877701 6.295699596 -0.159287751 0.004067640 0.068381160 -0.984852731
1403636720413555456.000000 0.994644701 5.106500626 6.279059410 -0.159974903 0.004144984 0.068164825 -0.984756052
1403636720463555584.000000 0.982412517 5.099835396 6.261152267 0.160855144 -0.004903911 -0.067643531 0.984645128
1403636720513555456.000000 0.967546284 5.092481613 6.244388580 0.161482468 -0.005425876 -0.067365617 0.984558702
1403636720563555584.000000 0.954897583 5.085651875 6.226928234 -0.162539408 0.005612236 0.066834733 -0.984419942
1403636720613555456.000000 0.943620801 5.079298496 6.209620953 -0.162613645 0.006149941 0.068293333 -0.984304368
1403636720663555584.000000 0.934457898 5.073233128 6.192037582 -0.163789064 0.006272262 0.067732938 -0.984147429
1403636720713555456.000000 0.927189529 5.067994118 6.173582077 -0.163649276 0.004757019 0.067719534 -0.984180093
1403636720763555584.000000 0.921904802 5.063176632 6.155409336 -0.162520945 0.005178237 0.066588670 -0.984441996
1403636720813555456.000000 0.918062329 5.058911800 6.137818336 -0.159271792 0.005319122 0.065862514 -0.985021055
1403636720863555584.000000 0.914412081 5.055138588 6.121203899 -0.154417619 0.005233533 0.065703809 -0.985804677
1403636720913555456.000000 0.909849823 5.052072048 6.105345249 -0.148508281 0.005106932 0.063827857 -0.986836016
1403636720963555584.000000 0.907118559 5.050452709 6.093914509 0.142304108 -0.004083126 -0.061473839 0.987903833
1403636721013555456.000000 0.899842024 5.047988415 6.080353737 0.136914328 -0.002692292 -0.057792403 0.988891959
1403636721063555584.000000 0.891185284 5.046247482 6.066444874 -0.130812317 0.000748441 0.054389555 -0.989913821
1403636721113555456.000000 0.881310940 5.045026779 6.053872108 -0.123863317 -0.000351540 0.050871968 -0.990994394
1403636721163555584.000000 0.870942056 5.044671059 6.041823864 -0.115347557 -0.002891878 0.048146639 -0.992153525
1403636721213555456.000000 0.860740304 5.044731140 6.029507160 -0.107404068 -0.004319596 0.044702206 -0.993200660
1403636721263555584.000000 0.852176666 5.045371532 6.016499996 -0.100408264 -0.007255380 0.041075218 -0.994071662
1403636721313555456.000000 0.845270216 5.046298981 6.003382206 -0.093849823 -0.007523522 0.038970429 -0.994794965
1403636721363555584.000000 0.840035081 5.047894955 5.988950253 -0.087594740 -0.007986151 0.037330963 -0.995424509
1403636721413555456.000000 0.836709023 5.049808979 5.973599911 -0.082326084 -0.009074151 0.036504060 -0.995895386
1403636721463555584.000000 0.836624086 5.055144787 5.957383633 0.078383096 0.008791784 -0.035002951 0.996269882
1403636721513555456.000000 0.834727585 5.057960510 5.940868855 0.072918884 0.008240800 -0.034704205 0.996699870
1403636721563555584.000000 0.831333339 5.061514378 5.923696041 -0.067217477 -0.007575788 0.033578672 -0.997144401
1403636721613555456.000000 0.826810420 5.065250874 5.907173634 -0.061128203 -0.006872215 0.033306818 -0.997550428
1403636721663555584.000000 0.820675731 5.069068909 5.891110420 -0.056102000 -0.005781680 0.032874100 -0.997866988
1403636721713555456.000000 0.813454807 5.072933197 5.875256538 -0.052173648 -0.006749318 0.032870527 -0.998074114
1403636721763555584.000000 0.804675460 5.076875687 5.859787941 -0.048527393 -0.006387232 0.033948794 -0.998224378
1403636721813555456.000000 0.794668019 5.080598831 5.844579697 -0.046540882 -0.006790870 0.033498567 -0.998331487
1403636721863555584.000000 0.783480346 5.084275246 5.829944611 -0.045482337 -0.007442176 0.032547023 -0.998407125
1403636721913555456.000000 0.771652639 5.087700844 5.815904140 -0.044644024 -0.007640180 0.032640487 -0.998440385
1403636721963555584.000000 0.763752580 5.091000557 5.808706760 0.043586619 0.007734100 -0.035497308 0.998388827
1403636722013555456.000000 0.752967238 5.093967438 5.795070648 0.042457126 0.007954829 -0.038934007 0.998307765
1403636722063555584.000000 0.742444336 5.097109795 5.779158115 -0.041784313 -0.008073887 0.042099047 -0.998206675
1403636722113555456.000000 0.734302104 5.099324226 5.763185501 -0.042436868 -0.007827747 0.043038893 -0.998141050
1403636722163555584.000000 0.727514684 5.100950241 5.746296406 -0.043672156 -0.007292868 0.041820701 -0.998143613
1403636722213555456.000000 0.722660661 5.102083206 5.728608131 -0.044966284 -0.007011198 0.040870622 -0.998127460
1403636722263555584.000000 0.718897223 5.102682114 5.710438251 -0.046360902 -0.006303731 0.039610974 -0.998119175
1403636722313555456.000000 0.715146661 5.102920055 5.692273617 -0.048016977 -0.006595358 0.038125027 -0.998096883
1403636722363555584.000000 0.710352898 5.103344917 5.674453259 -0.048431646 -0.006134646 0.037531942 -0.998102307
1403636722413555456.000000 0.704582691 5.103837967 5.657032490 -0.047082279 -0.005950827 0.037346914 -0.998174906
1403636722463555584.000000 0.704705417 5.103418827 5.643462658 0.044784360 0.005982484 -0.036651544 0.998306274
1403636722513555456.000000 0.696629465 5.103753567 5.627002716 0.042593606 0.006215345 -0.035261959 0.998450756
1403636722563555584.000000 0.686972439 5.104925156 5.610202312 -0.040343784 -0.006047603 0.034575526 -0.998569131
1403636722613555456.000000 0.677047670 5.105427742 5.593923092 -0.038134132 -0.006045924 0.035464380 -0.998624802
1403636722663555584.000000 0.666513026 5.105799675 5.577878475 -0.036273364 -0.005726537 0.035542041 -0.998693287
1403636722713555456.000000 0.655747056 5.105854988 5.561928749 -0.034688316 -0.006270559 0.035865266 -0.998734713
1403636722763555584.000000 0.644710064 5.105598927 5.546087265 -0.033044789 -0.005945206 0.036839683 -0.998757005
1403636722813555456.000000 0.634738445 5.104939461 5.529864788 -0.032006618 -0.005246087 0.037521970 -0.998769343
1403636722863555584.000000 0.626732588 5.103616238 5.512416840 -0.031049620 -0.005401336 0.038303893 -0.998769104
1403636722913555456.000000 0.619653106 5.101594448 5.494460583 -0.031020248 -0.005079852 0.037197404 -0.998813450
1403636722963555584.000000 0.626393318 5.096158981 5.474925518 0.031105202 0.004156509 -0.035981759 0.998859644
1403636723013555456.000000 0.622354865 5.093138218 5.455452442 0.031910859 0.004594075 -0.034097478 0.998898447
1403636723063555584.000000 0.618169546 5.090399742 5.435060024 -0.032888837 -0.005349609 0.031804718 -0.998938560
1403636723113555456.000000 0.615043223 5.087247849 5.415376186 -0.033326268 -0.005643148 0.030821623 -0.998953283
1403636723163555584.000000 0.611304164 5.084215164 5.395973682 -0.033270687 -0.005964987 0.030565072 -0.998961151
1403636723213555456.000000 0.606643379 5.081169605 5.377057076 -0.033250645 -0.006012679 0.030001361 -0.998978615
1403636723263555584.000000 0.602147996 5.078026772 5.358897209 -0.032639589 -0.005605584 0.031185335 -0.998964846
1403636723313555456.000000 0.596792102 5.074976444 5.341113091 -0.031405978 -0.006178705 0.033320770 -0.998932064
1403636723363555584.000000 0.590118349 5.071871281 5.323925972 -0.029345205 -0.006362216 0.033717338 -0.998980284
1403636723413555456.000000 0.583773017 5.068502426 5.307385445 -0.025236567 -0.007237537 0.034775894 -0.999050319
1403636723463555584.000000 0.587678671 5.064076900 5.285751820 0.019726604 0.008424421 -0.035885219 0.999125719
1403636723513555456.000000 0.581486583 5.060331345 5.269260883 0.014281671 0.012495517 -0.033845816 0.999246955
1403636723563555584.000000 0.574738026 5.056589603 5.252690315 -0.009863517 -0.019018060 0.029554399 -0.999333620
1403636723613555456.000000 0.570489228 5.051931381 5.235105515 -0.005937871 -0.025525996 0.025644720 -0.999327540
1403636723663555584.000000 0.567107141 5.047049999 5.216525078 -0.001917860 -0.026785588 0.022704395 -0.999381542
1403636723713555456.000000 0.564467371 5.041559696 5.197074413 0.001961048 -0.023263048 0.021280201 -0.999500990
1403636723763555584.000000 0.562240124 5.035631657 5.176014900 0.005865387 -0.018828304 0.019458877 -0.999616146
1403636723813555456.000000 0.559286475 5.029340744 5.154457569 0.008563825 -0.014068505 0.016700326 -0.999724925
1403636723863555584.000000 0.555457592 5.022982121 5.132708549 0.011083559 -0.010549506 0.014764037 -0.999773979
1403636723913555456.000000 0.550541759 5.016292572 5.111094475 0.013189972 -0.007044423 0.012813979 -0.999806046
1403636723963555584.000000 0.541276395 5.010924816 5.080737591 -0.015154908 0.002451940 -0.010835255 0.999823451
1403636724013555456.000000 0.533581197 5.004992008 5.059823036 -0.018419581 -0.001698951 -0.009827804 0.999780595
1403636724063555584.000000 0.525635719 4.999389172 5.040985107 0.022815591 0.005114576 0.008062989 -0.999694109
1403636724113555456.000000 0.516194642 4.994337559 5.022289753 0.028667433 0.008751386 0.006295527 -0.999530852
1403636724163555584.000000 0.506594360 4.989652157 5.004289627 0.035701070 0.008775038 0.004907344 -0.999311984
1403636724213555456.000000 0.499740094 4.985158443 4.992121696 0.043031450 0.009867703 0.001500855 -0.999023914
1403636724263555584.000000 0.469431877 4.984899521 4.981327534 -0.051598806 -0.008317822 0.001234664 0.998632550
1403636724313555456.000000 0.458185762 4.981015682 4.966295242 -0.060968466 -0.006953844 0.003296116 0.998110056
1403636724363555584.000000 0.447319746 4.977154255 4.951399326 0.070275471 0.004553447 -0.006080006 -0.997498751
1403636724413555456.000000 0.437759161 4.973099709 4.936008930 0.079746939 0.001319031 -0.008564753 -0.996777534
1403636724463555584.000000 0.429687560 4.968708992 4.920489311 0.087575793 -0.000852629 -0.011330756 -0.996093094
1403636724513555456.000000 0.423602343 4.963947296 4.904612064 0.094694026 -0.003829195 -0.012290870 -0.995423257
1403636724563555584.000000 0.418233275 4.958778858 4.888112068 0.100280248 -0.006314632 -0.013862095 -0.994842708
1403636724613555456.000000 0.414520919 4.953515053 4.871751308 0.105196312 -0.006882988 -0.015114942 -0.994312823
1403636724663555584.000000 0.413306922 4.947651863 4.854877949 0.108796626 -0.007714207 -0.016063975 -0.993904352
1403636724713555456.000000 0.413859546 4.941299915 4.837690353 0.111503676 -0.007743246 -0.017306237 -0.993583202
1403636724763555584.000000 0.414373338 4.938390255 4.833192825 -0.113311842 0.007763157 0.018236760 0.993361831
1403636724813555456.000000 0.418847561 4.931159019 4.815096855 -0.114440165 0.006905361 0.018936493 0.993225694
1403636724863555584.000000 0.425158679 4.923176289 4.796523571 0.114764653 -0.005942612 -0.020067323 -0.993172288
1403636724913555456.000000 0.433213085 4.914904118 4.777698517 0.113997027 -0.005259236 -0.021985423 -0.993223906
1403636724963555584.000000 0.442996711 4.906365871 4.758517742 0.112647176 -0.004602501 -0.024335450 -0.993326426
1403636725013555456.000000 0.454659432 4.897727966 4.739181042 0.110778704 -0.004606247 -0.026930228 -0.993469536
1403636725063555584.000000 0.468488961 4.889256001 4.719246864 0.109203614 -0.005205001 -0.028940126 -0.993584454
1403636725113555456.000000 0.483571708 4.881237507 4.699018478 0.107746959 -0.004911694 -0.030504894 -0.993698180
1403636725163555584.000000 0.499614656 4.873740673 4.679157257 0.106407300 -0.004026938 -0.032080814 -0.993796825
1403636725213555456.000000 0.515516877 4.866993427 4.659550190 0.106089182 -0.004083297 -0.031201521 -0.993858635
1403636725263555584.000000 0.531220913 4.860550404 4.648056030 -0.105294153 0.003717673 0.031310868 0.993941188
1403636725313555456.000000 0.545074344 4.855335236 4.629850388 -0.105948761 0.002995419 0.029129745 0.993940294
1403636725363555584.000000 0.557544589 4.850349426 4.611951828 0.106062919 -0.002745773 -0.027930599 -0.993963361
1403636725413555456.000000 0.568812132 4.846003532 4.594990730 0.106569797 -0.002943309 -0.026027521 -0.993960202
1403636725463555584.000000 0.578542888 4.841917992 4.578892708 0.106796116 -0.002928579 -0.025251292 -0.993955910
1403636725513555456.000000 0.586959362 4.838169575 4.563425064 0.107272521 -0.002707114 -0.023701876 -0.993943453
1403636725563555584.000000 0.593781054 4.834657192 4.548649311 0.107814595 -0.001924994 -0.022998987 -0.993903160
1403636725613555456.000000 0.599427283 4.831372738 4.534708500 0.108416975 -0.002001117 -0.021619931 -0.993868411
1403636725663555584.000000 0.604029119 4.827785492 4.521815300 0.108541578 -0.003722991 -0.021440614 -0.993853688
1403636725713555456.000000 0.607159019 4.824264050 4.509939671 0.108564176 -0.004092847 -0.021993479 -0.993837714
1403636725763555584.000000 0.606542468 4.814916611 4.498777390 -0.108841807 0.003810743 0.021814864 0.993812442
1403636725813555456.000000 0.607150435 4.811304569 4.488515854 -0.108771592 0.004194676 0.021526551 0.993824840
1403636725863555584.000000 0.606815100 4.808299541 4.478332043 0.108204395 -0.002645998 -0.022199225 -0.993877292
1403636725913555456.000000 0.605652332 4.805171490 4.469369888 0.107102804 -0.002928688 -0.024060436 -0.993952453
1403636725963555584.000000 0.603465796 4.802205086 4.461167336 0.106375106 -0.002358174 -0.024568267 -0.994019747
1403636726013555456.000000 0.600572407 4.799405575 4.453567982 0.105643705 -0.003281916 -0.025147004 -0.994080603
1403636726063555584.000000 0.596884727 4.796851635 4.446826458 0.105354965 -0.003572637 -0.024163574 -0.994134724
1403636726113555456.000000 0.592105985 4.794540882 4.440754414 0.105343021 -0.003803731 -0.022901639 -0.994165003
1403636726163555584.000000 0.586461484 4.792171478 4.435378551 0.105097100 -0.005617011 -0.021772789 -0.994207740
1403636726213555456.000000 0.579497397 4.789876461 4.430688381 0.104595460 -0.006312747 -0.021278616 -0.994267166
1403636726263555584.000000 0.559395611 4.783824921 4.414540291 -0.104462467 0.006985576 0.019911923 0.994304955
1403636726313555456.000000 0.552510381 4.781094551 4.409967899 -0.103709333 0.007402656 0.019678293 0.994385481
1403636726363555584.000000 0.548619986 4.779093742 4.405662537 0.103357539 -0.008554826 -0.018607534 -0.994433403
1403636726413555456.000000 0.546862900 4.776481628 4.401185513 0.102523573 -0.008993469 -0.018188318 -0.994523704
1403636726463555584.000000 0.547526836 4.773650646 4.396633148 0.101462461 -0.009768370 -0.018502107 -0.994619310
1403636726513555456.000000 0.549724460 4.770703793 4.392147064 0.099940754 -0.010355464 -0.020673128 -0.994724691
1403636726563555584.000000 0.553708375 4.767584324 4.387171268 0.096732862 -0.012051865 -0.026973138 -0.994871855
1403636726613555456.000000 0.558601558 4.764634132 4.381497383 0.093023062 -0.013554610 -0.035140246 -0.994951367
1403636726663555584.000000 0.573542833 4.765486717 4.389661789 0.089848109 -0.016252626 -0.042070087 -0.994933844
1403636726713555456.000000 0.577945113 4.764051914 4.379137039 0.089339763 -0.016315585 -0.042806689 -0.994947195
1403636726763555584.000000 0.566575289 4.758132458 4.325229645 -0.090293460 0.017930547 0.039135274 0.994984448
1403636726813555456.000000 0.575320125 4.758592606 4.312204361 -0.091806583 0.017780770 0.033450350 0.995056093
1403636726863555584.000000 0.589759469 4.762219429 4.304209232 0.092012063 -0.017757667 -0.027049139 -0.995232046
1403636726913555456.000000 0.602674007 4.764777660 4.291986942 0.091600955 -0.017178303 -0.022017568 -0.995404184
1403636726963555584.000000 0.616346896 4.767336369 4.278698921 0.090670668 -0.016734594 -0.018379522 -0.995570719
1403636727013555456.000000 0.631345034 4.770005226 4.265045643 0.089645378 -0.016789686 -0.016503500 -0.995695531
1403636727063555584.000000 0.646347582 4.772534847 4.250791073 0.089254603 -0.016846027 -0.013835006 -0.995770276
1403636727113555456.000000 0.660087824 4.774861813 4.236152649 0.088831462 -0.016153950 -0.011419819 -0.995850265
1403636727163555584.000000 0.672160208 4.776978016 4.221201897 0.089039356 -0.015066274 -0.008311259 -0.995879531
1403636727213555456.000000 0.699962378 4.767276287 4.187605858 -0.089913942 0.012918329 0.005287636 0.995851755
1403636727263555584.000000 0.707616210 4.766188145 4.168077946 -0.090466499 0.012246090 0.002499796 0.995821059
1403636727313555456.000000 0.715955198 4.768660545 4.156875610 0.091111675 -0.011248020 0.000353879 -0.995777130
1403636727363555584.000000 0.722049952 4.768213749 4.141843319 0.091240063 -0.009435938 0.001271387 -0.995783448
1403636727413555456.000000 0.727610886 4.766951084 4.126922607 0.091462687 -0.009145529 0.002313979 -0.995763838
1403636727463555584.000000 0.732534647 4.764926910 4.112048149 0.091833755 -0.009214383 0.003425576 -0.995725870
1403636727513555456.000000 0.737510622 4.761880398 4.096795082 0.091104217 -0.010913773 0.001602606 -0.995780349
1403636727563555584.000000 0.743172228 4.757841587 4.080978870 0.089797571 -0.012623924 -0.001894723 -0.995878220
1403636727613555456.000000 0.749938965 4.753150463 4.064027786 0.089420944 -0.014252604 -0.002968000 -0.995887518
1403636727663555584.000000 0.757536173 4.747604847 4.046244144 0.088609107 -0.014713671 -0.005106862 -0.995944738
1403636727713555456.000000 0.772359490 4.742848396 4.025064945 -0.088834591 0.012785094 0.004838601 0.995952606
1403636727763555584.000000 0.784004807 4.736281872 4.005828381 -0.089214124 0.012102741 0.003823745 0.995931685
1403636727813555456.000000 0.797101617 4.729566574 3.986513853 0.089574732 -0.011376155 -0.002340332 -0.995912433
1403636727863555584.000000 0.811501443 4.722008228 3.965717793 0.091718934 -0.010138667 0.002469705 -0.995730281
1403636727913555456.000000 0.825646520 4.713541031 3.944555521 0.093554586 -0.009870337 0.007001631 -0.995540679
1403636727963555584.000000 0.838566661 4.704189301 3.923713207 0.094022952 -0.009778815 0.008146905 -0.995488763
1403636728013555456.000000 0.849811256 4.693817139 3.903265715 0.093743801 -0.009524695 0.006755299 -0.995527923
1403636728063555584.000000 0.859621584 4.682580471 3.883388042 0.093184523 -0.009437507 0.004932660 -0.995591998
1403636728113555456.000000 0.868077815 4.670580864 3.863765001 0.091951616 -0.011256417 0.001513713 -0.995698750
1403636728163555584.000000 0.875210702 4.658047676 3.844384432 0.091747224 -0.012501715 -0.000207619 -0.995703876
1403636728213555456.000000 0.881197512 4.644682407 3.839922190 -0.091253318 0.013441792 0.002014732 0.995735049
1403636728263555584.000000 0.885382295 4.631420135 3.821280241 -0.090957820 0.014133063 0.003209346 0.995749354
1403636728313555456.000000 0.887747467 4.617490292 3.802576303 0.090564199 -0.014053750 -0.004763521 -0.995780051
1403636728363555584.000000 0.888805151 4.603304863 3.784091711 0.090874374 -0.013666702 -0.004551309 -0.995758176
1403636728413555456.000000 0.888144553 4.588510036 3.765972376 0.089301012 -0.013383646 -0.008568568 -0.995877981
1403636728463555584.000000 0.886089981 4.573708057 3.748181105 0.087213874 -0.014245622 -0.014781080 -0.995978117
1403636728513555456.000000 0.882469058 4.559159756 3.730432034 0.084692173 -0.014291521 -0.022099171 -0.996059537
1403636728563555584.000000 0.877767324 4.545243740 3.712583065 0.082737707 -0.013983309 -0.025501963 -0.996146977
1403636728613555456.000000 0.872381866 4.532190323 3.694875240 0.080318883 -0.014512084 -0.027137777 -0.996294081
1403636728663555584.000000 0.866864622 4.520134926 3.676884413 0.078602724 -0.013476150 -0.022424567 -0.996562719
1403636728713555456.000000 0.860369384 4.507302284 3.682000399 -0.076133929 0.013311463 0.015659029 0.996885836
1403636728763555584.000000 0.857803166 4.495572567 3.663572788 -0.071491316 0.012648662 0.009125220 0.997319341
1403636728813555456.000000 0.856389344 4.483451843 3.642797947 0.065825358 -0.011845033 -0.002124268 -0.997758627
1403636728863555584.000000 0.856698215 4.471199512 3.621495247 0.059726305 -0.011564303 0.003147561 -0.998142898
1403636728913555456.000000 0.857626736 4.458930016 3.599553347 0.053830694 -0.012622101 0.008048231 -0.998437881
1403636728963555584.000000 0.858068883 4.446483135 3.577577353 0.048336148 -0.013373469 0.010888842 -0.998682261
1403636729013555456.000000 0.857475519 4.433778286 3.555625916 0.043197475 -0.014561541 0.013480671 -0.998869479
1403636729063555584.000000 0.855577588 4.420932770 3.533904314 0.038943522 -0.016084174 0.016180482 -0.998980999
1403636729113555456.000000 0.849113345 4.406575680 3.533198595 -0.035208680 0.017171577 -0.017729931 0.999075174
1403636729163555584.000000 0.843792200 4.393280506 3.512151003 -0.032303769 0.016809940 -0.019325543 0.999149859
1403636729213555456.000000 0.836921513 4.379759312 3.491370916 0.029787026 -0.014677377 0.019689513 -0.999254584
1403636729263555584.000000 0.829018235 4.365632534 3.470536709 0.026930440 -0.013602044 0.018293891 -0.999377370
1403636729313555456.000000 0.820067585 4.351398468 3.449496508 0.025520805 -0.013232854 0.018835429 -0.999409258
1403636729363555584.000000 0.810393572 4.336753368 3.428214073 0.024078174 -0.013240990 0.018266663 -0.999455571
1403636729413555456.000000 0.800794303 4.322141647 3.406455755 0.023450974 -0.013955377 0.018837370 -0.999450147
1403636729463555584.000000 0.792143226 4.307236671 3.383541822 0.022936741 -0.014117289 0.019028045 -0.999456167
1403636729513555456.000000 0.784498155 4.292069435 3.359446287 0.022333024 -0.014060732 0.018876536 -0.999473453
1403636729563555584.000000 0.777940333 4.277026176 3.334787369 0.021831188 -0.013448628 0.018394869 -0.999502003
1403636729613555456.000000 0.775002360 4.259682655 3.325687647 -0.021790763 0.012720652 -0.018492961 0.999510586
1403636729663555584.000000 0.771769881 4.244319916 3.300385952 -0.021665387 0.012105486 -0.018168380 0.999526918
1403636729713555456.000000 0.768891037 4.228096962 3.272786856 0.021127831 -0.012433087 0.016849829 -0.999557555
1403636729763555584.000000 0.766402483 4.212235928 3.246283531 0.021656934 -0.010504440 0.017198985 -0.999562383
1403636729813555456.000000 0.763078988 4.196249485 3.219715118 0.021937560 -0.008411604 0.016504817 -0.999587774
1403636729863555584.000000 0.758278370 4.180426121 3.193327904 0.022469219 -0.005699876 0.016867092 -0.999589026
1403636729913555456.000000 0.752078414 4.164446354 3.167255402 0.022102719 -0.003954085 0.014762677 -0.999638915
1403636729963555584.000000 0.744833827 4.148480892 3.141867876 0.022579355 -0.002200168 0.015712980 -0.999619186
1403636730013555456.000000 0.736944377 4.132266521 3.117470026 0.022435503 -0.000670337 0.014703556 -0.999639988
1403636730063555584.000000 0.728392661 4.115887165 3.093701124 0.022154484 0.000153593 0.014601091 -0.999647975
1403636730113555456.000000 0.723032773 4.095243454 3.070888281 -0.022135280 -0.001150871 -0.014925363 0.999642968
1403636730163555584.000000 0.713099420 4.078743935 3.048824072 -0.021748018 -0.000939922 -0.013853214 0.999667048
1403636730213555456.000000 0.701679826 4.062144756 3.027015924 0.021920234 0.002113011 0.014707796 -0.999649286
1403636730263555584.000000 0.689849317 4.045733452 3.006018877 0.021593031 0.002140683 0.014968177 -0.999652565
1403636730313555456.000000 0.677282572 4.029505730 2.985596180 0.020684483 0.001562595 0.013100621 -0.999698997
1403636730363555584.000000 0.663805902 4.013585091 2.965754032 0.020287311 0.002029771 0.013028526 -0.999707282
1403636730413555456.000000 0.648276865 3.998940945 2.943623781 -0.020273767 -0.003330586 -0.013797108 0.999693751
1403636730463555584.000000 0.635742545 3.983304739 2.925142765 -0.019781491 -0.006934150 -0.013347745 0.999691188
1403636730513555456.000000 0.624976873 3.967757225 2.906335831 0.020169744 0.010799474 0.014539069 -0.999632537
1403636730563555584.000000 0.616753459 3.952060938 2.887768984 0.019716386 0.014986755 0.013641590 -0.999600232
1403636730613555456.000000 0.611320198 3.936399460 2.870583773 0.019401342 0.017880276 0.013091453 -0.999566197
1403636730663555584.000000 0.604468167 3.922097921 2.849957943 -0.019195957 -0.019412374 -0.012531995 0.999548793
1403636730713555456.000000 0.605942428 3.906379461 2.834617376 -0.018776793 -0.020448459 -0.012358359 0.999538183
1403636730763555584.000000 0.611099899 3.890521526 2.820583820 0.019137926 0.021664979 0.012959546 -0.999498069
1403636730813555456.000000 0.617390454 3.874692917 2.806472540 0.018928967 0.022180347 0.013363097 -0.999485493
1403636730863555584.000000 0.624753833 3.858945847 2.792870998 0.018356781 0.023018612 0.011245373 -0.999503255
1403636730913555456.000000 0.632089317 3.843313456 2.780283928 0.017357109 0.023841562 0.007616532 -0.999536097
1403636730963555584.000000 0.638775170 3.827942848 2.769101620 0.015749043 0.022606943 0.002575784 -0.999617159
1403636731013555456.000000 0.644223213 3.813114643 2.759378195 0.014366239 0.021272246 -0.002658621 -0.999666989
1403636731063555584.000000 0.649149358 3.798877716 2.750983715 0.012242914 0.015772624 -0.009324148 -0.999757230
1403636731113555456.000000 0.653439283 3.786079168 2.743578672 0.011406191 0.009158676 -0.013175842 -0.999806225
1403636731163555584.000000 0.646041512 3.779743910 2.728564262 -0.010731976 -0.003118702 0.015312700 0.999820352
1403636731213555456.000000 0.647214353 3.770017862 2.722563267 -0.011816491 0.000767650 0.013608224 0.999837339
1403636731263555584.000000 0.648902059 3.762607098 2.717452526 0.013531616 -0.004190533 -0.009698642 -0.999852657
1403636731313555456.000000 0.648676395 3.756121874 2.712414742 0.015921790 -0.005990662 -0.004637636 -0.999844611
1403636731363555584.000000 0.647320628 3.750373125 2.707821846 0.017757999 -0.006530687 -0.000655287 -0.999820769
1403636731413555456.000000 0.644479096 3.745270252 2.703461647 0.019838111 -0.005473396 0.004324635 -0.999778867
1403636731463555584.000000 0.640724897 3.740418434 2.699336767 0.020504892 -0.006055592 0.005836751 -0.999754369
1403636731513555456.000000 0.635542750 3.735884905 2.695405006 0.020176245 -0.005199076 0.004662083 -0.999772131
1403636731563555584.000000 0.629229844 3.731561184 2.691463232 0.018486042 -0.004696019 0.000584616 -0.999817908
1403636731613555456.000000 0.622534215 3.727987051 2.687619448 0.017540798 -0.004971081 -0.002397360 -0.999830961
1403636731663555584.000000 0.614394188 3.726391077 2.681494236 -0.016496275 0.004932075 0.004924709 0.999839723
1403636731713555456.000000 0.605806112 3.724641800 2.677758932 -0.016893514 0.005140880 0.004423904 0.999834359
1403636731763555584.000000 0.596821964 3.724358797 2.674586296 0.017993255 -0.004800745 -0.001362571 -0.999825656
1403636731813555456.000000 0.586619556 3.724531412 2.671185970 0.018617507 -0.004842209 0.000585936 -0.999814868
1403636731863555584.000000 0.575553477 3.725278854 2.667979479 0.019308064 -0.004606968 0.003090434 -0.999798238
1403636731913555456.000000 0.563786685 3.726318836 2.664994717 0.019384261 -0.004932150 0.004908066 -0.999787927
1403636731963555584.000000 0.551246047 3.727553368 2.662129402 0.019263512 -0.005702352 0.005266505 -0.999784291
1403636732013555456.000000 0.537803292 3.728967190 2.659538984 0.019119712 -0.005956718 0.005959517 -0.999781728
1403636732063555584.000000 0.523453951 3.730755568 2.656972170 0.019111479 -0.007477290 0.006967853 -0.999765158
1403636732113555456.000000 0.507686377 3.732840538 2.654654264 0.018720906 -0.007606419 0.006437573 -0.999775112
1403636732163555584.000000 0.495446622 3.735502005 2.661112785 -0.018672207 0.007623026 -0.007614778 0.999767661
1403636732213555456.000000 0.479355931 3.738052845 2.658147812 -0.018565916 0.009222930 -0.008213040 0.999751449
1403636732263555584.000000 0.464336723 3.740968704 2.654674053 0.018808912 -0.010075359 0.010170481 -0.999720633
1403636732313555456.000000 0.450107276 3.743645906 2.649551868 0.017991379 -0.011032508 0.009220107 -0.999734759
1403636732363555584.000000 0.437074125 3.746383190 2.643074036 0.018809309 -0.010557257 0.011811266 -0.999697566
1403636732413555456.000000 0.426783174 3.748985291 2.635117054 0.020357933 -0.012215576 0.016184876 -0.999587119
1403636732463555584.000000 0.418883294 3.751367092 2.625721455 0.022722550 -0.014705043 0.023320403 -0.999361634
1403636732513555456.000000 0.412550032 3.753164291 2.613935947 0.025495775 -0.017627049 0.031835496 -0.999012411
1403636732563555584.000000 0.419275731 3.753267288 2.616766930 -0.027441734 0.020118933 -0.038134348 0.998693168
1403636732613555456.000000 0.415040404 3.752651691 2.602924824 -0.028827012 0.023233352 -0.043114930 0.998383939
1403636732663555584.000000 0.410815984 3.749073267 2.587780476 0.028152121 -0.025716469 0.042907577 -0.998351216
1403636732713555456.000000 0.407468438 3.744441032 2.570980072 0.026349464 -0.027699281 0.039182313 -0.998500526
1403636732763555584.000000 0.404902071 3.738318443 2.552586317 0.024261406 -0.028041244 0.034558140 -0.998714566
1403636732813555456.000000 0.403779268 3.731218338 2.533065557 0.021998012 -0.029036285 0.029684143 -0.998895347
1403636732863555584.000000 0.402024209 3.723649025 2.512623310 0.021122582 -0.029273015 0.027768815 -0.998962402
1403636732913555456.000000 0.391505331 3.715763092 2.479377985 0.020326125 -0.028487861 0.026642319 -0.999032319
1403636732963555584.000000 0.393624604 3.707275391 2.470269442 0.019721147 -0.026219945 0.025564164 -0.999134719
1403636733013555456.000000 0.379789710 3.698723793 2.436900377 0.019106900 -0.023555031 0.025156528 -0.999223351
1403636733063555584.000000 0.381754279 3.690568209 2.435917854 -0.018895803 0.020757759 -0.024939062 0.999294877
1403636733113555456.000000 0.375892371 3.681026697 2.414004564 -0.018455222 0.016778642 -0.024489610 0.999388933
1403636733163555584.000000 0.372211367 3.669342995 2.389639378 0.019465577 -0.016621176 0.027401069 -0.999296784
1403636733213555456.000000 0.369776338 3.657663584 2.365118742 0.019134279 -0.015223986 0.027562307 -0.999321043
1403636733263555584.000000 0.368927896 3.645229340 2.339725733 0.018905651 -0.014455567 0.028618069 -0.999307096
1403636733313555456.000000 0.368491620 3.632143974 2.312778473 0.017848309 -0.013816674 0.026970487 -0.999381423
1403636733363555584.000000 0.368226767 3.618686438 2.285214901 0.016752964 -0.011617372 0.025153425 -0.999475718
1403636733413555456.000000 0.369253337 3.604704380 2.257591963 0.015526836 -0.009060593 0.023587409 -0.999560237
1403636733463555584.000000 0.371922821 3.590200901 2.229659796 0.014632450 -0.007300379 0.020951122 -0.999646842
1403636733513555456.000000 0.381952971 3.571852446 2.201609850 -0.014520267 0.005081612 -0.020678364 0.999667883
1403636733563555584.000000 0.384671241 3.556602001 2.174149513 -0.014162322 0.003544252 -0.019766424 0.999698043
1403636733613555456.000000 0.386613697 3.541543007 2.148103476 0.014066145 -0.002158932 0.020804040 -0.999682367
1403636733663555584.000000 0.386850238 3.526283503 2.122190952 0.013525275 -0.000919075 0.019051233 -0.999726653
1403636733713555456.000000 0.385751665 3.511012316 2.097035408 0.013364671 0.000245027 0.019278932 -0.999724805
1403636733763555584.000000 0.383413315 3.495692730 2.072764397 0.013430349 0.000544127 0.020139854 -0.999706864
1403636733813555456.000000 0.379307628 3.480242014 2.049353838 0.013163965 0.002529793 0.019609468 -0.999717891
1403636733863555584.000000 0.374234587 3.464548588 2.026294231 0.012997175 0.003437039 0.019628551 -0.999716997
1403636733913555456.000000 0.368417054 3.448699236 2.003796816 0.013499253 0.002265092 0.021230139 -0.999680936
1403636733963555584.000000 0.362034023 3.432776928 1.981891155 0.014680794 0.000066538 0.024362903 -0.999595404
1403636734013555456.000000 0.358174533 3.418017626 1.950383902 -0.014977366 0.003083158 -0.025689742 0.999553025
1403636734063555584.000000 0.350094169 3.401696444 1.929265857 -0.015454990 0.005590629 -0.025734818 0.999533772
1403636734113555456.000000 0.342293471 3.385477781 1.909248233 0.015451899 -0.007695492 0.024178518 -0.999558687
1403636734163555584.000000 0.334691554 3.368657827 1.888401628 0.015621630 -0.008418354 0.023755366 -0.999560356
1403636734213555456.000000 0.328397691 3.351236343 1.867222786 0.014869670 -0.008681732 0.022225114 -0.999604702
1403636734263555584.000000 0.323985755 3.333400249 1.844837189 0.013791231 -0.009392246 0.021109011 -0.999637961
1403636734313555456.000000 0.320299387 3.315474510 1.821738362 0.012884889 -0.008241948 0.019546231 -0.999691963
1403636734363555584.000000 0.318420082 3.297340155 1.798218846 0.012146248 -0.006829032 0.018579772 -0.999730289
1403636734413555456.000000 0.318403542 3.279012680 1.773816228 0.011160309 -0.005277367 0.017173346 -0.999776304
1403636734463555584.000000 0.319428951 3.260693789 1.748989582 0.010628518 -0.003384814 0.017072018 -0.999792099
1403636734513555456.000000 0.317380756 3.246081352 1.710176110 -0.009725370 0.001807176 -0.016617171 0.999812961
1403636734563555584.000000 0.317206889 3.227748156 1.685774922 -0.009253238 -0.000465983 -0.016488833 0.999821186
1403636734613555456.000000 0.316393793 3.210419178 1.662956119 0.008539691 0.002501834 0.016191827 -0.999829352
1403636734663555584.000000 0.314173400 3.192912817 1.640500426 0.008516618 0.004360133 0.017149055 -0.999807239
1403636734713555456.000000 0.310816854 3.175536156 1.619011879 0.008187238 0.005171984 0.018068047 -0.999789894
1403636734763555584.000000 0.306443423 3.158443213 1.598315120 0.007932402 0.004842612 0.019494602 -0.999766767
1403636734813555456.000000 0.300412744 3.141505241 1.578587890 0.007353058 0.005954206 0.019401817 -0.999767065
1403636734863555584.000000 0.293453723 3.124513149 1.559854388 0.006640207 0.006132124 0.019503698 -0.999768913
1403636734913555456.000000 0.285488278 3.107629061 1.542221069 0.005879263 0.006440731 0.019153954 -0.999778509
1403636734963555584.000000 0.276820838 3.090947628 1.525435567 0.005447434 0.006686412 0.018564908 -0.999790490
1403636735013555456.000000 0.250636190 3.078571558 1.495902777 -0.005277502 -0.006018218 -0.019571953 0.999776483
1403636735063555584.000000 0.240712881 3.062044382 1.480482697 -0.004911080 -0.005455198 -0.018902134 0.999794424
1403636735113555456.000000 0.231035590 3.046231747 1.465513706 0.004764208 0.005361421 0.018044438 -0.999811471
1403636735163555584.000000 0.222184047 3.030460358 1.450458765 0.004388549 0.005529826 0.016780905 -0.999834359
1403636735213555456.000000 0.214985624 3.014867544 1.435897231 0.004497291 0.006513529 0.015819833 -0.999843538
1403636735263555584.000000 0.210440412 2.999270678 1.421704769 0.004478832 0.007787042 0.014220740 -0.999858618
1403636735313555456.000000 0.208752945 2.983790398 1.407553911 0.004826770 0.009255034 0.012685892 -0.999865055
1403636735363555584.000000 0.210838988 2.968362093 1.393756986 0.005435818 0.010380104 0.011408300 -0.999866307
1403636735413555456.000000 0.216831863 2.953006268 1.379667878 0.006683910 0.008851379 0.011310256 -0.999874592
1403636735463555584.000000 0.223756298 2.937859297 1.364312291 0.007884750 0.007934303 0.009788138 -0.999889553
1403636735513555456.000000 0.209375039 2.927337646 1.339813709 -0.009625427 -0.006234244 -0.009905932 0.999885261
1403636735563555584.000000 0.219935283 2.913116217 1.324761391 -0.011495434 -0.004755195 -0.009871989 0.999873936
1403636735613555456.000000 0.233911693 2.900674582 1.310703278 0.013191060 0.003519899 0.010155410 -0.999855280
1403636735663555584.000000 0.246204957 2.887909889 1.296882868 0.015111091 0.003214251 0.010271109 -0.999827921
1403636735713555456.000000 0.256921381 2.875224590 1.283941627 0.016189039 0.004237898 0.009315677 -0.999816597
1403636735763555584.000000 0.266426563 2.862841368 1.271925926 0.017733773 0.004898685 0.010037640 -0.999780416
1403636735813555456.000000 0.274835080 2.850659132 1.260825276 0.018390432 0.004773083 0.008853188 -0.999780357
1403636735863555584.000000 0.281095833 2.838630915 1.250161290 0.019058255 0.004357450 0.009107871 -0.999767423
1403636735913555456.000000 0.285801500 2.826789141 1.240081191 0.019259445 0.004079252 0.009013249 -0.999765635
1403636735963555584.000000 0.289453030 2.815081835 1.230762482 0.019743165 0.003949118 0.009686408 -0.999750435
1403636736013555456.000000 0.298097014 2.800122023 1.229894638 -0.019007228 -0.003009610 -0.011511192 0.999748588
1403636736063555584.000000 0.302278548 2.788118124 1.220834494 -0.016236303 -0.002390122 -0.013403006 0.999775529
1403636736113555456.000000 0.309074610 2.776746035 1.211647511 0.011467878 0.000322143 0.014234496 -0.999832928
1403636736163555584.000000 0.316807061 2.764653206 1.201534867 0.005667018 -0.001502067 0.016466815 -0.999847293
1403636736213555456.000000 0.326072782 2.752527714 1.190355301 -0.000718276 -0.003202687 0.018308707 -0.999827027
1403636736263555584.000000 0.341179550 2.743610382 1.182630539 0.006664733 0.003831019 -0.020634321 0.999757588
1403636736313555456.000000 0.350233018 2.731941223 1.171180248 0.011742779 0.004207486 -0.023323266 0.999650240
1403636736363555584.000000 0.357573271 2.720627785 1.159778237 -0.016077571 -0.004424613 0.026017290 -0.999522448
1403636736413555456.000000 0.363302588 2.709423542 1.148926139 -0.019827012 -0.004284888 0.028123163 -0.999398649
1403636736463555584.000000 0.367774516 2.698510885 1.138589859 -0.021921117 -0.004682728 0.032953270 -0.999205530
1403636736513555456.000000 0.370370924 2.687552929 1.129055500 -0.023228936 -0.005677571 0.038335819 -0.998978794
1403636736563555584.000000 0.371136159 2.676633596 1.120056868 -0.024310077 -0.006412420 0.043051682 -0.998756468
1403636736613555456.000000 0.370370001 2.665707827 1.111369014 -0.024946958 -0.007014451 0.046923429 -0.998562336
1403636736663555584.000000 0.368581265 2.654209852 1.102661610 -0.026058650 -0.007914221 0.048431050 -0.998455226
1403636736713555456.000000 0.386168748 2.643956423 1.106492519 0.027049076 0.007787602 -0.050060984 0.998349428
1403636736763555584.000000 0.383540004 2.632020950 1.099571347 0.027734561 0.007125342 -0.050989661 0.998288631
1403636736813555456.000000 0.376779675 2.617166758 1.089674473 -0.028409651 -0.008059264 0.052142922 -0.998202920
1403636736863555584.000000 0.370497227 2.602770090 1.081017375 -0.029813554 -0.008412852 0.050934184 -0.998221517
1403636736913555456.000000 0.363239914 2.587774754 1.072007656 -0.030450579 -0.007554533 0.051981200 -0.998155177
1403636736963555584.000000 0.355493098 2.571993351 1.063115478 -0.032227606 -0.007710152 0.050145064 -0.998192072
1403636737013555456.000000 0.347141922 2.555497885 1.054165840 -0.034668121 -0.007415121 0.046842802 -0.998273015
1403636737063555584.000000 0.337891012 2.538726091 1.045079589 -0.037130143 -0.007771310 0.044099666 -0.998306692
1403636737113555456.000000 0.328112751 2.521682501 1.035951138 -0.040064983 -0.008462688 0.040283345 -0.998348892
1403636737163555584.000000 0.317936182 2.504918814 1.027147532 -0.041865844 -0.008193221 0.039482474 -0.998309255
1403636737213555456.000000 0.331597984 2.483933926 1.034192920 0.043623969 0.006290317 -0.038794342 0.998274744
1403636737263555584.000000 0.320700318 2.467499018 1.026105165 0.045879018 0.005484484 -0.036635552 0.998259902
1403636737313555456.000000 0.306517243 2.450100422 1.017014384 -0.046722498 -0.003278301 0.037669815 -0.998192012
1403636737363555584.000000 0.294620395 2.433424950 1.008099556 -0.048293453 -0.001415278 0.036885574 -0.998150885
1403636737413555456.000000 0.283976763 2.417102814 0.997571707 -0.049409021 0.000725091 0.037543401 -0.998072565
1403636737463555584.000000 0.275171369 2.401064396 0.986354232 -0.050492477 0.003005761 0.037826285 -0.998003364
1403636737513555456.000000 0.284857452 2.379736662 0.986040533 0.050851021 -0.005392253 -0.039325804 0.997917116
1403636737563555584.000000 0.280266434 2.363875389 0.974588752 0.052181114 -0.006324663 -0.037854798 0.997899950
1403636737613555456.000000 0.277664125 2.348088264 0.963797987 -0.053370163 0.007631477 0.035859827 -0.997901559
1403636737663555584.000000 0.275568008 2.332809687 0.951946855 -0.055201396 0.009078987 0.032445841 -0.997906625
1403636737713555456.000000 0.275019526 2.318117619 0.939681232 -0.056476809 0.010462350 0.029343085 -0.997917771
1403636737763555584.000000 0.276622653 2.304080009 0.927287936 -0.057561584 0.010823059 0.026925376 -0.997920156
1403636737813555456.000000 0.280064642 2.290737867 0.915191889 -0.058339737 0.011443951 0.024242854 -0.997936845
1403636737863555584.000000 0.286162913 2.278295279 0.902443886 -0.058597762 0.011493621 0.022630991 -0.997958958
1403636737913555456.000000 0.294676989 2.266632795 0.889961600 -0.058651753 0.011451304 0.022049336 -0.997969270
1403636737963555584.000000 0.306977123 2.255778313 0.878064156 -0.058619462 0.010977178 0.021293061 -0.997992933
1403636738013555456.000000 0.312860072 2.244035244 0.868662536 0.057818074 -0.010424481 -0.021270234 0.998046160
1403636738063555584.000000 0.328425765 2.235157490 0.856568992 0.056840133 -0.010634786 -0.021820992 0.998088181
1403636738113555456.000000 0.344862759 2.226636648 0.844291925 -0.055084333 0.009069381 0.024729969 -0.998134255
1403636738163555584.000000 0.360503495 2.218931198 0.833217025 -0.054040421 0.007704852 0.025563974 -0.998181820
1403636738213555456.000000 0.374972373 2.212060928 0.822931409 -0.052690372 0.006383297 0.026942588 -0.998227000
1403636738263555584.000000 0.387827784 2.205816031 0.813720584 -0.051799763 0.006202360 0.026846429 -0.998277307
1403636738313555456.000000 0.399349481 2.199959517 0.805627465 -0.050837830 0.006262051 0.027367359 -0.998312235
1403636738363555584.000000 0.409763575 2.194582701 0.798899114 -0.049870130 0.006538472 0.026888110 -0.998372316
1403636738413555456.000000 0.418907970 2.189573050 0.793645561 -0.049146604 0.006912987 0.026646003 -0.998412192
1403636738463555584.000000 0.426634490 2.185269833 0.789971054 -0.047200702 0.007299883 0.026555695 -0.998505712
1403636738513555456.000000 0.421292782 2.178437710 0.796516597 0.043816190 -0.008083495 -0.024948098 0.998695374
1403636738563555584.000000 0.425966024 2.175403357 0.796062887 0.039036769 -0.009675774 -0.022888960 0.998928785
1403636738613555456.000000 0.430305868 2.172445297 0.795118034 -0.033151045 0.011282642 0.019447261 -0.999197423
1403636738663555584.000000 0.433189809 2.170650721 0.796318948 -0.025664547 0.011474201 0.016118513 -0.999474823
1403636738713555456.000000 0.434865385 2.169743776 0.798588276 -0.017314658 0.010740779 0.011509988 -0.999726236
1403636738763555584.000000 0.435233027 2.169578552 0.801638842 -0.007880076 0.007697596 0.006687106 -0.999916971
1403636738813555456.000000 0.434209079 2.170187473 0.805366933 0.002174564 0.004815233 0.000667139 -0.999985814
1403636738863555584.000000 0.431917697 2.171989679 0.809815407 0.012590832 0.001235803 -0.006104428 -0.999901354
1403636738913555456.000000 0.427915752 2.174765587 0.814737201 0.023938783 -0.000847256 -0.012424761 -0.999635875
1403636738963555584.000000 0.422473580 2.178493977 0.820273221 0.035288844 -0.002618256 -0.020191137 -0.999169767
1403636739013555456.000000 0.403966099 2.183272362 0.817163289 -0.047111105 0.005322770 0.028680054 0.998463690
1403636739063555584.000000 0.395749152 2.189294577 0.823293686 -0.059686277 0.006238090 0.036345717 0.997535765
1403636739113555456.000000 0.387483478 2.197791100 0.829658508 0.073903292 -0.007220422 -0.040594324 -0.996412754
1403636739163555584.000000 0.377687663 2.207148314 0.836114705 0.088979520 -0.006846499 -0.042247817 -0.995113552
1403636739213555456.000000 0.367259800 2.217763424 0.842522919 0.104314923 -0.007707243 -0.044087648 -0.993536770
1403636739263555584.000000 0.355900288 2.229455709 0.848805070 0.120179147 -0.007581879 -0.044651419 -0.991718650
1403636739313555456.000000 0.336585701 2.242234707 0.845155001 -0.135883689 0.008327652 0.044638444 0.989683688
1403636739363555584.000000 0.324708074 2.254879475 0.851015210 -0.151836753 0.008078323 0.043826912 0.987400472
1403636739413555456.000000 0.313022643 2.267244816 0.855334282 0.166227683 -0.007735849 -0.044805516 -0.985038638
1403636739463555584.000000 0.303475767 2.279614687 0.859240949 0.180135712 -0.007688245 -0.046510387 -0.982511461
1403636739513555456.000000 0.295892149 2.291465759 0.862557292 0.192507878 -0.007412719 -0.050718892 -0.979955792
1403636739563555584.000000 0.291015863 2.302839041 0.865212917 0.202685580 -0.009002010 -0.056133900 -0.977592170
1403636739613555456.000000 0.287558615 2.313717842 0.867588520 0.210840315 -0.009716246 -0.061362792 -0.975544274
1403636739663555584.000000 0.285835654 2.324503422 0.869635224 0.218252048 -0.008775586 -0.064007185 -0.973751605
1403636739713555456.000000 0.285026401 2.334975719 0.871654928 0.223750487 -0.009620547 -0.066352867 -0.972337663
1403636739763555584.000000 0.283684403 2.345345974 0.874524713 0.227087319 -0.010170678 -0.070914842 -0.971235871
1403636739813555456.000000 0.270482987 2.354789495 0.858353138 -0.229432777 0.011102025 0.073675558 0.970468640
1403636739863555584.000000 0.266475439 2.365374327 0.862269819 -0.231555596 0.010831339 0.075348087 0.969838858
1403636739913555456.000000 0.262517333 2.376522779 0.867329955 0.232931048 -0.010782829 -0.075925387 -0.969464958
1403636739963555584.000000 0.256918341 2.388065100 0.872778893 0.233965233 -0.010844673 -0.075641274 -0.969237447
1403636740013555456.000000 0.250391394 2.399757862 0.878469348 0.234529674 -0.009920901 -0.074827068 -0.969174087
1403636740063555584.000000 0.242826551 2.411563396 0.884444475 0.234702274 -0.009051589 -0.073056646 -0.969275832
1403636740113555456.000000 0.234382480 2.423419714 0.890463352 0.235211521 -0.008920766 -0.069783688 -0.969394803
1403636740163555584.000000 0.224821255 2.435333252 0.896255612 0.235778600 -0.008000142 -0.065696493 -0.969550669
1403636740213555456.000000 0.214384586 2.447013378 0.902121007 0.236135378 -0.007920325 -0.061100170 -0.969765067
1403636740263555584.000000 0.202530175 2.457769394 0.907329500 0.236202240 -0.007286199 -0.057476830 -0.969975233
1403636740313555456.000000 0.176554024 2.463739395 0.897339225 -0.234647632 0.009681642 0.057647176 0.970321417
1403636740363555584.000000 0.161180377 2.472652912 0.899527729 -0.232429445 0.010833457 0.059018075 0.970760584
1403636740413555456.000000 0.148613900 2.482992411 0.909721971 0.230131000 -0.012216492 -0.061955750 -0.971108615
1403636740463555584.000000 0.132787853 2.492111444 0.916486263 0.228210554 -0.012094247 -0.064007170 -0.971430302
1403636740513555456.000000 0.117210917 2.501038551 0.922877252 0.226140708 -0.014612379 -0.065701455 -0.971766591
1403636740563555584.000000 0.102415733 2.509794950 0.928428411 0.225087285 -0.015155531 -0.065445974 -0.972019970
1403636740613555456.000000 0.089015745 2.518355370 0.933055639 0.223826692 -0.015511899 -0.065192267 -0.972322524
1403636740663555584.000000 0.076917589 2.526779175 0.936722338 0.222250417 -0.014649738 -0.066819876 -0.972586930
1403636740713555456.000000 0.065992095 2.535148621 0.939135492 0.220949546 -0.012627789 -0.068116620 -0.972821712
1403636740763555584.000000 0.055851750 2.543776274 0.940511882 0.220144525 -0.009850826 -0.067421570 -0.973084629
1403636740813555456.000000 0.040923841 2.548041821 0.941738963 -0.219173685 0.009612757 0.067607626 0.973293304
1403636740863555584.000000 0.029606372 2.556614637 0.942585945 -0.218480438 0.010484517 0.067457855 0.973450482
1403636740913555456.000000 0.017389804 2.566713810 0.943440080 0.218834862 -0.011256269 -0.064054266 -0.973592162
1403636740963555584.000000 0.003565043 2.576299906 0.944542885 0.220085278 -0.012409352 -0.059108593 -0.973609090
1403636741013555456.000000 -0.011936065 2.585605621 0.945824504 0.222244188 -0.012058305 -0.051723391 -0.973543465
1403636741063555584.000000 -0.029197767 2.594576836 0.947449863 0.225434676 -0.012569341 -0.045228168 -0.973126709
1403636741113555456.000000 -0.048687894 2.602863789 0.949512243 0.228186101 -0.013856773 -0.043525226 -0.972545505
1403636741163555584.000000 -0.070181206 2.610203505 0.951540053 0.231533751 -0.015783498 -0.045008428 -0.971656919
1403636741213555456.000000 -0.093390428 2.616276741 0.953984201 0.234189928 -0.018011423 -0.049887676 -0.970742941
1403636741263555584.000000 -0.118170209 2.621095896 0.957004309 0.235840231 -0.019640973 -0.056564651 -0.969945431
1403636741313555456.000000 -0.133343101 2.627498865 0.948958039 -0.236614212 0.019429725 0.063194059 0.969351768
1403636741363555584.000000 -0.159818619 2.630549431 0.951499522 -0.237535179 0.016290532 0.069547318 0.968749166
1403636741413555456.000000 -0.185396254 2.632468224 0.952949762 0.239087537 -0.012919490 -0.073819466 -0.968101799
1403636741463555584.000000 -0.209367365 2.634468794 0.953815162 0.240540102 -0.008798891 -0.076783337 -0.967557490
1403636741513555456.000000 -0.232051373 2.636652470 0.954246402 0.241720676 -0.001685539 -0.079490766 -0.967083037
1403636741563555584.000000 -0.252767831 2.638880491 0.954297543 0.241246536 0.001425212 -0.085067064 -0.966727376
1403636741613555456.000000 -0.265457481 2.647549152 0.958427429 -0.243065849 -0.005838105 0.083514549 0.966390371
1403636741663555584.000000 -0.282285213 2.650888920 0.957752645 -0.243579328 -0.007648640 0.083714694 0.966231108
1403636741713555456.000000 -0.296299338 2.654769659 0.958223760 0.244149610 0.007361972 -0.082836553 -0.966165066
1403636741763555584.000000 -0.308090359 2.659419537 0.958496451 0.244633406 0.005226366 -0.080729559 -0.966234922
1403636741813555456.000000 -0.318886638 2.664550781 0.959076881 0.244936571 0.003096758 -0.077989362 -0.966392398
1403636741863555584.000000 -0.330196619 2.670050144 0.960041523 0.245341972 0.000734656 -0.074145906 -0.966596723
1403636741913555456.000000 -0.343073606 2.675700665 0.962008834 0.245551020 -0.000213497 -0.070114993 -0.966844678
1403636741963555584.000000 -0.357263774 2.681488991 0.965049863 0.246010214 -0.000685905 -0.064492010 -0.967119098
1403636742013555456.000000 -0.372886926 2.687256336 0.969451427 0.246149674 0.001268204 -0.060122162 -0.967364490
1403636742063555584.000000 -0.388876408 2.692409515 0.974591851 0.244895622 0.004257544 -0.058656260 -0.967764199
1403636742113555456.000000 -0.393451214 2.706304550 0.976775050 -0.242208824 -0.009438556 0.060414419 0.968295395
1403636742163555584.000000 -0.406687379 2.710880518 0.983088195 -0.239642054 -0.012193334 0.063472681 0.968707502
1403636742213555456.000000 -0.418468893 2.714330673 0.989462793 0.237348408 0.013217081 -0.065619148 -0.969115734
1403636742263555584.000000 -0.427881658 2.718206167 0.996403575 0.234438568 0.013059009 -0.069366753 -0.969564974
1403636742313555456.000000 -0.435658962 2.721993685 1.003069282 0.232336938 0.010525315 -0.069903262 -0.970063031
1403636742363555584.000000 -0.442216516 2.725641251 1.009456754 0.231047556 0.006257481 -0.070654921 -0.970353484
1403636742413555456.000000 -0.446237653 2.729718447 1.016169310 0.229756415 0.001819499 -0.069822796 -0.970738649
1403636742463555584.000000 -0.448676825 2.734146833 1.022727966 0.228780180 -0.001115991 -0.069663130 -0.970981777
1403636742513555456.000000 -0.450471580 2.738774300 1.029425621 0.227983296 -0.003180396 -0.068806052 -0.971225619
1403636742563555584.000000 -0.451066285 2.744061947 1.036792278 0.227072299 -0.004302289 -0.068468921 -0.971458554
1403636742613555456.000000 -0.438957959 2.754228592 1.035503745 -0.226255998 0.005957508 0.067496635 0.971708298
1403636742663555584.000000 -0.439614177 2.759835243 1.043034673 -0.225953668 0.008668850 0.066719383 0.971811891
1403636742713555456.000000 -0.443478346 2.765522242 1.051886797 0.225057736 -0.011299490 -0.066210844 -0.972027540
1403636742763555584.000000 -0.449221373 2.771234274 1.061443686 0.224416286 -0.013405102 -0.065449558 -0.972200632
1403636742813555456.000000 -0.456834853 2.776893139 1.071291089 0.224004418 -0.014878262 -0.065052286 -0.972300887
1403636742863555584.000000 -0.466315061 2.782307625 1.081351161 0.222919688 -0.016351778 -0.065482169 -0.972497642
1403636742913555456.000000 -0.477719188 2.787474394 1.091131568 0.222131014 -0.017132029 -0.065919898 -0.972635090
1403636742963555584.000000 -0.491008252 2.792655468 1.100654840 0.222784132 -0.017328940 -0.066788606 -0.972422898
1403636743013555456.000000 -0.506053507 2.797915459 1.110446215 0.224779636 -0.015318508 -0.067741506 -0.971931398
1403636743063555584.000000 -0.522900701 2.803412199 1.120168924 0.227253184 -0.010061441 -0.070823543 -0.971204877
1403636743113555456.000000 -0.534166038 2.810816288 1.123273253 -0.229447797 0.001164331 0.075374998 0.970397353
1403636743163555584.000000 -0.549798906 2.816796780 1.132259130 -0.231517196 -0.009713659 0.079854801 0.969499171
1403636743213555456.000000 -0.564450085 2.824224234 1.142585874 0.233495221 0.017822359 -0.082779728 -0.968664050
1403636743263555584.000000 -0.577204943 2.832038164 1.152619600 0.235890776 0.026575128 -0.084180795 -0.967761815
1403636743313555456.000000 -0.586430013 2.840390444 1.162865639 0.237093255 0.029845761 -0.086899355 -0.967132151
1403636743363555584.000000 -0.598291516 2.849226952 1.173560977 -0.237812936 -0.031400174 0.089373529 0.966680646
1403636743413555456.000000 -0.601429701 2.859944820 1.185348034 -0.238685086 -0.031167455 0.090748876 0.966345012
1403636743463555584.000000 -0.601861119 2.871670961 1.198031068 0.239649683 0.027464498 -0.090393066 -0.966251969
1403636743513555456.000000 -0.602340817 2.884488821 1.211831808 0.240772098 0.023978291 -0.089420460 -0.966156244
1403636743563555584.000000 -0.603402436 2.898221254 1.226859808 0.241786048 0.019023895 -0.087969474 -0.966146469
1403636743613555456.000000 -0.605435789 2.912768364 1.243616462 0.243081450 0.014555320 -0.084240004 -0.966231525
1403636743663555584.000000 -0.609008253 2.928103447 1.261913061 0.244129926 0.011514677 -0.081368208 -0.966254294
1403636743713555456.000000 -0.613764226 2.943944931 1.281441450 0.245458528 0.006993784 -0.078196555 -0.966222823
1403636743763555584.000000 -0.619732022 2.960421801 1.302221298 0.248172462 0.002032306 -0.075667836 -0.965754032
1403636743813555456.000000 -0.627456546 2.976754665 1.323823214 0.251105428 -0.000918245 -0.076288171 -0.964948356
1403636743863555584.000000 -0.652343810 2.994403362 1.351315141 -0.253490865 0.005634928 0.079441786 0.964053810
1403636743913555456.000000 -0.662411690 3.010574579 1.374454379 -0.257035583 0.008492474 0.078245714 0.963191688
1403636743963555584.000000 -0.673788071 3.026596785 1.398182631 0.259916693 -0.011208762 -0.077518582 -0.962449253
1403636744013555456.000000 -0.686675608 3.042691469 1.422965646 0.261898935 -0.012701671 -0.078312434 -0.961828887
1403636744063555584.000000 -0.700581551 3.058779478 1.448240995 0.265948236 -0.013679965 -0.077061199 -0.960804880
1403636744113555456.000000 -0.716304183 3.074677229 1.474084020 0.270066559 -0.014342523 -0.078104943 -0.959561348
1403636744163555584.000000 -0.732904732 3.090076923 1.499911785 0.274156809 -0.015476416 -0.079390429 -0.958277524
1403636744213555456.000000 -0.751679182 3.104461193 1.525519133 0.277001619 -0.017309524 -0.082003497 -0.957207322
1403636744263555584.000000 -0.785453558 3.116941214 1.556334019 -0.279305339 0.020845708 0.084501110 0.956249774
1403636744313555456.000000 -0.807180285 3.130348682 1.581860542 -0.281259328 0.021593638 0.086585186 0.955473661
1403636744363555584.000000 -0.830751657 3.143169880 1.607744336 0.282179207 -0.022549447 -0.090237565 -0.954842269
1403636744413555456.000000 -0.855571330 3.155936718 1.633590579 0.282101929 -0.023748767 -0.093816593 -0.954490960
1403636744463555584.000000 -0.881544173 3.168573618 1.659229517 0.281589270 -0.025019992 -0.097723834 -0.954217792
1403636744513555456.000000 -0.909909189 3.185010910 1.685373306 -0.279508442 0.026967321 0.103112668 0.954209447
1403636744563555584.000000 -0.938305438 3.198473692 1.710390449 -0.278913707 0.029105823 0.104067273 0.954216957
1403636744613555456.000000 -0.968055308 3.212428093 1.734737158 0.277482629 -0.031310942 -0.106508300 -0.954295039
1403636744663555584.000000 -0.998758078 3.226970911 1.758419156 0.277015120 -0.033138007 -0.106650747 -0.954353273
1403636744713555456.000000 -1.030721426 3.242087841 1.781064749 0.277869374 -0.034500886 -0.103576668 -0.954395235
1403636744763555584.000000 -1.063604832 3.259740114 1.802806616 -0.279707521 0.033846661 0.098278716 0.954441905
1403636744813555456.000000 -1.095341444 3.274784327 1.822295070 -0.281215876 0.032325692 0.094504930 0.954432607
1403636744863555584.000000 -1.126068115 3.289325953 1.839434981 0.282319874 -0.029547116 -0.091357321 -0.954503179
1403636744913555456.000000 -1.155506134 3.303213120 1.854936361 0.283158004 -0.024721304 -0.088904053 -0.954623759
1403636744963555584.000000 -1.180843830 3.321372032 1.874874711 -0.282600969 0.021462863 0.088124543 0.954939842
1403636745013555456.000000 -1.206187606 3.334300518 1.887621522 -0.281499416 0.017008558 0.088726528 0.955299199
1403636745063555584.000000 -1.229149222 3.347501993 1.899870872 0.280180782 -0.013161902 -0.088434339 -0.955774546
1403636745113555456.000000 -1.250893354 3.360223770 1.911607027 0.278165936 -0.008432999 -0.089229695 -0.956342399
1403636745163555584.000000 -1.270803332 3.372804403 1.922734261 0.275495589 -0.007145892 -0.091372222 -0.956923306
1403636745213555456.000000 -1.289299011 3.385911226 1.933973074 0.273890108 -0.005990684 -0.089427494 -0.957575619
1403636745263555584.000000 -1.307205319 3.399283171 1.945442796 0.271725386 -0.004873571 -0.088415645 -0.958292425
1403636745313555456.000000 -1.318691611 3.418835402 1.965517521 -0.269792289 0.005360995 0.086247206 0.959033310
1403636745363555584.000000 -1.332328081 3.432709694 1.976580143 -0.268161803 0.009302458 0.083011411 0.959745765
1403636745413555456.000000 -1.343687177 3.446880817 1.986429811 0.267223120 -0.013972354 -0.080229275 -0.960187435
1403636745463555584.000000 -1.352702260 3.460305452 1.994807363 0.267142475 -0.017596908 -0.077139772 -0.960403442
1403636745513555456.000000 -1.360212684 3.473236561 2.002578259 0.267036587 -0.020834288 -0.076930679 -0.960384965
1403636745563555584.000000 -1.366559982 3.485525131 2.009413719 0.267648906 -0.022457773 -0.076978199 -0.960174024
1403636745613555456.000000 -1.371667266 3.497149229 2.015259266 0.269256979 -0.023766646 -0.077358551 -0.959662199
1403636745663555584.000000 -1.375244141 3.507983208 2.020055532 0.271468759 -0.024502212 -0.077738523 -0.958989680
1403636745713555456.000000 -1.376239300 3.518180370 2.024351120 0.274202973 -0.025033915 -0.077534273 -0.958214223
1403636745763555584.000000 -1.375748992 3.527808189 2.028166294 0.277752161 -0.024511918 -0.076754980 -0.957267821
1403636745813555456.000000 -1.368565321 3.540338755 2.040759087 -0.281096727 0.022809910 0.076887101 0.956322491
1403636745863555584.000000 -1.364130378 3.548722982 2.043623686 -0.285045028 0.021817964 0.075822301 0.955261469
1403636745913555456.000000 -1.360018134 3.555329561 2.044890642 0.289022416 -0.021562224 -0.075409874 -0.954104066
1403636745963555584.000000 -1.353806496 3.561106682 2.045852661 0.293532580 -0.020324422 -0.073183447 -0.952926993
1403636746013555456.000000 -1.345410705 3.565744877 2.046692133 0.297461212 -0.019178409 -0.071915656 -0.951828361
1403636746063555584.000000 -1.335594773 3.568789244 2.046621084 0.301076025 -0.018005610 -0.070611477 -0.950811863
1403636746113555456.000000 -1.324080706 3.570421696 2.046195745 0.304511517 -0.015869610 -0.069116324 -0.949865222
1403636746163555584.000000 -1.310793400 3.570402384 2.045340776 0.306915313 -0.016312245 -0.068641432 -0.949118197
1403636746213555456.000000 -1.295679092 3.568526745 2.043699265 0.308824480 -0.017937157 -0.067907922 -0.948522151
1403636746263555584.000000 -1.279157519 3.565379858 2.042224646 0.310394049 -0.022393525 -0.067609280 -0.947936296
1403636746313555456.000000 -1.267337084 3.565050602 2.044677734 -0.311969191 0.030751975 0.065360397 0.947342455
1403636746363555584.000000 -1.252982378 3.559153557 2.044289112 -0.312408119 0.036901794 0.065452009 0.946971714
1403636746413555456.000000 -1.239814639 3.550567627 2.044292212 0.312770844 -0.039916825 -0.065162592 -0.946749687
1403636746463555584.000000 -1.230375528 3.540778160 2.045168161 0.311434120 -0.038351115 -0.068671688 -0.947007000
1403636746513555456.000000 -1.223529696 3.529444695 2.046313524 0.309720308 -0.033702672 -0.072368279 -0.947470546
1403636746563555584.000000 -1.219184041 3.517006636 2.048160791 0.306854844 -0.025733110 -0.078069583 -0.948199868
1403636746613555456.000000 -1.217280388 3.503934383 2.050737143 0.303695887 -0.015406686 -0.083885871 -0.948944032
1403636746663555584.000000 -1.216557980 3.490727425 2.054183722 0.299586773 -0.005164076 -0.090868942 -0.949717879
1403636746713555456.000000 -1.216809511 3.477655172 2.058678389 0.295004845 0.003653047 -0.099042937 -0.950341702
1403636746763555584.000000 -1.217452645 3.465329409 2.064078808 0.290836811 0.008742524 -0.105803005 -0.950864553
1403636746813555456.000000 -1.223121881 3.450870275 2.059660435 -0.286810338 -0.009422449 0.111486405 0.951431513
1403636746863555584.000000 -1.223371863 3.441321373 2.066808939 -0.283999443 -0.008758661 0.115153871 0.951844096
1403636746913555456.000000 -1.222178102 3.433280945 2.074465752 0.282019854 0.006993968 -0.116505235 -0.952282786
1403636746963555584.000000 -1.220616221 3.426984072 2.082060814 0.281028926 0.005754969 -0.115400717 -0.952718437
1403636747013555456.000000 -1.216473222 3.422577858 2.089488029 0.280340046 0.003458206 -0.114216231 -0.953075111
1403636747063555584.000000 -1.208804369 3.419935226 2.096284866 0.281747580 0.001007140 -0.107730426 -0.953420937
1403636747113555456.000000 -1.198464870 3.418357611 2.102573395 0.283956856 -0.001479897 -0.100790538 -0.953523815
1403636747163555584.000000 -1.186110735 3.417733192 2.109456301 0.285418868 -0.004984854 -0.096302196 -0.953539312
1403636747213555456.000000 -1.171455383 3.417796612 2.116782904 0.287786603 -0.006850192 -0.089898922 -0.953441262
1403636747263555584.000000 -1.155207157 3.416678429 2.123518467 0.289582938 -0.008689062 -0.085834645 -0.953256905
1403636747313555456.000000 -1.157356977 3.397354364 2.115128994 -0.291409761 0.009576480 0.082944036 0.952947557
1403636747363555584.000000 -1.139615417 3.393576145 2.119820118 -0.292426676 0.010239796 0.081911631 0.952718377
1403636747413555456.000000 -1.116458178 3.394639492 2.128533840 0.293637216 -0.010859442 -0.081249356 -0.952395856
1403636747463555584.000000 -1.097590208 3.392827511 2.136471033 0.295063168 -0.010752660 -0.080815531 -0.951993167
1403636747513555456.000000 -1.080456257 3.390492678 2.145298958 0.295859724 -0.009665776 -0.082696825 -0.951596022
1403636747563555584.000000 -1.064761996 3.387400866 2.154819965 0.296472758 -0.008230197 -0.083762035 -0.951325476
1403636747613555456.000000 -1.050661206 3.383275986 2.164336205 0.297055870 -0.007317098 -0.085724473 -0.950976193
1403636747663555584.000000 -1.050784469 3.371685982 2.165600300 -0.298253208 0.007502539 0.086116925 0.950564444
1403636747713555456.000000 -1.035333395 3.365837812 2.173365593 -0.299349815 0.007312638 0.087116756 0.950129986
1403636747763555584.000000 -1.015798926 3.360182285 2.183053255 0.300690919 -0.006501650 -0.087535866 -0.949673772
1403636747813555456.000000 -0.994926095 3.353922606 2.191514254 0.301624835 -0.006304444 -0.088508248 -0.949288666
1403636747863555584.000000 -0.971634924 3.347458839 2.199962616 0.302345574 -0.007420066 -0.090142787 -0.948897481
1403636747913555456.000000 -0.946803331 3.340530396 2.208336592 0.301131397 -0.009894366 -0.097048745 -0.948579848
1403636747963555584.000000 -0.921125531 3.333584309 2.216711283 0.299649149 -0.015012258 -0.104630664 -0.948175907
1403636748013555456.000000 -0.897409797 3.326802969 2.224626303 0.298101366 -0.018020576 -0.112184256 -0.947747648
1403636748063555584.000000 -0.875297844 3.320617676 2.232312441 0.297430605 -0.020085348 -0.117682740 -0.947249949
1403636748113555456.000000 -0.858078241 3.314890862 2.237072468 0.297509789 -0.020300675 -0.120228343 -0.946900725
1403636748163555584.000000 -0.842120945 3.313217163 2.244514942 -0.297026515 0.021052998 0.123742670 0.946583271
1403636748213555456.000000 -0.826729357 3.309585094 2.250768423 -0.298319101 0.019818028 0.122637302 0.946347237
1403636748263555584.000000 -0.811415553 3.307271957 2.258504391 0.300605118 -0.017027419 -0.117387816 -0.946343899
1403636748313555456.000000 -0.798586965 3.306012154 2.265439987 0.303562403 -0.014184146 -0.110519625 -0.946273863
1403636748363555584.000000 -0.786634028 3.305413008 2.272594452 0.306472421 -0.011332734 -0.102771312 -0.946247518
1403636748413555456.000000 -0.775156438 3.305225611 2.280051470 0.308620214 -0.009387829 -0.095936887 -0.946288347
1403636748463555584.000000 -0.763051093 3.304907560 2.287415266 0.309565544 -0.009422981 -0.092999801 -0.946272433
1403636748513555456.000000 -0.749836445 3.304184914 2.294259310 0.310440093 -0.009521921 -0.089624517 -0.946310639
1403636748563555584.000000 -0.735742986 3.303009033 2.300745010 0.310665131 -0.009814762 -0.089400820 -0.946254969
1403636748613555456.000000 -0.720101535 3.301488161 2.306695938 0.309558153 -0.012023354 -0.092908785 -0.946254313
1403636748663555584.000000 -0.689194262 3.309917688 2.320839405 -0.308180034 0.013964077 0.096478440 0.946320295
1403636748713555456.000000 -0.672080815 3.308626175 2.325967550 -0.306787640 0.016463190 0.101414025 0.946216464
1403636748763555584.000000 -0.656832397 3.305884838 2.330969810 0.305630535 -0.018257678 -0.105915330 -0.946064770
1403636748813555456.000000 -0.642791271 3.304186821 2.335890770 0.305073708 -0.019526882 -0.109699160 -0.945788026
1403636748863555584.000000 -0.630063653 3.303016186 2.340808868 0.305279285 -0.020924192 -0.111991301 -0.945423067
1403636748913555456.000000 -0.618743479 3.302474022 2.345609188 0.305867255 -0.022416737 -0.114587419 -0.944887519
1403636748963555584.000000 -0.608496010 3.302756548 2.350027323 0.307133168 -0.023251718 -0.115952797 -0.944289982
1403636749013555456.000000 -0.599114180 3.303918839 2.354053497 0.308401763 -0.024111316 -0.117211439 -0.943699360
1403636749063555584.000000 -0.589752972 3.306339741 2.358408689 0.308525622 -0.025710795 -0.120590962 -0.943190813
1403636749113555456.000000 -0.580544591 3.309955359 2.362271309 0.308282524 -0.027943378 -0.124615811 -0.942683458
1403636749163555584.000000 -0.551439166 3.325272322 2.377950191 -0.308625191 0.027956823 0.126468629 0.942324102
1403636749213555456.000000 -0.543366492 3.330869198 2.380119801 -0.310267419 0.027657844 0.125324845 0.941946387
1403636749263555584.000000 -0.535822093 3.335321665 2.378047228 0.313750148 -0.026315333 -0.119520016 -0.941585600
1403636749313555456.000000 -0.526261210 3.341201782 2.375698805 0.316690117 -0.025363062 -0.114139996 -0.941294909
1403636749363555584.000000 -0.515342295 3.347267866 2.372040272 0.319173574 -0.023484999 -0.109543093 -0.941051066
1403636749413555456.000000 -0.503022850 3.353096008 2.367145300 0.321203619 -0.022179747 -0.105274528 -0.940879166
1403636749463555584.000000 -0.489852101 3.358714581 2.361383915 0.323176414 -0.021071274 -0.100667253 -0.940733314
1403636749513555456.000000 -0.475921154 3.363979578 2.355335712 0.324651062 -0.019396832 -0.096690267 -0.940678775
1403636749563555584.000000 -0.456360281 3.366922140 2.360154152 -0.326920539 0.017035455 0.091461852 0.940461338
1403636749613555456.000000 -0.442123771 3.371974945 2.354958057 -0.328185499 0.016550044 0.086997144 0.940453053
1403636749663555584.000000 -0.429929972 3.376073837 2.350051880 0.328143716 -0.016073404 -0.085593700 -0.940604687
1403636749713555456.000000 -0.418985128 3.379381180 2.346468925 0.327362061 -0.017383352 -0.085676596 -0.940846145
1403636749763555584.000000 -0.409254521 3.381997585 2.343599796 0.326431364 -0.020585781 -0.085617371 -0.941110253
1403636749813555456.000000 -0.400957346 3.383963346 2.341241360 0.325397581 -0.025167724 -0.085232705 -0.941391706
1403636749863555584.000000 -0.394101918 3.385289192 2.339478731 0.324065030 -0.030301919 -0.085509181 -0.941675067
1403636749913555456.000000 -0.388741732 3.386008739 2.338153124 0.322770298 -0.033637986 -0.084947802 -0.942057192
1403636749963555584.000000 -0.384409755 3.386061192 2.336930752 0.321277440 -0.036826104 -0.084264509 -0.942509532
1403636750013555456.000000 -0.381240368 3.385516644 2.335974693 0.319567472 -0.038463321 -0.083862729 -0.943061113
1403636750063555584.000000 -0.371336907 3.386194944 2.333052635 -0.317881674 0.038633320 0.084024809 0.943609297
1403636750113555456.000000 -0.367598027 3.386093140 2.332844257 -0.316162467 0.037185207 0.084546611 0.944198370
1403636750163555584.000000 -0.369029343 3.379453182 2.326774359 0.314659208 -0.035131022 -0.084891804 -0.944748044
1403636750213555456.000000 -0.366619319 3.374482393 2.321632862 0.312910289 -0.033665206 -0.085824110 -0.945297897
1403636750263555584.000000 -0.362886250 3.369023800 2.315829277 0.311626583 -0.030225059 -0.085812971 -0.945839047
1403636750313555456.000000 -0.356553525 3.363330126 2.309481859 0.309706628 -0.028148307 -0.086891130 -0.946435153
1403636750363555584.000000 -0.347617090 3.357228518 2.301676035 0.308472514 -0.024956224 -0.086158179 -0.946994603
1403636750413555456.000000 -0.336201012 3.350757599 2.293346643 0.306481928 -0.023830587 -0.087989084 -0.947501421
1403636750463555584.000000 -0.322259337 3.343995333 2.283884048 0.304977536 -0.022292415 -0.086976685 -0.948117554
1403636750513555456.000000 -0.305798411 3.336616993 2.272919655 0.303165525 -0.022454912 -0.086282611 -0.948758006
1403636750563555584.000000 -0.281254321 3.327245474 2.259290934 -0.301428288 0.020637996 0.085685641 0.949406743
1403636750613555456.000000 -0.261346042 3.319185972 2.246661663 -0.299629092 0.019772995 0.085465342 0.950014293
1403636750663555584.000000 -0.238775462 3.312018394 2.234041929 0.298952013 -0.019182263 -0.083328985 -0.950429380
1403636750713555456.000000 -0.215125307 3.304471970 2.220665932 0.297659874 -0.018053593 -0.083041072 -0.950882196
1403636750763555584.000000 -0.190840840 3.296446323 2.206719398 0.296423852 -0.016657548 -0.082872905 -0.951308370
1403636750813555456.000000 -0.164897829 3.288323879 2.192408562 0.295843452 -0.015470565 -0.081979573 -0.951586425
1403636750863555584.000000 -0.137513295 3.279380322 2.176973343 0.295030236 -0.014576633 -0.081709027 -0.951876283
1403636750913555456.000000 -0.109279625 3.269487858 2.160298347 0.295058846 -0.012036741 -0.080376916 -0.952016234
1403636750963555584.000000 -0.081509002 3.258989096 2.143575430 0.295254588 -0.010382763 -0.078804299 -0.952106595
1403636751013555456.000000 -0.055450968 3.247587204 2.126624584 0.295629233 -0.008612848 -0.078121044 -0.952064216
1403636751063555584.000000 -0.045278609 3.221298456 2.107073784 -0.296336442 0.008993708 0.077614710 0.951882243
1403636751113555456.000000 -0.022196859 3.208837986 2.091752291 -0.296342015 0.008871196 0.078366086 0.951820135
1403636751163555584.000000 0.000320315 3.196843147 2.079198837 0.296288490 -0.006745519 -0.080493443 -0.951676726
1403636751213555456.000000 0.021263227 3.184389114 2.066827297 0.296835661 -0.001913255 -0.081010878 -0.951484203
1403636751263555584.000000 0.041539118 3.171716690 2.055306911 0.296508282 0.002443248 -0.084000133 -0.951325893
1403636751313555456.000000 0.061676547 3.158848286 2.044158697 0.296152294 0.004285199 -0.086875141 -0.951171994
1403636751363555584.000000 0.081880614 3.146174908 2.033714294 0.295406610 0.003488020 -0.091065459 -0.951015234
1403636751413555456.000000 0.102433160 3.133902788 2.024044752 0.294785857 0.000195847 -0.094716378 -0.950857520
1403636751463555584.000000 0.122842416 3.122098684 2.014758825 0.293732196 -0.004205103 -0.099427551 -0.950693369
1403636751513555456.000000 0.143151835 3.110806465 2.005883932 0.292262793 -0.008558465 -0.102431230 -0.950798154
1403636751563555584.000000 0.161034867 3.099565506 2.001266479 -0.289985001 0.013327677 0.103643514 0.951309204
1403636751613555456.000000 0.179790094 3.089385033 1.992824078 -0.286506236 0.015253445 0.105505206 0.952129304
1403636751663555584.000000 0.197644949 3.079901218 1.983742237 0.283169985 -0.015642229 -0.106738321 -0.952983260
1403636751713555456.000000 0.214124352 3.071198940 1.974716663 0.279815733 -0.012893795 -0.108042710 -0.953867793
1403636751763555584.000000 0.229561061 3.063546896 1.965302944 0.276832074 -0.008845855 -0.109285548 -0.954642534
1403636751813555456.000000 0.244252741 3.057113886 1.955829382 0.274020612 -0.004345331 -0.110537812 -0.955340385
1403636751863555584.000000 0.258927405 3.052400112 1.946340799 0.273088872 0.001450977 -0.108297445 -0.955872416
1403636751913555456.000000 0.274126410 3.048972607 1.936722279 0.272824407 0.005253580 -0.103907235 -0.956421793
1403636751963555584.000000 0.289510250 3.046904564 1.927752733 0.273061126 0.008328451 -0.099075347 -0.956844985
1403636752013555456.000000 0.304922104 3.046124935 1.919709921 0.273608178 0.010516407 -0.094677493 -0.957112432
1403636752063555584.000000 0.324238896 3.047179461 1.919159889 -0.274214387 -0.010345629 0.091532044 0.957246780
1403636752113555456.000000 0.340003192 3.048362255 1.913815618 -0.274312198 -0.008597858 0.089340106 0.957443118
1403636752163555584.000000 0.355265290 3.048842907 1.907541752 0.273438215 0.004265415 -0.086553968 -0.957977951
1403636752213555456.000000 0.370533645 3.050147772 1.903154850 0.271487087 -0.000626953 -0.083521307 -0.958811045
1403636752263555584.000000 0.386026084 3.051287174 1.898914456 0.267759413 -0.005114493 -0.080938332 -0.960066557
1403636752313555456.000000 0.402916253 3.052487135 1.894746900 0.262921572 -0.010594250 -0.077910595 -0.961608052
1403636752363555584.000000 0.424056798 3.060364246 1.900105596 -0.256656826 0.015021440 0.074640684 0.963499010
1403636752413555456.000000 0.443146110 3.061136007 1.895232439 -0.249329090 0.017439473 0.071458779 0.965621352
1403636752463555584.000000 0.463352680 3.062155724 1.889935255 0.240605161 -0.017657431 -0.068603069 -0.968034625
1403636752513555456.000000 0.484099418 3.062698126 1.883929491 0.231608093 -0.017385885 -0.064388208 -0.970520318
1403636752563555584.000000 0.503631771 3.063168049 1.878017306 0.222071901 -0.015632367 -0.060565792 -0.973021865
1403636752613555456.000000 0.521782994 3.063643456 1.872474909 0.212105408 -0.014050164 -0.056328934 -0.975520909
1403636752663555584.000000 0.537813485 3.064150095 1.867157698 0.201939479 -0.011105198 -0.052384768 -0.977932990
1403636752713555456.000000 0.552573502 3.064787626 1.862236023 0.191380188 -0.010580553 -0.048767697 -0.980246663
1403636752763555584.000000 0.565659940 3.065542698 1.858002901 0.180522010 -0.009415731 -0.044929169 -0.982499123
1403636752813555456.000000 0.577028334 3.066360950 1.854235888 0.170312569 -0.008095937 -0.039112031 -0.984580278
1403636752863555584.000000 0.597832441 3.069452524 1.852599263 -0.159138709 0.005915160 0.034290761 0.986642897
1403636752913555456.000000 0.606703758 3.070289612 1.849506617 -0.148957774 0.006212621 0.026772395 0.988461554
1403636752963555584.000000 0.612398207 3.070587397 1.846860409 0.138339385 -0.005230443 -0.019353539 -0.990182042
1403636753013555456.000000 0.616941810 3.070651770 1.844984412 0.127471730 -0.004106037 -0.012346684 -0.991756916
1403636753063555584.000000 0.619794667 3.070291996 1.843746543 0.116238840 -0.003025665 -0.005545198 -0.993201256
1403636753113555456.000000 0.621143997 3.069195509 1.843350410 0.104446948 -0.002357792 0.000635300 -0.994527519
1403636753163555584.000000 0.621154606 3.067259073 1.843707681 0.092297904 -0.001732053 0.006382422 -0.995709538
1403636753213555456.000000 0.619888008 3.064540863 1.844794512 0.080098219 -0.001208497 0.012294841 -0.996710420
1403636753263555584.000000 0.617337883 3.061032295 1.846792102 0.068358965 -0.000696285 0.019338474 -0.997473121
1403636753313555456.000000 0.613676965 3.056337357 1.849592447 0.057063997 -0.000664642 0.027686309 -0.997986436
1403636753363555584.000000 0.617625356 3.045266628 1.852111936 -0.045944158 0.001298480 -0.032604810 0.998410940
1403636753413555456.000000 0.613843501 3.038322210 1.855015039 -0.035752960 0.002413723 -0.034729395 0.998754144
1403636753463555584.000000 0.610652626 3.031649351 1.859165907 0.026377348 -0.003088918 0.033834394 -0.999074638
1403636753513555456.000000 0.609062433 3.023519993 1.862051964 0.018931832 -0.003532795 0.032546546 -0.999284685
1403636753563555584.000000 0.609236419 3.014683485 1.863773942 0.012503457 -0.003938968 0.030561682 -0.999446988
1403636753613555456.000000 0.610861957 3.005317688 1.864168644 0.007968727 -0.005613843 0.029486734 -0.999517679
1403636753663555584.000000 0.613538742 2.995552540 1.863030672 0.004881577 -0.006058616 0.028291143 -0.999569476
1403636753713555456.000000 0.615916431 2.985541582 1.861944675 0.002928891 -0.006125020 0.027093561 -0.999609888
1403636753763555584.000000 0.618306994 2.975155354 1.860821724 0.002276325 -0.007284868 0.027603483 -0.999589860
1403636753813555456.000000 0.619285941 2.964239359 1.859520912 0.002339247 -0.007914281 0.028324727 -0.999564767
1403636753863555584.000000 0.619217873 2.944456100 1.857241750 -0.003472420 0.008285251 -0.028530395 0.999552608
1403636753913555456.000000 0.616986513 2.932421684 1.856105924 -0.003934044 0.007984233 -0.027135832 0.999592125
1403636753963555584.000000 0.614046037 2.922266245 1.854942799 0.004992870 -0.008473899 0.027175112 -0.999582291
1403636754013555456.000000 0.611326039 2.910823107 1.853182435 0.006525752 -0.009141897 0.027445916 -0.999560237
1403636754063555584.000000 0.610258639 2.898900032 1.850975871 0.007611341 -0.012386529 0.026571678 -0.999541163
1403636754113555456.000000 0.610854864 2.886579752 1.848084688 0.008583775 -0.015914019 0.025872348 -0.999501765
1403636754163555584.000000 0.612506270 2.873689890 1.843998909 0.010059867 -0.018527403 0.025914403 -0.999441922
1403636754213555456.000000 0.614516616 2.860280991 1.838747740 0.012072217 -0.021013156 0.027166298 -0.999337137
1403636754263555584.000000 0.617363870 2.846148968 1.831681013 0.013854944 -0.022106372 0.027931117 -0.999269366
1403636754313555456.000000 0.621411562 2.831275940 1.823973179 0.015490465 -0.022234753 0.028402409 -0.999229193
1403636754363555584.000000 0.624942183 2.810982704 1.812088013 -0.017134223 0.022386882 -0.029783662 0.999158740
1403636754413555456.000000 0.630682588 2.794130564 1.802328110 -0.016480289 0.022173369 -0.029681573 0.999177575
1403636754463555584.000000 0.635928214 2.776946068 1.792111874 0.014450413 -0.021685453 0.030015366 -0.999209762
1403636754513555456.000000 0.640218258 2.758667231 1.781146407 0.011834322 -0.020797549 0.031409211 -0.999220133
1403636754563555584.000000 0.642612994 2.739496946 1.770040154 0.008241274 -0.018866079 0.034269702 -0.999200583
1403636754613555456.000000 0.643137038 2.719419003 1.758930326 0.003283363 -0.017011575 0.037041936 -0.999163568
1403636754663555584.000000 0.642166793 2.698446989 1.747624397 -0.003230257 -0.016485201 0.039355412 -0.999084115
1403636754713555456.000000 0.639756501 2.676656008 1.736016035 -0.010815085 -0.015291658 0.041161064 -0.998977005
1403636754763555584.000000 0.636395156 2.653965950 1.724123120 -0.019277144 -0.015511732 0.043514337 -0.998746395
1403636754813555456.000000 0.631522059 2.631183863 1.711901426 -0.026985612 -0.015121391 0.046589021 -0.998435080
1403636754863555584.000000 0.630783975 2.612905025 1.688882351 0.034554042 0.014624486 -0.047753654 0.998154163
1403636754913555456.000000 0.623400867 2.589427233 1.675818563 0.040286683 0.015100444 -0.050528388 0.997795463
1403636754963555584.000000 0.614004076 2.566977024 1.663636446 -0.046199415 -0.014529656 0.051412258 -0.997502565
1403636755013555456.000000 0.604064703 2.543540716 1.650767565 -0.050231945 -0.014099096 0.054801382 -0.997133315
1403636755063555584.000000 0.593563616 2.519693851 1.637311935 -0.054169852 -0.014280726 0.054760966 -0.996926725
1403636755113555456.000000 0.583627105 2.495498180 1.622441173 -0.057228878 -0.013882582 0.055990178 -0.996693194
1403636755163555584.000000 0.574048996 2.470947981 1.605721951 -0.060062379 -0.013092033 0.055636391 -0.996556938
1403636755213555456.000000 0.565641940 2.445936918 1.587373734 -0.062286671 -0.012902885 0.055585515 -0.996425688
1403636755263555584.000000 0.565157592 2.422822237 1.555040598 0.063505553 0.009833610 -0.055878442 0.996367455
1403636755313555456.000000 0.560015202 2.397117376 1.535148501 0.064376913 0.004738687 -0.055981044 0.996343017
1403636755363555584.000000 0.556245029 2.371296883 1.514398336 -0.064896092 0.001584289 0.055832602 -0.996327698
1403636755413555456.000000 0.554175675 2.345252037 1.493441343 -0.064587660 0.006805247 0.056806769 -0.996270657
1403636755463555584.000000 0.553536773 2.318728685 1.473025203 -0.064456820 0.010251397 0.056445532 -0.996270180
1403636755513555456.000000 0.553361654 2.291802406 1.453258753 -0.063614316 0.011101107 0.057110753 -0.996277213
1403636755563555584.000000 0.552415609 2.264450073 1.434426665 -0.062381681 0.011105323 0.058506135 -0.996274173
1403636755613555456.000000 0.550626457 2.236551523 1.416522622 -0.061450105 0.009233687 0.059276331 -0.996305704
1403636755663555584.000000 0.547372818 2.208122969 1.399574995 -0.061225574 0.007834887 0.057404410 -0.996441066
1403636755713555456.000000 0.542912364 2.179385900 1.383154392 -0.060724597 0.006969813 0.056675144 -0.996519923
1403636755763555584.000000 0.537195742 2.154009581 1.355665207 0.060733929 -0.005747756 -0.055052489 0.996618092
1403636755813555456.000000 0.530987382 2.124836683 1.340404391 0.060598500 -0.002843610 -0.053810149 0.996706724
1403636755863555584.000000 0.523491025 2.095891953 1.326865673 -0.060669918 0.001074542 0.052720554 -0.996764123
1403636755913555456.000000 0.515779138 2.066451073 1.313208580 -0.060598448 -0.001663394 0.052432664 -0.996782780
1403636755963555584.000000 0.508395076 2.036674976 1.299652815 -0.060926281 -0.002514633 0.051076978 -0.996831417
1403636756013555456.000000 0.502293706 2.006706953 1.285413742 -0.061139103 -0.003760146 0.050359398 -0.996850967
1403636756063555584.000000 0.497733951 1.976432085 1.271089077 -0.061319858 -0.004683744 0.049768083 -0.996865690
1403636756113555456.000000 0.495225251 1.945920944 1.256527543 -0.060816556 -0.005550679 0.051070575 -0.996826112
1403636756163555584.000000 0.494480848 1.914864182 1.241371393 -0.060760044 -0.006704236 0.051588092 -0.996795833
1403636756213555456.000000 0.494617462 1.883733749 1.224945784 -0.060962703 -0.007867034 0.051202215 -0.996794879
1403636756263555584.000000 0.488587379 1.858582377 1.195747137 0.061546590 0.008109732 -0.050847650 0.996775270
1403636756313555456.000000 0.487935483 1.826920033 1.177857399 0.061841242 0.008156325 -0.050800368 0.996758997
1403636756363555584.000000 0.487951279 1.796515465 1.162307858 -0.062299483 -0.008790335 0.051359292 -0.996696472
1403636756413555456.000000 0.486066222 1.765478492 1.145983696 -0.062322289 -0.009333815 0.052307855 -0.996640742
1403636756463555584.000000 0.482402325 1.734429240 1.129830956 -0.062901959 -0.009514001 0.052056771 -0.996615767
1403636756513555456.000000 0.476903588 1.703387856 1.113826513 -0.063573509 -0.009465861 0.051744290 -0.996589899
1403636756563555584.000000 0.469849586 1.672380209 1.098075867 -0.063861601 -0.009524563 0.052290402 -0.996542394
1403636756613555456.000000 0.461391121 1.641088009 1.082278490 -0.064327046 -0.009994817 0.052074399 -0.996519208
1403636756663555584.000000 0.452280223 1.609812617 1.065726995 -0.064990588 -0.010043623 0.051806621 -0.996489584
1403636756713555456.000000 0.440757960 1.584226370 1.043643594 0.065888815 0.011872851 -0.051730942 0.996414363
1403636756763555584.000000 0.433179051 1.553324461 1.024281025 0.066343762 0.012528641 -0.051767979 0.996374309
1403636756813555456.000000 0.425547957 1.523236990 1.003464341 -0.067217343 -0.013071024 0.051274251 -0.996334314
1403636756863555584.000000 0.419044197 1.492920399 0.981652081 -0.067877382 -0.012856424 0.051056638 -0.996303558
1403636756913555456.000000 0.413995594 1.462624192 0.958495080 -0.068023995 -0.012655562 0.051491614 -0.996273696
1403636756963555584.000000 0.410610616 1.432340264 0.933844328 -0.068797603 -0.012327732 0.050796505 -0.996260345
1403636757013555456.000000 0.413366318 1.402519345 0.914818406 0.069051638 0.012399192 -0.051382907 0.996211827
1403636757063555584.000000 0.409372300 1.372455001 0.888978124 0.070184968 0.011851258 -0.049369324 0.996241093
1403636757113555456.000000 0.404700398 1.342864990 0.862341344 -0.070390381 -0.012265647 0.049643923 -0.996208012
1403636757163555584.000000 0.398327529 1.313269615 0.836127758 -0.070504248 -0.011415303 0.049512345 -0.996216536
1403636757213555456.000000 0.390629828 1.284046292 0.809725344 -0.070690326 -0.011875490 0.049194630 -0.996213675
1403636757263555584.000000 0.381533474 1.255205631 0.783483922 -0.070710085 -0.011607469 0.050028306 -0.996173978
1403636757313555456.000000 0.371008158 1.226814032 0.766806483 0.069877781 0.010902340 -0.052662078 0.996104956
1403636757363555584.000000 0.358998001 1.198306561 0.740858674 0.070250116 0.009789881 -0.052425466 0.996102810
1403636757413555456.000000 0.346056372 1.169341683 0.715554714 -0.069852017 -0.008082185 0.054254610 -0.996048093
1403636757463555584.000000 0.332786709 1.140442491 0.689797938 -0.069285311 -0.006021976 0.056352589 -0.995985866
1403636757513555456.000000 0.320370555 1.111121178 0.663176477 -0.070304401 -0.003544934 0.058804099 -0.995784581
1403636757563555584.000000 0.305612266 1.082075357 0.642023861 0.072579689 -0.000482764 -0.060676780 0.995515168
1403636757613555456.000000 0.295696497 1.051366806 0.614582241 0.075782955 -0.006477484 -0.062757306 0.995126426
1403636757663555584.000000 0.287846178 1.020240307 0.587564945 -0.078879148 0.012884677 0.064632408 -0.994703352
1403636757713555456.000000 0.281852186 0.988367736 0.560488343 -0.082428657 0.019217959 0.065830544 -0.994234681
1403636757763555584.000000 0.278633386 0.955823779 0.533999026 -0.085835636 0.024444612 0.066438951 -0.993791044
1403636757813555456.000000 0.272010297 0.923218966 0.511914134 0.089044496 -0.028408112 -0.067378327 0.993339956
1403636757863555584.000000 0.275059193 0.889084458 0.487258494 0.092294000 -0.030892016 -0.066881217 0.993002772
1403636757913555456.000000 0.281382769 0.854734838 0.463569611 -0.095079497 0.031031650 0.066707574 -0.992747188
1403636757963555584.000000 0.289405912 0.819694519 0.440394402 -0.098200858 0.028593650 0.065101564 -0.992623210
1403636758013555456.000000 0.298998624 0.784555137 0.418802589 -0.100291252 0.020684103 0.064948335 -0.992620528
1403636758063555584.000000 0.307330221 0.749439776 0.398827583 -0.102636643 0.013812999 0.064078450 -0.992556751
1403636758113555456.000000 0.306285769 0.714517176 0.381061792 0.104701586 -0.007072477 -0.062399164 0.992519021
1403636758163555584.000000 0.310734183 0.679808021 0.363092214 0.106107146 -0.001892189 -0.061622329 0.992441654
1403636758213555456.000000 0.314385951 0.645697773 0.345654696 -0.107374534 -0.002916656 0.060891837 -0.992347956
1403636758263555584.000000 0.315607131 0.612109065 0.328348905 -0.108374119 -0.004889820 0.059635270 -0.992307842
1403636758313555456.000000 0.314938962 0.578976035 0.311557829 -0.109232411 -0.006643312 0.058023982 -0.992299080
1403636758363555584.000000 0.311534017 0.546516657 0.295276701 -0.109720990 -0.004879893 0.057012826 -0.992314041
1403636758413555456.000000 0.305177033 0.514520586 0.279357642 -0.110398427 0.001862496 0.054851532 -0.992370963
1403636758463555584.000000 0.296849698 0.482930869 0.264229566 -0.111205317 0.011288432 0.051807664 -0.992381990
1403636758513555456.000000 0.283214748 0.450748533 0.248686209 0.112625673 -0.022558877 -0.046721801 0.992282093
1403636758563555584.000000 0.273205012 0.420087218 0.235756591 0.114334449 -0.033976838 -0.040673710 0.992027700
1403636758613555456.000000 0.263762176 0.390855610 0.224156931 -0.115812883 0.043019779 0.035557624 -0.991701722
1403636758663555584.000000 0.256088734 0.362784386 0.215130076 -0.115761027 0.044961598 0.034191538 -0.991669714
1403636758713555456.000000 0.250402749 0.336007446 0.208554953 -0.115267701 0.038510755 0.034372982 -0.991992354
1403636758763555584.000000 0.245482072 0.310716033 0.204135180 -0.113559604 0.029333765 0.037281051 -0.992398083
1403636758813555456.000000 0.240419686 0.286249399 0.201401621 -0.113431714 0.020975797 0.037554216 -0.992614269
1403636758863555584.000000 0.235126004 0.262939394 0.199838340 -0.112548716 0.012171123 0.040387284 -0.992750525
1403636758913555456.000000 0.228802219 0.241186529 0.198913932 -0.110475048 0.006203108 0.045717921 -0.992807448
1403636758963555584.000000 0.221363947 0.220229432 0.198466554 -0.109678768 0.001465397 0.047915146 -0.992810488
1403636759013555456.000000 0.216214776 0.196847603 0.195117101 0.108942926 0.000821649 -0.049793981 0.992799819
1403636759063555584.000000 0.206951350 0.176600680 0.194793358 0.110049948 0.003128282 -0.047490798 0.992785931
1403636759113555456.000000 0.196627483 0.157827079 0.194363475 -0.112638831 -0.003820530 0.040327437 -0.992809951
1403636759163555584.000000 0.185608119 0.139392301 0.194209516 -0.116782144 -0.003454332 0.029654220 -0.992708743
1403636759213555456.000000 0.173921049 0.122669913 0.194293827 -0.120696567 -0.002790135 0.019404769 -0.992495894
1403636759263555584.000000 0.161394238 0.108190775 0.194796398 -0.123960584 -0.002148665 0.010760508 -0.992226481
1403636759313555456.000000 0.154648975 0.093712032 0.193139866 0.124938816 0.001754476 -0.008629893 0.992125452
1403636759363555584.000000 0.141468585 0.084542319 0.194336295 0.122907192 0.003485850 -0.015272601 0.992294610
1403636759413555456.000000 0.127174288 0.078410000 0.195916817 -0.120173700 -0.003977235 0.023515999 -0.992466390
1403636759463555584.000000 0.112356484 0.073850423 0.197659701 -0.117782936 -0.005876188 0.031358000 -0.992526829
1403636759513555456.000000 0.096577704 0.070694849 0.199349388 -0.115143381 -0.006779980 0.039314136 -0.992547452
1403636759563555584.000000 0.080545411 0.068334915 0.200847313 -0.114018276 -0.007950876 0.044707064 -0.992440343
1403636759613555456.000000 0.070430785 0.065007865 0.199606955 0.112230524 0.008509480 -0.050837647 0.992344499
1403636759663555584.000000 0.058096532 0.063949451 0.198216081 0.111453727 0.008638227 -0.054476082 0.992237806
1403636759713555456.000000 0.047287293 0.063093714 0.195900291 -0.111059316 -0.008205469 0.056875199 -0.992151082
1403636759763555584.000000 0.039255902 0.061834704 0.192273870 -0.111891665 -0.008799093 0.056295875 -0.992085516
1403636759813555456.000000 0.034048539 0.060516853 0.188023329 -0.111450978 -0.010054237 0.057964649 -0.992027164
1403636759863555584.000000 0.030134518 0.059328105 0.183106303 -0.111523673 -0.009079663 0.057422578 -0.992059827
1403636759913555456.000000 0.025124449 0.058391638 0.177661657 -0.111328460 -0.003941945 0.057957273 -0.992084444
1403636759963555584.000000 0.020739278 0.059045117 0.169774428 0.110824436 -0.001877623 -0.058694698 0.992103577
1403636760013555456.000000 0.014334667 0.058567695 0.163838044 0.110591702 -0.006548944 -0.058435682 0.992124975
1403636760063555584.000000 0.006636979 0.057411235 0.158693895 -0.110704675 0.010919016 0.056885920 -0.992164016
1403636760113555456.000000 -0.001101429 0.056702852 0.153920770 -0.109847821 0.015486452 0.057909574 -0.992139220
1403636760163555584.000000 -0.008856108 0.057269823 0.149537325 0.109502077 -0.019070977 -0.058292795 0.992092550
1403636760213555456.000000 -0.015220710 0.056535039 0.146419913 0.109966956 -0.014918243 -0.057030864 0.992185593
1403636760263555584.000000 -0.021164067 0.055266276 0.143914118 -0.110151410 0.007585573 0.056090686 -0.992301941
1403636760313555456.000000 -0.027566377 0.054677188 0.141891569 -0.111059286 0.000634205 0.054027718 -0.992343962
1403636760363555584.000000 -0.034475852 0.054018237 0.140134409 -0.110589609 -0.003576369 0.055066410 -0.992333055
1403636760413555456.000000 -0.042946223 0.055039309 0.138187334 -0.110359080 -0.007631480 0.056559760 -0.992251813
1403636760463555584.000000 -0.052318491 0.056102604 0.135932624 -0.109865740 -0.009028538 0.058031648 -0.992209852
1403636760513555456.000000 -0.062181864 0.057185847 0.133037165 -0.109211110 -0.007501139 0.059943896 -0.992181122
1403636760563555584.000000 -0.073826335 0.058451895 0.131521821 0.109031714 0.002542482 -0.061130945 0.992153585
1403636760613555456.000000 -0.084165968 0.059133515 0.128184751 0.108561315 -0.002900842 -0.062631689 0.992110550
1403636760663555584.000000 -0.093541592 0.059200786 0.123785019 -0.107670836 0.006793917 0.065264702 -0.992018819
1403636760713555456.000000 -0.102660239 0.059190914 0.119743608 -0.107188731 0.010116770 0.067390330 -0.991900623
1403636760763555584.000000 -0.110787474 0.058672041 0.115887962 -0.106710561 0.009785477 0.069502287 -0.991809726
1403636760813555456.000000 -0.118677348 0.057548471 0.112511441 -0.106813408 0.007190195 0.070290230 -0.991765380
1403636760863555584.000000 -0.127850071 0.056730829 0.112162627 0.106675111 -0.003227570 -0.071889617 0.991686404
1403636760913555456.000000 -0.135538101 0.054450307 0.108919851 0.106887452 -0.000000783 -0.073100753 0.991580248
1403636760963555584.000000 -0.143321380 0.051246364 0.104694471 -0.106965885 0.000305163 0.073215134 -0.991563320
1403636761013555456.000000 -0.151878744 0.047508925 0.100694992 -0.107683435 0.004129274 0.071748435 -0.991584361
1403636761063555584.000000 -0.161778644 0.044184092 0.098182566 0.108291224 -0.009041101 -0.069899388 0.991617620
1403636761113555456.000000 -0.170799494 0.039418232 0.094946168 0.109004244 -0.015795946 -0.068156607 0.991576135
1403636761163555584.000000 -0.179414362 0.034048017 0.092539720 -0.109120876 0.023572447 0.067628779 -0.991445124
1403636761213555456.000000 -0.188357323 0.028716294 0.090825558 0.108817451 -0.030367194 -0.069134898 0.991189718
1403636761263555584.000000 -0.195512921 0.022597881 0.089471832 0.109045267 -0.035096142 -0.068151429 0.991076648
1403636761313555456.000000 -0.200803041 0.015631674 0.089801975 0.108800843 -0.036261089 -0.068878256 0.991011262
1403636761363555584.000000 -0.204388499 0.008092791 0.090733044 0.109326847 -0.033492863 -0.068223618 0.991096079
1403636761413555456.000000 -0.206142411 0.000261178 0.092334390 -0.109703429 0.026344886 0.067671195 -0.991308093
1403636761463555584.000000 -0.206771061 -0.007941273 0.094026901 -0.109721296 0.018282309 0.067640461 -0.991489649
1403636761513555456.000000 -0.206100717 -0.016929740 0.097541064 0.110165194 -0.010972128 -0.066392049 0.991632700
1403636761563555584.000000 -0.205355078 -0.025786975 0.100215688 0.110210150 -0.004744887 -0.065547131 0.991733253
1403636761613555456.000000 -0.204093575 -0.034357727 0.102375127 -0.110406078 -0.000024533 0.064138502 -0.991814911
1403636761663555584.000000 -0.203158781 -0.043168526 0.104391947 -0.111662000 -0.001917024 0.059788778 -0.991944194
1403636761713555456.000000 -0.201918289 -0.051891055 0.106031403 -0.113646969 -0.003014539 0.053032920 -0.992100239
1403636761763555584.000000 -0.200367913 -0.060154803 0.107468553 -0.115558825 -0.002797558 0.047077522 -0.992180526
1403636761813555456.000000 -0.198179856 -0.067693017 0.108568214 -0.116963789 -0.002510332 0.042018868 -0.992243767
1403636761863555584.000000 -0.195031196 -0.074831806 0.108088054 0.117729664 0.002221691 -0.038964935 0.992278457
1403636761913555456.000000 -0.191887066 -0.080035716 0.108490139 0.116998747 0.001477129 -0.040129494 0.992319882
1403636761963555584.000000 -0.188732445 -0.083088160 0.108764313 -0.115384385 -0.001298200 0.043624807 -0.992361665
1403636762013555456.000000 -0.184582040 -0.085967839 0.109006226 -0.112040266 -0.002918271 0.052456766 -0.992313921
1403636762063555584.000000 -0.180178583 -0.089006521 0.108863994 -0.108311541 -0.004527637 0.061395578 -0.992209077
1403636762113555456.000000 -0.175480306 -0.091823541 0.107990980 -0.103720643 -0.006098661 0.073386841 -0.991876602
1403636762163555584.000000 -0.171237767 -0.095129453 0.106350347 -0.100239292 -0.005560777 0.081832498 -0.991576850
1403636762213555456.000000 -0.167878449 -0.099639527 0.104171984 -0.098388046 -0.000828474 0.085195363 -0.991494238
1403636762263555584.000000 -0.166671142 -0.104323730 0.101230532 0.097948745 -0.006832701 -0.084541582 0.991570532
1403636762313555456.000000 -0.165866613 -0.111071251 0.100274779 0.098152876 -0.015119302 -0.082234956 0.991652608
1403636762363555584.000000 -0.166815057 -0.119224645 0.100919202 -0.098754399 0.022488462 0.079339534 -0.991689026
1403636762413555456.000000 -0.169393539 -0.128246531 0.103169598 -0.099924684 0.026578700 0.075186521 -0.991794169
1403636762463555584.000000 -0.174507633 -0.137356922 0.105510145 0.102684125 -0.028610161 -0.067198381 0.992029130
1403636762513555456.000000 -0.179751053 -0.148042411 0.110877328 0.107872367 -0.025636349 -0.052691232 0.992436469
1403636762563555584.000000 -0.186571285 -0.157935858 0.116714127 0.112793259 -0.021077506 -0.038978633 0.992629945
1403636762613555456.000000 -0.194828615 -0.167656198 0.124662921 -0.117572106 0.016203374 0.025716830 -0.992599070
1403636762663555584.000000 -0.203496009 -0.175324991 0.134206995 0.120478556 -0.010248528 -0.018014090 0.992499590
1403636762713555456.000000 -0.214974925 -0.181035504 0.144758880 0.119606078 -0.005117301 -0.021429488 0.992577016
1403636762763555584.000000 -0.228027672 -0.184759513 0.156154975 0.117586382 -0.001778527 -0.027836716 0.992670894
1403636762813555456.000000 -0.242847413 -0.186945319 0.168256462 0.114655435 0.000381586 -0.037228260 0.992707491
1403636762863555584.000000 -0.244189963 -0.185311094 0.168154001 0.119403943 0.031682312 -0.027908292 0.991947651
1403636762913555456.000000 -0.244293541 -0.179748222 0.162558734 0.115947157 0.043169815 -0.032671072 0.991778791
1403636762963555584.000000 -0.250161022 -0.172407389 0.160065189 0.106026493 0.015336444 -0.045958269 0.993182302
1403636763013555456.000000 -0.255814373 -0.163874790 0.154630527 0.095780894 0.006042796 -0.039183281 0.994612575
1403636763063555584.000000 -0.260766953 -0.154807433 0.146872461 0.087907977 0.005331395 -0.026093716 0.995772541
1403636763113555456.000000 -0.264695019 -0.148700789 0.142238319 0.081666701 0.016771531 -0.018893773 0.996339440
1403636763163555584.000000 -0.264665306 -0.146203011 0.138532862 -0.075857043 -0.030578399 0.014070409 -0.996550441
1403636763213555456.000000 -0.270276755 -0.144901603 0.137395784 0.073791280 0.022298725 -0.010723598 0.996966779
1403636763263555584.000000 -0.275703400 -0.144056395 0.140868455 0.074138157 0.013713681 -0.009307528 0.997110248
1403636763313555456.000000 -0.276419342 -0.143792123 0.139242455 0.074208967 0.017005861 -0.008612751 0.997060537
1403636763363555584.000000 -0.280296713 -0.143501207 0.137486160 0.074394323 0.016807877 -0.008918002 0.997047424
1403636763413555456.000000 -0.284420907 -0.143443361 0.136638075 -0.074510038 -0.015378837 0.007999329 -0.997069657
1403636763463555584.000000 -0.286055505 -0.142769262 0.132970124 0.074201338 0.015716156 -0.008621444 0.997082233
1403636763513555456.000000 -0.290172487 -0.142608225 0.131262943 0.074403279 0.015766799 -0.008014479 0.997071385
1403636763563555584.000000 -0.293698847 -0.142162442 0.128799394 -0.074280284 -0.015684890 0.008286450 -0.997079670
1403636763613555456.000000 -0.297634840 -0.141666457 0.126254812 -0.074316435 -0.015695581 0.008003474 -0.997079074
1403636763663555584.000000 -0.301518947 -0.141164705 0.123761676 -0.074322090 -0.015957188 0.008197692 -0.997072935
1403636763713555456.000000 -0.303021938 -0.140729040 0.119047537 0.074365579 0.015659213 -0.007780076 0.997077763
1403636763763555584.000000 -0.305666327 -0.140036106 0.116159178 0.074187770 0.015982127 -0.008208076 0.997082472
1403636763813555456.000000 -0.309792459 -0.139531001 0.112347119 -0.074408464 -0.015729204 0.007558450 -0.997075140
