1403636626863555584.000000 -0.014191970 0.015225613 -0.004125996 0.002468321 -0.009068811 -0.001459506 0.999954760
1403636626913555456.000000 -0.157641456 0.168652654 -0.058031257 0.005684516 -0.009760956 -0.002201844 0.999933839
1403636626963555584.000000 -0.220390573 0.215670243 -0.082290322 0.006709755 -0.013175998 -0.002568632 0.999887407
1403636627013555456.000000 -0.294454783 0.261318147 -0.098583438 0.007914234 -0.016189784 -0.002499586 0.999834538
1403636627063555584.000000 -0.350457758 0.286055267 -0.112770289 0.007861359 -0.019254463 -0.004146134 0.999775171
1403636627113555456.000000 -0.384983987 0.321406603 -0.136333346 0.008634766 -0.024323255 -0.004046981 0.999658644
1403636627163555584.000000 -0.051896166 0.042866446 -0.022722520 0.003393274 -0.030229434 -0.002962034 0.999532878
1403636627213555456.000000 -0.190092131 0.186973453 -0.101777799 0.006845853 -0.024342634 -0.003525442 0.999674082
1403636627263555584.000000 -0.148945168 0.163658813 -0.104064360 0.006526399 -0.020742400 -0.003141145 0.999758661
1403636627313555456.000000 -0.121709906 0.177302554 -0.118608467 0.007421854 -0.018150512 -0.002533606 0.999804497
1403636627363555584.000000 -0.088410445 0.191014469 -0.141428888 0.007893969 -0.017506829 -0.001754569 0.999814093
1403636627413555456.000000 -0.047098339 0.205182403 -0.167424381 0.008377200 -0.018105809 -0.001143595 0.999800384
1403636627463555584.000000 -0.009685860 0.066338696 -0.059877653 0.004858648 -0.017141286 0.000571293 0.999841154
1403636627513555456.000000 0.013868253 0.073886961 -0.075351335 0.003064716 -0.018297229 0.002888953 0.999823749
1403636627563555584.000000 0.032345798 0.083415948 -0.091246501 -0.000233684 -0.019221038 0.004859611 0.999803483
1403636627613555456.000000 0.041199464 0.093225643 -0.103625916 -0.004410569 -0.020616220 0.006151790 0.999758840
1403636627663555584.000000 0.040146701 0.105749369 -0.114513382 -0.007710405 -0.023636146 0.007719040 0.999661148
1403636627713555456.000000 0.010352117 0.092466667 -0.090631582 -0.012351175 -0.028419506 0.008647856 0.999482393
1403636627763555584.000000 0.003231309 0.097801521 -0.093435235 -0.018060351 -0.034267087 0.009829791 0.999201179
1403636627813555456.000000 -0.003707050 0.103581429 -0.097202435 -0.024717405 -0.039697908 0.010849801 0.998847067
1403636627863555584.000000 -0.011932952 0.111345999 -0.097804800 -0.031103358 -0.045440070 0.013283442 0.998394430
1403636627913555456.000000 -0.018099496 0.118053451 -0.098561496 -0.036782376 -0.050389126 0.014145268 0.997951865
1403636627963555584.000000 -0.019811600 0.125068158 -0.099385023 -0.041317295 -0.053175367 0.014097719 0.997630477
1403636628013555456.000000 -0.019515915 0.130154803 -0.099260531 -0.045915063 -0.054187857 0.013863771 0.997378230
1403636628063555584.000000 -0.016942848 0.134437591 -0.097525641 -0.049732544 -0.052153561 0.014174988 0.997299314
1403636628113555456.000000 -0.011497742 0.140970096 -0.095223352 -0.052279718 -0.045583647 0.015297782 0.997474313
1403636628163555584.000000 -0.003337011 0.145484775 -0.093650527 -0.054328423 -0.036170240 0.016577786 0.997730136
1403636628213555456.000000 0.009264817 0.155574471 -0.085728750 -0.054692443 -0.027908837 0.019307707 0.997926414
1403636628263555584.000000 0.021416767 0.161020070 -0.082492463 -0.055436339 -0.021325173 0.022661416 0.997977257
1403636628313555456.000000 0.034972418 0.168916598 -0.081108145 -0.054687068 -0.016784415 0.027231460 0.997991085
1403636628363555584.000000 0.049749713 0.170690164 -0.080031879 -0.056238234 -0.014472875 0.029673619 0.997871399
1403636628413555456.000000 0.061347350 0.176868230 -0.078114696 -0.056115758 -0.013970713 0.032002266 0.997813463
1403636628463555584.000000 0.069301620 0.189660817 -0.073978625 -0.053631075 -0.014040987 0.033591926 0.997896910
1403636628513555456.000000 0.081560053 0.196179181 -0.073702060 -0.053524055 -0.014385821 0.033692945 0.997894287
1403636628563555584.000000 0.088573731 0.205546454 -0.070933513 -0.052523069 -0.014935580 0.034827076 0.997900486
1403636628613555456.000000 0.093817875 0.214332476 -0.069266222 -0.051491544 -0.015265620 0.035392981 0.997929335
1403636628663555584.000000 0.102099605 0.226369485 -0.068321228 -0.050563797 -0.015671737 0.035681702 0.997960150
1403636628713555456.000000 0.104069687 0.235608831 -0.070467904 -0.050777782 -0.017188843 0.034691725 0.997959316
1403636628763555584.000000 0.107725650 0.247768700 -0.067123108 -0.054019894 -0.019748896 0.032023292 0.997830868
1403636628813555456.000000 0.109525591 0.260580987 -0.068482272 -0.058676790 -0.024116486 0.029886793 0.997538090
1403636628863555584.000000 0.107545525 0.277165115 -0.064703360 -0.063026570 -0.028168153 0.028535012 0.997206151
1403636628913555456.000000 0.108402245 0.286897570 -0.069801055 -0.068099253 -0.032263625 0.028613361 0.996746123
1403636628963555584.000000 0.102858968 0.309321105 -0.048135184 -0.070810333 -0.035202034 0.028376129 0.996464491
1403636629013555456.000000 0.107173428 0.323344618 -0.047748890 -0.073656611 -0.038214043 0.028944174 0.996130824
1403636629063555584.000000 0.120271593 0.347079098 -0.053414498 -0.076723225 -0.040288631 0.029656364 0.995796680
1403636629113555456.000000 0.121720687 0.351348400 -0.050578773 -0.079661258 -0.040376492 0.029439554 0.995568812
1403636629163555584.000000 0.129372045 0.365930796 -0.051423203 -0.083901398 -0.040605482 0.030936584 0.995165706
1403636629213555456.000000 0.143858507 0.390287787 -0.057078935 -0.089846142 -0.039815441 0.032864742 0.994616687
1403636629263555584.000000 0.147138923 0.403993994 -0.053411182 -0.094724573 -0.037902102 0.034517489 0.994182706
1403636629313555456.000000 0.153839245 0.418996871 -0.051576100 -0.099234238 -0.035431016 0.037240248 0.993735611
1403636629363555584.000000 0.155712500 0.435121179 -0.046605930 -0.102597445 -0.032636452 0.040270485 0.993371487
1403636629413555456.000000 0.160791367 0.451979309 -0.041381914 -0.105179407 -0.029398812 0.044430930 0.993025184
1403636629463555584.000000 0.153291836 0.452445090 -0.029062588 -0.108099870 -0.025214316 0.049270354 0.992598236
1403636629513555456.000000 0.161575735 0.486261904 -0.031873491 -0.114419065 -0.022801213 0.054558471 0.991671264
1403636629563555584.000000 0.154042408 0.492022365 -0.018467192 -0.120001949 -0.023110718 0.058855977 0.990758061
1403636629613555456.000000 0.150281847 0.510827243 -0.011282781 -0.128298774 -0.026057111 0.061224647 0.989500940
1403636629663555584.000000 0.150835961 0.543805957 -0.008313047 -0.137919709 -0.031310879 0.063670754 0.987898707
1403636629713555456.000000 0.138272941 0.551070571 0.004291494 -0.147017732 -0.036209840 0.065768600 0.986280501
1403636629763555584.000000 0.130608797 0.572488964 0.012678888 -0.157632276 -0.040851235 0.067824736 0.984318614
1403636629813555456.000000 0.121620402 0.595227301 0.021494729 -0.168706179 -0.043992437 0.070539631 0.982154310
1403636629863555584.000000 0.113353521 0.617957175 0.032598216 -0.179702654 -0.046500396 0.073790431 0.979846776
1403636629913555456.000000 0.104379632 0.641837656 0.043670200 -0.189897001 -0.047986537 0.076932222 0.977608263
1403636629963555584.000000 0.098298192 0.665024579 0.055234332 -0.199014425 -0.048768882 0.078934982 0.975594282
1403636630013555456.000000 0.092727765 0.688643277 0.065192223 -0.206295997 -0.048555583 0.081076100 0.973915279
1403636630063555584.000000 0.090602040 0.711274862 0.075376362 -0.212482184 -0.046803594 0.082372278 0.972561359
1403636630113555456.000000 0.090412416 0.735506356 0.087675557 -0.217843398 -0.042192593 0.082668468 0.971560657
1403636630163555584.000000 0.092279539 0.760165095 0.098511383 -0.222482562 -0.035113081 0.082734324 0.970785081
1403636630213555456.000000 0.100774191 0.770015895 0.096558422 -0.227685750 -0.028993286 0.081692703 0.969868541
1403636630263555584.000000 0.102449745 0.805055380 0.120250665 -0.229903325 -0.022313058 0.081716217 0.969520032
1403636630313555456.000000 0.109482639 0.829181910 0.127387747 -0.232286781 -0.018872645 0.081189565 0.969069183
1403636630363555584.000000 0.116736338 0.855900705 0.143244535 -0.233296722 -0.019436570 0.081279486 0.968807817
1403636630413555456.000000 0.125358328 0.880140126 0.152519956 -0.234056503 -0.020780845 0.081246004 0.968599439
1403636630463555584.000000 0.135333434 0.907797635 0.162200928 -0.234007940 -0.023840329 0.080298059 0.968619704
1403636630513555456.000000 0.147371814 0.932209253 0.171203524 -0.233923420 -0.025512105 0.079144508 0.968692541
1403636630563555584.000000 0.160699114 0.956488490 0.180103257 -0.233834982 -0.027730541 0.076420225 0.968871593
1403636630613555456.000000 0.173833519 0.980210602 0.188901156 -0.233432204 -0.028662866 0.073544845 0.969164073
1403636630663555584.000000 0.186852410 1.005105257 0.199577749 -0.232473046 -0.030550458 0.071293980 0.969505072
1403636630713555456.000000 0.197829515 1.028424859 0.209998786 0.231326073 0.031591535 -0.069872707 -0.969849586
1403636630763555584.000000 0.207690448 1.050781727 0.222122401 -0.229782283 -0.031356409 0.070602469 0.970171213
1403636630813555456.000000 0.216269821 1.073228836 0.235276639 -0.227719724 -0.031737521 0.071857229 0.970552981
1403636630863555584.000000 0.223782241 1.095949054 0.249666661 -0.226071343 -0.031478003 0.073275149 0.970840693
1403636630913555456.000000 0.229655400 1.116034389 0.262710363 -0.224265635 -0.030809872 0.074767917 0.971167088
1403636630963555584.000000 0.234341413 1.138155103 0.278185606 0.222801924 0.030292723 -0.076112464 -0.971415758
1403636631013555456.000000 0.238053441 1.160681844 0.294080585 -0.222147867 -0.029934675 0.076751985 0.971526325
1403636631063555584.000000 0.241124377 1.183289289 0.310688049 0.221149340 0.028763542 -0.076782666 -0.971787095
1403636631113555456.000000 0.244117379 1.204987407 0.326965690 -0.220906124 -0.026930224 0.076616861 0.971908033
1403636631163555584.000000 0.246486321 1.228581667 0.341006935 -0.220582217 -0.025438178 0.076213732 0.972053468
1403636631213555456.000000 0.247635633 1.248425722 0.360592127 -0.220029533 -0.023294574 0.075973563 0.972251236
1403636631263555584.000000 0.250109404 1.271811128 0.373022735 -0.219856337 -0.021976041 0.075032555 0.972394168
1403636631313555456.000000 0.251434058 1.293846369 0.390321374 -0.219237238 -0.021818852 0.075356685 0.972512484
1403636631363555584.000000 0.251593977 1.316365480 0.408281684 0.219051868 0.021797828 -0.074754469 -0.972601116
1403636631413555456.000000 0.250298440 1.338751912 0.426893592 0.218565881 0.021776371 -0.074791387 -0.972708106
1403636631463555584.000000 0.247548759 1.361025810 0.445625782 0.218357548 0.022014802 -0.073938325 -0.972814739
1403636631513555456.000000 0.243729964 1.379949450 0.459389716 -0.218202874 -0.022481775 0.072737530 0.972929299
1403636631563555584.000000 0.239246786 1.401548862 0.478332639 0.218276814 0.022455774 -0.071267091 -0.973022103
1403636631613555456.000000 0.236056373 1.422170997 0.496211529 -0.217899531 -0.022996839 0.070074663 0.973180652
1403636631663555584.000000 0.232862696 1.443500876 0.515341640 0.217226133 0.023888428 -0.069256604 -0.973368287
1403636631713555456.000000 0.230955496 1.463309288 0.532574534 -0.216839865 -0.024341663 0.068597950 0.973489761
1403636631763555584.000000 0.230046734 1.483621001 0.549531579 0.216493636 0.024955872 -0.067932144 -0.973597944
1403636631813555456.000000 0.229872867 1.498996258 0.562444806 -0.215922102 -0.024606001 0.067426182 0.973768950
1403636631863555584.000000 0.233841732 1.519796133 0.578117132 -0.215974048 -0.025432462 0.066272274 0.973815382
1403636631913555456.000000 0.238954276 1.539316416 0.594812632 -0.215910777 -0.026518563 0.065438077 0.973856926
1403636631963555584.000000 0.244981483 1.559448242 0.612413406 0.215945765 0.026958443 -0.065045424 -0.973863363
1403636632013555456.000000 0.249706790 1.575106502 0.622962117 -0.215921834 -0.026630033 0.065000907 0.973880649
1403636632063555584.000000 0.256930441 1.593821883 0.640408874 0.216311529 0.025215179 -0.064470179 -0.973867118
1403636632113555456.000000 0.262920856 1.610451221 0.656210303 -0.216794640 -0.023935592 0.062722906 0.973906100
1403636632163555584.000000 0.269663334 1.627059221 0.670996070 -0.218480468 -0.023005102 0.059557542 0.973750472
1403636632213555456.000000 0.276085317 1.643879890 0.688255072 0.219180852 0.023497172 -0.058664680 -0.973635554
1403636632263555584.000000 0.284372061 1.662130475 0.712273538 -0.219713867 -0.022711556 0.059776019 0.973466396
1403636632313555456.000000 0.287768304 1.676713109 0.730063677 0.220013127 0.022392929 -0.060769442 -0.973344684
1403636632363555584.000000 0.289392799 1.690386057 0.748153090 0.220061317 0.021834111 -0.061744310 -0.973285139
1403636632413555456.000000 0.286984116 1.699624777 0.756141663 -0.220172867 -0.022662379 0.062099397 0.973218441
1403636632463555584.000000 0.284656644 1.711645484 0.774962008 -0.219385192 -0.025093883 0.065744296 0.973097146
1403636632513555456.000000 0.282267600 1.721823573 0.792460322 -0.216677845 -0.027784400 0.069874004 0.973342896
1403636632563555584.000000 0.277613372 1.732601523 0.811843753 0.212286919 0.032191843 -0.075412884 -0.973761261
1403636632613555456.000000 0.272483230 1.743500710 0.831750035 0.206612661 0.036217514 -0.080068827 -0.974468291
1403636632663555584.000000 0.274347663 1.760804057 0.867331803 -0.200155362 -0.039537467 0.082935348 0.975446820
1403636632713555456.000000 0.270086497 1.772104740 0.888052344 -0.191891775 -0.041373350 0.083561167 0.976976633
1403636632763555584.000000 0.267662972 1.784118414 0.908613503 -0.182490930 -0.042212430 0.082327232 0.978844941
1403636632813555456.000000 0.266615093 1.795433283 0.919585049 -0.172159895 -0.041832197 0.077179886 0.981149554
1403636632863555584.000000 0.268808931 1.808631301 0.940130651 0.162242085 0.039447188 -0.068821028 -0.983557403
1403636632913555456.000000 0.277704090 1.825660229 0.974726915 -0.152724594 -0.035911843 0.059868019 0.985799849
1403636632963555584.000000 0.283053249 1.840290666 0.994733810 -0.144040719 -0.033884719 0.051561333 0.987646520
1403636633013555456.000000 0.291454256 1.855233192 1.015261889 -0.136297494 -0.032026261 0.044289295 0.989159107
1403636633063555584.000000 0.298775941 1.869770646 1.034765840 0.129285157 0.031703383 -0.038771193 -0.990341961
1403636633113555456.000000 0.307951391 1.884925842 1.059175849 -0.123018190 -0.031036431 0.035011638 0.991300941
1403636633163555584.000000 0.313665897 1.899179697 1.079440713 0.117785133 0.031120781 -0.031855226 -0.992040038
1403636633213555456.000000 0.317736745 1.912956953 1.100382447 0.113355182 0.030995676 -0.030195879 -0.992611766
1403636633263555584.000000 0.322680205 1.927107692 1.123187184 -0.109548651 -0.032192603 0.030230934 0.992999971
1403636633313555456.000000 0.323669374 1.940262437 1.145028114 -0.106435731 -0.033419132 0.031034043 0.993273139
1403636633363555584.000000 0.323859930 1.953159809 1.167178154 0.103484407 0.034835249 -0.033324957 -0.993462145
1403636633413555456.000000 0.326117516 1.966627002 1.193433166 -0.101931401 -0.036762271 0.035572600 0.993475318
1403636633463555584.000000 0.323898524 1.979172587 1.221930981 -0.100649454 -0.038263150 0.037990607 0.993459761
1403636633513555456.000000 0.321930319 1.992571354 1.246677637 0.100466259 0.039653391 -0.039330561 -0.993371665
1403636633563555584.000000 0.318039238 2.005813599 1.273627400 -0.100831449 -0.041245617 0.040953197 0.993204236
1403636633613555456.000000 0.317676604 2.019833803 1.300683975 -0.101490945 -0.043312337 0.041967094 0.993006766
1403636633663555584.000000 0.318141937 2.034615278 1.327301264 0.102985628 0.044825196 -0.042290770 -0.992771983
1403636633713555456.000000 0.319428176 2.049183846 1.352520108 -0.104361586 -0.044431925 0.042898059 0.992619932
1403636633763555584.000000 0.323784262 2.064730167 1.379305720 0.105480395 0.043682754 -0.043918628 -0.992490292
1403636633813555456.000000 0.332226902 2.080227852 1.404823542 -0.106811590 -0.043513488 0.044918191 0.992310584
1403636633863555584.000000 0.336551040 2.096832514 1.440158725 -0.107917465 -0.042052709 0.046928227 0.992160916
1403636633913555456.000000 0.346588284 2.113186359 1.467871189 -0.108182743 -0.040594283 0.050892487 0.991997302
1403636633963555584.000000 0.356359899 2.129482269 1.496097803 -0.108277664 -0.038226131 0.055259034 0.991847396
1403636634013555456.000000 0.365715504 2.146608591 1.524417877 -0.108704530 -0.035898570 0.058900185 0.991678119
1403636634063555584.000000 0.370246828 2.164323092 1.553335428 -0.109612681 -0.035343010 0.061080538 0.991466165
1403636634113555456.000000 0.378583580 2.184437990 1.586591244 -0.109415278 -0.035677299 0.061362438 0.991458595
1403636634163555584.000000 0.389345109 2.204209089 1.615337849 0.109429508 0.037003063 -0.060259003 -0.991476119
1403636634213555456.000000 0.401090622 2.224175692 1.640328288 -0.109627180 -0.038862981 0.057152703 0.991567075
1403636634263555584.000000 0.413672954 2.244816542 1.668444395 -0.110233262 -0.039018154 0.052829441 0.991733491
1403636634313555456.000000 0.428905040 2.267979145 1.697052360 -0.110676363 -0.036364373 0.048829328 0.991989970
1403636634363555584.000000 0.445693970 2.290929794 1.726725936 0.110907033 0.032229714 -0.045155600 -0.992281139
1403636634413555456.000000 0.460345328 2.313916206 1.757313967 -0.111067608 -0.028017422 0.041606061 0.992546201
1403636634463555584.000000 0.474434793 2.337269545 1.787988901 -0.111053377 -0.025441481 0.038915850 0.992726326
1403636634513555456.000000 0.485606223 2.363737583 1.830363631 -0.110785551 -0.022049736 0.037067004 0.992908061
1403636634563555584.000000 0.495540410 2.386508465 1.861251712 -0.110157073 -0.019888315 0.035561755 0.993078709
1403636634613555456.000000 0.503500760 2.408523798 1.892112017 -0.108769789 -0.018941075 0.033338577 0.993327260
1403636634663555584.000000 0.510231793 2.429644823 1.923062205 0.105562799 0.018447878 -0.031167265 -0.993752897
1403636634713555456.000000 0.516213238 2.451327801 1.954095602 -0.102212243 -0.018307084 0.028132848 0.994196236
1403636634763555584.000000 0.522863925 2.471613646 1.983882666 -0.098448820 -0.020340225 0.026356582 0.994585097
1403636634813555456.000000 0.531225681 2.493698120 2.019563913 -0.094950043 -0.022468155 0.025754197 0.994895220
1403636634863555584.000000 0.540130317 2.513314009 2.049165487 -0.091571338 -0.024537431 0.025284508 0.995175064
1403636634913555456.000000 0.550236702 2.531291723 2.075138807 -0.088012993 -0.026186636 0.024377765 0.995476663
1403636634963555584.000000 0.562555850 2.550868988 2.106614590 -0.084980413 -0.028835183 0.023196355 0.995695174
1403636635013555456.000000 0.575521529 2.566768885 2.129431963 -0.082393691 -0.029351164 0.021213679 0.995941699
1403636635063555584.000000 0.588241160 2.584424257 2.157088757 -0.080181956 -0.031030189 0.019734006 0.996101677
1403636635113555456.000000 0.599952221 2.601783991 2.184961557 -0.078368902 -0.032592800 0.018629974 0.996217370
1403636635163555584.000000 0.609803438 2.618710756 2.213164568 -0.076617442 -0.033523917 0.018376727 0.996327400
1403636635213555456.000000 0.618434727 2.634897232 2.241268396 0.075029969 0.035109416 -0.018437611 -0.996392429
1403636635263555584.000000 0.629651070 2.653921127 2.280632496 -0.073189512 -0.035944007 0.020153796 0.996466339
1403636635313555456.000000 0.635951459 2.669399261 2.310155869 0.071455404 0.037201066 -0.022169912 -0.996503294
1403636635363555584.000000 0.639802158 2.683694601 2.335708857 -0.069429614 -0.038680032 0.025939709 0.996499181
1403636635413555456.000000 0.647046149 2.699390650 2.365369081 0.068139158 0.039610609 -0.027535396 -0.996508896
1403636635463555584.000000 0.657085001 2.715001106 2.396265268 -0.067606539 -0.039119210 0.028872807 0.996526718
1403636635513555456.000000 0.668386340 2.732522488 2.429055929 -0.066664658 -0.039413661 0.031860583 0.996487558
1403636635563555584.000000 0.680887282 2.749155521 2.458685398 0.066400178 0.039444219 -0.032679256 -0.996477425
1403636635613555456.000000 0.699165106 2.768219233 2.498156786 -0.066499829 -0.038687572 0.033896174 0.996459782
1403636635663555584.000000 0.712545931 2.785689831 2.526566029 0.066835560 0.037555560 -0.034731202 -0.996451914
1403636635713555456.000000 0.730126798 2.803936243 2.558143139 -0.067226231 -0.036271002 0.035210304 0.996456385
1403636635763555584.000000 0.747714043 2.822658539 2.587731123 0.067066595 0.032768145 -0.037175383 -0.996517062
1403636635813555456.000000 0.768137097 2.840718269 2.615694046 -0.066359684 -0.028300542 0.040934421 0.996554077
1403636635863555584.000000 0.789668620 2.860918045 2.645066738 0.065978266 0.025453445 -0.044353265 -0.996509790
1403636635913555456.000000 0.815910935 2.883530855 2.678942442 -0.065313660 -0.026456386 0.048387975 0.996339738
1403636635963555584.000000 0.839047551 2.906228781 2.707857609 0.065523691 0.029866984 -0.049536616 -0.996173084
1403636636013555456.000000 0.863958001 2.929664612 2.737381697 -0.066507414 -0.035429984 0.048034467 0.995999098
1403636636063555584.000000 0.885845304 2.954165220 2.766414404 0.068302937 0.039837226 -0.043964565 -0.995899022
1403636636113555456.000000 0.909063041 2.979529858 2.797371626 -0.070041038 -0.043018315 0.039524090 0.995832145
1403636636163555584.000000 0.931056857 3.005193710 2.827428102 -0.071486786 -0.041731995 0.035141960 0.995948374
1403636636213555456.000000 0.957263708 3.031448126 2.858453751 -0.072977968 -0.037207361 0.030326743 0.996177793
1403636636263555584.000000 0.983032465 3.057102442 2.887282372 0.074295767 0.031345952 -0.026242701 -0.996397972
1403636636313555456.000000 1.011288285 3.083229780 2.915496588 -0.074988171 -0.026096473 0.023867587 0.996557176
1403636636363555584.000000 1.039184690 3.108343124 2.943205595 0.075722530 0.019456943 -0.021721378 -0.996702433
1403636636413555456.000000 1.066255689 3.132016182 2.970275164 -0.076066621 -0.010884111 0.019864554 0.996845484
1403636636463555584.000000 1.091302276 3.156192064 2.997222424 -0.076241933 -0.004008279 0.018531963 0.996909082
1403636636513555456.000000 1.118877053 3.184416294 3.028531313 -0.077336848 -0.001452727 0.015342218 0.996885955
1403636636563555584.000000 1.138772845 3.207163811 3.054458857 0.078538619 0.000610587 -0.011626901 -0.996843100
1403636636613555456.000000 1.161055207 3.230926037 3.084790468 -0.080022730 -0.000245977 0.007506617 0.996764779
1403636636663555584.000000 1.176400661 3.251898289 3.109290600 0.081531651 0.001272115 -0.002906961 -0.996665776
1403636636713555456.000000 1.191229701 3.273395538 3.135242701 -0.082911573 -0.001776134 -0.000944705 0.996554911
1403636636763555584.000000 1.201384664 3.291625738 3.158837795 0.084141083 0.002803381 0.004906088 -0.996437907
1403636636813555456.000000 1.213128090 3.310559034 3.184232473 -0.085584447 -0.003274909 -0.009835592 0.996277034
1403636636863555584.000000 1.218683600 3.324717760 3.206795216 0.086751774 0.005326499 0.014159895 -0.996115148
1403636636913555456.000000 1.221782684 3.336628675 3.229106903 0.085305400 0.008025300 0.011398899 -0.996257365
1403636636963555584.000000 1.223253846 3.346544743 3.251091003 0.082501441 0.009403044 0.005671232 -0.996530473
1403636637013555456.000000 1.227624297 3.358763456 3.274747849 -0.079255462 -0.011914850 0.001212526 0.996782362
1403636637063555584.000000 1.226562262 3.365992069 3.295837402 -0.076414324 -0.012783946 0.007493043 0.996966064
1403636637113555456.000000 1.227259636 3.374931574 3.318876505 -0.074000664 -0.014959922 0.012359066 0.997069418
1403636637163555584.000000 1.224698305 3.381506443 3.339864254 0.072444260 0.018342344 -0.015435624 -0.997084320
1403636637213555456.000000 1.229796410 3.393640280 3.371749401 -0.071749017 -0.022505274 0.017102133 0.997022152
1403636637263555584.000000 1.227656007 3.399507999 3.391921520 -0.070801735 -0.025454061 0.018001560 0.997003078
1403636637313555456.000000 1.227770567 3.406888247 3.412452936 -0.070050575 -0.028096627 0.018327989 0.996979237
1403636637363555584.000000 1.231866360 3.413499594 3.435055733 0.070047468 0.030014111 -0.017646842 -0.996935904
1403636637413555456.000000 1.233410239 3.418620348 3.450337410 -0.068981200 -0.030731991 0.018407114 0.996974647
1403636637463555584.000000 1.243340015 3.424824715 3.473389864 0.068457007 0.032740012 -0.017539201 -0.996962428
1403636637513555456.000000 1.252475262 3.431603193 3.496611118 -0.067553729 -0.033273391 0.018196002 0.996994674
1403636637563555584.000000 1.264272690 3.437215567 3.517653227 -0.066782653 -0.034881245 0.018554809 0.996985018
1403636637613555456.000000 1.274692059 3.441554785 3.531386375 -0.065809995 -0.034819048 0.019658279 0.997030795
1403636637663555584.000000 1.288846374 3.446873426 3.550191641 0.065187447 0.035704009 -0.020335481 -0.997026742
1403636637713555456.000000 1.301137805 3.450874805 3.562403917 -0.064919554 -0.035145771 0.019924581 0.997072399
1403636637763555584.000000 1.319760799 3.456896782 3.583672523 0.064418927 0.033993043 -0.019407161 -0.997154951
1403636637813555456.000000 1.336299300 3.461444855 3.600414038 -0.064326279 -0.031758308 0.018753899 0.997247159
1403636637863555584.000000 1.358288407 3.466990471 3.620223999 0.063989811 0.030171324 -0.018392444 -0.997324824
1403636637913555456.000000 1.378691316 3.473352909 3.639245510 -0.063438728 -0.027942687 0.018162318 0.997429192
1403636637963555584.000000 1.400103450 3.478601694 3.659981966 0.063194245 0.025322365 -0.017917255 -0.997519076
1403636638013555456.000000 1.414094567 3.480874538 3.677014351 -0.063223600 -0.023950590 0.017964914 0.997550189
1403636638063555584.000000 1.427131534 3.485965729 3.700001955 -0.062788576 -0.022233557 0.017833473 0.997619808
1403636638113555456.000000 1.433596134 3.492071390 3.719679356 -0.062328469 -0.019922545 0.017845199 0.997697294
1403636638163555584.000000 1.439159274 3.496947765 3.743547440 0.061927896 0.018424975 -0.018034317 -0.997747600
1403636638213555456.000000 1.441218734 3.501255989 3.771730423 -0.061666116 -0.018129138 0.017787058 0.997773707
1403636638263555584.000000 1.443209767 3.506037235 3.794606686 0.061714515 0.017596001 -0.017359769 -0.997787774
1403636638313555456.000000 1.442645788 3.510138035 3.816005707 -0.060667865 -0.019337432 0.019263731 0.997784793
1403636638363555584.000000 1.440573096 3.514689207 3.838303804 -0.058886383 -0.024775548 0.024089297 0.997666478
1403636638413555456.000000 1.434747577 3.517210245 3.859894991 -0.057225607 -0.034455493 0.030284652 0.997306824
1403636638463555584.000000 1.429525375 3.522335529 3.881907225 0.055381626 0.044141348 -0.035314154 -0.996863782
1403636638513555456.000000 1.424724340 3.528059483 3.905461788 -0.053599145 -0.052318309 0.040486813 0.996368825
1403636638563555584.000000 1.421174884 3.534623146 3.927106619 0.053102277 0.057078041 -0.042268466 -0.996060133
1403636638613555456.000000 1.422274232 3.544004917 3.957677603 -0.053548783 -0.059357543 0.040312208 0.995984077
1403636638663555584.000000 1.425542951 3.552973032 3.980392218 0.054928996 0.058135249 -0.034806505 -0.996188581
1403636638713555456.000000 1.433594465 3.564570904 4.009040833 -0.056241721 -0.055697910 0.030799797 0.996386468
1403636638763555584.000000 1.442597389 3.575155735 4.032266140 0.056967407 0.051279861 -0.027369399 -0.996682525
1403636638813555456.000000 1.451733947 3.585347891 4.053134918 -0.057287525 -0.046009351 0.025349507 0.996974826
1403636638863555584.000000 1.465551496 3.596561670 4.076692104 0.057314046 0.041466381 -0.025209617 -0.997176051
1403636638913555456.000000 1.484863520 3.611774921 4.114631653 -0.056380704 -0.038100410 0.026764557 0.997323096
1403636638963555584.000000 1.500425100 3.623424292 4.137486935 -0.055367615 -0.035304420 0.028943889 0.997421801
1403636639013555456.000000 1.512776494 3.632567406 4.154113770 -0.053477872 -0.034346197 0.033995699 0.997399032
1403636639063555584.000000 1.528369427 3.645369291 4.179915905 0.051384214 0.033086523 -0.039724182 -0.997339964
1403636639113555456.000000 1.549094439 3.665041685 4.224651814 -0.049742341 -0.032105517 0.044754822 0.997242212
1403636639163555584.000000 1.558931470 3.679754257 4.252375126 0.048376955 0.032373041 -0.048849575 -0.997108519
1403636639213555456.000000 1.566384912 3.696053028 4.282208920 -0.047297459 -0.032396898 0.052059121 0.996997118
1403636639263555584.000000 1.568609715 3.713368416 4.312742710 -0.046788059 -0.033253685 0.053414948 0.996921301
1403636639313555456.000000 1.570115805 3.735640764 4.351886749 -0.048471272 -0.033585146 0.048841890 0.997064233
1403636639363555584.000000 1.569072843 3.756026983 4.383564949 0.050415322 0.034401748 -0.042678077 -0.997222900
1403636639413555456.000000 1.567294717 3.779759645 4.420367241 -0.052540876 -0.035278141 0.036265325 0.997336328
1403636639463555584.000000 1.564522505 3.801658869 4.453163147 0.054502398 0.035911322 -0.029844215 -0.997421324
1403636639513555456.000000 1.564985871 3.821546078 4.477641582 -0.056457259 -0.035635520 0.023207542 0.997498930
1403636639563555584.000000 1.560842276 3.843922615 4.510984421 -0.058827497 -0.034219768 0.015594155 0.997559607
1403636639613555456.000000 1.557056785 3.871459961 4.551497459 -0.060334537 -0.032866098 0.009870782 0.997588158
1403636639663555584.000000 1.553050637 3.892651081 4.585276127 0.060597286 0.029694088 -0.007658350 -0.997691154
1403636639713555456.000000 1.549666405 3.912925720 4.622957230 -0.060288943 -0.025110032 0.008297266 0.997830629
1403636639763555584.000000 1.547702789 3.932497978 4.655210018 -0.059156779 -0.020975050 0.011019153 0.997967541
1403636639813555456.000000 1.542878032 3.959942818 4.703529835 -0.058636498 -0.018602444 0.012861813 0.998023212
1403636639863555584.000000 1.544271708 3.978537321 4.733665943 -0.057568200 -0.017005665 0.015448326 0.998077214
1403636639913555456.000000 1.548133492 3.997974157 4.763593674 -0.056303080 -0.016207881 0.017528400 0.998128295
1403636639963555584.000000 1.553181410 4.016070843 4.791135788 0.056020416 0.015625624 -0.018101623 -0.998143256
1403636640013555456.000000 1.554191470 4.036895275 4.822683334 -0.055258192 -0.014939675 0.017996300 0.998198152
1403636640063555584.000000 1.563792944 4.054778576 4.849249840 0.053128637 0.014686945 -0.016396215 -0.998345017
1403636640113555456.000000 1.573762059 4.073796272 4.876261711 -0.050115693 -0.014601875 0.012567451 0.998557627
1403636640163555584.000000 1.587567329 4.090891838 4.900907993 -0.045749873 -0.014420247 0.010776567 0.998790681
1403636640213555456.000000 1.595147371 4.109778881 4.933144093 -0.041510545 -0.014053498 0.009231529 0.998996556
1403636640263555584.000000 1.611076355 4.126920223 4.955406189 0.037867110 0.015592998 -0.007024065 -0.999136508
1403636640313555456.000000 1.623766899 4.143981457 4.977771282 -0.034676351 -0.016121095 0.006488361 0.999247551
1403636640363555584.000000 1.637388825 4.160594463 4.999190331 0.031654518 0.016089011 -0.004992391 -0.999356925
1403636640413555456.000000 1.646041274 4.177415848 5.021486282 -0.029287035 -0.016187847 0.003612493 0.999433458
1403636640463555584.000000 1.656041265 4.193622112 5.042702675 0.027315605 0.016102090 -0.002270482 -0.999494612
1403636640513555456.000000 1.656304121 4.207126617 5.068090916 -0.025573935 -0.017330026 0.001979204 0.999520779
1403636640563555584.000000 1.663365483 4.223124981 5.089386940 0.024077110 0.017299533 -0.000939462 -0.999559999
1403636640613555456.000000 1.666632771 4.238745213 5.111141205 -0.022861697 -0.017184224 0.000870397 0.999590576
1403636640663555584.000000 1.671452284 4.254129410 5.132164478 -0.021929823 -0.016745670 0.000352784 0.999619246
1403636640713555456.000000 1.672798395 4.267828465 5.157068253 -0.021138966 -0.017497482 0.000300525 0.999623418
1403636640763555584.000000 1.674981236 4.282714844 5.177911282 0.020261059 0.019009400 -0.000487767 -0.999613881
1403636640813555456.000000 1.673515439 4.289202213 5.193727970 -0.020335907 -0.019795856 0.000105624 0.999597192
1403636640863555584.000000 1.677636981 4.303398132 5.213380337 -0.019923596 -0.021579485 -0.000437087 0.999568582
1403636640913555456.000000 1.683629870 4.317790031 5.233093739 0.019589586 0.022290081 0.000574914 -0.999559462
1403636640963555584.000000 1.691097498 4.337213039 5.255433559 -0.019204836 -0.023239244 -0.001182609 0.999544799
1403636641013555456.000000 1.699335337 4.350636482 5.272497654 -0.019483261 -0.022709062 -0.001508253 0.999551177
1403636641063555584.000000 1.704098940 4.362380981 5.288827419 -0.019561782 -0.021339145 -0.000647980 0.999580741
1403636641113555456.000000 1.709156752 4.374427319 5.305697918 0.020102045 0.020704439 0.000941386 -0.999583125
1403636641163555584.000000 1.712108970 4.385905266 5.323245049 -0.020566832 -0.020997018 -0.001184727 0.999567270
1403636641213555456.000000 1.713611126 4.397181034 5.340564728 0.021083836 0.020037901 0.001078302 -0.999576390
1403636641263555584.000000 1.712629795 4.396105289 5.361426830 -0.021499394 -0.018455064 0.000711531 0.999598324
1403636641313555456.000000 1.710548639 4.406653404 5.378777504 -0.020904802 -0.018556265 0.004308555 0.999599993
1403636641363555584.000000 1.710820794 4.428520679 5.393955231 -0.019228986 -0.019203285 0.008433268 0.999595165
1403636641413555456.000000 1.706376433 4.439203262 5.410886765 0.018132724 0.019192714 -0.012191450 -0.999577045
1403636641463555584.000000 1.703856111 4.448752880 5.430588245 -0.018268695 -0.018945508 0.012884346 0.999570608
1403636641513555456.000000 1.698574185 4.460219860 5.446400166 -0.019068711 -0.018568896 0.011539756 0.999579191
1403636641563555584.000000 1.693458796 4.471581459 5.461130619 0.019718725 0.018969834 -0.009633319 -0.999579251
1403636641613555456.000000 1.689236283 4.483171463 5.474666595 0.020889675 0.018933175 -0.007479678 -0.999574542
1403636641663555584.000000 1.693900466 4.479491711 5.489147663 -0.022498209 -0.019063123 0.006297140 0.999545336
1403636641713555456.000000 1.692783833 4.491041660 5.500442028 -0.023024881 -0.018100332 0.004990528 0.999558628
1403636641763555584.000000 1.697588563 4.501337528 5.511175156 -0.023746055 -0.018849425 0.004434736 0.999530494
1403636641813555456.000000 1.701466441 4.512100220 5.521470070 0.023898363 0.018020660 -0.004068591 -0.999543726
1403636641863555584.000000 1.712988257 4.522829056 5.520679474 -0.024173897 -0.017307561 0.003889043 0.999550402
1403636641913555456.000000 1.719403625 4.533496380 5.531805992 -0.025378335 -0.017059170 0.004294470 0.999523163
1403636641963555584.000000 1.730359316 4.543034554 5.551739693 -0.027753096 -0.016580863 0.005841714 0.999460220
1403636642013555456.000000 1.740198612 4.553939342 5.561643124 0.031801194 0.015282833 -0.006931303 -0.999353349
1403636642063555584.000000 1.750721216 4.564910412 5.571120262 0.036456130 0.014422529 -0.008855735 -0.999191940
1403636642113555456.000000 1.761854172 4.574066639 5.565921307 -0.040967450 -0.013745471 0.009414782 0.999021590
1403636642163555584.000000 1.770364523 4.584561348 5.575931072 -0.044993538 -0.013126601 0.010145573 0.998849571
1403636642213555456.000000 1.781106114 4.593303204 5.581129551 -0.048168506 -0.012355954 0.011335262 0.998698533
1403636642263555584.000000 1.786824942 4.602702618 5.590242386 0.051195752 0.011979228 -0.012756958 -0.998535335
1403636642313555456.000000 1.790162086 4.611002922 5.595103264 -0.054863442 -0.011555679 0.014669524 0.998319328
1403636642363555584.000000 1.791589022 4.620442390 5.604184628 -0.059752285 -0.011002244 0.016446998 0.998017132
1403636642413555456.000000 1.800577879 4.627357960 5.614852905 -0.064442612 -0.010096683 0.018736910 0.997694492
1403636642463555584.000000 1.798583388 4.636293888 5.623574734 -0.068374000 -0.010158082 0.020089654 0.997405827
1403636642513555456.000000 1.796578288 4.644601345 5.629667759 -0.071466058 -0.011350962 0.021656631 0.997143269
1403636642563555584.000000 1.791452885 4.652931213 5.637430191 0.074456923 0.014757703 -0.022298748 -0.996865690
1403636642613555456.000000 1.784697175 4.661383152 5.640821934 -0.076000959 -0.018797472 0.023820844 0.996645927
1403636642663555584.000000 1.776772499 4.669090271 5.648933411 -0.077604949 -0.023147829 0.025220713 0.996396303
1403636642713555456.000000 1.769122839 4.676509857 5.656264305 0.079141758 0.027152222 -0.026108911 -0.996151447
1403636642763555584.000000 1.761764884 4.684008121 5.664388657 0.079830915 0.030754443 -0.027006032 -0.995967865
1403636642813555456.000000 1.756900430 4.691442966 5.672304630 0.080374524 0.033493936 -0.028144479 -0.995804250
1403636642863555584.000000 1.754215956 4.698593616 5.679039955 0.080572963 0.035110686 -0.029184073 -0.995702565
1403636642913555456.000000 1.753544688 4.705902576 5.686252594 0.080507070 0.036943767 -0.029558504 -0.995630503
1403636642963555584.000000 1.754484892 4.713347435 5.692811966 0.080528989 0.037523367 -0.030326895 -0.995583951
1403636643013555456.000000 1.760084271 4.720745087 5.687294483 -0.080303088 -0.036848392 0.030598022 0.995619178
1403636643063555584.000000 1.765528917 4.728802681 5.694060326 -0.080364756 -0.033174258 0.030476235 0.995747089
1403636643113555456.000000 1.770939589 4.737282753 5.700038433 -0.080171816 -0.028710280 0.030489648 0.995900929
1403636643163555584.000000 1.774962902 4.745888710 5.707640648 -0.079832472 -0.025417261 0.030947424 0.996003509
1403636643213555456.000000 1.777225614 4.754845142 5.714834213 -0.079690717 -0.022781294 0.031138461 0.996072710
1403636643263555584.000000 1.778066874 4.763833046 5.722762108 0.079365835 0.021737760 -0.031141074 -0.996121943
1403636643313555456.000000 1.777700067 4.773094654 5.730724335 0.079242557 0.022152903 -0.030807104 -0.996132970
1403636643363555584.000000 1.776966214 4.782543182 5.738592148 0.079008855 0.024241185 -0.030579850 -0.996109843
1403636643413555456.000000 1.778888822 4.792031288 5.743189335 -0.078588895 -0.026893416 0.031290296 0.996052980
1403636643463555584.000000 1.782320976 4.802015305 5.751214027 -0.077831618 -0.030517720 0.032278012 0.995976448
1403636643513555456.000000 1.786521792 4.812578201 5.758830070 -0.077213921 -0.034445923 0.032411236 0.995892107
1403636643563555584.000000 1.794404984 4.823872089 5.768797398 -0.076557718 -0.037849825 0.032380924 0.995820165
1403636643613555456.000000 1.802309036 4.835285187 5.776777744 -0.076446094 -0.041661300 0.031825863 0.995694458
1403636643663555584.000000 1.813115120 4.847445488 5.787170887 -0.075456731 -0.044981774 0.031208722 0.995645046
1403636643713555456.000000 1.824901819 4.856852055 5.790004253 -0.075079709 -0.047947966 0.030624025 0.995553255
1403636643763555584.000000 1.838753343 4.869430542 5.800058842 -0.074819058 -0.049576212 0.029986363 0.995512486
1403636643813555456.000000 1.851768732 4.882272243 5.809195518 -0.074795872 -0.052622955 0.028688759 0.995396078
1403636643863555584.000000 1.864523053 4.895523548 5.821263313 -0.074412636 -0.055562917 0.028745800 0.995263398
1403636643913555456.000000 1.875425577 4.906921387 5.831913948 -0.074217647 -0.057375576 0.028352575 0.995186388
1403636643963555584.000000 1.886171103 4.920755386 5.847107887 -0.074282072 -0.059522394 0.027603049 0.995076597
1403636644013555456.000000 1.895876646 4.934689999 5.863854408 0.074537463 0.060493808 -0.027006876 -0.995015264
1403636644063555584.000000 1.903208494 4.947769642 5.881560326 -0.074420780 -0.061091974 0.027079614 0.994985461
1403636644113555456.000000 1.911154032 4.962015629 5.901804924 -0.074602321 -0.062093180 0.026948862 0.994913459
1403636644163555584.000000 1.917750835 4.976213932 5.923665047 -0.074650161 -0.060802784 0.026534630 0.995000660
1403636644213555456.000000 1.924979329 4.990550041 5.947301388 0.074070476 0.055199280 -0.028501868 -0.995316207
1403636644263555584.000000 1.931706667 5.005046844 5.972508907 0.072676018 0.047513321 -0.033449281 -0.995661557
1403636644313555456.000000 1.937113881 5.023151875 6.001006126 -0.070779368 -0.038813986 0.039129905 0.995968163
1403636644363555584.000000 1.941785216 5.038696289 6.028235435 -0.069468476 -0.030662512 0.044307750 0.996127903
1403636644413555456.000000 1.942345619 5.050678253 6.055436134 -0.068565719 -0.024325538 0.047604375 0.996213257
1403636644463555584.000000 1.943408012 5.068528652 6.083372116 -0.068008646 -0.018921806 0.050008453 0.996250927
1403636644513555456.000000 1.939426661 5.086742878 6.113287926 -0.066514596 -0.013614060 0.054602895 0.996197283
1403636644563555584.000000 1.936128855 5.106716633 6.141124249 -0.065030359 -0.010639560 0.058224406 0.996126413
1403636644613555456.000000 1.928191304 5.127820015 6.170908451 -0.064961426 -0.008854632 0.059335470 0.996082842
1403636644663555584.000000 1.921455026 5.150725842 6.197531223 0.066464551 0.008235422 -0.055075727 -0.996233642
1403636644713555456.000000 1.915313005 5.175032139 6.222204208 -0.068940558 -0.008179747 0.047962137 0.996433616
1403636644763555584.000000 1.904953837 5.200198174 6.247626781 -0.071995638 -0.009716350 0.038957540 0.996596515
1403636644813555456.000000 1.885137320 5.226296902 6.281162262 -0.075377136 -0.010293647 0.030483685 0.996635854
1403636644863555584.000000 1.871759653 5.251936436 6.305572033 -0.078064531 -0.012880786 0.024665222 0.996559918
1403636644913555456.000000 1.857309699 5.277226448 6.330000401 -0.079464719 -0.015820516 0.023065377 0.996445239
1403636644963555584.000000 1.845555663 5.301929474 6.352732658 -0.079913676 -0.018872460 0.023360461 0.996349275
1403636645013555456.000000 1.832812190 5.326020718 6.376180172 -0.080294281 -0.026367169 0.023886852 0.996136069
1403636645063555584.000000 1.823808312 5.349555016 6.396660805 -0.080026053 -0.037638240 0.027007775 0.995715797
1403636645113555456.000000 1.813358068 5.372140408 6.420667648 -0.079717532 -0.048917431 0.029767152 0.995171428
1403636645163555584.000000 1.808015585 5.395384789 6.438467026 -0.080144353 -0.059492435 0.029648369 0.994564474
1403636645213555456.000000 1.805240154 5.419075489 6.458305359 0.079850294 0.068204254 -0.032107122 -0.993952394
1403636645263555584.000000 1.803272843 5.443029881 6.483707905 -0.080121122 -0.073026031 0.032077603 0.993588865
1403636645313555456.000000 1.806978106 5.467242241 6.506278992 -0.080154739 -0.072398946 0.032262009 0.993626118
1403636645363555584.000000 1.810976386 5.492223263 6.536044598 -0.080692425 -0.067919351 0.031325087 0.993928790
1403636645413555456.000000 1.817029238 5.517185211 6.562720299 -0.081484631 -0.062864572 0.030280532 0.994229019
1403636645463555584.000000 1.821860075 5.542522430 6.595751286 -0.081858888 -0.058661412 0.030143268 0.994459391
1403636645513555456.000000 1.826156139 5.567665577 6.626406670 -0.082134418 -0.055514880 0.029501628 0.994636476
1403636645563555584.000000 1.829044700 5.593254566 6.662659645 -0.082584307 -0.054149084 0.028968509 0.994690239
1403636645613555456.000000 1.831237674 5.618516445 6.697101593 -0.083133094 -0.052065648 0.028659958 0.994764626
1403636645663555584.000000 1.833899975 5.644176006 6.735176563 -0.083321430 -0.050764605 0.027586559 0.994846463
1403636645713555456.000000 1.837138891 5.669538021 6.771929264 -0.083558299 -0.049519803 0.027180240 0.994900525
1403636645763555584.000000 1.842878938 5.695077896 6.812436581 -0.083152711 -0.048465233 0.027808424 0.994969130
1403636645813555456.000000 1.851013064 5.720021248 6.850893021 0.082744770 0.047854681 -0.028733412 -0.995006442
1403636645863555584.000000 1.862914443 5.744963169 6.889163017 0.082736731 0.048664667 -0.029411200 -0.994947910
1403636645913555456.000000 1.877440333 5.771085739 6.929187298 -0.082118414 -0.048986763 0.030721856 0.994943738
1403636645963555584.000000 1.896110535 5.796278000 6.967155933 -0.083284125 -0.044218753 0.032190539 0.995023787
1403636646013555456.000000 1.916783929 5.822434902 7.007180214 -0.085785732 -0.039816566 0.034892015 0.994906068
1403636646063555584.000000 1.937914968 5.848216057 7.043275833 -0.089448258 -0.035961904 0.039801765 0.994545937
1403636646113555456.000000 1.959547997 5.875874519 7.081082344 -0.095618352 -0.032181427 0.044572495 0.993898809
1403636646163555584.000000 1.980705142 5.903707981 7.117940903 -0.104090989 -0.028546866 0.049605086 0.992919743
1403636646213555456.000000 2.004459620 5.932467461 7.157093048 -0.113429792 -0.024811510 0.055979323 0.991657376
1403636646263555584.000000 2.022888184 5.962165833 7.194528580 -0.124613442 -0.020982863 0.062393613 0.990019321
1403636646313555456.000000 2.042924404 5.993149281 7.232745171 -0.136912197 -0.016210862 0.068845190 0.988054991
1403636646363555584.000000 2.057684898 6.024668217 7.269253254 -0.149463058 -0.011377230 0.075542226 0.985811710
1403636646413555456.000000 2.072267294 6.057225704 7.305160522 -0.163856909 -0.007974269 0.078631461 0.983313024
1403636646463555584.000000 2.083487511 6.089585304 7.339220047 -0.177300066 -0.003176672 0.078998193 0.980976045
1403636646513555456.000000 2.098895788 6.122223377 7.371012688 -0.189278409 0.000998540 0.077587105 0.978852928
1403636646563555584.000000 2.109656811 6.154716969 7.401942253 -0.199770421 0.003400044 0.076837994 0.976819456
1403636646613555456.000000 2.125477314 6.187305927 7.431324005 -0.207771227 0.003207580 0.077258743 0.975116432
1403636646663555584.000000 2.137947321 6.219575882 7.459411144 -0.215134323 0.000463641 0.076289527 0.973599970
1403636646713555456.000000 2.157076836 6.251442432 7.485030174 -0.220587969 -0.001503084 0.077334657 0.972295284
1403636646763555584.000000 2.173727512 6.282330513 7.509770393 -0.225036472 -0.002536941 0.078193814 0.971204400
1403636646813555456.000000 2.195860624 6.313322544 7.533093929 -0.228512973 -0.002623412 0.078317083 0.970382094
1403636646863555584.000000 2.216113806 6.343205452 7.554812908 -0.231708854 -0.002521744 0.078578465 0.969603062
1403636646913555456.000000 2.239331484 6.373409271 7.572965622 -0.232867032 -0.003295096 0.079487287 0.969249129
1403636646963555584.000000 2.259020090 6.402227402 7.593119621 -0.234206527 -0.004779856 0.079912856 0.968885124
1403636647013555456.000000 2.278708220 6.430527210 7.610582352 -0.235091478 -0.006493911 0.080057137 0.968648911
1403636647063555584.000000 2.295443773 6.458242416 7.630451679 -0.235280260 -0.009015752 0.079920694 0.968594134
1403636647113555456.000000 2.310999632 6.487027645 7.647031784 -0.235340521 -0.013074708 0.080567107 0.968479693
1403636647163555584.000000 2.324952364 6.514546871 7.667036533 -0.234890163 -0.016068378 0.081324749 0.968480647
1403636647213555456.000000 2.338335514 6.542631149 7.684627056 -0.234697312 -0.018280480 0.080885023 0.968524992
1403636647263555584.000000 2.350341558 6.570016861 7.704675674 -0.233928353 -0.018072175 0.081380859 0.968673408
1403636647313555456.000000 2.361718893 6.598049164 7.723755836 -0.232619852 -0.016793454 0.082290486 0.968934655
1403636647363555584.000000 2.371489048 6.625597000 7.744024277 -0.231537938 -0.014969305 0.082785115 0.969181538
1403636647413555456.000000 2.378074169 6.652291775 7.756031990 -0.230390310 -0.013004906 0.082990170 0.969465792
1403636647463555584.000000 2.385128736 6.679640293 7.776057243 -0.228910804 -0.010777167 0.083773062 0.969776154
1403636647513555456.000000 2.391288519 6.707327366 7.793120384 -0.227403343 -0.007283132 0.084106930 0.970134437
1403636647563555584.000000 2.397349596 6.734561920 7.811433315 -0.225660816 -0.002715638 0.085162595 0.970472693
1403636647613555456.000000 2.403232574 6.761659145 7.825131416 -0.224136695 0.003065418 0.087110594 0.970651925
1403636647663555584.000000 2.410444975 6.789779663 7.840388298 -0.224942967 0.004096916 0.087473169 0.970428944
1403636647713555456.000000 2.416913271 6.816666603 7.849147797 -0.225982442 0.002846359 0.086871482 0.970246017
1403636647763555584.000000 2.426152468 6.845901966 7.862188816 -0.227366298 0.000212711 0.086142056 0.969991803
1403636647813555456.000000 2.435192108 6.874210835 7.867717743 -0.229359031 -0.001463740 0.084800445 0.969639719
1403636647863555584.000000 2.442904949 6.903699398 7.878419876 -0.232346371 -0.003575453 0.085304536 0.968878567
1403636647913555456.000000 2.447787285 6.932645321 7.886297703 -0.236919791 -0.003887513 0.085649624 0.967738628
1403636647963555584.000000 2.451216459 6.962251663 7.895576954 -0.242685005 -0.003839918 0.087328732 0.966158926
1403636648013555456.000000 2.450832129 6.989360332 7.899292469 -0.250425309 -0.004574305 0.089381345 0.963990271
1403636648063555584.000000 2.448443174 7.018554688 7.906532288 0.259690076 0.005000388 -0.092247449 -0.961263001
1403636648113555456.000000 2.443551064 7.046571255 7.911145687 -0.270293593 -0.005288298 0.096066304 0.957958639
1403636648163555584.000000 2.437485218 7.075694561 7.917542458 -0.282054394 -0.005118335 0.099895269 0.954169810
1403636648213555456.000000 2.429709435 7.104004383 7.921921730 -0.293976784 -0.004695411 0.103346802 0.950197399
1403636648263555584.000000 2.421092510 7.132727146 7.926838875 -0.306311727 -0.004116709 0.107750408 0.945804477
1403636648313555456.000000 2.411026716 7.160495281 7.929148674 -0.318839103 -0.004017715 0.112355143 0.941117346
1403636648363555584.000000 2.400025368 7.188179970 7.932234764 -0.331617981 -0.003327522 0.115917802 0.936259329
1403636648413555456.000000 2.387630224 7.214490414 7.933561325 -0.344542086 -0.003429061 0.119866297 0.931080639
1403636648463555584.000000 2.373807907 7.240618706 7.934494019 -0.357655317 -0.003665765 0.124341875 0.925531387
1403636648513555456.000000 2.360821247 7.267048359 7.933813572 -0.370143443 -0.003370400 0.128681332 0.920012832
1403636648563555584.000000 2.348285675 7.292428970 7.932950974 -0.381231338 -0.002881725 0.132550135 0.914923489
1403636648613555456.000000 2.336068392 7.319188118 7.929540634 -0.390635788 -0.002926652 0.135286957 0.910545230
1403636648663555584.000000 2.325650930 7.342181206 7.925490379 -0.398776829 -0.004498057 0.137558594 0.906661212
1403636648713555456.000000 2.316148520 7.363423824 7.923444748 -0.406251967 -0.007591716 0.138945848 0.903103411
1403636648763555584.000000 2.308220387 7.385350227 7.918106556 -0.411401272 -0.010802398 0.141397372 0.900354981
1403636648813555456.000000 2.304174900 7.410264492 7.912391663 -0.414623976 -0.017804613 0.145161092 0.898163855
1403636648863555584.000000 2.300255775 7.431931496 7.905942440 -0.416770756 -0.024131123 0.149016559 0.896389425
1403636648913555456.000000 2.299171925 7.456216335 7.900972366 -0.418574691 -0.030962693 0.151158839 0.894979060
1403636648963555584.000000 2.300373077 7.478947163 7.894460201 0.419432163 0.035410643 -0.152803630 -0.894133031
1403636649013555456.000000 2.305038452 7.504604340 7.882439613 -0.420148551 -0.036791783 0.152204081 0.893843114
1403636649063555584.000000 2.311629772 7.529131889 7.876003742 -0.421184331 -0.033987127 0.150228202 0.893800914
1403636649113555456.000000 2.321867466 7.553365231 7.873502254 -0.422586918 -0.027831133 0.146891788 0.893906355
1403636649163555584.000000 2.332674980 7.578791618 7.867462635 -0.423174977 -0.020436374 0.143774003 0.894334555
1403636649213555456.000000 2.344076872 7.605360985 7.858821869 -0.423639357 -0.014461083 0.139775470 0.894865036
1403636649263555584.000000 2.357715607 7.630317688 7.852184772 -0.423524559 -0.009723803 0.136825666 0.895439088
1403636649313555456.000000 2.372691631 7.658308029 7.840775490 -0.422396243 -0.008526105 0.135077998 0.896249235
1403636649363555584.000000 2.388294697 7.681742191 7.832882404 -0.421031535 -0.009679071 0.134670570 0.896940768
1403636649413555456.000000 2.404632807 7.705630302 7.823165417 -0.419359028 -0.012012267 0.135127112 0.897627115
1403636649463555584.000000 2.422817945 7.728088379 7.813841343 -0.417297184 -0.015654339 0.135718033 0.898442388
1403636649513555456.000000 2.442645788 7.750365734 7.803390026 -0.415415496 -0.015419008 0.135223597 0.899392486
1403636649563555584.000000 2.465149879 7.771676540 7.792436600 -0.413698971 -0.012577293 0.134575829 0.900324583
1403636649613555456.000000 2.487791538 7.793755531 7.780559063 -0.412836611 -0.009117560 0.134992778 0.900699615
1403636649663555584.000000 2.510435104 7.814264297 7.768512726 -0.413639218 -0.004540699 0.135901734 0.900229275
1403636649713555456.000000 2.529972076 7.834667206 7.755585670 -0.416104466 -0.001811942 0.137676567 0.898832023
1403636649763555584.000000 2.548257351 7.854299068 7.742415905 -0.420187086 -0.000239789 0.137886211 0.896900296
1403636649813555456.000000 2.564118862 7.873478413 7.729566097 -0.423933029 0.000399017 0.137811258 0.895147324
1403636649863555584.000000 2.578565121 7.891507149 7.716188431 -0.427681535 0.001388351 0.137427136 0.893420637
1403636649913555456.000000 2.591417789 7.910239220 7.704243183 -0.430901647 0.001864356 0.137335315 0.891885281
1403636649963555584.000000 2.601469994 7.927342892 7.691514492 -0.433936954 0.001850469 0.136916608 0.890476942
1403636650013555456.000000 2.609001637 7.944877625 7.679991245 -0.436578482 0.001461379 0.136804938 0.889202833
1403636650063555584.000000 2.613442421 7.960422039 7.667739391 -0.439015716 0.002270825 0.137329996 0.887919247
1403636650113555456.000000 2.614816666 7.974941254 7.655436039 0.442742109 -0.002813184 -0.138617575 -0.885864973
1403636650163555584.000000 2.614019394 7.987878799 7.642274380 -0.448181570 0.003355751 0.140198246 0.882874072
1403636650213555456.000000 2.610749245 8.000301361 7.628339291 -0.455699742 0.002628626 0.142159820 0.878704488
1403636650263555584.000000 2.606880665 8.011914253 7.613842010 -0.464732140 0.002175285 0.145133704 0.873473346
1403636650313555456.000000 2.599987507 8.023041725 7.599573135 -0.474395305 0.002001905 0.149579719 0.867508590
1403636650363555584.000000 2.592188120 8.037295341 7.587831497 -0.485143185 0.001135250 0.154365882 0.860700905
1403636650413555456.000000 2.582934856 8.046992302 7.572944641 -0.496225268 -0.000665237 0.158719242 0.853562117
1403636650463555584.000000 2.575242996 8.053754807 7.557058811 -0.507463217 -0.003621392 0.163381636 0.846034586
1403636650513555456.000000 2.563874245 8.061133385 7.541582584 -0.518033803 -0.006452454 0.168436140 0.838587284
1403636650563555584.000000 2.550113440 8.073254585 7.528081417 -0.526850462 -0.008980939 0.173812583 0.831947863
1403636650613555456.000000 2.537314653 8.079210281 7.513365746 -0.534444273 -0.011037292 0.177647889 0.826249778
1403636650663555584.000000 2.525670052 8.082347870 7.500069141 -0.540755868 -0.012346431 0.180852950 0.821415246
1403636650713555456.000000 2.512427568 8.087772369 7.485946655 -0.546636105 -0.013998182 0.182769582 0.817060828
1403636650763555584.000000 2.495568037 8.096685410 7.474135399 -0.551263511 -0.013631483 0.185309783 0.813377619
1403636650813555456.000000 2.485981226 8.101634026 7.459692478 -0.555227041 -0.013000884 0.186150536 0.810494900
1403636650863555584.000000 2.479545116 8.106663704 7.445013046 0.558803916 0.011297019 -0.185357153 -0.808240831
1403636650913555456.000000 2.474450350 8.112823486 7.430289268 -0.561899364 -0.008030421 0.183172762 0.806630313
1403636650963555584.000000 2.471457005 8.116976738 7.414608955 -0.563931227 -0.004790260 0.181523666 0.805610240
1403636651013555456.000000 2.469858170 8.120944023 7.398779869 0.565595746 0.002471423 -0.179391444 -0.804931104
1403636651063555584.000000 2.465242386 8.127086639 7.383497238 -0.566221714 -0.001250218 0.178274915 0.804741859
1403636651113555456.000000 2.466630459 8.129701614 7.366977692 -0.566210151 0.000261310 0.177486330 0.804925323
1403636651163555584.000000 2.468071699 8.132848740 7.350157738 -0.566035092 -0.000133678 0.177255571 0.805099249
1403636651213555456.000000 2.471735954 8.133666039 7.332910061 -0.564798772 -0.001644118 0.178196132 0.805757940
1403636651263555584.000000 2.474368572 8.134694099 7.314642429 -0.563671231 -0.003786501 0.179104894 0.806338608
1403636651313555456.000000 2.480116606 8.134204865 7.296734333 -0.562088668 -0.006427282 0.180231974 0.807174981
1403636651363555584.000000 2.485415697 8.133451462 7.279036999 0.560223877 0.008673023 -0.181921363 -0.808070958
1403636651413555456.000000 2.488714695 8.134728432 7.261761189 -0.558765471 -0.010199268 0.182195768 0.809000611
1403636651463555584.000000 2.491401434 8.133444786 7.244997501 -0.557032943 -0.010979176 0.182618976 0.810088992
1403636651513555456.000000 2.492058754 8.132369995 7.228608608 0.555840373 0.010604589 -0.181580931 -0.811145723
1403636651563555584.000000 2.491521597 8.130905151 7.212873936 0.554702997 0.008038912 -0.180349499 -0.812227905
1403636651613555456.000000 2.490545750 8.127470016 7.197264194 0.554109216 0.004946032 -0.177672997 -0.813247144
1403636651663555584.000000 2.487541676 8.125267029 7.182233810 0.553390324 0.001651130 -0.176053882 -0.814101636
1403636651713555456.000000 2.484344959 8.122014999 7.167929649 0.552629054 -0.001114892 -0.176134363 -0.814602137
1403636651763555584.000000 2.471611023 8.123111725 7.150794029 -0.552608013 0.004742667 0.178151399 0.814164639
1403636651813555456.000000 2.464617014 8.119085312 7.135161877 -0.553834081 0.008882153 0.181897625 0.812466681
1403636651863555584.000000 2.455966949 8.114145279 7.118168831 0.556813300 -0.013028231 -0.184984073 -0.809672892
1403636651913555456.000000 2.445605755 8.108325958 7.100451946 0.561604619 -0.015838496 -0.188663721 -0.805453598
1403636651963555584.000000 2.435905218 8.103164673 7.080935001 -0.568101287 0.018173425 0.192076802 0.800023139
1403636652013555456.000000 2.422779799 8.096552849 7.061163425 -0.576503277 0.019505091 0.194312930 0.793414176
1403636652063555584.000000 2.407187939 8.089048386 7.040845871 0.586571217 -0.017918035 -0.197137147 -0.785334408
1403636652113555456.000000 2.394840240 8.085498810 7.018400192 -0.598071277 0.013996879 0.199264318 0.776149869
1403636652163555584.000000 2.377304077 8.076222420 6.995795250 -0.610893726 0.009686894 0.202063009 0.765431702
1403636652213555456.000000 2.359947205 8.066877365 6.971310616 -0.624276280 0.004975637 0.206666201 0.753354788
1403636652263555584.000000 2.338907719 8.054504395 6.948392391 -0.637259185 0.001000274 0.212390020 0.740803838
1403636652313555456.000000 2.319049120 8.041054726 6.924281120 -0.649661481 -0.004479649 0.220113754 0.727646768
1403636652363555584.000000 2.294809580 8.025751114 6.901911736 -0.661108315 -0.008819258 0.227782264 0.714824021
1403636652413555456.000000 2.274849176 8.014836311 6.878458023 -0.671305835 -0.011932148 0.233847782 0.703222096
1403636652463555584.000000 2.251835823 8.001017570 6.856383801 -0.679631829 -0.013452472 0.239300981 0.693292677
1403636652513555456.000000 2.233883858 7.993145943 6.833197594 -0.686386168 -0.014637121 0.244590387 0.684715509
1403636652563555584.000000 2.214739323 7.981143475 6.810467243 0.691843510 0.016889201 -0.250043690 -0.677159905
1403636652613555456.000000 2.199437141 7.971979618 6.786161900 -0.695810676 -0.019884458 0.254872650 0.671187103
1403636652663555584.000000 2.184574127 7.962958336 6.762191772 -0.699002922 -0.023879396 0.258721560 0.666249096
1403636652713555456.000000 2.175393581 7.957745552 6.736223698 -0.702122450 -0.027264517 0.259529233 0.662514448
1403636652763555584.000000 2.166370153 7.951620579 6.710523129 0.703698695 0.027845031 -0.261454970 -0.660056174
1403636652813555456.000000 2.160876036 7.948648930 6.683950901 0.705326974 0.028486878 -0.261347383 -0.658331156
1403636652863555584.000000 2.155795574 7.946331024 6.656795979 0.706392348 0.027612263 -0.261194319 -0.657286048
1403636652913555456.000000 2.153228998 7.945273399 6.628514767 0.707357347 0.026585424 -0.259220093 -0.657072067
1403636652963555584.000000 2.152292252 7.945734978 6.600621700 0.708131135 0.025695240 -0.256728470 -0.657252371
1403636653013555456.000000 2.150155783 7.949752331 6.571937084 0.708549500 0.024436351 -0.254418820 -0.657747388
1403636653063555584.000000 2.146210670 7.952729225 6.545134544 0.708931744 0.023836941 -0.251071811 -0.658642948
1403636653113555456.000000 2.137501717 7.957367897 6.519687653 0.709035158 0.021238098 -0.247941852 -0.659805238
1403636653163555584.000000 2.126878977 7.963690758 6.495251179 0.709207952 0.018984362 -0.243980229 -0.661163628
1403636653213555456.000000 2.116321325 7.970801830 6.471429825 -0.709519923 -0.015533417 0.239020616 0.662728786
1403636653263555584.000000 2.105530739 7.978034019 6.447752476 -0.709664047 -0.011661041 0.233951002 0.664460659
1403636653313555456.000000 2.095604181 7.984085083 6.422746658 -0.709659159 -0.009354206 0.228967875 0.666235805
1403636653363555584.000000 2.087851763 7.991533279 6.399385929 -0.708784342 -0.007826436 0.226181939 0.668135643
1403636653413555456.000000 2.077000618 7.995738506 6.377835751 -0.707746625 -0.007104485 0.224302232 0.669875145
1403636653463555584.000000 2.073821783 8.001925468 6.354196548 0.706326067 0.007349300 -0.223913014 -0.671500266
1403636653513555456.000000 2.073348284 8.007706642 6.330279350 0.704811871 0.007820367 -0.223433390 -0.673243463
1403636653563555584.000000 2.072241783 8.010394096 6.305672646 -0.703149021 -0.008014117 0.223728687 0.674879789
1403636653613555456.000000 2.075395107 8.015486717 6.281519890 -0.702285349 -0.006438341 0.222800195 0.676102042
1403636653663555584.000000 2.072836399 8.017163277 6.259696484 -0.701697886 -0.004704679 0.220573023 0.677455246
1403636653713555456.000000 2.075232029 8.020865440 6.235935688 0.701509297 0.003239428 -0.218258619 -0.678408086
1403636653763555584.000000 2.073901176 8.022893906 6.214464664 -0.701383471 -0.001268280 0.216557309 0.679089546
1403636653813555456.000000 2.073378086 8.025053024 6.192665100 -0.701193094 -0.000737631 0.214877248 0.679820180
1403636653863555584.000000 2.067850590 8.022941589 6.175093174 -0.701501191 -0.000191705 0.213518441 0.679930806
1403636653913555456.000000 2.063825369 8.022850990 6.155093193 0.701396346 0.000073468 -0.213162646 -0.680150628
1403636653963555584.000000 2.058204174 8.021735191 6.136196613 0.700500786 -0.000118951 -0.215330139 -0.680390835
1403636654013555456.000000 2.051137686 8.019882202 6.118066788 0.699504137 -0.000409424 -0.218307644 -0.680467248
1403636654063555584.000000 2.034896612 8.014951706 6.103376389 -0.698647976 0.001413280 0.220342383 0.680689633
1403636654113555456.000000 2.025741100 8.011738777 6.086141109 -0.699057579 0.002424839 0.221604839 0.679855883
1403636654163555584.000000 2.016698122 8.007285118 6.068845272 0.700840414 -0.004320149 -0.222154588 -0.677828431
1403636654213555456.000000 2.009488344 8.004015923 6.050889015 -0.703675330 0.005168278 0.222551987 0.674748063
1403636654263555584.000000 2.003498316 7.998230934 6.031978607 -0.707380056 0.003672658 0.223155990 0.670672297
1403636654313555456.000000 1.992143154 7.983102798 6.021412373 -0.711892128 0.002262986 0.224794850 0.665335894
1403636654363555584.000000 1.989698410 7.975807667 6.001400471 -0.716463387 0.000541728 0.227410346 0.659518361
1403636654413555456.000000 1.986633062 7.966732025 5.982200146 0.721859574 0.001424646 -0.230064481 -0.652676940
1403636654463555584.000000 1.987331867 7.957932949 5.961477280 0.727470517 0.002623775 -0.233000979 -0.645360649
1403636654513555456.000000 1.987092257 7.944077015 5.942469597 0.733952582 0.004164103 -0.235064268 -0.637213588
1403636654563555584.000000 1.990947485 7.934163094 5.921389103 0.740622520 0.005303751 -0.237374991 -0.628572404
1403636654613555456.000000 1.994727612 7.923798561 5.899890900 0.745668411 0.005983838 -0.241546169 -0.620965719
1403636654663555584.000000 1.997766256 7.913475037 5.880520344 0.749407887 0.005463680 -0.247138530 -0.614231706
1403636654713555456.000000 1.998368740 7.902209759 5.862352371 0.753068030 0.006163027 -0.250466555 -0.608372569
1403636654763555584.000000 1.998866796 7.892037868 5.844544888 0.756061196 0.007061493 -0.253398150 -0.603416264
1403636654813555456.000000 1.997335911 7.876568794 5.827595234 0.759044111 0.008286068 -0.255110323 -0.598917544
1403636654863555584.000000 1.993934155 7.866681099 5.811420441 0.761588216 0.009287109 -0.256322086 -0.595143855
1403636654913555456.000000 1.988987207 7.857129097 5.795903683 0.764080167 0.009327576 -0.256381631 -0.591914773
1403636654963555584.000000 1.984681606 7.846469402 5.780109882 0.767089069 0.007978604 -0.253165126 -0.589421868
1403636655013555456.000000 1.977397680 7.837271690 5.765963554 0.769819081 0.004620215 -0.249545723 -0.587438703
1403636655063555584.000000 1.970184088 7.830684662 5.752226353 0.772020519 0.001049115 -0.246304944 -0.585932732
1403636655113555456.000000 1.960917950 7.820568085 5.739515305 0.773563087 -0.001516883 -0.244118273 -0.584811151
1403636655163555584.000000 1.953451157 7.809548378 5.726830959 0.774995327 -0.003493433 -0.241619453 -0.583943665
1403636655213555456.000000 1.943452835 7.798412323 5.715547562 0.775580883 -0.006180911 -0.240415707 -0.583640695
1403636655263555584.000000 1.934175491 7.782672882 5.702991486 0.776731074 -0.008471721 -0.240059927 -0.582227111
1403636655313555456.000000 1.923192143 7.768944740 5.692123890 0.778610408 -0.010082797 -0.239869490 -0.579764485
1403636655363555584.000000 1.913681984 7.754818916 5.680295467 0.780845046 -0.012362435 -0.240642533 -0.576384723
1403636655413555456.000000 1.903454542 7.738073826 5.670156956 0.783011377 -0.014422983 -0.241564050 -0.573002636
1403636655463555584.000000 1.896607399 7.719877243 5.659181595 0.785849273 -0.015016919 -0.241797656 -0.568989813
1403636655513555456.000000 1.890701413 7.699966431 5.648016453 0.788967371 -0.015011846 -0.243417323 -0.563962102
1403636655563555584.000000 1.885481715 7.681513786 5.634856701 0.791379273 -0.013374690 -0.248219356 -0.558504462
1403636655613555456.000000 1.880168200 7.657145023 5.624531746 0.793717802 -0.010387529 -0.255344421 -0.551999569
1403636655663555584.000000 1.874503016 7.633310318 5.613035679 0.795711279 -0.008667352 -0.262852669 -0.545597792
1403636655713555456.000000 1.866125584 7.607758522 5.603950500 0.797276914 -0.006998561 -0.269572586 -0.540028870
1403636655763555584.000000 1.855116725 7.584688663 5.593379974 0.799659193 -0.005073249 -0.274376273 -0.534075975
1403636655813555456.000000 1.840283513 7.559031010 5.585197926 0.802702963 -0.004755948 -0.278423250 -0.527376473
1403636655863555584.000000 1.822997689 7.536156654 5.575130939 0.806294084 -0.004899805 -0.282473743 -0.519686937
1403636655913555456.000000 1.803031087 7.510044098 5.567079067 0.810620844 -0.005678804 -0.285965353 -0.510965288
1403636655963555584.000000 1.780729294 7.491968155 5.557276726 0.815622151 -0.007041301 -0.288053095 -0.501733303
1403636656013555456.000000 1.762023211 7.465977192 5.547200680 0.819792926 -0.008600636 -0.289597631 -0.493962377
1403636656063555584.000000 1.745416760 7.444983006 5.534654140 0.823969185 -0.008982967 -0.290115863 -0.486648709
1403636656113555456.000000 1.730550766 7.418488026 5.521918297 0.827313125 -0.007440264 -0.290754080 -0.480582744
1403636656163555584.000000 1.718413353 7.397361279 5.506979465 0.830102682 -0.006117071 -0.291195691 -0.475496799
1403636656213555456.000000 1.708932519 7.370859623 5.491577148 0.832338214 -0.002512938 -0.291719168 -0.471281946
1403636656263555584.000000 1.702096224 7.346160412 5.473460197 0.833793640 -0.001155773 -0.292563438 -0.468181074
1403636656313555456.000000 1.697228432 7.320447922 5.455304146 0.834715605 0.000472342 -0.293733656 -0.465800643
1403636656363555584.000000 1.694874883 7.298353672 5.435390949 0.835242748 0.000694882 -0.294833004 -0.464157879
1403636656413555456.000000 1.694331527 7.274953842 5.414573193 0.835495293 0.001826499 -0.295354873 -0.463367999
1403636656463555584.000000 1.695267797 7.258822441 5.394558907 0.835636199 0.001767656 -0.295625657 -0.462941259
1403636656513555456.000000 1.697326541 7.237091064 5.371104717 0.835595429 0.003077594 -0.295482844 -0.463099152
1403636656563555584.000000 1.700025558 7.220856667 5.346319675 0.835872114 0.003849592 -0.293926269 -0.463584363
1403636656613555456.000000 1.701483130 7.201373100 5.322757244 0.836211562 0.003844092 -0.291649222 -0.464409620
1403636656663555584.000000 1.702266455 7.182690144 5.298295498 0.837088287 0.001824922 -0.287535727 -0.465406358
1403636656713555456.000000 1.702259421 7.164071083 5.275203228 0.838602066 -0.002394218 -0.280768603 -0.466808230
1403636656763555584.000000 1.700272560 7.145838737 5.251014709 0.840022862 -0.006133853 -0.274270505 -0.468080908
1403636656813555456.000000 1.696741700 7.126169205 5.228930473 0.841119647 -0.007221014 -0.268771321 -0.469284147
1403636656863555584.000000 1.690948486 7.107389450 5.206166267 0.841822743 -0.007012653 -0.264663190 -0.470360130
1403636656913555456.000000 1.683593988 7.088193893 5.184242725 0.842176676 -0.007927364 -0.261345387 -0.471565753
1403636656963555584.000000 1.674907684 7.067921162 5.164244652 0.842026532 -0.009227003 -0.259579331 -0.472784162
1403636657013555456.000000 1.664253354 7.047330856 5.145135403 0.841664612 -0.011405158 -0.258646458 -0.473891020
1403636657063555584.000000 1.652451992 7.023739815 5.127660751 0.841212034 -0.013670096 -0.258216202 -0.474868387
1403636657113555456.000000 1.639061332 7.001428127 5.110711575 0.840533137 -0.015975578 -0.258554786 -0.475813270
1403636657163555584.000000 1.626953602 6.978788376 5.095341206 0.839832783 -0.018477729 -0.259261370 -0.476574361
1403636657213555456.000000 1.615323186 6.954167366 5.079386711 0.838836908 -0.020348297 -0.260933101 -0.477339029
1403636657263555584.000000 1.608710766 6.924429417 5.067473888 0.837554574 -0.020044923 -0.264370829 -0.477711946
1403636657313555456.000000 1.599872112 6.896629333 5.051888943 0.836661994 -0.019105813 -0.266978472 -0.477864236
1403636657363555584.000000 1.592153788 6.868770123 5.035566330 0.835528433 -0.018647484 -0.270623833 -0.477815241
1403636657413555456.000000 1.584061861 6.839599609 5.019456863 0.833865881 -0.018189440 -0.276060641 -0.477626860
1403636657463555584.000000 1.576155066 6.809573174 5.004352093 0.832117558 -0.016807143 -0.281593800 -0.477496505
1403636657513555456.000000 1.565548420 6.780650616 4.986819744 0.830560565 -0.016035715 -0.286357343 -0.477400780
1403636657563555584.000000 1.554864049 6.747658253 4.970753193 0.829744041 -0.014349617 -0.289264888 -0.477121383
1403636657613555456.000000 1.543343782 6.716543674 4.953436852 0.829437613 -0.013416324 -0.290495992 -0.476933300
1403636657663555584.000000 1.530263543 6.686526299 4.935730457 0.829351485 -0.013138126 -0.290829301 -0.476887763
1403636657713555456.000000 1.516302586 6.652745724 4.919152260 0.829529583 -0.013899155 -0.290486187 -0.476765543
1403636657763555584.000000 1.500823021 6.622469425 4.900353909 0.830258608 -0.014967254 -0.290788621 -0.475277603
1403636657813555456.000000 1.485718727 6.591109276 4.881188393 0.830672145 -0.016193334 -0.292423874 -0.473508120
1403636657863555584.000000 1.467697382 6.560533524 4.862087250 0.830329478 -0.018898757 -0.295751244 -0.471939713
1403636657913555456.000000 1.451673865 6.529055595 4.841321945 0.829487681 -0.021096988 -0.300267130 -0.470473021
1403636657963555584.000000 1.434583306 6.496976852 4.819914818 0.829008937 -0.022008043 -0.303514451 -0.469189554
1403636658013555456.000000 1.421421051 6.465982914 4.794709682 0.829305768 -0.021061091 -0.304433912 -0.468111545
1403636658063555584.000000 1.408037424 6.433246136 4.768751621 0.829936028 -0.017728539 -0.304557443 -0.467050999
1403636658113555456.000000 1.398320317 6.399948120 4.740534782 0.831673920 -0.012809916 -0.301459521 -0.466129392
1403636658163555584.000000 1.387874007 6.366134167 4.711558342 0.832980752 -0.007930437 -0.299577117 -0.465116978
1403636658213555456.000000 1.379432678 6.335127354 4.680033684 0.834352195 -0.004329870 -0.297296643 -0.464168489
1403636658263555584.000000 1.368362784 6.301778793 4.649818897 0.835707784 0.000696973 -0.294739902 -0.463379323
1403636658313555456.000000 1.357878208 6.271914482 4.618636608 0.836438060 0.003633889 -0.293667078 -0.462728798
1403636658363555584.000000 1.344380260 6.239705563 4.588830948 0.837020397 0.006057550 -0.293093950 -0.462013245
1403636658413555456.000000 1.330715060 6.209940910 4.557052612 0.837364614 0.008273914 -0.292813629 -0.461532593
1403636658463555584.000000 1.316041589 6.180397987 4.526699066 0.837934673 0.011317382 -0.292018443 -0.460936844
1403636658513555456.000000 1.300767303 6.150857925 4.497355938 0.838492274 0.014625210 -0.290835142 -0.460577786
1403636658563555584.000000 1.286170602 6.123955250 4.468590736 0.839376926 0.018841380 -0.288705379 -0.460152894
1403636658613555456.000000 1.270301580 6.096637726 4.439564705 0.840051472 0.021933811 -0.286862999 -0.459937066
1403636658663555584.000000 1.252588987 6.071957111 4.408581734 0.840649307 0.023477992 -0.285508364 -0.459611416
1403636658713555456.000000 1.235813379 6.047822952 4.380954742 0.841346204 0.024535734 -0.283622205 -0.459448725
1403636658763555584.000000 1.218349934 6.024183750 4.353756905 0.842388093 0.025886267 -0.280625343 -0.459305733
1403636658813555456.000000 1.200806141 6.001899242 4.327594280 0.843968332 0.027693918 -0.276114136 -0.459033340
1403636658863555584.000000 1.183315277 5.981485844 4.302541733 0.845265210 0.027714303 -0.272343844 -0.458898216
1403636658913555456.000000 1.167088389 5.963953972 4.279337883 0.846047759 0.024319550 -0.270130932 -0.458956540
1403636658963555584.000000 1.147988439 5.945624352 4.256892204 0.846424162 0.019074341 -0.269143760 -0.459090352
1403636659013555456.000000 1.127202034 5.924325943 4.236251354 0.846650124 0.014185077 -0.268824846 -0.459037721
1403636659063555584.000000 1.107951880 5.906939983 4.216344833 0.847451448 0.009624807 -0.266301990 -0.459147871
1403636659113555456.000000 1.087299585 5.888100624 4.198484421 0.847799420 0.006963388 -0.265131712 -0.459230840
1403636659163555584.000000 1.066310525 5.870657921 4.181004524 0.848193586 0.004530437 -0.263825029 -0.459285945
1403636659213555456.000000 1.045058131 5.851592064 4.165663242 0.848387539 0.003007915 -0.262897223 -0.459472120
1403636659263555584.000000 1.024905801 5.833007336 4.150981426 0.848270118 0.002346226 -0.263250589 -0.459490418
1403636659313555456.000000 1.006185770 5.815129280 4.136220932 0.847587109 0.003580435 -0.265178025 -0.459634453
1403636659363555584.000000 0.989064217 5.797886848 4.121449471 0.846648753 0.005131516 -0.268004954 -0.459709704
1403636659413555456.000000 0.973179460 5.776718140 4.109864235 0.845432997 0.008182924 -0.271802425 -0.459673345
1403636659463555584.000000 0.958951116 5.758891106 4.096357346 0.844078124 0.011302572 -0.275378764 -0.459968507
1403636659513555456.000000 0.947631717 5.741788864 4.081773758 0.844042718 0.013398170 -0.275881231 -0.459675968
1403636659563555584.000000 0.936873317 5.724198341 4.068491936 0.843638241 0.012272590 -0.277313918 -0.459587812
1403636659613555456.000000 0.926137447 5.707619190 4.055022240 0.844448745 0.012674941 -0.275380492 -0.459250838
1403636659663555584.000000 0.914639831 5.691695690 4.042378426 0.845300376 0.012069223 -0.273708135 -0.458699912
1403636659713555456.000000 0.902016640 5.676393032 4.030518055 0.846157491 0.011624146 -0.272007316 -0.458142370
1403636659763555584.000000 0.888758898 5.657773972 4.021135807 0.846941233 0.010696865 -0.271191835 -0.457199305
1403636659813555456.000000 0.873668909 5.643283844 4.011991501 0.847475588 0.010900359 -0.270588249 -0.456561565
1403636659863555584.000000 0.857813597 5.627808571 4.004863739 0.847765684 0.010072032 -0.270946115 -0.455829144
1403636659913555456.000000 0.840402126 5.613342762 3.998525143 0.847548902 0.010796740 -0.272512913 -0.455281317
1403636659963555584.000000 0.822280645 5.598042011 3.993865728 0.847004950 0.013478020 -0.275722027 -0.454288930
1403636660013555456.000000 0.802963376 5.583789349 3.990205050 0.846063018 0.015328577 -0.279564023 -0.453636885
1403636660063555584.000000 0.783025384 5.569638252 3.987220287 0.845082343 0.017494632 -0.283604741 -0.452877790
1403636660113555456.000000 0.763198137 5.556621552 3.984639406 0.844355464 0.019827800 -0.286712527 -0.452179968
1403636660163555584.000000 0.742082357 5.544582367 3.982853413 0.843605638 0.021477079 -0.289643645 -0.451635838
1403636660213555456.000000 0.720315337 5.533510208 3.979799271 0.843330264 0.021853792 -0.290457010 -0.451609612
1403636660263555584.000000 0.699132323 5.523039818 3.978401423 0.842593074 0.023766715 -0.293254733 -0.451080769
1403636660313555456.000000 0.679070115 5.514036655 3.976696730 0.841638982 0.026118973 -0.296279430 -0.450755149
1403636660363555584.000000 0.659789920 5.506457329 3.974734306 0.839678764 0.030172909 -0.302048147 -0.450328976
1403636660413555456.000000 0.641607761 5.501463890 3.970850229 0.837758601 0.033121020 -0.307655871 -0.449901611
1403636660463555584.000000 0.627359748 5.497443676 3.967116594 0.836723208 0.034632165 -0.310521364 -0.449745953
1403636660513555456.000000 0.614478350 5.495741367 3.963445425 0.836593091 0.035134926 -0.310600698 -0.449894130
1403636660563555584.000000 0.601426244 5.496108532 3.958804369 0.837978959 0.033882640 -0.306752563 -0.450051218
1403636660613555456.000000 0.587899804 5.498484135 3.953928709 0.840216994 0.031270396 -0.300140917 -0.450525373
1403636660663555584.000000 0.572571993 5.502767086 3.948477268 0.842947543 0.028846839 -0.291876376 -0.451016068
1403636660713555456.000000 0.556865335 5.508010387 3.944890261 0.845618784 0.027087992 -0.283595264 -0.451407671
1403636660763555584.000000 0.536536455 5.515717506 3.938314915 0.848251402 0.027153639 -0.275040537 -0.451757759
1403636660813555456.000000 0.518586755 5.522638798 3.937071800 0.850283027 0.028662972 -0.268209517 -0.451952338
1403636660863555584.000000 0.499127507 5.530385971 3.936728716 0.851893485 0.031051069 -0.262473047 -0.452129692
1403636660913555456.000000 0.479582548 5.538502693 3.938976288 0.852999687 0.031860162 -0.258738816 -0.452140152
1403636660963555584.000000 0.457677364 5.549190521 3.941940546 0.853099883 0.029476294 -0.258373141 -0.452322006
1403636661013555456.000000 0.436417460 5.558578014 3.947728872 0.852843881 0.025704056 -0.258980542 -0.452687353
1403636661063555584.000000 0.414964080 5.568278313 3.955204248 0.852674127 0.021718441 -0.259606928 -0.452857077
1403636661113555456.000000 0.391278267 5.580677032 3.962531328 0.852488935 0.017858241 -0.260239363 -0.453011274
1403636661163555584.000000 0.369103551 5.590929508 3.972888947 0.852197826 0.014673539 -0.261291832 -0.453067482
1403636661213555456.000000 0.348284602 5.601896286 3.983500957 0.852331817 0.011440997 -0.260823131 -0.453178704
1403636661263555584.000000 0.327679873 5.613238335 3.995212793 0.851895869 0.009904764 -0.262416512 -0.453114748
1403636661313555456.000000 0.311267853 5.621870995 4.008167267 0.851912260 0.008219291 -0.262174278 -0.453257889
1403636661363555584.000000 0.296615362 5.630606174 4.020848274 0.851866961 0.007517698 -0.262235641 -0.453319728
1403636661413555456.000000 0.284102440 5.639215946 4.033946514 0.851909041 0.007573951 -0.261909068 -0.453428507
1403636661463555584.000000 0.273841500 5.647194386 4.047332764 0.851712406 0.006887609 -0.262449145 -0.453496516
1403636661513555456.000000 0.262755156 5.658633709 4.060276031 0.851241589 0.006961702 -0.263910919 -0.453530937
1403636661563555584.000000 0.256866813 5.665845394 4.074337006 0.850504458 0.005700288 -0.265610099 -0.453939408
1403636661613555456.000000 0.251531243 5.673453808 4.088799477 0.849613905 0.004828006 -0.268101394 -0.454152673
1403636661663555584.000000 0.249728918 5.679482937 4.103287697 0.849390745 0.003180344 -0.268153965 -0.454553396
1403636661713555456.000000 0.248415232 5.686701298 4.117322922 0.849563122 0.002390780 -0.267128468 -0.454839915
1403636661763555584.000000 0.250106215 5.692337036 4.131716728 0.849174976 -0.002795314 -0.268034935 -0.455028981
1403636661813555456.000000 0.251215219 5.698857307 4.146125793 0.848357856 -0.007867903 -0.269476205 -0.455642104
1403636661863555584.000000 0.256433427 5.702923775 4.159848213 0.847923815 -0.011353284 -0.269650966 -0.456272721
1403636661913555456.000000 0.262205839 5.706921577 4.173218250 0.847892046 -0.013078293 -0.269462317 -0.456396788
1403636661963555584.000000 0.270918012 5.709114075 4.185567379 0.847494066 -0.014172217 -0.269495696 -0.457083136
1403636662013555456.000000 0.281518817 5.710265160 4.197180748 0.847630203 -0.014114250 -0.268876284 -0.457197309
1403636662063555584.000000 0.293687999 5.710441589 4.208186150 0.847895265 -0.013698372 -0.267856717 -0.457316905
1403636662113555456.000000 0.303532362 5.711111069 4.220221043 0.847999513 -0.013084958 -0.267181456 -0.457536668
1403636662163555584.000000 0.315116882 5.709409237 4.231470108 0.848253489 -0.009421142 -0.266814798 -0.457369864
1403636662213555456.000000 0.326365948 5.709938049 4.241024017 0.848502040 -0.004225759 -0.266713023 -0.457045674
1403636662263555584.000000 0.334894896 5.706533432 4.253874779 0.849169016 0.001536409 -0.265324891 -0.456631631
1403636662313555456.000000 0.342206478 5.702702999 4.268074989 0.849500000 0.005577778 -0.265276879 -0.456012040
1403636662363555584.000000 0.348029017 5.698590755 4.282954216 0.849606872 0.009619486 -0.265736252 -0.455477655
1403636662413555456.000000 0.352223873 5.695572853 4.299063206 0.849255323 0.012611543 -0.267910570 -0.454786062
1403636662463555584.000000 0.354818583 5.691953182 4.316230297 0.848194480 0.015776865 -0.272040755 -0.454214722
1403636662513555456.000000 0.359437823 5.686393261 4.336092949 0.846885502 0.018202085 -0.276646018 -0.453784734
1403636662563555584.000000 0.360234737 5.683838367 4.355211258 0.845770299 0.018045083 -0.280859888 -0.453282207
1403636662613555456.000000 0.360832810 5.681736946 4.374752998 0.844371676 0.013831710 -0.285615593 -0.453066111
1403636662663555584.000000 0.360137224 5.680398464 4.394640923 0.843164384 0.005720823 -0.290247172 -0.452545881
1403636662713555456.000000 0.359871149 5.678703308 4.413983345 0.842291176 -0.002368907 -0.293026567 -0.452410817
1403636662763555584.000000 0.357462049 5.678176880 4.432732105 0.841935635 -0.008920330 -0.294186026 -0.452238172
1403636662813555456.000000 0.356463134 5.675964832 4.451611042 0.841836751 -0.013757765 -0.295214355 -0.451630592
1403636662863555584.000000 0.350962400 5.675114632 4.469312191 0.841112733 -0.014820786 -0.297412187 -0.451503873
1403636662913555456.000000 0.344565332 5.673226833 4.486031055 0.840608716 -0.011665121 -0.299697638 -0.451023549
1403636662963555584.000000 0.336594760 5.671645164 4.502201080 0.839702427 -0.010020324 -0.302831739 -0.450657785
1403636663013555456.000000 0.329029083 5.669782162 4.516508102 0.838200986 -0.010993295 -0.307428151 -0.450317979
1403636663063555584.000000 0.322088122 5.668140888 4.529438496 0.836687386 -0.013535963 -0.312003583 -0.449916571
1403636663113555456.000000 0.316052854 5.666372776 4.540265560 0.835382402 -0.016232885 -0.315556049 -0.449774563
1403636663163555584.000000 0.314074874 5.663389683 4.548291683 0.834307432 -0.016199438 -0.318793535 -0.449487925
1403636663213555456.000000 0.309829652 5.661571026 4.553689003 0.835206389 -0.011904210 -0.317605466 -0.448793381
1403636663263555584.000000 0.305270195 5.659413338 4.557109833 0.837186575 -0.001278685 -0.312825501 -0.448617071
1403636663313555456.000000 0.298536301 5.657944202 4.559733868 0.838487506 0.008558811 -0.309692264 -0.448281497
1403636663363555584.000000 0.290115237 5.656720161 4.561877251 0.839393377 0.017836371 -0.307487220 -0.447830707
1403636663413555456.000000 0.279158592 5.656814098 4.564448357 0.839415908 0.026393041 -0.307129771 -0.447611183
1403636663463555584.000000 0.267896533 5.660624027 4.566514492 0.838891089 0.032371569 -0.308084816 -0.447546244
1403636663513555456.000000 0.254300714 5.663976192 4.568996429 0.838517547 0.037961882 -0.309230000 -0.447016835
1403636663563555584.000000 0.240012527 5.669342995 4.571590424 0.838137746 0.041436322 -0.310035378 -0.446862668
1403636663613555456.000000 0.224709511 5.677429199 4.573518276 0.837617040 0.042788047 -0.311108023 -0.446966141
1403636663663555584.000000 0.208822131 5.687333107 4.575469494 0.837313235 0.044412944 -0.311654747 -0.446996063
1403636663713555456.000000 0.193496823 5.700295925 4.576587677 0.837852180 0.048453014 -0.309352964 -0.447165340
1403636663763555584.000000 0.179343820 5.715001106 4.577239037 0.838711441 0.052298598 -0.305726558 -0.447615147
1403636663813555456.000000 0.165446997 5.735943317 4.574234486 0.840380788 0.056766249 -0.299326032 -0.448265225
1403636663863555584.000000 0.155081987 5.756482601 4.574435234 0.842042923 0.060298264 -0.292503029 -0.449188024
1403636663913555456.000000 0.145034552 5.780791283 4.572777748 0.843331635 0.061120726 -0.287065387 -0.450166225
1403636663963555584.000000 0.139248371 5.807033062 4.573910713 0.845401466 0.062188841 -0.278777897 -0.451344490
1403636664013555456.000000 0.135699868 5.835705280 4.574961662 0.847551346 0.062283691 -0.270687461 -0.452223241
1403636664063555584.000000 0.133901000 5.866023064 4.579010010 0.848405778 0.060106087 -0.266551048 -0.453371197
1403636664113555456.000000 0.131573796 5.900875092 4.580099106 0.848456264 0.055485431 -0.264528483 -0.455047280
1403636664163555584.000000 0.134038448 5.935595512 4.586774826 0.848573685 0.048985440 -0.263027459 -0.456442416
1403636664213555456.000000 0.137330532 5.972009659 4.593236923 0.848407924 0.041567478 -0.261632144 -0.458284736
1403636664263555584.000000 0.141265273 6.009081364 4.603155136 0.848320663 0.034904789 -0.259785473 -0.460049182
1403636664313555456.000000 0.141469359 6.047754288 4.612095833 0.847898066 0.029182198 -0.258941889 -0.461699516
1403636664363555584.000000 0.138715863 6.084774494 4.627149582 0.847279429 0.025500512 -0.258398116 -0.463355005
1403636664413555456.000000 0.130303144 6.124675751 4.641129494 0.846667409 0.022323355 -0.257649750 -0.465051174
1403636664463555584.000000 0.121088743 6.161327362 4.660792351 0.845760763 0.020172566 -0.257687747 -0.466774940
1403636664513555456.000000 0.110886455 6.199500084 4.678855419 0.845126092 0.017429905 -0.256632626 -0.468612701
1403636664563555584.000000 0.100842714 6.235777855 4.700840950 0.844007254 0.014498878 -0.256645143 -0.470717460
1403636664613555456.000000 0.091069221 6.274422169 4.720581532 0.842284322 0.007903503 -0.258371204 -0.473010570
1403636664663555584.000000 0.084088922 6.309426308 4.744077206 0.841039121 0.004713738 -0.258724838 -0.475071043
1403636664713555456.000000 0.077949882 6.346192837 4.764815331 0.839180946 0.001594748 -0.261288673 -0.476970822
1403636664763555584.000000 0.075135708 6.379532337 4.788141251 0.838186920 0.005190941 -0.261747718 -0.478439152
1403636664813555456.000000 0.073369384 6.414134026 4.809204578 0.837450325 0.009154910 -0.261357665 -0.479880601
1403636664863555584.000000 0.074804306 6.446799755 4.832417011 0.836447358 0.010122962 -0.261355370 -0.481608570
1403636664913555456.000000 0.076912522 6.480689526 4.853740215 0.835459948 0.009027541 -0.261892080 -0.483050466
1403636664963555584.000000 0.081019402 6.512699604 4.877010822 0.833920538 0.010630400 -0.264445096 -0.484285414
1403636665013555456.000000 0.085867524 6.547420502 4.899080753 0.831929922 0.010905101 -0.268500805 -0.485470027
1403636665063555584.000000 0.094181299 6.577999115 4.922383308 0.830027580 0.013365205 -0.272844106 -0.486242443
1403636665113555456.000000 0.104351401 6.610917091 4.943608284 0.828145206 0.014583582 -0.276718050 -0.487226844
1403636665163555584.000000 0.116311669 6.641477585 4.965858936 0.826936305 0.015941186 -0.279423177 -0.487693489
1403636665213555456.000000 0.128266215 6.674223423 4.986827374 0.825494111 0.012341152 -0.282173932 -0.488656372
1403636665263555584.000000 0.141517282 6.705106735 5.008302689 0.825169802 0.004992305 -0.282444537 -0.489177942
1403636665313555456.000000 0.155203819 6.738730907 5.027248383 0.825613141 -0.000232912 -0.280439168 -0.489608914
1403636665363555584.000000 0.167948127 6.770158768 5.047086716 0.825789452 -0.002476071 -0.279296488 -0.489958346
1403636665413555456.000000 0.182241201 6.804915428 5.065436363 0.826563835 -0.001009810 -0.277281880 -0.489802033
1403636665463555584.000000 0.193982840 6.836043835 5.083477497 0.827365398 0.003989057 -0.275654286 -0.489351898
1403636665513555456.000000 0.206909418 6.867019176 5.101301193 0.828310609 0.010489028 -0.274029404 -0.488568842
1403636665563555584.000000 0.219278574 6.896339893 5.119558811 0.829635799 0.016094064 -0.271194309 -0.487749040
1403636665613555456.000000 0.233381987 6.927038193 5.138054371 0.830000818 0.021210343 -0.270889968 -0.487101078
1403636665663555584.000000 0.246043324 6.956715107 5.157328129 0.830724120 0.023656109 -0.270028859 -0.486232817
1403636665713555456.000000 0.261735916 6.988132000 5.176719189 0.831846774 0.024379905 -0.268102020 -0.485343099
1403636665763555584.000000 0.275401235 7.019185543 5.196428299 0.833334506 0.023868177 -0.264961809 -0.484540224
1403636665813555456.000000 0.291635871 7.051350594 5.216860771 0.834445357 0.021489590 -0.263340741 -0.483622581
1403636665863555584.000000 0.306240916 7.083149910 5.238399506 0.834656715 0.012512104 -0.263817877 -0.483313471
1403636665913555456.000000 0.322868824 7.115619659 5.259925365 0.834198296 0.003517258 -0.266388327 -0.482843846
1403636665963555584.000000 0.337339997 7.147289753 5.282050610 0.833545983 -0.004270041 -0.269386590 -0.482300520
1403636666013555456.000000 0.352870345 7.178251743 5.306263447 0.832850039 -0.009287557 -0.272521913 -0.481670469
1403636666063555584.000000 0.364305973 7.208798409 5.328625679 0.832448542 -0.011907228 -0.274126887 -0.481396079
1403636666113555456.000000 0.375912428 7.237475395 5.351458073 0.833070815 -0.010872168 -0.272895068 -0.481043816
1403636666163555584.000000 0.384830713 7.266168118 5.373418808 0.834329545 -0.007389212 -0.269968837 -0.480579346
1403636666213555456.000000 0.392790914 7.293805599 5.396315575 0.835151374 -0.006115793 -0.267554015 -0.480520278
1403636666263555584.000000 0.399214029 7.321434021 5.418988228 0.835292399 -0.006111938 -0.266911864 -0.480632156
1403636666313555456.000000 0.404538631 7.347438335 5.442633629 0.835482121 -0.008191732 -0.266311705 -0.480604500
1403636666363555584.000000 0.408589602 7.372971058 5.466045380 0.835052907 -0.011384414 -0.266394377 -0.481239200
1403636666413555456.000000 0.414538503 7.398268223 5.492463112 0.834112823 -0.014078705 -0.268477976 -0.481640160
1403636666463555584.000000 0.419278145 7.421364784 5.515383244 0.832881331 -0.015494883 -0.271039784 -0.482292652
1403636666513555456.000000 0.422477126 7.442153931 5.536131382 0.831732929 -0.015296523 -0.273018777 -0.483163714
1403636666563555584.000000 0.430933595 7.461354733 5.557210922 0.831092894 -0.011874173 -0.274340689 -0.483612329
1403636666613555456.000000 0.441549540 7.481442928 5.581170559 0.830291748 -0.007308804 -0.275576502 -0.484375805
1403636666663555584.000000 0.453965664 7.498735428 5.600465298 0.829832375 -0.001424531 -0.275833935 -0.485069007
1403636666713555456.000000 0.464667559 7.516286373 5.621109486 0.828732431 0.004197703 -0.278022259 -0.485683650
1403636666763555584.000000 0.478939176 7.532641411 5.639841080 0.827358663 0.008845503 -0.280703932 -0.486420274
1403636666813555456.000000 0.491464138 7.550262451 5.659482479 0.825740159 0.010623630 -0.284155458 -0.487130523
1403636666863555584.000000 0.504792929 7.567286968 5.678329468 0.823307335 0.010715986 -0.290207833 -0.487677783
1403636666913555456.000000 0.512796521 7.586150169 5.698451996 0.819547057 0.005488133 -0.299837619 -0.488272518
1403636666963555584.000000 0.522209167 7.603946686 5.717009544 0.816126466 0.000013554 -0.308454216 -0.488665104
1403636667013555456.000000 0.528801203 7.623175621 5.734105587 0.814935625 -0.003569644 -0.311082780 -0.488973200
1403636667063555584.000000 0.535676360 7.642228127 5.749031067 0.815041900 -0.005533093 -0.310141325 -0.489375591
1403636667113555456.000000 0.539948583 7.661879539 5.763248444 0.818164706 -0.004763812 -0.301277250 -0.489710033
1403636667163555584.000000 0.544848084 7.682248592 5.774943829 0.822221875 -0.002254031 -0.289313138 -0.490146995
1403636667213555456.000000 0.546993017 7.702167511 5.787315369 0.825467229 -0.000333156 -0.279426813 -0.490433007
1403636667263555584.000000 0.549238443 7.722521305 5.798646450 0.828313887 0.003329021 -0.270394176 -0.490685314
1403636667313555456.000000 0.550673366 7.746485710 5.815023899 0.830020785 0.006261742 -0.264990509 -0.490720242
1403636667363555584.000000 0.549813986 7.766238213 5.828359604 0.830757380 0.006800367 -0.261994272 -0.491075337
1403636667413555456.000000 0.547568202 7.785382748 5.843630314 0.830740452 0.008294141 -0.261739373 -0.491216987
1403636667463555584.000000 0.545332670 7.804534912 5.858896255 0.829669654 0.010706137 -0.264241546 -0.491640210
1403636667513555456.000000 0.542522907 7.822628021 5.874504089 0.828317583 0.012346976 -0.267832488 -0.491938382
1403636667563555584.000000 0.539514303 7.842035770 5.891197681 0.825938106 0.012501225 -0.274571538 -0.492220104
1403636667613555456.000000 0.537090778 7.856438637 5.905222416 0.823572338 0.010784569 -0.281192422 -0.492486686
1403636667663555584.000000 0.537576675 7.876036167 5.921099186 0.821556270 0.008879646 -0.286547393 -0.492805272
1403636667713555456.000000 0.542761564 7.900177956 5.941250324 0.820560277 0.006713049 -0.290020823 -0.492467016
1403636667763555584.000000 0.547518015 7.919847488 5.954835892 0.820304215 0.004840395 -0.290740997 -0.492490917
1403636667813555456.000000 0.553928733 7.939711571 5.967187405 0.820613503 0.003247595 -0.290240318 -0.492284000
1403636667863555584.000000 0.559700847 7.959290028 5.979120255 0.820731580 0.002050534 -0.290416181 -0.491989851
1403636667913555456.000000 0.565964580 7.977727890 5.990498543 0.820903003 0.000746506 -0.290640414 -0.491574883
1403636667963555584.000000 0.570388198 7.996630669 6.001831055 0.820832193 0.001497954 -0.291471273 -0.491199434
1403636668013555456.000000 0.575029016 8.016860008 6.013333321 0.821303666 0.001278224 -0.290923029 -0.490736693
1403636668063555584.000000 0.575936079 8.036201477 6.023969173 0.822455108 0.003445573 -0.289148837 -0.489845693
1403636668113555456.000000 0.575785279 8.056153297 6.034526825 0.823650539 0.005840284 -0.287284493 -0.488910377
1403636668163555584.000000 0.572934628 8.076175690 6.044843197 0.824844122 0.008690990 -0.285702556 -0.487781376
1403636668213555456.000000 0.569660187 8.096551895 6.055562019 0.825461209 0.011966685 -0.285890281 -0.486556649
1403636668263555584.000000 0.564280272 8.117294312 6.065916538 0.826144516 0.014923710 -0.285772115 -0.485383272
1403636668313555456.000000 0.558308125 8.138738632 6.076174259 0.827065885 0.016972680 -0.285682857 -0.483796865
1403636668363555584.000000 0.552832127 8.161592484 6.087956905 0.827768803 0.017561512 -0.285539448 -0.482656926
1403636668413555456.000000 0.545325756 8.184040070 6.098942280 0.828801930 0.017580675 -0.284400851 -0.481554151
1403636668463555584.000000 0.538865805 8.210399628 6.110640049 0.830131948 0.017149139 -0.282711834 -0.480271697
1403636668513555456.000000 0.530306578 8.234130859 6.121886730 0.831022978 0.017219087 -0.281759292 -0.479287118
1403636668563555584.000000 0.522198439 8.258533478 6.134204388 0.831603229 0.016920857 -0.281907141 -0.478203177
1403636668613555456.000000 0.513916969 8.283121109 6.146392822 0.832165480 0.017218277 -0.281696767 -0.477337450
1403636668663555584.000000 0.500615120 8.314460754 6.164593697 0.833111942 0.017877718 -0.281284004 -0.475903541
1403636668713555456.000000 0.492509365 8.340549469 6.176950455 0.834318399 0.020994037 -0.279039025 -0.474983424
1403636668763555584.000000 0.484784365 8.367602348 6.189090252 0.836049378 0.024816904 -0.274750531 -0.474255025
1403636668813555456.000000 0.477686167 8.394954681 6.202104092 0.838064790 0.027433265 -0.269936681 -0.473317176
1403636668863555584.000000 0.473582506 8.423763275 6.215307713 0.839744389 0.031533170 -0.264618754 -0.473087877
1403636668913555456.000000 0.470265388 8.452377319 6.229883194 0.841677785 0.033822052 -0.258919418 -0.472647190
1403636668963555584.000000 0.470180035 8.482855797 6.244845867 0.842294395 0.030514140 -0.257345408 -0.472633570
1403636669013555456.000000 0.471205950 8.512008667 6.262663841 0.842142820 0.024468407 -0.258076012 -0.472856879
1403636669063555584.000000 0.478340864 8.542844772 6.280252457 0.842160583 0.018663207 -0.258533895 -0.472839862
1403636669113555456.000000 0.483294249 8.571414948 6.300055504 0.841984034 0.013077755 -0.259535015 -0.472793311
1403636669163555584.000000 0.491252184 8.600241661 6.318901539 0.841990650 0.010028061 -0.260261983 -0.472456306
1403636669213555456.000000 0.495546460 8.627849579 6.340645313 0.842243135 0.007854910 -0.260076016 -0.472149730
1403636669263555584.000000 0.501593590 8.655752182 6.362000465 0.842585683 0.006942306 -0.259620458 -0.471803337
1403636669313555456.000000 0.503724933 8.682334900 6.386026382 0.842889965 0.007639432 -0.259377539 -0.471382558
1403636669363555584.000000 0.506127477 8.708958626 6.410666943 0.842659295 0.007276699 -0.260579050 -0.471138000
1403636669413555456.000000 0.506621480 8.735059738 6.436291218 0.843004942 0.006277051 -0.259603411 -0.471072674
1403636669463555584.000000 0.508138776 8.761135101 6.462489128 0.843540072 0.004097881 -0.257857412 -0.471097678
1403636669513555456.000000 0.507809162 8.786785126 6.489979744 0.844095588 0.002781551 -0.255279213 -0.471516252
1403636669563555584.000000 0.508888483 8.811710358 6.518517017 0.844937027 0.001208849 -0.252105832 -0.471723169
1403636669613555456.000000 0.508781910 8.835912704 6.547404289 0.846342981 -0.000886951 -0.246802136 -0.472007990
1403636669663555584.000000 0.508869290 8.856696129 6.578966618 0.847311139 -0.003436300 -0.242348686 -0.472566754
1403636669713555456.000000 0.511806846 8.879068375 6.608989239 0.848378837 -0.006035386 -0.237741664 -0.472965002
1403636669763555584.000000 0.515543818 8.898902893 6.641394138 0.848550260 -0.008550451 -0.236107945 -0.473436952
1403636669813555456.000000 0.521945715 8.918893814 6.673210144 0.846568167 -0.017320236 -0.240351543 -0.474608719
1403636669863555584.000000 0.528211236 8.935657501 6.707777500 0.843337774 -0.030136209 -0.247848630 -0.475861758
1403636669913555456.000000 0.539080501 8.951147079 6.740170002 0.838906288 -0.040734634 -0.259150714 -0.476883590
1403636669963555584.000000 0.550465584 8.960588455 6.774445057 0.835376143 -0.047371544 -0.268341035 -0.477384299
1403636670013555456.000000 0.563916981 8.971227646 6.803761482 0.832732797 -0.050262902 -0.275453329 -0.477656007
1403636670063555584.000000 0.576060474 8.977027893 6.833222866 0.830538034 -0.052816112 -0.280645490 -0.478179038
1403636670113555456.000000 0.591347575 8.982271194 6.858984470 0.828036726 -0.055091076 -0.284983873 -0.479692131
1403636670163555584.000000 0.604004860 8.981426239 6.887386799 0.826350808 -0.059897900 -0.285482794 -0.481722176
1403636670213555456.000000 0.620180964 8.981719017 6.908790588 0.824008465 -0.069313161 -0.285411060 -0.484506190
1403636670263555584.000000 0.632834196 8.978048325 6.929850578 0.821922362 -0.078162529 -0.284356773 -0.487314612
1403636670313555456.000000 0.645016968 8.972583771 6.947896957 0.819559693 -0.085477829 -0.284287781 -0.490097970
1403636670363555584.000000 0.652339458 8.962757111 6.965815067 0.816463232 -0.089970753 -0.285813481 -0.493562341
1403636670413555456.000000 0.659526050 8.950610161 6.980074406 0.812786996 -0.092206441 -0.287801176 -0.498041928
1403636670463555584.000000 0.664276361 8.933214188 6.997436523 0.807993412 -0.094765320 -0.290893555 -0.503534675
1403636670513555456.000000 0.670590937 8.913518906 7.005542278 0.803033710 -0.096319295 -0.292666316 -0.510103822
1403636670563555584.000000 0.676244259 8.889854431 7.012985229 0.797486782 -0.096960224 -0.293623269 -0.518072307
1403636670613555456.000000 0.683509290 8.862930298 7.012865543 0.791790783 -0.096716039 -0.293798417 -0.526683927
1403636670663555584.000000 0.690767169 8.832450867 7.009214878 0.786118746 -0.095513545 -0.292707741 -0.535926104
1403636670713555456.000000 0.698927522 8.798559189 7.000303268 0.780209005 -0.094362907 -0.290887922 -0.545668185
1403636670763555584.000000 0.706241250 8.761659622 6.987443924 0.773782730 -0.094016820 -0.289055049 -0.555759251
1403636670813555456.000000 0.712579250 8.724184036 6.975083828 0.766320646 -0.095631219 -0.288136482 -0.566202104
1403636670863555584.000000 0.716734886 8.681652069 6.955761433 0.757668018 -0.099074341 -0.287920296 -0.577256858
1403636670913555456.000000 0.719422340 8.636435509 6.933966637 0.748569071 -0.103441276 -0.287206620 -0.588605702
1403636670963555584.000000 0.721188545 8.588045120 6.907021523 0.738339186 -0.109897949 -0.285987258 -0.600823641
1403636671013555456.000000 0.724720597 8.537775993 6.879956245 0.728163898 -0.113310054 -0.282738715 -0.614000857
1403636671063555584.000000 0.728108883 8.481754303 6.841724873 0.718702197 -0.113054946 -0.277593940 -0.627397358
1403636671113555456.000000 0.732184291 8.422635078 6.798993587 0.709955513 -0.108336538 -0.271289021 -0.640803218
1403636671163555584.000000 0.736225843 8.359284401 6.749372005 0.701062202 -0.101722918 -0.265776873 -0.653855383
1403636671213555456.000000 0.740176082 8.295937538 6.696835041 0.692746878 -0.094032779 -0.261743963 -0.665394425
1403636671263555584.000000 0.744341850 8.226683617 6.636894226 0.685669661 -0.083545484 -0.257821381 -0.675577819
1403636671313555456.000000 0.749104738 8.159165382 6.576251507 0.680795610 -0.067394398 -0.253342897 -0.683953762
1403636671363555584.000000 0.750896931 8.086471558 6.509303570 0.677154362 -0.046989989 -0.246623680 -0.691686869
1403636671413555456.000000 0.751622200 8.014814377 6.442773819 -0.673387587 0.025922339 0.238884732 0.699150443
1403636671463555584.000000 0.750494242 7.941271305 6.374085903 -0.667656839 0.007696826 0.234036282 0.706683993
1403636671513555456.000000 0.749560118 7.872482300 6.307437420 -0.661038637 -0.006980295 0.232256711 0.713467717
1403636671563555584.000000 0.745398998 7.800416946 6.240025043 -0.654082477 -0.017981455 0.233123839 0.719378948
1403636671613555456.000000 0.737118721 7.733745575 6.167663097 -0.647490561 -0.027757423 0.235476270 0.724248946
1403636671663555584.000000 0.730210543 7.664554596 6.101981163 -0.642016292 -0.035685815 0.238523915 0.727769256
1403636671713555456.000000 0.723498344 7.600446224 6.037881374 -0.637478530 -0.041796360 0.241276905 0.730520189
1403636671763555584.000000 0.714472532 7.536018372 5.974209785 -0.634159029 -0.046588298 0.243468910 0.732389808
1403636671813555456.000000 0.707107544 7.476058960 5.908457279 -0.631797850 -0.052854732 0.244656503 0.733608246
1403636671863555584.000000 0.697762012 7.417809486 5.846721172 -0.629712522 -0.057567123 0.247455910 0.734107494
1403636671913555456.000000 0.690858126 7.365546227 5.785006046 -0.628050983 -0.063780047 0.251334548 0.733699560
1403636671963555584.000000 0.684681177 7.315088272 5.724602699 -0.627243161 -0.071089491 0.253835857 0.732857287
1403636672013555456.000000 0.681291103 7.269558907 5.665096283 0.626839340 0.079117097 -0.255815089 -0.731690943
1403636672063555584.000000 0.682708740 7.229621887 5.603318214 -0.628298104 -0.085810490 0.253068507 0.730639756
1403636672113555456.000000 0.684748411 7.193180561 5.545887947 -0.630979121 -0.091614701 0.246547610 0.729853749
1403636672163555584.000000 0.697246790 7.161493301 5.489125252 -0.633646786 -0.095129095 0.241045699 0.728930235
1403636672213555456.000000 0.704132318 7.133167267 5.436119080 -0.635879636 -0.097975321 0.236894906 0.727968931
1403636672263555584.000000 0.706339836 7.108947754 5.380572796 -0.637954414 -0.098637246 0.234210104 0.726932287
1403636672313555456.000000 0.713661671 7.089179039 5.333432198 -0.640298784 -0.099749081 0.229521349 0.726214528
1403636672363555584.000000 0.720981121 7.073627949 5.289193153 0.643483520 0.100390196 -0.221408457 -0.725829959
1403636672413555456.000000 0.727455616 7.060562134 5.245442867 -0.646731496 -0.100020513 0.211785659 0.725865781
1403636672463555584.000000 0.731093168 7.050446510 5.209551811 -0.650448799 -0.094865687 0.201251134 0.726233423
1403636672513555456.000000 0.741436958 7.042063236 5.174991131 -0.653000355 -0.081226110 0.195486292 0.727171302
1403636672563555584.000000 0.740091562 7.035340786 5.147704601 -0.654982388 -0.065377459 0.190636203 0.728273153
1403636672613555456.000000 0.734373569 7.029815674 5.124212265 0.655527353 0.049909912 -0.189704776 -0.729249716
1403636672663555584.000000 0.725189447 7.024698257 5.100380898 -0.655812740 -0.037268672 0.189701438 0.729749322
1403636672713555456.000000 0.710850239 7.019587517 5.083679199 -0.654698908 -0.030347124 0.193972871 0.729947209
1403636672763555584.000000 0.691562891 7.011116982 5.064161777 -0.652293324 -0.029270995 0.201152503 0.730201602
1403636672813555456.000000 0.671652794 7.005538940 5.051871777 -0.648728192 -0.030393528 0.207923427 0.731434166
1403636672863555584.000000 0.652444601 7.000028610 5.038307190 -0.645225346 -0.032283932 0.209627539 0.733960688
1403636672913555456.000000 0.636554718 6.995646477 5.027448654 -0.640760839 -0.032988001 0.209221870 0.737945497
1403636672963555584.000000 0.621484756 6.989607811 5.015034199 -0.635586858 -0.034762811 0.207311004 0.742861450
1403636673013555456.000000 0.609787226 6.985768318 5.005977154 -0.629709959 -0.036443453 0.204775035 0.748468161
1403636673063555584.000000 0.599285603 6.982622147 4.996301174 -0.623912871 -0.039419927 0.201693043 0.753988624
1403636673113555456.000000 0.591802120 6.980463982 4.988623619 -0.617645979 -0.042104512 0.200245529 0.759369791
1403636673163555584.000000 0.587144375 6.979798317 4.980807781 0.611151338 0.047277160 -0.202069983 -0.763823688
1403636673213555456.000000 0.583785772 6.978403091 4.973389149 -0.604820728 -0.054224651 0.205344215 0.767518997
1403636673263555584.000000 0.583280087 6.979492188 4.967483521 -0.599165499 -0.061869804 0.207814857 0.770704865
1403636673313555456.000000 0.583444595 6.981590271 4.961421967 -0.594375670 -0.067220524 0.211104020 0.773068011
1403636673363555584.000000 0.587529421 6.985944748 4.957652569 -0.590718687 -0.071267918 0.212664843 0.775078177
1403636673413555456.000000 0.588875294 6.991163254 4.955017567 -0.588226378 -0.072148502 0.212257147 0.777001500
1403636673463555584.000000 0.593139172 7.000002861 4.954559326 -0.586398602 -0.071383327 0.211467206 0.778667271
1403636673513555456.000000 0.593381643 7.015909195 4.956106663 -0.585317612 -0.070349909 0.209815502 0.780020356
1403636673563555584.000000 0.596279383 7.028884411 4.959334850 -0.584702551 -0.067647979 0.207299143 0.781392276
1403636673613555456.000000 0.598689795 7.044053555 4.963883877 0.585389495 0.062568471 -0.202049881 -0.782675087
1403636673663555584.000000 0.600855112 7.060565472 4.970521927 0.586154938 0.056801062 -0.197057128 -0.783814132
1403636673713555456.000000 0.599590302 7.078031063 4.980740547 -0.586951375 -0.050660912 0.192227900 0.784837544
1403636673763555584.000000 0.602219820 7.095848083 4.990375996 -0.588350177 -0.044527225 0.185823351 0.785704195
1403636673813555456.000000 0.605404973 7.112711906 5.001357555 0.588609576 0.038623303 -0.182486802 -0.786603868
1403636673863555584.000000 0.607445478 7.131258488 5.012370586 -0.589005411 -0.036100283 0.179535896 0.787106216
1403636673913555456.000000 0.612643600 7.147853851 5.025238991 -0.589119196 -0.037954912 0.178173512 0.787243426
1403636673963555584.000000 0.619137287 7.165146351 5.039009094 0.589004040 0.038089305 -0.177961946 -0.787371039
1403636674013555456.000000 0.625545979 7.182187080 5.054491520 0.588453889 0.038295031 -0.179655686 -0.787387669
1403636674063555584.000000 0.631578326 7.199757576 5.071650028 0.588389516 0.038315464 -0.180217326 -0.787306488
1403636674113555456.000000 0.632508159 7.224526882 5.097117424 -0.588122010 -0.037511192 0.181495875 0.787251413
1403636674163555584.000000 0.636386871 7.241669178 5.117642403 -0.588119566 -0.036024973 0.181670159 0.787282407
1403636674213555456.000000 0.638386965 7.258476257 5.139979362 0.588195145 0.033090141 -0.181998238 -0.787279010
1403636674263555584.000000 0.638951898 7.274951935 5.163604259 0.587798059 0.028453385 -0.183849812 -0.787326634
1403636674313555456.000000 0.637691259 7.290804863 5.188703060 0.586472452 0.022764826 -0.188410893 -0.787421882
1403636674363555584.000000 0.633534670 7.314806938 5.217536449 -0.583937883 -0.018150147 0.193645000 0.788155317
1403636674413555456.000000 0.629379034 7.329870224 5.244727135 -0.579855859 -0.013013386 0.198498964 0.790060759
1403636674463555584.000000 0.623629093 7.345389843 5.272557735 0.575106621 0.008409261 -0.201173231 -0.792913020
1403636674513555456.000000 0.616514683 7.360539436 5.300361156 0.569755614 0.004547333 -0.202151537 -0.796550512
1403636674563555584.000000 0.607650757 7.375495911 5.327764511 0.564818382 0.003058047 -0.201630443 -0.800197542
1403636674613555456.000000 0.597564220 7.390443802 5.354447365 0.560887337 0.002270943 -0.199723408 -0.803436935
1403636674663555584.000000 0.588433027 7.412989616 5.380394459 -0.557408154 -0.002221253 0.196692958 0.806599736
1403636674713555456.000000 0.575720310 7.427799225 5.406095505 -0.553628027 -0.002723713 0.196833163 0.809163392
1403636674763555584.000000 0.561135530 7.443691254 5.430894852 0.549423695 0.006644303 -0.199114099 -0.811445117
1403636674813555456.000000 0.545812368 7.463052273 5.458772182 -0.545059323 -0.012732412 0.203471109 0.813232899
1403636674863555584.000000 0.532508135 7.478829861 5.481123924 -0.541273892 -0.019176906 0.207826883 0.814532280
1403636674913555456.000000 0.520970583 7.495905876 5.502197742 0.537995100 0.024789246 -0.211553961 -0.815592885
1403636674963555584.000000 0.513376474 7.519655704 5.528683186 -0.535593271 -0.031118819 0.214727357 0.816127241
1403636675013555456.000000 0.506233215 7.539925575 5.547090054 -0.533504128 -0.035262000 0.217844620 0.816500902
1403636675063555584.000000 0.501466274 7.562723637 5.564615726 0.532244503 0.040518697 -0.218942896 -0.816785216
1403636675113555456.000000 0.499280214 7.587455750 5.580644131 0.532832205 0.045125607 -0.216713607 -0.816755056
1403636675163555584.000000 0.499380112 7.614407539 5.595941544 0.534017801 0.051932253 -0.212110043 -0.816784859
1403636675213555456.000000 0.502445221 7.644471645 5.611142159 0.536305964 0.056821834 -0.204266295 -0.816959321
1403636675263555584.000000 0.507012367 7.677700520 5.627371311 0.538465917 0.060620930 -0.198092610 -0.816785753
1403636675313555456.000000 0.513728142 7.713193893 5.644697666 0.540369868 0.063002966 -0.192796722 -0.816615283
1403636675363555584.000000 0.520882845 7.746007919 5.656886101 0.542154372 0.060314678 -0.185735211 -0.817271829
1403636675413555456.000000 0.531775713 7.784173965 5.677017689 0.542935789 0.054670006 -0.178049698 -0.818859160
1403636675463555584.000000 0.547408342 7.821805000 5.708380699 -0.541957915 -0.049522728 0.172341451 0.821052790
1403636675513555456.000000 0.556993604 7.861074448 5.733387947 -0.539907336 -0.045692757 0.164944321 0.824139297
1403636675563555584.000000 0.565247178 7.900404930 5.759736061 0.537800193 0.042157836 -0.157465428 -0.827162862
1403636675613555456.000000 0.572538853 7.937614918 5.787676334 -0.535374522 -0.039336190 0.150806323 0.830110967
1403636675663555584.000000 0.578572273 7.975687027 5.818132401 -0.531763017 -0.036861550 0.146176830 0.833367705
1403636675713555456.000000 0.583386779 8.012398720 5.850450993 0.526911318 0.033116121 -0.142713130 -0.837198198
1403636675763555584.000000 0.589153171 8.046427727 5.885104179 -0.520714879 -0.027201720 0.140441656 0.841660380
1403636675813555456.000000 0.591753006 8.080647469 5.921080112 -0.511827767 -0.018835245 0.144065633 0.846712828
1403636675863555584.000000 0.600891232 8.104791641 5.953108788 -0.501687050 -0.009997535 0.149796098 0.851922154
1403636675913555456.000000 0.600057840 8.136111259 5.990699291 -0.489885807 -0.004007723 0.157919988 0.857354760
1403636675963555584.000000 0.598530412 8.165756226 6.028015137 -0.477850467 -0.000864870 0.164949834 0.862815082
1403636676013555456.000000 0.594833851 8.195479393 6.064764023 -0.466545284 -0.001146072 0.168617457 0.868275523
1403636676063555584.000000 0.591520309 8.224936485 6.100256443 -0.456470609 -0.003192934 0.168321133 0.873666108
1403636676113555456.000000 0.585803032 8.254410744 6.135237217 -0.447860897 -0.008306023 0.164145201 0.878867447
1403636676163555584.000000 0.580702186 8.283863068 6.168554783 -0.440419406 -0.014806380 0.154428229 0.884287059
1403636676213555456.000000 0.573898315 8.313490868 6.202635288 -0.432842135 -0.020941226 0.144368961 0.889587998
1403636676263555584.000000 0.575669050 8.334584236 6.233363152 -0.425823718 -0.029235397 0.131538346 0.894716263
1403636676313555456.000000 0.567805171 8.363423347 6.267995834 -0.416573495 -0.036155060 0.122527495 0.900081336
1403636676363555584.000000 0.556003213 8.401153564 6.304938793 -0.407665759 -0.039887913 0.110548839 0.905536652
1403636676413555456.000000 0.551995456 8.428575516 6.340712547 -0.398486763 -0.044162646 0.100879110 0.910539031
1403636676463555584.000000 0.559792221 8.444113731 6.373931885 -0.388005018 -0.046481546 0.096066825 0.915457666
1403636676513555456.000000 0.559570909 8.467959404 6.410963058 -0.376441926 -0.047200773 0.094627462 0.920385361
1403636676563555584.000000 0.565743387 8.489075661 6.449262142 -0.364512384 -0.044187859 0.096440665 0.925136387
1403636676613555456.000000 0.570685625 8.512105942 6.488571167 -0.353747606 -0.041524831 0.098229371 0.929241300
1403636676663555584.000000 0.578691602 8.535285950 6.528425217 0.344812304 0.038058992 -0.100197792 -0.932532251
1403636676713555456.000000 0.594011664 8.551649094 6.567904472 -0.337507129 -0.034791712 0.102943912 0.935029984
1403636676763555584.000000 0.605028749 8.573924065 6.607287407 -0.331433654 -0.031037591 0.105514266 0.937046051
1403636676813555456.000000 0.621364951 8.594279289 6.646412373 -0.325490415 -0.028960997 0.108592138 0.938842416
1403636676863555584.000000 0.635649979 8.615576744 6.684794426 -0.319288999 -0.027591906 0.112458259 0.940556467
1403636676913555456.000000 0.652266145 8.635949135 6.722222328 -0.315237045 -0.025627926 0.113544419 0.941847384
1403636676963555584.000000 0.664904237 8.657111168 6.759149075 -0.312104702 -0.024310637 0.114661448 0.942789733
1403636677013555456.000000 0.674562216 8.678391457 6.796330929 0.310997665 0.024141150 -0.112698756 -0.943396389
1403636677063555584.000000 0.685368121 8.699638367 6.836276054 -0.311806798 -0.025376553 0.107452154 0.943709016
1403636677113555456.000000 0.687398791 8.721589088 6.874990940 -0.313139945 -0.026634937 0.102120690 0.943824887
1403636677163555584.000000 0.689235806 8.743260384 6.915775299 -0.314754903 -0.028231921 0.097585097 0.943721056
1403636677213555456.000000 0.685935676 8.764060974 6.955555439 -0.316118091 -0.027556011 0.093615897 0.943687558
1403636677263555584.000000 0.682720721 8.783729553 6.995600224 0.316572309 0.025319502 -0.089661196 -0.943981886
1403636677313555456.000000 0.683453262 8.803300858 7.037137985 -0.315244943 -0.021923887 0.086644970 0.944792390
1403636677363555584.000000 0.682360351 8.820583344 7.076701164 -0.312423855 -0.016680211 0.082148433 0.946237147
1403636677413555456.000000 0.686147630 8.837229729 7.116704941 -0.308540046 -0.010859423 0.077988714 0.947946668
1403636677463555584.000000 0.689624250 8.851617813 7.154816628 -0.303263992 -0.004233818 0.074726358 0.949962676
1403636677513555456.000000 0.696976066 8.864709854 7.194453239 -0.296503574 0.001154746 0.073291019 0.952214658
1403636677563555584.000000 0.703366578 8.875339508 7.229835510 -0.288646698 0.005006047 0.072023466 0.954709828
1403636677613555456.000000 0.712241292 8.883519173 7.267770290 -0.279740840 0.007477927 0.072537526 0.957302213
1403636677663555584.000000 0.721351624 8.891149521 7.300015450 -0.269863814 0.007483369 0.073600799 0.960052311
1403636677713555456.000000 0.732220769 8.897435188 7.330871582 0.258536667 -0.007510598 -0.075476132 -0.963019133
1403636677763555584.000000 0.743919611 8.903165817 7.359658241 -0.247019440 0.004915416 0.076708786 0.965957046
1403636677813555456.000000 0.755267501 8.907077789 7.386418819 -0.233573928 0.000501666 0.080521993 0.968999088
1403636677863555584.000000 0.766454101 8.910594940 7.410871506 0.218908846 0.003952848 -0.085472301 -0.971986532
1403636677913555456.000000 0.778402567 8.914648056 7.435653687 -0.204409927 -0.009111406 0.088298112 0.974852324
1403636677963555584.000000 0.791072965 8.918956757 7.457448483 -0.190410465 -0.012810315 0.088984080 0.977579474
1403636678013555456.000000 0.802388191 8.924456596 7.483524323 -0.177820802 -0.016992146 0.086352177 0.980119586
1403636678063555584.000000 0.813991070 8.931471825 7.503900528 -0.166543528 -0.018457584 0.081953496 0.982449055
1403636678113555456.000000 0.824003100 8.939488411 7.521700859 -0.158234581 -0.019334991 0.073846705 0.984446347
1403636678163555584.000000 0.832945228 8.949343681 7.541457653 -0.151357055 -0.019652383 0.065777704 0.986092329
1403636678213555456.000000 0.838264883 8.958231926 7.562733650 -0.146010593 -0.021197863 0.057141215 0.987403870
1403636678263555584.000000 0.844859242 8.969327927 7.582115650 -0.140243351 -0.021858752 0.049855128 0.988619566
1403636678313555456.000000 0.851004481 8.979789734 7.601604462 -0.133303449 -0.022058366 0.044573829 0.989826679
1403636678363555584.000000 0.859366179 8.990395546 7.620043278 -0.124716379 -0.021407222 0.042854168 0.991035402
1403636678413555456.000000 0.866831243 8.999424934 7.646608353 -0.116531067 -0.022661900 0.040696185 0.992094159
1403636678463555584.000000 0.877983093 9.009997368 7.663886070 -0.107890941 -0.023476748 0.037753802 0.993168235
1403636678513555456.000000 0.889214635 9.021410942 7.671862602 -0.098690175 -0.024916641 0.034422744 0.994210482
1403636678563555584.000000 0.903387308 9.031348228 7.687733650 -0.089309677 -0.024784096 0.031516314 0.995196640
1403636678613555456.000000 0.918614507 9.039252281 7.713650703 -0.078843631 -0.024525901 0.027684648 0.996200681
1403636678663555584.000000 0.933326840 9.048704147 7.728564262 -0.068500392 -0.024400502 0.020319102 0.997145653
1403636678713555456.000000 0.946167052 9.057934761 7.743592739 -0.058521934 -0.024577968 0.009913109 0.997934341
1403636678763555584.000000 0.958438694 9.066448212 7.758777618 -0.048081759 -0.025073987 -0.001872379 0.998526931
1403636678813555456.000000 0.968379736 9.074273109 7.774158001 -0.038272630 -0.025975352 -0.014562334 0.998823583
1403636678863555584.000000 0.976453364 9.080960274 7.790099621 -0.029208288 -0.027273534 -0.026058825 0.998861372
1403636678913555456.000000 0.983028591 9.086128235 7.807483196 -0.021040848 -0.027597005 -0.037338093 0.998700023
1403636678963555584.000000 0.987573504 9.089387894 7.824038982 -0.011754307 -0.028557833 -0.044455599 0.998533964
1403636679013555456.000000 0.991905093 9.090340614 7.840268612 -0.001617888 -0.027566759 -0.048470251 0.998442888
1403636679063555584.000000 0.994132340 9.089263916 7.857165813 0.009619512 -0.026173471 -0.049802501 0.998369813
1403636679113555456.000000 0.995071888 9.085630417 7.878147125 0.021376900 -0.023696378 -0.050290108 0.998224676
1403636679163555584.000000 0.994514465 9.080608368 7.895035744 0.034651324 -0.021120785 -0.046983510 0.998071074
1403636679213555456.000000 0.993551731 9.073448181 7.912104130 0.049456559 -0.017129082 -0.042004462 0.997745633
1403636679263555584.000000 0.992675543 9.065481186 7.927813530 0.064354643 -0.013809700 -0.037820470 0.997114539
1403636679313555456.000000 0.992399216 9.056638718 7.943613052 0.078957148 -0.012002715 -0.034594480 0.996205270
1403636679363555584.000000 0.994067192 9.047719955 7.956686974 0.093254551 -0.010299622 -0.034707863 0.994983912
1403636679413555456.000000 0.997426867 9.038610458 7.969267368 0.106581189 -0.010325691 -0.035939582 0.993600607
1403636679463555584.000000 1.002396107 9.029852867 7.979218960 0.119710259 -0.010368979 -0.038074855 0.992024302
1403636679513555456.000000 1.007916212 9.021539688 7.988330841 0.131712377 -0.011376832 -0.041242536 0.990364373
1403636679563555584.000000 1.015468717 9.013751984 7.995924473 0.141816720 -0.012716530 -0.044403695 0.988814831
1403636679613555456.000000 1.025071263 9.006232262 8.002514839 0.150703192 -0.013952142 -0.046305120 0.987395465
1403636679663555584.000000 1.034710169 8.999959946 8.008627892 0.157842070 -0.016751057 -0.048419163 0.986134350
1403636679713555456.000000 1.046058297 8.994275093 8.011970520 0.163558245 -0.018487213 -0.051021602 0.985040009
1403636679763555584.000000 1.057372808 8.989825249 8.015027046 0.167402372 -0.018533457 -0.054818682 0.984188974
1403636679813555456.000000 1.072381020 8.985643387 8.015873909 0.170686632 -0.015003689 -0.056929965 0.983564913
1403636679863555584.000000 1.087237954 8.981643677 8.015472412 0.172423586 -0.010859860 -0.059180893 0.983183503
1403636679913555456.000000 1.106294155 8.977542877 8.015219688 0.172914281 -0.005141737 -0.063985810 0.982842803
1403636679963555584.000000 1.123439074 8.975501060 8.013309479 0.172842890 -0.003616821 -0.067916036 0.982598484
1403636680013555456.000000 1.144497514 8.971169472 8.010540962 0.170483679 -0.001495453 -0.075204454 0.982485354
1403636680063555584.000000 1.164483070 8.966962814 8.004673004 0.167674050 0.000235078 -0.082728915 0.982365131
1403636680113555456.000000 1.185488105 8.961755753 7.998004436 -0.164298370 -0.002757780 0.091220602 -0.982179880
1403636680163555584.000000 1.203101754 8.955850601 7.989914894 0.162013382 0.003578693 -0.095255964 0.982173741
1403636680213555456.000000 1.219845653 8.948009491 7.980418205 0.161744013 0.003667623 -0.094192483 0.982320309
1403636680263555584.000000 1.233842373 8.938671112 7.968534470 0.161237225 0.006485274 -0.093306176 0.982473731
1403636680313555456.000000 1.246309280 8.928199768 7.956226826 0.158907756 0.007693953 -0.096271150 0.982558429
1403636680363555584.000000 1.253117561 8.919640541 7.942353249 0.155629694 0.006224672 -0.102242105 0.982490301
1403636680413555456.000000 1.260578752 8.906349182 7.927329540 0.152293161 0.003352239 -0.106849954 0.982536852
1403636680463555584.000000 1.265754580 8.892629623 7.912347794 0.149899229 0.000712822 -0.109758928 0.982589841
1403636680513555456.000000 1.269517183 8.875285149 7.894790173 0.147434443 -0.001724833 -0.111939967 0.982715428
1403636680563555584.000000 1.271553040 8.854470253 7.876545906 0.146330282 -0.004130370 -0.110057078 0.983085871
1403636680613555456.000000 1.271739721 8.832143784 7.856692791 0.146406755 -0.004943430 -0.105942935 0.983522654
1403636680663555584.000000 1.269717097 8.811625481 7.839669228 0.145786971 -0.005654077 -0.103691846 0.983850718
1403636680713555456.000000 1.266480327 8.784804344 7.818136692 0.146170989 -0.007959220 -0.099344350 0.984226286
1403636680763555584.000000 1.262178540 8.757291794 7.797613144 0.148197874 -0.011528775 -0.090156578 0.984772265
1403636680813555456.000000 1.256687284 8.727049828 7.774780750 0.150591031 -0.014506983 -0.080479957 0.985208094
1403636680863555584.000000 1.250552297 8.697217941 7.753469944 0.153673530 -0.018376350 -0.068946749 0.985542059
1403636680913555456.000000 1.242343664 8.665843964 7.730775833 0.156661481 -0.024370093 -0.057781179 0.985659480
1403636680963555584.000000 1.230872750 8.636826515 7.711140156 0.158465028 -0.032824472 -0.051322598 0.985483289
1403636681013555456.000000 1.219846725 8.605912209 7.690105915 0.158276916 -0.041010883 -0.049938720 0.985278010
1403636681063555584.000000 1.207855463 8.576627731 7.670710087 0.157899290 -0.049091309 -0.050222732 0.984954655
1403636681113555456.000000 1.195654154 8.546710014 7.652143002 0.156902477 -0.054876857 -0.052627053 0.984682977
1403636681163555584.000000 1.185065269 8.518358231 7.637530327 0.156125844 -0.054892633 -0.054847185 0.984684408
1403636681213555456.000000 1.174530983 8.488778114 7.622499466 0.154860690 -0.048807215 -0.059504375 0.984934211
1403636681263555584.000000 1.166195273 8.459158897 7.609387875 0.154128596 -0.039734460 -0.063459978 0.985209823
1403636681313555456.000000 1.158000112 8.428861618 7.595256329 0.154224455 -0.032545816 -0.064704508 0.985377550
1403636681363555584.000000 1.152479649 8.398219109 7.582548141 0.154308200 -0.025761139 -0.064748943 0.985562265
1403636681413555456.000000 1.147359014 8.367301941 7.567883015 0.155476630 -0.020773724 -0.063324153 0.985588968
1403636681463555584.000000 1.144230723 8.335775375 7.553401470 0.156861663 -0.017801771 -0.060850266 0.985583484
1403636681513555456.000000 1.141501069 8.304845810 7.537217140 0.157977358 -0.016017342 -0.059594400 0.985512614
1403636681563555584.000000 1.139920235 8.273415565 7.521396637 0.159001678 -0.015637171 -0.059780806 0.985342741
1403636681613555456.000000 1.136620045 8.242881775 7.504585266 0.158766925 -0.015479079 -0.062656462 0.985204339
1403636681663555584.000000 1.133122444 8.211657524 7.488952160 0.159132719 -0.015072231 -0.063966721 0.985067487
1403636681713555456.000000 1.127294064 8.181035995 7.472087860 0.159567446 -0.014600548 -0.065655209 0.984893143
1403636681763555584.000000 1.122316599 8.149582863 7.457179546 0.159958884 -0.013967175 -0.066613488 0.984774470
1403636681813555456.000000 1.114922881 8.118211746 7.440258980 0.160632595 -0.013454448 -0.067282304 0.984626472
1403636681863555584.000000 1.107806206 8.086334229 7.422821522 -0.161595508 0.012867412 0.067028373 -0.984494090
1403636681913555456.000000 1.102820158 8.053953171 7.405035019 0.162573516 -0.011880819 -0.066687889 0.984368563
1403636681963555584.000000 1.098434210 8.021610260 7.385492802 0.163917616 -0.011905678 -0.065651268 0.984215021
1403636682013555456.000000 1.091543198 7.990366459 7.363965988 0.165248290 -0.011489472 -0.064433850 0.984077930
1403636682063555584.000000 1.091195464 7.957405090 7.342613220 -0.166477874 0.012084144 0.062860191 -0.983965278
1403636682113555456.000000 1.092389345 7.924358368 7.319992065 0.167469487 -0.011898140 -0.061986424 0.983854711
1403636682163555584.000000 1.093940854 7.891921043 7.296221256 0.168318257 -0.012543485 -0.060853522 0.983772635
1403636682213555456.000000 1.095177650 7.859593391 7.272058487 0.168915063 -0.015524031 -0.060315318 0.983660936
1403636682263555584.000000 1.094670415 7.827974796 7.248106003 -0.169415817 0.019690793 0.058897827 -0.983586133
1403636682313555456.000000 1.091974497 7.794746876 7.226751328 0.169099286 -0.025605446 -0.059298735 0.983480275
1403636682363555584.000000 1.088253140 7.763620377 7.204126358 0.168994159 -0.031726338 -0.058849167 0.983346939
1403636682413555456.000000 1.083909988 7.731295586 7.182627678 0.168584332 -0.035083313 -0.058599986 0.983318150
1403636682463555584.000000 1.079748988 7.700211525 7.161939144 0.168190718 -0.033245750 -0.058181155 0.983474255
1403636682513555456.000000 1.075426340 7.668104649 7.142879009 0.166826993 -0.028805530 -0.059256900 0.983782291
1403636682563555584.000000 1.069858193 7.637302876 7.123465538 0.165513530 -0.024164129 -0.060435854 0.984057367
1403636682613555456.000000 1.063151002 7.606465340 7.104982853 -0.164518923 0.020062711 0.061573185 -0.984245777
1403636682663555584.000000 1.055715442 7.574126720 7.086469650 0.163254559 -0.016312933 -0.061996117 0.984499097
1403636682713555456.000000 1.048216105 7.543005466 7.067641735 0.163103089 -0.014158515 -0.060224209 0.984667480
1403636682763555584.000000 1.041844606 7.510999680 7.048076630 0.162674233 -0.011886095 -0.058268808 0.984886110
1403636682813555456.000000 1.037130952 7.480131149 7.027669430 0.161869109 -0.009492666 -0.057108365 0.985112667
1403636682863555584.000000 1.032798529 7.448801994 7.006594181 0.160706520 -0.007660062 -0.058691319 0.985225916
1403636682913555456.000000 1.030373216 7.418074608 6.984688282 0.158578411 -0.007184295 -0.061040036 0.985431612
1403636682963555584.000000 1.028995991 7.387051105 6.961374760 -0.157112509 0.006869013 0.063454993 -0.985516131
1403636683013555456.000000 1.028329849 7.356034279 6.937020302 -0.155813068 0.006912902 0.066645667 -0.985511541
1403636683063555584.000000 1.026052952 7.324261189 6.912702084 0.155579627 -0.005616282 -0.066616587 0.985558569
1403636683113555456.000000 1.022947788 7.292313099 6.888075829 0.155925617 -0.006810428 -0.066359416 0.985513687
1403636683163555584.000000 1.018156767 7.259728432 6.863840580 -0.156893268 0.007698626 0.064581178 -0.985471725
1403636683213555456.000000 1.010721684 7.225527287 6.837840557 0.157975852 -0.009674497 -0.062732853 0.985400736
1403636683263555584.000000 1.002875447 7.192678452 6.813195229 0.158852115 -0.010610429 -0.061580516 0.985322952
1403636683313555456.000000 0.991618633 7.160501957 6.786249638 0.160332486 -0.011321071 -0.060197044 0.985160768
1403636683363555584.000000 0.981236279 7.127541542 6.761547089 -0.161571234 0.012040636 0.059075091 -0.985017717
1403636683413555456.000000 0.969566345 7.094451904 6.736990452 0.162622273 -0.012515624 -0.058588106 0.984867930
1403636683463555584.000000 0.953912556 7.063155174 6.708794117 0.164080635 -0.013222221 -0.057551738 0.984677911
1403636683513555456.000000 0.940723062 7.030479908 6.684708118 0.164588809 -0.013263607 -0.058026284 0.984564662
1403636683563555584.000000 0.926253319 6.998204231 6.660364628 0.165417254 -0.013267861 -0.057618245 0.984449744
1403636683613555456.000000 0.907985687 6.967827797 6.632272243 0.165890947 -0.014759387 -0.057837866 0.984335959
1403636683663555584.000000 0.891932189 6.935945988 6.608298779 -0.166728511 0.017113307 0.057533752 -0.984174073
1403636683713555456.000000 0.874163151 6.905259609 6.582227230 0.167322367 -0.019764092 -0.057680275 0.984015048
1403636683763555584.000000 0.859523654 6.873556614 6.557530403 0.168179840 -0.022599574 -0.056504734 0.983876050
1403636683813555456.000000 0.843519151 6.843332767 6.529127121 0.168587372 -0.025700705 -0.057491034 0.983673036
1403636683863555584.000000 0.832134485 6.812445641 6.503799438 0.170273930 -0.028446974 -0.055464305 0.983423233
1403636683913555456.000000 0.822253346 6.781910419 6.478981495 -0.170333266 0.028704470 0.057888906 -0.983265758
1403636683963555584.000000 0.811193168 6.752339363 6.450336456 0.171133310 -0.028499262 -0.057047959 0.983181953
1403636684013555456.000000 0.806708276 6.721780777 6.426065922 0.172130078 -0.026728103 -0.056553107 0.983086288
1403636684063555584.000000 0.801774621 6.691903114 6.399060249 0.172920048 -0.024640888 -0.056630705 0.982997715
1403636684113555456.000000 0.801526666 6.662087440 6.374194622 0.173816025 -0.023006912 -0.057106059 0.982851744
1403636684163555584.000000 0.801891983 6.632706642 6.348168373 0.174907774 -0.022077203 -0.057377998 0.982663572
1403636684213555456.000000 0.802205503 6.604080677 6.319427013 0.176176101 -0.020619312 -0.057117373 0.982483864
1403636684263555584.000000 0.805949211 6.575134277 6.293107986 0.177529752 -0.019271463 -0.056479171 0.982304454
1403636684313555456.000000 0.809097230 6.546847820 6.266238689 0.178240582 -0.017008521 -0.057164297 0.982177854
1403636684363555584.000000 0.811092019 6.518904686 6.239665985 0.179130331 -0.015187936 -0.057079066 0.982050776
1403636684413555456.000000 0.806058884 6.490240574 6.208355427 0.179838762 -0.013887248 -0.057220150 0.981932342
1403636684463555584.000000 0.804292321 6.463171482 6.182410717 0.180773899 -0.013572698 -0.056053206 0.981832325
1403636684513555456.000000 0.800288022 6.436690331 6.155790329 0.182549894 -0.013343968 -0.053303666 0.981660008
1403636684563555584.000000 0.794268787 6.409706116 6.128261566 0.183394253 -0.012277284 -0.051635500 0.981605589
1403636684613555456.000000 0.787720740 6.384710312 6.102404118 0.184468254 -0.012026286 -0.049626265 0.981511116
1403636684663555584.000000 0.778607905 6.359027386 6.075872421 0.185126394 -0.011517372 -0.049085110 0.981420577
1403636684713555456.000000 0.769242346 6.335815430 6.050168991 0.185565531 -0.010684134 -0.048513565 0.981375456
1403636684763555584.000000 0.757443070 6.311910152 6.024211407 0.185573995 -0.010081013 -0.049011841 0.981355488
1403636684813555456.000000 0.744514883 6.290540218 5.998536587 0.185644403 -0.009734204 -0.048875630 0.981352448
1403636684863555584.000000 0.726848245 6.267921925 5.969801426 0.185048416 -0.009871622 -0.049558409 0.981429398
1403636684913555456.000000 0.711229682 6.248484135 5.943749428 0.183852226 -0.008606330 -0.052753855 0.981499612
1403636684963555584.000000 0.695782006 6.230110645 5.916748524 0.181796238 -0.009095327 -0.058582995 0.981547534
1403636685013555456.000000 0.680795789 6.212400913 5.889031410 0.180041298 -0.009602136 -0.062189516 0.981644273
1403636685063555584.000000 0.667953074 6.190391541 5.861851692 0.178584129 -0.010246092 -0.064507276 0.981754363
1403636685113555456.000000 0.656708598 6.172604561 5.832629681 0.177607313 -0.011899919 -0.065481097 0.981848419
1403636685163555584.000000 0.647533894 6.149572849 5.804237366 0.176839635 -0.014581756 -0.064524859 0.982014120
1403636685213555456.000000 0.638617575 6.132153034 5.772539139 0.174867213 -0.016642977 -0.066883259 0.982176721
1403636685263555584.000000 0.631194115 6.112451553 5.740781307 0.172575906 -0.018509489 -0.069394447 0.982374370
1403636685313555456.000000 0.624872506 6.094069958 5.708322525 0.170519695 -0.019667517 -0.071331747 0.982572138
1403636685363555584.000000 0.621412635 6.072527409 5.676795006 0.168899149 -0.020073602 -0.072416961 0.982764482
1403636685413555456.000000 0.616070330 6.052969933 5.643818855 0.167850196 -0.019957446 -0.071569815 0.983008564
1403636685463555584.000000 0.610564947 6.031425476 5.612354279 0.167398885 -0.020680159 -0.069400229 0.983226120
1403636685513555456.000000 0.602444470 6.010422707 5.580259800 0.167197779 -0.020744529 -0.067226648 0.983409941
1403636685563555584.000000 0.593535602 5.989112854 5.549560070 0.166837916 -0.021677444 -0.065802783 0.983547330
1403636685613555456.000000 0.582223892 5.967227936 5.518301010 0.167008400 -0.021484861 -0.063347161 0.983683825
1403636685663555584.000000 0.570975840 5.945424080 5.488367081 0.166116029 -0.020744743 -0.063891105 0.983815610
1403636685713555456.000000 0.557061970 5.923150539 5.458066940 0.165602580 -0.019571586 -0.064698167 0.983873487
1403636685763555584.000000 0.543257833 5.899611950 5.429235935 0.165104985 -0.018890029 -0.065559514 0.983913362
1403636685813555456.000000 0.527536869 5.876454353 5.399826050 0.164138481 -0.017203398 -0.067858920 0.983950138
1403636685863555584.000000 0.511800349 5.854000092 5.371352196 0.163412169 -0.015637869 -0.069793247 0.983961821
1403636685913555456.000000 0.493709445 5.829867363 5.342205048 0.163804024 -0.016078657 -0.068720035 0.983965158
1403636685963555584.000000 0.475779653 5.806367874 5.313786983 0.165118575 -0.017507013 -0.065799259 0.983920634
1403636686013555456.000000 0.457286328 5.781715393 5.284095287 0.166101113 -0.019667078 -0.063103519 0.983891070
1403636686063555584.000000 0.440680653 5.758163929 5.254189968 0.167473629 -0.022706978 -0.060298692 0.983768880
1403636686113555456.000000 0.425713241 5.733271599 5.223690987 0.168279991 -0.024660198 -0.058113728 0.983715653
1403636686163555584.000000 0.413426489 5.709607124 5.194667339 0.168204978 -0.024353541 -0.057454716 0.983774841
1403636686213555456.000000 0.402661681 5.685022354 5.164229870 0.168217406 -0.025475549 -0.056537148 0.983797491
1403636686263555584.000000 0.393055558 5.661818504 5.134298325 0.168427110 -0.026661202 -0.055167552 0.983807981
1403636686313555456.000000 0.385502577 5.637821674 5.103952885 0.168368965 -0.027926395 -0.054390147 0.983826101
1403636686363555584.000000 0.379608870 5.614784718 5.073998451 0.168644637 -0.028881239 -0.053586565 0.983795404
1403636686413555456.000000 0.374808550 5.591467381 5.044280529 0.168258727 -0.029870922 -0.054005798 0.983809054
1403636686463555584.000000 0.368889123 5.568834782 5.015299320 0.168362617 -0.031450141 -0.053633884 0.983762324
1403636686513555456.000000 0.361964256 5.546240330 4.987384319 0.168740347 -0.032968361 -0.052912019 0.983686984
1403636686563555584.000000 0.353393972 5.523886681 4.960888863 0.168488488 -0.032906830 -0.053520869 0.983699381
1403636686613555456.000000 0.344040066 5.501668930 4.935318947 0.168553531 -0.033205226 -0.055146713 0.983588398
1403636686663555584.000000 0.332970709 5.479818821 4.910138607 0.168429941 -0.033037409 -0.055696204 0.983584166
1403636686713555456.000000 0.321633160 5.457619667 4.886436939 0.168696359 -0.032673802 -0.055573665 0.983557642
1403636686763555584.000000 0.309056878 5.435863018 4.863863468 0.169275448 -0.031028779 -0.055131849 0.983536243
1403636686813555456.000000 0.299203217 5.413834572 4.841177940 0.169364288 -0.029216131 -0.055010222 0.983583272
1403636686863555584.000000 0.289997637 5.392292976 4.819021702 0.170217603 -0.027952021 -0.054115187 0.983522415
1403636686913555456.000000 0.283662975 5.370779991 4.796290874 0.170903176 -0.026702227 -0.053045396 0.983496487
1403636686963555584.000000 0.277467430 5.350012779 4.773700714 0.171364799 -0.025769832 -0.052445784 0.983473241
1403636687013555456.000000 0.274784625 5.329307079 4.750633240 -0.172027826 0.024697021 0.051989477 -0.983409166
1403636687063555584.000000 0.272259593 5.308831692 4.728036880 0.172327265 -0.024433699 -0.050849840 0.983422935
1403636687113555456.000000 0.272670209 5.288996220 4.704569340 0.172686055 -0.024419984 -0.050798990 0.983362973
1403636687163555584.000000 0.272023141 5.269618511 4.681335926 0.173065707 -0.024083402 -0.050966412 0.983295858
1403636687213555456.000000 0.272008926 5.250336170 4.658450127 0.173020214 -0.022552382 -0.051075175 0.983334541
1403636687263555584.000000 0.270361990 5.231534481 4.635989189 0.173215002 -0.022086840 -0.051547851 0.983286142
1403636687313555456.000000 0.265250593 5.213920116 4.617843151 0.173520654 -0.021321319 -0.051857829 0.983232856
1403636687363555584.000000 0.260855585 5.196068287 4.596657753 0.173315182 -0.019515246 -0.052722588 0.983260632
1403636687413555456.000000 0.254780769 5.178964138 4.576842308 0.173497185 -0.018119399 -0.053717781 0.983201325
1403636687463555584.000000 0.247502655 5.161778927 4.556760788 0.173606098 -0.017233573 -0.054045357 0.983180106
1403636687513555456.000000 0.238091052 5.144944668 4.537690639 0.173748136 -0.016585097 -0.053852320 0.983176708
1403636687563555584.000000 0.227631837 5.128660679 4.519288063 0.174590915 -0.016960671 -0.052719962 0.983082414
1403636687613555456.000000 0.214872509 5.112483501 4.500806808 0.175296620 -0.015865687 -0.051720615 0.983028233
1403636687663555584.000000 0.201009572 5.097013950 4.482810497 0.176122516 -0.015874187 -0.051020931 0.982917011
1403636687713555456.000000 0.184862241 5.082045555 4.464973927 0.176967457 -0.014479193 -0.049641535 0.982857406
1403636687763555584.000000 0.166859001 5.066867828 4.448464394 0.177452952 -0.015030231 -0.049146600 0.982786477
1403636687813555456.000000 0.147726685 5.052862167 4.431506634 0.177394077 -0.015138732 -0.049995944 0.982752621
1403636687863555584.000000 0.128318489 5.039608479 4.416170597 0.177571684 -0.015537677 -0.050058026 0.982711077
1403636687913555456.000000 0.106752932 5.026619434 4.399974346 0.177232370 -0.015741499 -0.051454995 0.982697010
1403636687963555584.000000 0.086297609 5.013683796 4.383335590 0.176618144 -0.015846048 -0.054374725 0.982648671
1403636688013555456.000000 0.063080139 5.001245022 4.367539883 0.175962448 -0.015287944 -0.056244396 0.982669890
1403636688063555584.000000 0.039916314 4.989014149 4.353064537 0.174957976 -0.014955484 -0.060191479 0.982620478
1403636688113555456.000000 0.017383978 4.977020264 4.336514950 0.173953488 -0.014703789 -0.062883802 0.982634008
1403636688163555584.000000 -0.002746508 4.965631962 4.319511414 0.173738793 -0.015182632 -0.063911304 0.982598484
1403636688213555456.000000 -0.022173446 4.952911854 4.302015305 0.173746362 -0.015397926 -0.063882798 0.982595623
1403636688263555584.000000 -0.039779481 4.940941334 4.283657074 0.174397379 -0.014942552 -0.062530577 0.982574284
1403636688313555456.000000 -0.056617208 4.927525043 4.265073299 0.175351754 -0.016236184 -0.060082149 0.982536733
1403636688363555584.000000 -0.072588384 4.914505959 4.245871544 0.176252872 -0.016871750 -0.057836019 0.982499540
1403636688413555456.000000 -0.089284636 4.901088715 4.226743221 0.176534876 -0.018424092 -0.057398725 0.982446671
1403636688463555584.000000 -0.105650470 4.889523506 4.207575321 0.175651997 -0.018145725 -0.059213828 0.982502401
1403636688513555456.000000 -0.123977579 4.876489639 4.188738823 0.174892023 -0.018467251 -0.061916236 0.982465386
1403636688563555584.000000 -0.143063873 4.864130497 4.170777321 0.173199296 -0.018343978 -0.066452451 0.982471168
1403636688613555456.000000 -0.163287282 4.850804806 4.152514458 0.171765029 -0.018421650 -0.071298748 0.982381821
1403636688663555584.000000 -0.184309363 4.837369442 4.135580540 0.171130240 -0.018110367 -0.074339263 0.982272923
1403636688713555456.000000 -0.206251651 4.822733402 4.117699623 0.171132147 -0.017845912 -0.075962670 0.982153237
1403636688763555584.000000 -0.227927789 4.808179379 4.099787712 0.171487808 -0.018531395 -0.077472277 0.981960535
1403636688813555456.000000 -0.249807149 4.791857719 4.081592560 0.173043698 -0.019033782 -0.075988553 0.981794000
1403636688863555584.000000 -0.270246416 4.774885654 4.064075470 0.175020933 -0.020282421 -0.077080429 0.981333256
1403636688913555456.000000 -0.288851023 4.756437778 4.044676781 0.178888112 -0.021936703 -0.076230101 0.980666578
1403636688963555584.000000 -0.305768937 4.737303734 4.026283264 0.182753041 -0.024140740 -0.075082771 0.979990423
1403636689013555456.000000 -0.320346832 4.717523098 4.006439209 0.186591566 -0.025970992 -0.073892504 0.979310453
1403636689063555584.000000 -0.332914561 4.697191238 3.987021208 0.190701947 -0.027725209 -0.072366998 0.978584290
1403636689113555456.000000 -0.343631029 4.676358700 3.966567516 -0.194841087 0.029673813 0.070585355 -0.977841556
1403636689163555584.000000 -0.352565318 4.654723644 3.944984436 0.198497742 -0.032006007 -0.069396682 0.977117419
1403636689213555456.000000 -0.359226942 4.633888245 3.923985004 0.201508731 -0.033750359 -0.069798112 0.976413608
1403636689263555584.000000 -0.364899069 4.612410069 3.905466557 0.204402402 -0.034914196 -0.069302522 0.975806296
1403636689313555456.000000 -0.367407024 4.591822147 3.884755135 0.206832364 -0.036553498 -0.069573879 0.975214779
1403636689363555584.000000 -0.368254304 4.569933891 3.867643595 0.208837196 -0.036508091 -0.069894776 0.974766076
1403636689413555456.000000 -0.365867198 4.549202919 3.848162413 0.210477799 -0.036394779 -0.070906885 0.974344254
1403636689463555584.000000 -0.362368137 4.527212143 3.831405640 0.212049380 -0.036101781 -0.070640780 0.974033713
1403636689513555456.000000 -0.355970263 4.506789207 3.811197996 0.213166595 -0.036974099 -0.070879899 0.973739684
1403636689563555584.000000 -0.348905206 4.485403061 3.794579506 0.214378044 -0.038832717 -0.070488021 0.973429799
1403636689613555456.000000 -0.340231597 4.465984821 3.773896217 0.215083867 -0.041497182 -0.069996685 0.973199606
1403636689663555584.000000 -0.331421614 4.445013046 3.757871389 0.216096297 -0.044930600 -0.067755260 0.972981453
1403636689713555456.000000 -0.323810339 4.425693512 3.739770889 0.217101514 -0.049333684 -0.064630136 0.972756922
1403636689763555584.000000 -0.316743910 4.405393600 3.724306583 0.217861056 -0.054856986 -0.060075335 0.972583294
1403636689813555456.000000 -0.310553372 4.386356354 3.710528851 0.218662500 -0.057886511 -0.056260355 0.972456038
1403636689863555584.000000 -0.303649873 4.365924358 3.700753450 0.219209701 -0.058078457 -0.052358728 0.972539246
1403636689913555456.000000 -0.297699004 4.347425461 3.691465616 0.220825508 -0.057420280 -0.045495432 0.972558141
1403636689963555584.000000 -0.291579723 4.328969002 3.687997818 0.221227691 -0.055572562 -0.041273296 0.972762346
1403636690013555456.000000 -0.285951465 4.312589645 3.683462381 0.220628992 -0.053975407 -0.040435269 0.973023415
1403636690063555584.000000 -0.280897528 4.294671059 3.687286615 0.219215259 -0.053160019 -0.041714307 0.973333776
1403636690113555456.000000 -0.276655316 4.280768871 3.687580109 0.216956362 -0.053861178 -0.046729151 0.973573565
1403636690163555584.000000 -0.271110892 4.267324924 3.689189672 0.214263231 -0.053590372 -0.052802227 0.973874450
1403636690213555456.000000 -0.265154481 4.254627228 3.692888975 -0.212037355 0.053423397 0.057658628 -0.974095285
1403636690263555584.000000 -0.255885988 4.242059708 3.696809292 0.210775048 -0.052800685 -0.059807938 0.974273562
1403636690313555456.000000 -0.245760143 4.229392052 3.703260183 0.209664181 -0.051734317 -0.062444329 0.974405110
1403636690363555584.000000 -0.233174980 4.216694355 3.709955692 0.208525598 -0.050893765 -0.064037047 0.974590302
1403636690413555456.000000 -0.220490158 4.203946590 3.718834162 0.208058178 -0.050364733 -0.064755373 0.974670172
1403636690463555584.000000 -0.205852285 4.191886425 3.726485491 0.208331600 -0.049324702 -0.063376434 0.974755585
1403636690513555456.000000 -0.193266660 4.178959370 3.737998247 -0.209639236 0.048130561 0.059185516 -0.974798441
1403636690563555584.000000 -0.180937514 4.166725636 3.748678923 0.210641637 -0.047186725 -0.055577371 0.974840820
1403636690613555456.000000 -0.170740932 4.154356003 3.763152122 0.212576106 -0.048266791 -0.049135812 0.974714041
1403636690663555584.000000 -0.160798565 4.142844677 3.778140545 0.214358032 -0.047615591 -0.043464798 0.974625170
1403636690713555456.000000 -0.153022736 4.131903648 3.795894861 0.217373103 -0.045642875 -0.034303036 0.974417269
1403636690763555584.000000 -0.147823691 4.123725891 3.812862873 0.220487520 -0.044011734 -0.023718242 0.974107683
1403636690813555456.000000 -0.146831602 4.116147041 3.834647655 0.223078325 -0.041720554 -0.015694911 0.973780870
1403636690863555584.000000 -0.148731217 4.110769272 3.856939316 0.225075021 -0.037056077 -0.009527672 0.973589897
1403636690913555456.000000 -0.151078388 4.108443260 3.882015228 0.226760522 -0.030753415 -0.004640928 0.973453879
1403636690963555584.000000 -0.153495818 4.108465672 3.906529903 0.228620052 -0.022524336 0.000840388 0.973254800
1403636691013555456.000000 -0.152667955 4.112565517 3.932751894 0.230167657 -0.012851082 0.004858965 0.973053992
1403636691063555584.000000 -0.151007369 4.119946957 3.957518101 0.231298149 -0.003841559 0.006975592 0.972850382
1403636691113555456.000000 -0.146369055 4.132515430 3.982063532 0.231916428 0.002151870 0.006298700 0.972712994
1403636691163555584.000000 -0.140819743 4.148589134 4.003905773 0.231316149 0.010154477 0.002679232 0.972822011
1403636691213555456.000000 -0.131802469 4.169789791 4.025142193 0.229245335 0.016767912 -0.005854917 0.973206639
1403636691263555584.000000 -0.123759888 4.193797588 4.043069363 0.226134598 0.022815047 -0.017525855 0.973671138
1403636691313555456.000000 -0.113676369 4.222379684 4.058361053 0.223177880 0.025662430 -0.028817657 0.974013686
1403636691363555584.000000 -0.104622290 4.252467632 4.070801258 0.221030250 0.025399886 -0.038166873 0.974188805
1403636691413555456.000000 -0.093763627 4.284945488 4.081385136 0.220659018 0.018618986 -0.044045921 0.974178076
1403636691463555584.000000 -0.081205755 4.318113327 4.090260983 0.220512629 0.009593843 -0.048553560 0.974127710
1403636691513555456.000000 -0.068966396 4.351966858 4.096382141 0.221537620 0.000758784 -0.050157961 0.973860741
1403636691563555584.000000 -0.051958330 4.386970997 4.101711273 0.222436309 -0.004438850 -0.051547218 0.973573506
1403636691613555456.000000 -0.034374490 4.422437668 4.105275631 0.222891435 -0.009080656 -0.054522637 0.973275006
1403636691663555584.000000 -0.013734013 4.458633423 4.109351635 0.221550286 -0.011443594 -0.060856625 0.973180890
1403636691713555456.000000 0.004932784 4.495967388 4.111523151 0.219880745 -0.014191310 -0.068321548 0.973027945
1403636691763555584.000000 0.024119429 4.532288551 4.114823341 0.218587533 -0.014167184 -0.073930763 0.972909570
1403636691813555456.000000 0.039858557 4.569266796 4.116910934 0.218507826 -0.015355140 -0.075576320 0.972783029
1403636691863555584.000000 0.054346584 4.604671001 4.119862556 0.219171345 -0.016617030 -0.074539341 0.972693086
1403636691913555456.000000 0.066675231 4.641231537 4.121715069 0.220107317 -0.016752152 -0.071904071 0.972677767
1403636691963555584.000000 0.078371443 4.676258564 4.124376774 0.221483365 -0.012961653 -0.068251155 0.972686470
1403636692013555456.000000 0.089922629 4.712431908 4.126503944 0.222380221 -0.008967067 -0.065394998 0.972723126
1403636692063555584.000000 0.099265419 4.747864723 4.128275394 0.222989276 -0.008741328 -0.063135810 0.972734988
1403636692113555456.000000 0.108657420 4.783648014 4.129747391 0.222080559 -0.009286235 -0.064824000 0.972826719
1403636692163555584.000000 0.122497186 4.819931507 4.131191254 0.219803348 -0.008787901 -0.070048422 0.972986400
1403636692213555456.000000 0.134646446 4.855316639 4.131114960 0.218509480 -0.009858361 -0.073100217 0.973043025
1403636692263555584.000000 0.149958670 4.891716957 4.129375935 0.217600435 -0.011150042 -0.074456625 0.973129988
1403636692313555456.000000 0.165112346 4.926564693 4.125996590 0.217452005 -0.012290917 -0.073665768 0.973209679
1403636692363555584.000000 0.185094863 4.962115288 4.120873451 0.218015403 -0.013760951 -0.071050122 0.973258376
1403636692413555456.000000 0.202487782 4.997043610 4.114734650 0.217263937 -0.015308543 -0.071318135 0.973383665
1403636692463555584.000000 0.225636497 5.031733513 4.108866692 0.216048181 -0.016041040 -0.073902130 0.973449767
1403636692513555456.000000 0.245939106 5.065964699 4.101321697 0.213779837 -0.015540282 -0.078080542 0.973632455
1403636692563555584.000000 0.270798445 5.099563122 4.093664646 0.213106930 -0.015441909 -0.078319274 0.973762393
1403636692613555456.000000 0.293933302 5.132178783 4.084909439 0.213137791 -0.016039928 -0.077020615 0.973849535
1403636692663555584.000000 0.318444699 5.164372921 4.075487137 0.212619290 -0.016356496 -0.075938232 0.974042594
1403636692713555456.000000 0.347447306 5.196735859 4.065686703 0.210951865 -0.018407021 -0.078699656 0.974149346
1403636692763555584.000000 0.369747907 5.228654385 4.056146622 0.207615048 -0.020636074 -0.086526193 0.974157810
1403636692813555456.000000 0.390980959 5.259251595 4.046818733 -0.203557968 0.023228355 0.095876224 -0.974080265
1403636692863555584.000000 0.413440347 5.288421631 4.038123608 0.200814188 -0.024784621 -0.102677658 0.973918200
1403636692913555456.000000 0.431975663 5.315582275 4.029060841 0.198820591 -0.026123637 -0.107795812 0.973739207
1403636692963555584.000000 0.450095385 5.340352535 4.020351410 -0.198703662 0.027646821 0.107925944 -0.973706603
1403636693013555456.000000 0.473907828 5.365568638 4.009854794 0.200039223 -0.029594107 -0.104547366 0.973744571
1403636693063555584.000000 0.489868522 5.385775566 4.001456738 0.201534346 -0.029028904 -0.100464694 0.973883033
1403636693113555456.000000 0.505472422 5.403502941 3.993610859 -0.203215808 0.027429169 0.096681871 -0.973962843
1403636693163555584.000000 0.522484541 5.419814110 3.986932039 0.204985216 -0.026840432 -0.092802703 0.973985851
1403636693213555456.000000 0.533774436 5.435016632 3.980126858 0.205963448 -0.028801439 -0.091057725 0.973888159
1403636693263555584.000000 0.544213712 5.449397087 3.974286556 -0.207226336 0.032738265 0.088702418 -0.973713160
1403636693313555456.000000 0.554499984 5.464313984 3.967585087 0.208636895 -0.037857849 -0.085687436 0.973496377
1403636693363555584.000000 0.562035441 5.476529598 3.962877512 0.209883749 -0.042417213 -0.083229907 0.973253548
1403636693413555456.000000 0.569282055 5.488348007 3.958701372 -0.211248532 0.046572380 0.080861881 -0.972967863
1403636693463555584.000000 0.578267992 5.501321793 3.953355312 0.212226018 -0.051428683 -0.079792805 0.972598791
1403636693513555456.000000 0.584169507 5.511590958 3.952025414 0.212589324 -0.057979856 -0.078173712 0.972282410
1403636693563555584.000000 0.590458691 5.521375656 3.952596664 -0.212845460 0.064628236 0.078175180 -0.971806943
1403636693613555456.000000 0.596628428 5.530909061 3.953004360 0.212991714 -0.069246776 -0.078985348 0.971391141
1403636693663555584.000000 0.602964222 5.538909435 3.957475185 0.213029981 -0.072002947 -0.079285055 0.971157968
1403636693713555456.000000 0.610037565 5.546225548 3.964048147 -0.213629380 0.070836164 0.078751236 -0.971155465
1403636693763555584.000000 0.618238389 5.552076817 3.968376398 0.214403346 -0.065260239 -0.078394718 0.971404493
1403636693813555456.000000 0.625597119 5.557453156 3.978893518 0.214685291 -0.059515450 -0.078408308 0.971710026
1403636693863555584.000000 0.632822633 5.562109470 3.987750530 0.215450823 -0.052357826 -0.077395305 0.972033739
1403636693913555456.000000 0.640052378 5.566094875 4.001172543 0.216825470 -0.043998901 -0.074714042 0.972352147
1403636693963555584.000000 0.646653533 5.569356441 4.015290260 0.217174381 -0.035913739 -0.074481480 0.972624302
1403636694013555456.000000 0.652524173 5.572248459 4.028909206 0.218565106 -0.027889194 -0.072115570 0.972754300
1403636694063555584.000000 0.657640934 5.575076103 4.044345856 0.219072238 -0.021654293 -0.071363740 0.972854435
1403636694113555456.000000 0.661930799 5.577910423 4.059216022 0.219712228 -0.018777287 -0.070811808 0.972810268
1403636694163555584.000000 0.666644454 5.580047131 4.074390411 0.220015615 -0.015580688 -0.070586056 0.972814500
1403636694213555456.000000 0.673106074 5.583499432 4.087598324 0.220292062 -0.013879820 -0.070298970 0.972798467
1403636694263555584.000000 0.680056810 5.587395668 4.099845409 0.220318317 -0.014219054 -0.071342334 0.972711682
1403636694313555456.000000 0.687743247 5.590907097 4.103828430 0.220621154 -0.016059909 -0.071771532 0.972582757
1403636694363555584.000000 0.697112501 5.594727516 4.114419460 0.220862150 -0.019039433 -0.070855513 0.972541511
1403636694413555456.000000 0.706328988 5.598614693 4.124319077 0.220922843 -0.022235520 -0.071839206 0.972387731
1403636694463555584.000000 0.715490878 5.601084232 4.133400440 0.220452070 -0.024556959 -0.072239570 0.972409070
1403636694513555456.000000 0.723646164 5.604959488 4.143884182 0.219829157 -0.025997976 -0.073531285 0.972415745
1403636694563555584.000000 0.730554104 5.608672619 4.154479980 0.219748691 -0.027089177 -0.073743157 0.972388148
1403636694613555456.000000 0.739019632 5.609110355 4.164955139 0.219078824 -0.028246418 -0.073954538 0.972490311
1403636694663555584.000000 0.742966890 5.612566948 4.176786423 0.218566507 -0.028403753 -0.074519910 0.972557843
1403636694713555456.000000 0.745873809 5.615499020 4.188873768 0.218137443 -0.027069623 -0.074877746 0.972664714
1403636694763555584.000000 0.747575939 5.618405342 4.201055050 0.218523368 -0.025143431 -0.072181225 0.972833633
1403636694813555456.000000 0.745087445 5.621940136 4.211536407 0.218020409 -0.022835938 -0.071526170 0.973051727
1403636694863555584.000000 0.743359745 5.624730110 4.223977089 0.219885513 -0.024192205 -0.065334260 0.973034739
1403636694913555456.000000 0.740384817 5.627383232 4.236337185 0.220753700 -0.025037652 -0.060511474 0.973128676
1403636694963555584.000000 0.738699377 5.627060890 4.250336170 0.221490115 -0.026954737 -0.055519283 0.973207712
1403636695013555456.000000 0.735062957 5.631395817 4.263181686 0.221708804 -0.028073221 -0.053460229 0.973241627
1403636695063555584.000000 0.732073903 5.636716366 4.276236057 0.220376596 -0.029149637 -0.055438984 0.973401785
1403636695113555456.000000 0.730724812 5.642933846 4.288566113 0.218616962 -0.028217120 -0.058377322 0.973654270
1403636695163555584.000000 0.731901705 5.647450447 4.303205490 0.217138916 -0.028326264 -0.059939571 0.973886847
1403636695213555456.000000 0.734355152 5.654428482 4.314975739 0.215122983 -0.027367698 -0.062777601 0.974182844
1403636695263555584.000000 0.738631010 5.661512375 4.325787067 0.213370666 -0.025970336 -0.065409705 0.974433243
1403636695313555456.000000 0.744615138 5.669023991 4.335756302 0.211878985 -0.024922563 -0.067103505 0.974670887
1403636695363555584.000000 0.751018763 5.674629688 4.350060940 0.210346118 -0.023888171 -0.068330832 0.974943459
1403636695413555456.000000 0.759557545 5.682184696 4.358681202 0.209596574 -0.023529774 -0.068672150 0.975089610
1403636695463555584.000000 0.768708467 5.689477444 4.367044449 0.208633557 -0.022569280 -0.069501907 0.975260079
1403636695513555456.000000 0.779170692 5.695592403 4.378204823 0.207230389 -0.021654822 -0.071861930 0.975408971
1403636695563555584.000000 0.787297726 5.702457428 4.386139393 0.206372589 -0.020327125 -0.072821096 0.975548208
1403636695613555456.000000 0.794084489 5.708813190 4.394489288 0.205034524 -0.019403134 -0.074733138 0.975704551
1403636695663555584.000000 0.799226046 5.715054512 4.402411938 0.203522876 -0.018358599 -0.077305041 0.975840867
1403636695713555456.000000 0.803595543 5.718375683 4.418723583 0.202930510 -0.017708965 -0.077476338 0.975962639
1403636695763555584.000000 0.805529058 5.723478794 4.426231384 0.203302652 -0.018969974 -0.074327186 0.976106405
1403636695813555456.000000 0.806353390 5.728256226 4.433959961 0.203096747 -0.019553153 -0.073996931 0.976162851
1403636695863555584.000000 0.805916548 5.732955456 4.441161156 0.203098342 -0.019674256 -0.072888888 0.976243436
1403636695913555456.000000 0.804172218 5.737332344 4.448200226 0.202510834 -0.020719353 -0.072906807 0.976342559
1403636695963555584.000000 0.801149964 5.741386414 4.455148220 0.202643409 -0.023017613 -0.071712613 0.976351976
1403636696013555456.000000 0.797240973 5.745223999 4.462193489 0.202532545 -0.025596058 -0.070214637 0.976419628
1403636696063555584.000000 0.792602897 5.748744011 4.469551086 0.201816663 -0.029104259 -0.070776589 0.976429105
1403636696113555456.000000 0.792397618 5.750032425 4.491904259 0.200118050 -0.032571193 -0.073093601 0.976498485
1403636696163555584.000000 0.787679672 5.752829552 4.500173092 0.198429555 -0.033672322 -0.076523058 0.976543009
1403636696213555456.000000 0.782195389 5.755407333 4.509006023 -0.197210997 0.034919627 0.078833133 -0.976562262
1403636696263555584.000000 0.776728630 5.757135391 4.517525196 -0.196433142 0.031882465 0.080216028 -0.976710260
1403636696313555456.000000 0.770811796 5.757904530 4.526202202 -0.196875468 0.028244376 0.078893110 -0.976840913
1403636696363555584.000000 0.765673220 5.757915020 4.534945488 0.197191030 -0.020297658 -0.076706991 0.977148771
1403636696413555456.000000 0.761242032 5.757223606 4.543079376 0.198392823 -0.012233967 -0.072514847 0.977359891
1403636696463555584.000000 0.756722271 5.758018494 4.541758060 0.199725822 -0.007854114 -0.067804262 0.977471530
1403636696513555456.000000 0.754134834 5.755775452 4.556428909 0.199433684 -0.006075708 -0.066888832 0.977606893
1403636696563555584.000000 0.751659453 5.756687164 4.552354336 0.199408740 -0.007454525 -0.065581098 0.977691054
1403636696613555456.000000 0.749998331 5.753084183 4.576628685 0.199241057 -0.007991311 -0.065281145 0.977741063
1403636696663555584.000000 0.749637365 5.752997398 4.577971458 0.199331671 -0.009998273 -0.063797869 0.977802038
1403636696713555456.000000 0.749846935 5.753925800 4.576879978 0.199379385 -0.010531998 -0.063505776 0.977805734
1403636696763555584.000000 0.749403059 5.754870415 4.575989723 0.199339062 -0.012386215 -0.063413009 0.977798223
1403636696813555456.000000 0.747744560 5.756179333 4.574998379 0.198640555 -0.012572313 -0.064638458 0.977857828
1403636696863555584.000000 0.744425297 5.757762909 4.573596478 0.198445439 -0.013508193 -0.065552078 0.977824092
1403636696913555456.000000 0.740021944 5.759261608 4.572328091 0.197746247 -0.013391386 -0.067469165 0.977836907
1403636696963555584.000000 0.734738946 5.760562897 4.570991516 0.195604652 -0.012131222 -0.073867589 0.977821767
1403636697013555456.000000 0.729045272 5.761312962 4.569602966 0.193143427 -0.010968739 -0.080804892 0.977776051
1403636697063555584.000000 0.727744222 5.759388924 4.578417301 0.190710142 -0.009649792 -0.086960763 0.977739453
1403636697113555456.000000 0.723445833 5.758461952 4.575702190 -0.187882751 0.008889250 0.094288759 -0.977614820
1403636697163555584.000000 0.720229030 5.756290913 4.570858955 -0.185741737 0.007832325 0.099576332 -0.977508724
1403636697213555456.000000 0.719689608 5.751788139 4.564488411 -0.184576198 0.006463357 0.102562226 -0.977430761
1403636697263555584.000000 0.720169663 5.745438099 4.556084156 -0.183706060 0.005726887 0.103454046 -0.977505326
1403636697313555456.000000 0.721440673 5.736834526 4.546037674 -0.184604988 0.008698839 0.100845397 -0.977586567
1403636697363555584.000000 0.724363446 5.726371288 4.534526825 -0.186210752 0.011892278 0.094768524 -0.977856338
1403636697413555456.000000 0.728707612 5.714223385 4.522218704 -0.188349992 0.015793396 0.088461846 -0.977982283
1403636697463555584.000000 0.734917164 5.700976372 4.508628845 -0.190248996 0.019818235 0.083393909 -0.977986753
1403636697513555456.000000 0.743205369 5.687029362 4.494034290 -0.191015199 0.022964871 0.079467066 -0.978095531
1403636697563555584.000000 0.751412272 5.678773880 4.472690105 0.189665556 -0.024619620 -0.077004984 0.978514731
1403636697613555456.000000 0.762013376 5.664503098 4.457479000 0.185869440 -0.024614202 -0.076100759 0.979313731
1403636697663555584.000000 0.772027254 5.648994446 4.442737103 -0.179602027 0.024126710 0.075064279 -0.980574548
1403636697713555456.000000 0.780151486 5.633817196 4.428478241 -0.171518400 0.024612568 0.071913563 -0.982244432
1403636697763555584.000000 0.786423624 5.618512630 4.414591789 -0.161143333 0.025992397 0.069490612 -0.984138370
1403636697813555456.000000 0.791470468 5.602782249 4.401044369 -0.150358200 0.025851861 0.066111505 -0.986079812
1403636697863555584.000000 0.795019507 5.586319447 4.387989521 -0.140532464 0.025659908 0.062254582 -0.987783730
1403636697913555456.000000 0.797115862 5.569029808 4.375246048 -0.131466240 0.026046317 0.058466267 -0.989252269
1403636697963555584.000000 0.797869742 5.551195145 4.362808704 -0.123578727 0.026113536 0.054186676 -0.990510106
1403636698013555456.000000 0.797065437 5.532829285 4.350895882 -0.116871029 0.026724335 0.050925434 -0.991480529
1403636698063555584.000000 0.785710216 5.521261692 4.327154160 0.111451045 -0.025426000 -0.048507642 0.992259681
1403636698113555456.000000 0.782177329 5.501739979 4.315435410 0.106842965 -0.025949944 -0.045658007 0.992888033
1403636698163555584.000000 0.777126312 5.482095242 4.304372311 0.103041798 -0.026046874 -0.043121196 0.993400514
1403636698213555456.000000 0.773365319 5.461299419 4.294923782 -0.099278703 0.025450880 0.041201651 -0.993880570
1403636698263555584.000000 0.766936541 5.441115856 4.285264015 -0.094248801 0.025720900 0.038719337 -0.994462907
1403636698313555456.000000 0.759564042 5.421030998 4.276168346 -0.087465599 0.025963513 0.037467245 -0.995124102
1403636698363555584.000000 0.751620710 5.400910378 4.267385483 -0.079746142 0.025337238 0.035322595 -0.995866954
1403636698413555456.000000 0.736994863 5.379802227 4.245925426 0.071074083 -0.025747379 -0.032801244 0.996599019
1403636698463555584.000000 0.726935446 5.359810829 4.237648010 0.061723039 -0.026960680 -0.029459970 0.997294128
1403636698513555456.000000 0.716192722 5.339569569 4.229792118 0.051256187 -0.027577467 -0.027227951 0.997933328
1403636698563555584.000000 0.703869462 5.317979336 4.218816757 0.040287342 -0.027750103 -0.023514936 0.998525918
1403636698613555456.000000 0.692186475 5.297713280 4.212080479 0.028815631 -0.028074997 -0.019316794 0.999003649
1403636698663555584.000000 0.680769444 5.278573036 4.207183838 -0.017033603 0.028796192 0.013864381 -0.999344051
1403636698713555456.000000 0.664560378 5.254846096 4.193999767 0.004560084 -0.029052403 -0.008589731 0.999530613
1403636698763555584.000000 0.650451303 5.234025478 4.188713551 -0.008544601 -0.029585687 -0.003191251 0.999520719
1403636698813555456.000000 0.635027707 5.212438583 4.183303356 0.022215117 0.030139551 -0.002184233 -0.999296486
1403636698863555584.000000 0.618012190 5.188755989 4.172413826 -0.035559751 -0.030312015 0.009289404 0.998864591
1403636698913555456.000000 0.603231311 5.167263985 4.168503761 -0.049529314 -0.029996617 0.014403579 0.998218238
1403636698963555584.000000 0.589839339 5.145259857 4.163997173 0.062916301 0.030277871 -0.020907821 -0.997340262
1403636699013555456.000000 0.577942789 5.123320103 4.159544468 0.075819954 0.029939128 -0.026838757 -0.996310532
1403636699063555584.000000 0.566856921 5.100370884 4.150775433 -0.088742115 -0.029410632 0.033256743 0.995064795
1403636699113555456.000000 0.558919191 5.078579903 4.146251678 -0.101841196 -0.028267646 0.039846450 0.993600309
1403636699163555584.000000 0.552056670 5.056507587 4.140412807 0.114152737 0.026937718 -0.049351819 -0.991870999
1403636699213555456.000000 0.546868622 5.035396576 4.134340286 0.127409130 0.026955407 -0.056856208 -0.989852428
1403636699263555584.000000 0.542076051 5.014552116 4.121531010 -0.141052991 -0.026566468 0.065192848 0.987495899
1403636699313555456.000000 0.539791942 4.995151520 4.115530491 -0.154300198 -0.027456045 0.074316084 0.984842479
1403636699363555584.000000 0.539634228 4.977046967 4.109885216 -0.167714953 -0.027699256 0.081399500 0.982078731
1403636699413555456.000000 0.539318204 4.960001945 4.100355625 -0.180538774 -0.027967663 0.089598447 0.979079008
1403636699463555584.000000 0.540633023 4.944302082 4.094820499 -0.192904875 -0.028397480 0.096232697 0.976074100
1403636699513555456.000000 0.541912079 4.930073261 4.088650703 0.205465332 0.028500970 -0.101372145 -0.972982764
1403636699563555584.000000 0.540553808 4.916901588 4.079448700 -0.217467591 -0.028153477 0.107538640 0.969716787
1403636699613555456.000000 0.539360344 4.905432224 4.074857712 -0.229053870 -0.027600773 0.113481008 0.966382205
1403636699663555584.000000 0.537119865 4.895410538 4.069980621 0.240882412 0.026719501 -0.119369000 -0.962815106
1403636699713555456.000000 0.534034431 4.887312412 4.065699577 0.253137171 0.025441363 -0.123260207 -0.959208727
1403636699763555584.000000 0.530027211 4.880776882 4.061502457 0.264961928 0.025296658 -0.123522356 -0.955979884
1403636699813555456.000000 0.524935246 4.875340462 4.057423115 0.275849432 0.024709299 -0.121890590 -0.953120887
1403636699863555584.000000 0.519284725 4.870765209 4.053413391 0.284689099 0.023070114 -0.120354332 -0.950754881
1403636699913555456.000000 0.513411045 4.866930008 4.049360275 0.291444480 0.021067489 -0.119923070 -0.948807061
1403636699963555584.000000 0.506560802 4.863589287 4.045348644 0.296053916 0.018912803 -0.120824814 -0.947309732
1403636700013555456.000000 0.490198672 4.861986160 4.031039238 -0.298954755 -0.017874293 0.121997938 0.946268022
1403636700063555584.000000 0.480985403 4.859411240 4.026962757 -0.301277786 -0.017400445 0.122701876 0.945448697
1403636700113555456.000000 0.470784783 4.857170105 4.022403717 -0.302219480 -0.016418366 0.124090478 0.944984317
1403636700163555584.000000 0.459530622 4.855620861 4.018548965 0.303611338 0.015858850 -0.123864807 -0.944577277
1403636700213555456.000000 0.447522491 4.854945660 4.014650822 0.303991258 0.015596104 -0.124115951 -0.944426477
1403636700263555584.000000 0.434207082 4.854827881 4.010360718 0.304585814 0.015784364 -0.124959946 -0.944120467
1403636700313555456.000000 0.417245567 4.858500004 4.004360199 -0.306023568 -0.017026041 0.126961008 0.943366706
1403636700363555584.000000 0.400139391 4.860399246 4.000181198 -0.308170646 -0.018066468 0.130650312 0.942143857
1403636700413555456.000000 0.381341159 4.863399506 3.995811462 -0.311770737 -0.018419353 0.134061366 0.940471828
1403636700463555584.000000 0.360900879 4.867715836 3.990580082 0.317015022 0.017085832 -0.134185821 -0.938724577
1403636700513555456.000000 0.339322090 4.874036789 3.985326052 -0.321691990 -0.014698386 0.133635044 0.937251270
1403636700563555584.000000 0.317652285 4.880167484 3.980510712 -0.327088535 -0.012848800 0.131842822 0.935663104
1403636700613555456.000000 0.295610070 4.887018204 3.975108147 -0.333387434 -0.010361002 0.130193025 0.933699846
1403636700663555584.000000 0.272447765 4.895307064 3.968902588 0.340895414 0.009516450 -0.128319532 -0.931253910
1403636700713555456.000000 0.249205053 4.903991699 3.963237286 -0.347643167 -0.008398184 0.128380135 0.928758502
1403636700763555584.000000 0.227306008 4.911847591 3.956172466 -0.353483289 -0.007655590 0.127818376 0.926635563
1403636700813555456.000000 0.206533670 4.919375896 3.947826862 0.358168989 0.008424238 -0.127893433 -0.924817443
1403636700863555584.000000 0.186578155 4.925798416 3.937475681 0.361441672 0.011085588 -0.129399002 -0.923305511
1403636700913555456.000000 0.169314325 4.934254646 3.930187941 -0.364016443 -0.013616347 0.130436018 0.922113359
1403636700963555584.000000 0.154059649 4.941573620 3.920186758 -0.365699798 -0.017220361 0.131732479 0.921202362
1403636701013555456.000000 0.140646398 4.949166775 3.909995079 0.366479456 0.020123964 -0.133312017 -0.920606196
1403636701063555584.000000 0.128525138 4.956235409 3.900077105 -0.366499633 -0.024844496 0.134798661 0.920266390
1403636701113555456.000000 0.118907690 4.964147091 3.889025927 -0.365865916 -0.029574310 0.136735797 0.920092821
1403636701163555584.000000 0.112238348 4.972909451 3.878031969 -0.365500748 -0.032004602 0.135940716 0.920274436
1403636701213555456.000000 0.106355250 4.981759071 3.866494894 -0.364465892 -0.034785245 0.135865748 0.920594990
1403636701263555584.000000 0.105003893 4.992030144 3.855461597 -0.363297731 -0.035393011 0.135746241 0.921051145
1403636701313555456.000000 0.104949594 5.002451420 3.844804764 0.362081915 0.036948636 -0.135062933 -0.921569049
1403636701363555584.000000 0.106543899 5.013716698 3.834407091 0.360908449 0.036127850 -0.134932354 -0.922080934
1403636701413555456.000000 0.106281519 5.024824619 3.824310303 -0.360085487 -0.034793146 0.132689506 0.922779202
1403636701463555584.000000 0.109242916 5.037409306 3.815186977 -0.358863622 -0.032155465 0.130780473 0.923623025
1403636701513555456.000000 0.112712085 5.050606251 3.806548595 -0.358232290 -0.028084928 0.127975091 0.924393475
1403636701563555584.000000 0.115253270 5.064030647 3.797587872 0.357069433 0.024091704 -0.125545576 -0.925288737
1403636701613555456.000000 0.120042503 5.078924656 3.789219379 0.355710417 0.021906955 -0.123668924 -0.926118910
1403636701663555584.000000 0.122451782 5.092585087 3.781768322 0.354726970 0.020096999 -0.121051960 -0.926882565
1403636701713555456.000000 0.123720229 5.106418133 3.773363590 0.354620516 0.018329740 -0.120638758 -0.927013874
1403636701763555584.000000 0.124598682 5.120219707 3.766176224 0.355709553 0.017622381 -0.121504605 -0.926497042
1403636701813555456.000000 0.117423177 5.129415512 3.759860277 -0.358464122 -0.017489551 0.123622395 0.925156772
1403636701863555584.000000 0.114684641 5.143410683 3.752808809 -0.363558233 -0.018034304 0.124908723 0.922983170
1403636701913555456.000000 0.110111952 5.157273293 3.746258736 -0.368923277 -0.018402159 0.128959760 0.920286059
1403636701963555584.000000 0.103100538 5.170272827 3.739553928 -0.375869751 -0.017773636 0.131764278 0.917084694
1403636702013555456.000000 0.096270084 5.184010506 3.732674837 -0.383653492 -0.017757544 0.135463446 0.913315058
1403636702063555584.000000 0.088115275 5.197594643 3.725863457 -0.392410040 -0.016973754 0.139407098 0.909006059
1403636702113555456.000000 0.077754319 5.211554527 3.719667673 0.402076095 0.015685588 -0.143438011 -0.904165030
1403636702163555584.000000 0.065138519 5.224221230 3.715040922 -0.412441969 -0.014182069 0.147032559 0.898928285
1403636702213555456.000000 0.052907765 5.238471985 3.708906651 -0.421740472 -0.014067654 0.150474474 0.894032776
1403636702263555584.000000 0.039337397 5.252417564 3.703202248 -0.429519206 -0.014937088 0.153469682 0.889796257
1403636702313555456.000000 0.024351299 5.266703606 3.697593451 0.436361760 0.017503435 -0.156020448 -0.885968208
1403636702363555584.000000 0.007235825 5.277251244 3.694235802 -0.442109495 -0.020012023 0.157564789 0.882786572
1403636702413555456.000000 -0.009037673 5.291704178 3.689742327 -0.447577655 -0.022721423 0.157241583 0.880018830
1403636702463555584.000000 -0.026277065 5.306402683 3.686091423 -0.451930970 -0.025748886 0.158373415 0.877504051
1403636702513555456.000000 -0.045171499 5.318604469 3.683809996 -0.455772072 -0.027736267 0.157925740 0.875535250
1403636702563555584.000000 -0.063917279 5.333436012 3.682200670 -0.458452791 -0.029172726 0.157996282 0.874075115
1403636702613555456.000000 -0.083874464 5.348104954 3.681789637 0.460664690 0.031630144 -0.158480570 -0.872737944
1403636702663555584.000000 -0.105757713 5.362128735 3.682510376 -0.462105364 -0.034262218 0.158858702 0.871807694
1403636702713555456.000000 -0.127048671 5.377731323 3.684377670 -0.463355064 -0.036107842 0.158237442 0.871182680
1403636702763555584.000000 -0.149545848 5.393681049 3.688066006 0.463629812 0.036656588 -0.159364671 -0.870808065
1403636702813555456.000000 -0.172299683 5.408543587 3.692606211 -0.463763386 -0.039344896 0.158909187 0.870702863
1403636702863555584.000000 -0.195365310 5.425585270 3.698738098 -0.463630468 -0.040739328 0.159117967 0.870671391
1403636702913555456.000000 -0.217682123 5.442337513 3.705867529 0.463193774 0.041610092 -0.160055205 -0.870690882
1403636702963555584.000000 -0.238775432 5.459944248 3.711111546 -0.462896675 -0.041189637 0.159811750 0.870913565
1403636703013555456.000000 -0.256793857 5.478350639 3.719388485 -0.462130278 -0.038433254 0.161008611 0.871226013
1403636703063555584.000000 -0.272821605 5.497141838 3.727783442 -0.461716145 -0.035560768 0.160927430 0.871582508
1403636703113555456.000000 -0.286388576 5.516735554 3.737181902 0.460704207 0.030407121 -0.162870184 -0.871952057
1403636703163555584.000000 -0.295528948 5.534093380 3.741642714 -0.459475696 -0.022385688 0.164663464 0.872506142
1403636703213555456.000000 -0.304798424 5.554071903 3.749951363 -0.457789630 -0.016530285 0.167497486 0.872983396
1403636703263555584.000000 -0.312691212 5.574403286 3.757208347 0.456168056 0.009907339 -0.171324626 -0.873189807
1403636703313555456.000000 -0.318470776 5.595284462 3.761091948 -0.454678774 -0.004413859 0.174314246 0.873419940
1403636703363555584.000000 -0.323651373 5.616043091 3.765841961 -0.454475611 -0.001910095 0.173860103 0.873625219
1403636703413555456.000000 -0.327511668 5.637231827 3.768756151 -0.455767632 -0.002553133 0.170095608 0.873691559
1403636703463555584.000000 -0.329769611 5.658649921 3.767974377 -0.457204610 -0.006546900 0.165314719 0.873837590
1403636703513555456.000000 -0.331541657 5.679666519 3.767943859 -0.458785206 -0.011600181 0.160025403 0.873941302
1403636703563555584.000000 -0.331762254 5.701197624 3.766844988 0.459951162 0.015476601 -0.156057909 -0.873985887
1403636703613555456.000000 -0.329738975 5.721718788 3.764055252 -0.459886521 -0.019295299 0.155111775 0.874112427
1403636703663555584.000000 -0.327861905 5.742669582 3.762603760 -0.459540188 -0.021574339 0.154838711 0.874289632
1403636703713555456.000000 -0.326464593 5.763510227 3.761235476 0.459128529 0.022879828 -0.154791474 -0.874481082
1403636703763555584.000000 -0.324306607 5.782937527 3.756733656 -0.458528310 -0.021472694 0.154942840 0.874804795
1403636703813555456.000000 -0.324897170 5.803348541 3.756477594 -0.457719356 -0.019090042 0.155628443 0.875161946
1403636703863555584.000000 -0.326164305 5.822938442 3.756166458 0.456676424 0.015998101 -0.156632408 -0.875589550
1403636703913555456.000000 -0.327667654 5.843924999 3.756557941 -0.455348998 -0.013139481 0.157770678 0.876123905
1403636703963555584.000000 -0.331314087 5.863339901 3.757031441 -0.454701245 -0.011892123 0.157928094 0.876449704
1403636704013555456.000000 -0.336045444 5.882330894 3.757528305 -0.453251392 -0.010033570 0.159541994 0.876931548
1403636704063555584.000000 -0.341250241 5.902477264 3.757786036 -0.451952070 -0.008770176 0.160397500 0.877459466
1403636704113555456.000000 -0.348805785 5.921141624 3.757832289 -0.450940013 -0.010187742 0.161073625 0.877840936
1403636704163555584.000000 -0.357668936 5.939510345 3.757707119 0.450122267 0.013243120 -0.161270231 -0.878183663
1403636704213555456.000000 -0.367169678 5.962412357 3.760987759 -0.449508429 -0.017344421 0.161139563 0.878450572
1403636704263555584.000000 -0.377574503 5.981315136 3.761090994 -0.449123383 -0.021305712 0.160907343 0.878602922
1403636704313555456.000000 -0.386941850 6.000704765 3.760965824 -0.449011266 -0.024400955 0.159740672 0.878792584
1403636704363555584.000000 -0.393464804 6.022447109 3.761648178 -0.449022591 -0.027340952 0.158556834 0.878914654
1403636704413555456.000000 -0.398849845 6.043143749 3.761358738 -0.448365003 -0.028725605 0.159122065 0.879104078
1403636704463555584.000000 -0.401842773 6.063756466 3.760454416 -0.448352545 -0.031677891 0.158103153 0.879192770
1403636704513555456.000000 -0.402800024 6.086827755 3.761227131 -0.448329717 -0.034834798 0.157325909 0.879224420
1403636704563555584.000000 -0.401811898 6.108795166 3.760711908 -0.447932452 -0.037059575 0.158102676 0.879196644
1403636704613555456.000000 -0.400157034 6.131364822 3.760833263 -0.447601527 -0.039277639 0.158124954 0.879264891
1403636704663555584.000000 -0.399228394 6.157949924 3.765838146 -0.447508097 -0.041160956 0.158238068 0.879205883
1403636704713555456.000000 -0.399404824 6.181427002 3.768352985 -0.447088093 -0.045924265 0.158416793 0.879151464
1403636704763555584.000000 -0.400881648 6.206028461 3.772423029 0.446516931 0.048854642 -0.158435956 -0.879280388
1403636704813555456.000000 -0.404417574 6.231596947 3.778717756 -0.445470691 -0.051930215 0.160140872 0.879325926
1403636704863555584.000000 -0.408346295 6.257825375 3.786307096 -0.444297135 -0.055192824 0.161808714 0.879415572
1403636704913555456.000000 -0.413071513 6.285054207 3.795645952 0.442921638 0.057604771 -0.163239107 -0.879690409
1403636704963555584.000000 -0.418707728 6.314735889 3.807807207 -0.442183197 -0.060635004 0.163697720 0.879773021
1403636705013555456.000000 -0.424570620 6.344523907 3.820225477 -0.441614211 -0.062774561 0.163606346 0.879925728
1403636705063555584.000000 -0.430275500 6.376246929 3.834825993 0.441635340 0.063950486 -0.161848634 -0.880155504
1403636705113555456.000000 -0.435551167 6.409029007 3.850667953 -0.442090303 -0.059706572 0.159318209 0.880686700
1403636705163555584.000000 -0.439732432 6.443180084 3.868237495 -0.443220079 -0.052166998 0.154763222 0.881409645
1403636705213555456.000000 -0.442191720 6.478477955 3.887321711 0.444627166 0.044466954 -0.149446756 -0.882040322
1403636705263555584.000000 -0.443396866 6.513604164 3.906003475 -0.445651233 -0.038476888 0.144970939 0.882551968
1403636705313555456.000000 -0.442164004 6.549310684 3.926261663 -0.446143895 -0.034432366 0.142749906 0.882832110
1403636705363555584.000000 -0.440071404 6.584996223 3.946769953 0.446349978 0.031520814 -0.141494513 -0.883038819
1403636705413555456.000000 -0.437256992 6.618768215 3.966568947 -0.446012467 -0.032994442 0.142355591 0.883017123
1403636705463555584.000000 -0.433615983 6.654040337 3.988368511 -0.445644617 -0.034790210 0.144109949 0.882849336
1403636705513555456.000000 -0.431149662 6.688963413 4.011243820 0.445270628 0.038172919 -0.146270320 -0.882542849
1403636705563555584.000000 -0.428910196 6.722091675 4.033845901 -0.444898605 -0.041443840 0.147351697 0.882403135
1403636705613555456.000000 -0.428277671 6.757346630 4.059189796 -0.444636464 -0.042453688 0.148745105 0.882253408
1403636705663555584.000000 -0.428635299 6.792766571 4.085168839 0.444839299 0.043900304 -0.149306938 -0.881985426
1403636705713555456.000000 -0.429696321 6.827139854 4.111570358 -0.445174366 -0.041752700 0.148842677 0.881999135
1403636705763555584.000000 -0.430949986 6.864109993 4.140259743 -0.445434600 -0.038764983 0.148729116 0.882023275
1403636705813555456.000000 -0.431792915 6.900710583 4.169772148 0.445071936 0.034602895 -0.149371803 -0.882270813
1403636705863555584.000000 -0.431333363 6.935987949 4.197950363 -0.444863141 -0.029595837 0.149430469 0.882548332
1403636705913555456.000000 -0.429272890 6.973261833 4.227484703 -0.443963438 -0.023656774 0.151634291 0.882804632
1403636705963555584.000000 -0.425138593 7.010515690 4.256225586 0.442699641 0.018047635 -0.154268816 -0.883115172
1403636706013555456.000000 -0.420438647 7.045738220 4.283288479 -0.440428883 -0.011974124 0.159017354 0.883511484
1403636706063555584.000000 -0.412899435 7.082358360 4.309736252 -0.437865227 -0.006968897 0.164224371 0.883886814
1403636706113555456.000000 -0.404316247 7.119798660 4.334878922 0.436143786 0.001794843 -0.167491272 -0.884150505
1403636706163555584.000000 -0.399024010 7.155577183 4.357864380 -0.436465234 -0.001209821 0.164485216 0.884557128
1403636706213555456.000000 -0.393490553 7.193484783 4.381015301 -0.437858015 -0.003500517 0.158366159 0.884979248
1403636706263555584.000000 -0.390463233 7.231176853 4.403629303 0.438884735 0.006948248 -0.153622597 -0.885286391
1403636706313555456.000000 -0.391435027 7.266227722 4.425924301 -0.440292239 -0.011751374 0.147374645 0.885598958
1403636706363555584.000000 -0.392538607 7.302970886 4.448837280 -0.440933615 -0.016538747 0.143545613 0.885832250
1403636706413555456.000000 -0.395292103 7.338667393 4.471952915 0.441594452 0.020653147 -0.140181080 -0.885955513
1403636706463555584.000000 -0.400349915 7.372887611 4.494402885 -0.441770136 -0.024581578 0.138189882 0.886080384
1403636706513555456.000000 -0.401646495 7.408224106 4.517948627 -0.442000091 -0.027226379 0.136652201 0.886126876
1403636706563555584.000000 -0.401909053 7.442570210 4.541139603 0.442399502 0.029625367 -0.136142507 -0.885929048
1403636706613555456.000000 -0.401394963 7.475135326 4.562768936 -0.442104518 -0.030510379 0.136389643 0.886008263
1403636706663555584.000000 -0.398052752 7.508686066 4.586082458 -0.442480415 -0.032106765 0.136431172 0.885757804
1403636706713555456.000000 -0.392996848 7.542232990 4.609519958 0.442394555 0.034336530 -0.137269005 -0.885587633
1403636706763555584.000000 -0.386108339 7.576136112 4.633152485 -0.441945195 -0.036179714 0.139996752 0.885311484
1403636706813555456.000000 -0.377278924 7.609480381 4.657279015 -0.442262620 -0.039048012 0.141071826 0.884860337
1403636706863555584.000000 -0.367860317 7.642412663 4.681963921 0.442829102 0.040758546 -0.142254993 -0.884310305
1403636706913555456.000000 -0.357681036 7.675796509 4.706254482 -0.443258792 -0.040845010 0.143718362 0.883854330
1403636706963555584.000000 -0.345812619 7.709350586 4.732105255 -0.444541663 -0.040904872 0.143661603 0.883216262
1403636707013555456.000000 -0.333093345 7.743599892 4.758739471 0.445761085 0.038169958 -0.143243715 -0.882791817
1403636707063555584.000000 -0.320537806 7.776774883 4.784079552 -0.447340846 -0.035906684 0.141751900 0.882328391
1403636707113555456.000000 -0.307295799 7.810557842 4.811819077 -0.448801845 -0.033610396 0.141250864 0.881757021
1403636707163555584.000000 -0.294560850 7.843284130 4.839635849 0.450154632 0.033288464 -0.141473055 -0.881043792
1403636707213555456.000000 -0.279823959 7.878470421 4.867823601 -0.451751918 -0.033883613 0.142107487 0.880100906
1403636707263555584.000000 -0.265359044 7.911362171 4.896585464 -0.453231514 -0.034372203 0.142312497 0.879287779
1403636707313555456.000000 -0.248963714 7.944284916 4.925570488 0.454733104 0.035874147 -0.142098263 -0.878486812
1403636707363555584.000000 -0.231147408 7.976084709 4.952833176 -0.455707878 -0.036625825 0.142615885 0.877866566
1403636707413555456.000000 -0.210567832 8.008407593 4.982417107 -0.456375301 -0.037217781 0.143544838 0.877343416
1403636707463555584.000000 -0.187409639 8.041088104 5.012440681 0.457010388 0.038385734 -0.143405944 -0.876985073
1403636707513555456.000000 -0.163120866 8.071936607 5.040076256 -0.457131356 -0.038034596 0.144883692 0.876694441
1403636707563555584.000000 -0.136431932 8.103878021 5.070693493 -0.457080126 -0.037463594 0.146429822 0.876488864
1403636707613555456.000000 -0.110590100 8.135757446 5.102039814 0.456516385 0.037666425 -0.149161011 -0.876313329
1403636707663555584.000000 -0.086797595 8.167670250 5.132795811 -0.454252720 -0.035679977 0.155993789 0.876383185
1403636707713555456.000000 -0.065256715 8.200120926 5.166388512 -0.452815413 -0.034404922 0.159904867 0.876473069
1403636707763555584.000000 -0.046395779 8.232878685 5.201001644 0.451271385 0.033492234 -0.163517818 -0.876638114
1403636707813555456.000000 -0.029525399 8.265676498 5.233306408 -0.450751454 -0.031932998 0.164955869 0.876694381
1403636707863555584.000000 -0.016073585 8.299911499 5.269790173 -0.450080186 -0.030144503 0.164984971 0.877096951
1403636707913555456.000000 -0.005738735 8.334390640 5.305765152 0.449395776 0.027847415 -0.164400473 -0.877633452
1403636707963555584.000000 0.002611756 8.367650986 5.341080189 -0.449018985 -0.026864845 0.162852257 0.878145456
1403636708013555456.000000 0.008610010 8.403553963 5.379046440 -0.448611408 -0.026125366 0.160493955 0.878810048
1403636708063555584.000000 0.012484670 8.440210342 5.417538166 0.448323339 0.025821464 -0.157472476 -0.879512310
1403636708113555456.000000 0.015256286 8.476783752 5.454951763 -0.447989523 -0.024959901 0.154126257 0.880299687
1403636708163555584.000000 0.016993403 8.513453484 5.494195938 -0.447749913 -0.024330145 0.151093155 0.880964816
1403636708213555456.000000 0.017075539 8.550053596 5.533519268 0.446590364 0.022421673 -0.151005954 -0.881618738
1403636708263555584.000000 0.019830227 8.580855370 5.570372105 -0.445227116 -0.019660056 0.153157517 0.882002890
1403636708313555456.000000 0.017904401 8.617116928 5.609961510 -0.443210989 -0.014333851 0.157170743 0.882414818
1403636708363555584.000000 0.015572548 8.652854919 5.648657322 0.440509111 0.008557476 -0.163552552 -0.882682920
1403636708413555456.000000 0.014625192 8.687228203 5.684040070 -0.438521534 -0.003890165 0.168188289 0.882834375
1403636708463555584.000000 0.014177680 8.724460602 5.720017910 -0.437038988 -0.000147856 0.171438187 0.882952929
1403636708513555456.000000 0.015733004 8.763494492 5.754061222 0.436620742 -0.001790446 -0.172457680 -0.882959545
1403636708563555584.000000 0.018964291 8.800766945 5.784939289 -0.436974734 0.002949440 0.170920089 0.883080244
1403636708613555456.000000 0.022893310 8.840662956 5.814659119 -0.439048290 0.001918313 0.166245326 0.882947028
1403636708663555584.000000 0.025986433 8.880098343 5.842235565 0.441612214 0.001870967 -0.160061836 -0.882811129
1403636708713555456.000000 0.036348104 8.914368629 5.866495132 -0.444925666 -0.004693338 0.152567208 0.882463872
1403636708763555584.000000 0.036803603 8.953417778 5.893246651 -0.448049605 -0.008216180 0.145267621 0.882089198
1403636708813555456.000000 0.035774231 8.991191864 5.919763088 0.451360703 0.009767400 -0.137970939 -0.881556690
1403636708863555584.000000 0.035395741 9.026535034 5.945082188 -0.453427821 -0.011605141 0.135411248 0.880870223
1403636708913555456.000000 0.033379793 9.062211037 5.971614838 -0.455896348 -0.010935273 0.132730633 0.880012274
1403636708963555584.000000 0.032631278 9.095627785 5.997747898 0.458543479 0.010829755 -0.130589426 -0.878957927
1403636709013555456.000000 0.034951091 9.127125740 6.021617889 -0.460092068 -0.008301766 0.130057916 0.878254771
1403636709063555584.000000 0.037461400 9.157336235 6.046584606 -0.462851793 -0.007716345 0.126996323 0.877257466
1403636709113555456.000000 0.041368842 9.185288429 6.071224689 0.464374036 0.006480155 -0.127284586 -0.876420856
1403636709163555584.000000 0.052510738 9.211969376 6.093426704 -0.465969175 -0.008191906 0.127402470 0.875542283
1403636709213555456.000000 0.059359312 9.236339569 6.117284298 -0.466728538 -0.010553858 0.129843518 0.874753594
1403636709263555584.000000 0.067484021 9.258647919 6.140138149 0.467487931 0.014510588 -0.130857021 -0.874140143
1403636709313555456.000000 0.081122875 9.283881187 6.163493633 -0.467440426 -0.017685514 0.133036450 0.873777986
1403636709363555584.000000 0.090297222 9.303458214 6.187154293 -0.467184275 -0.020379527 0.135097995 0.873540044
1403636709413555456.000000 0.098908901 9.321628571 6.211248398 0.467974037 0.023079824 -0.133980185 -0.873222232
1403636709463555584.000000 0.109763980 9.344988823 6.237162113 -0.467615038 -0.023386000 0.135228232 0.873213947
1403636709513555456.000000 0.114412665 9.361074448 6.263464928 -0.468004346 -0.025157580 0.134425804 0.873080134
1403636709563555584.000000 0.117482781 9.376475334 6.290333271 0.467569321 0.026009681 -0.135210827 -0.873166978
1403636709613555456.000000 0.123861670 9.397646904 6.320435047 -0.467292845 -0.027624847 0.135645315 0.873197973
1403636709663555584.000000 0.124763012 9.410990715 6.349457741 -0.466873378 -0.028512888 0.135859430 0.873360455
1403636709713555456.000000 0.126122952 9.423625946 6.378928661 0.466395855 0.029353553 -0.135331735 -0.873669624
1403636709763555584.000000 0.130250216 9.443475723 6.413629055 -0.465186387 -0.029272959 0.136297449 0.874166906
1403636709813555456.000000 0.131885767 9.453972816 6.444509029 -0.464836419 -0.029385237 0.134804145 0.874580801
1403636709863555584.000000 0.135798097 9.464478493 6.476147175 0.463760436 0.028566213 -0.135603815 -0.875055373
1403636709913555456.000000 0.143252492 9.478396416 6.508313179 -0.463511407 -0.028456274 0.134401187 0.875376403
1403636709963555584.000000 0.150492907 9.486580849 6.539823532 -0.462909281 -0.027802574 0.133473292 0.875857830
1403636710013555456.000000 0.160021186 9.494660378 6.571375370 0.461857140 0.027314687 -0.133905992 -0.876362503
1403636710063555584.000000 0.173715949 9.511340141 6.606422424 -0.461128026 -0.026775725 0.133274674 0.876859128
1403636710113555456.000000 0.183916330 9.517069817 6.638731480 -0.460276425 -0.025947526 0.132483438 0.877451122
1403636710163555584.000000 0.193201423 9.522929192 6.672149181 0.459424287 0.025775243 -0.131572038 -0.878039718
1403636710213555456.000000 0.201272130 9.533667564 6.708805561 -0.458333284 -0.025302794 0.130755872 0.878745317
1403636710263555584.000000 0.206177115 9.537323952 6.744458675 -0.456584185 -0.023895657 0.131706744 0.879552901
1403636710313555456.000000 0.209112883 9.541487694 6.781516075 0.453485221 0.019654650 -0.136158451 -0.880582631
1403636710363555584.000000 0.211503744 9.548286438 6.820747852 -0.449117035 -0.015544588 0.142542988 0.881892145
1403636710413555456.000000 0.211992741 9.550024033 6.858657837 -0.443879515 -0.011924101 0.147526145 0.883778811
1403636710463555584.000000 0.210776806 9.555804253 6.901238441 0.437668055 0.009560003 -0.151843667 -0.886170924
1403636710513555456.000000 0.207238555 9.559410095 6.940874100 -0.430801630 -0.007056024 0.155028775 0.889002979
1403636710563555584.000000 0.204431295 9.563097000 6.980570793 -0.424239516 -0.005506786 0.156314299 0.891939700
1403636710613555456.000000 0.202093005 9.564458847 7.015778542 0.418147177 0.004148459 -0.156186476 -0.894841611
1403636710663555584.000000 0.196838737 9.569204330 7.051829815 -0.411399335 -0.003576472 0.154851004 0.898197651
1403636710713555456.000000 0.192227483 9.572521210 7.087235451 -0.404963523 -0.003399828 0.151173607 0.901742578
1403636710763555584.000000 0.188037753 9.576752663 7.121576309 0.397752583 0.003350513 -0.147142470 -0.905610740
1403636710813555456.000000 0.180672884 9.582446098 7.158704758 -0.391331822 -0.004946503 0.138848901 0.909701049
1403636710863555584.000000 0.179547548 9.586398125 7.189801693 -0.384101450 -0.007772526 0.130876884 0.913934886
1403636710913555456.000000 0.179356098 9.591069221 7.220033646 0.376617938 0.010525587 -0.123405628 -0.918051898
1403636710963555584.000000 0.178950310 9.595357895 7.250065804 -0.369933844 -0.012297262 0.116182484 0.921682954
1403636711013555456.000000 0.182232618 9.599288940 7.278054237 -0.364532351 -0.016773047 0.107679941 0.924791813
1403636711063555584.000000 0.186484396 9.602866173 7.305717468 0.359097093 0.017371224 -0.103627041 -0.927366734
1403636711113555456.000000 0.189176321 9.604891777 7.334200382 -0.355396777 -0.018911924 0.098034687 0.929367900
1403636711163555584.000000 0.195610166 9.606676102 7.360643387 -0.352231145 -0.018808505 0.094467744 0.930943251
1403636711213555456.000000 0.201665878 9.607191086 7.387001991 0.349750072 0.018686771 -0.091768876 -0.932150364
1403636711263555584.000000 0.207067847 9.605099678 7.417976856 -0.348138094 -0.018589929 0.090341397 0.932894826
1403636711313555456.000000 0.214449525 9.602959633 7.443556309 -0.345722884 -0.016548220 0.091586374 0.933709741
1403636711363555584.000000 0.221525550 9.599486351 7.469045639 0.344139665 0.014305930 -0.093120515 -0.934179783
1403636711413555456.000000 0.230430961 9.594927788 7.494807243 -0.343248159 -0.008419221 0.093953297 0.934495986
1403636711463555584.000000 0.241019547 9.589358330 7.518482685 -0.343055308 -0.000615817 0.093806803 0.934619188
1403636711513555456.000000 0.251152754 9.582670212 7.541598320 0.343641043 -0.006051684 -0.092855990 -0.934479535
1403636711563555584.000000 0.261414051 9.574218750 7.563972950 -0.345586032 0.010397526 0.089600705 0.934041739
1403636711613555456.000000 0.272020161 9.565337181 7.585900307 -0.347343683 0.012667030 0.087167695 0.933591902
1403636711663555584.000000 0.281912982 9.554855347 7.607096672 0.349089146 -0.013308482 -0.085349806 -0.933099687
1403636711713555456.000000 0.291818738 9.537259102 7.625627518 -0.351137757 0.011548475 0.083849624 0.932490349
1403636711763555584.000000 0.301838815 9.523004532 7.644706726 -0.352144510 0.010586846 0.084574349 0.932056606
1403636711813555456.000000 0.311322391 9.506659508 7.663147926 0.352304131 -0.008911068 -0.087683335 -0.931726456
1403636711863555584.000000 0.321201801 9.487401962 7.678915977 -0.351476222 0.006739721 0.092991136 0.931542695
1403636711913555456.000000 0.331260562 9.468092918 7.695480824 -0.350040436 0.004557313 0.100045882 0.931365609
1403636711963555584.000000 0.341755927 9.447738647 7.710316181 0.348548710 -0.002759621 -0.107027508 -0.931155920
1403636712013555456.000000 0.354087591 9.423107147 7.721658707 -0.346978158 0.002142965 0.114376374 0.930870414
1403636712063555584.000000 0.366299152 9.401696205 7.733876705 -0.345320791 0.002118409 0.120824568 0.930672109
1403636712113555456.000000 0.379660726 9.380129814 7.744620800 0.344466984 -0.003197139 -0.124222353 -0.930538118
1403636712163555584.000000 0.394622684 9.357407570 7.751934052 -0.343817860 0.004355751 0.125286803 0.930630744
1403636712213555456.000000 0.409209490 9.336550713 7.759887695 -0.342879951 0.002934853 0.120418653 0.931624472
1403636712263555584.000000 0.424740016 9.315189362 7.766372681 0.340582073 -0.000873781 -0.113461621 -0.933343232
1403636712313555456.000000 0.442821681 9.292693138 7.770019054 -0.336937100 0.000058128 0.105569854 0.935589910
1403636712363555584.000000 0.460176945 9.270372391 7.774746895 -0.332257032 -0.001359135 0.097864442 0.938097060
1403636712413555456.000000 0.478332102 9.247158051 7.777935982 0.327535778 0.001879450 -0.091930516 -0.940353990
1403636712463555584.000000 0.498179555 9.222481728 7.778746605 -0.322775632 -0.001485903 0.086378105 0.942524552
1403636712513555456.000000 0.517914951 9.197408676 7.780283928 -0.317615390 -0.001225608 0.082456619 0.944626868
1403636712563555584.000000 0.538172722 9.170536041 7.780345917 0.312658727 0.000357879 -0.080201432 -0.946473539
1403636712613555456.000000 0.557464898 9.142751694 7.781425953 -0.307737827 0.002784705 0.078638814 0.948211789
1403636712663555584.000000 0.575134933 9.113848686 7.780869484 -0.302806646 0.006863461 0.078529410 0.949786425
1403636712713555456.000000 0.590889275 9.084298134 7.779403687 0.298599333 -0.010389306 -0.078475468 -0.951090038
1403636712763555584.000000 0.604271770 9.054997444 7.778989792 -0.294664592 0.012164950 0.078694455 0.952277303
1403636712813555456.000000 0.615919590 9.023512840 7.776392937 -0.291675210 0.011887976 0.079128698 0.953164756
1403636712863555584.000000 0.626258969 8.990979195 7.772478104 0.289429247 -0.009819682 -0.079773314 -0.953818917
1403636712913555456.000000 0.634975135 8.957681656 7.767648220 0.287753433 -0.007530219 -0.080320507 -0.954300761
1403636712963555584.000000 0.641713083 8.923481941 7.761781216 0.286858559 -0.004265642 -0.080321200 -0.954590261
1403636713013555456.000000 0.648493707 8.887382507 7.753549099 0.287017673 -0.001669213 -0.078792475 -0.954677880
1403636713063555584.000000 0.653403044 8.855668068 7.749310493 -0.286347836 0.002341619 0.079671234 0.954804659
1403636713113555456.000000 0.660841703 8.818792343 7.739583969 -0.284773469 0.003109690 0.081320360 0.955134273
1403636713163555584.000000 0.669320941 8.781162262 7.728401184 -0.283468187 0.002159173 0.082460888 0.955427349
1403636713213555456.000000 0.675158858 8.747404099 7.720862865 -0.282810271 0.001163705 0.084071793 0.955483675
1403636713263555584.000000 0.686756134 8.709037781 7.706495762 -0.282103181 -0.001193168 0.085409947 0.955573916
1403636713313555456.000000 0.700172305 8.670956612 7.691269398 0.282297224 0.002582490 -0.085388623 -0.955515862
1403636713363555584.000000 0.714322686 8.634621620 7.676401615 -0.282227546 -0.004678871 0.086194120 0.955456078
1403636713413555456.000000 0.731533706 8.596385002 7.659836769 -0.281682879 -0.004564683 0.088461451 0.955410182
1403636713463555584.000000 0.748811781 8.558875084 7.643072128 0.281514257 0.004907697 -0.090252735 -0.955290675
1403636713513555456.000000 0.764475882 8.523089409 7.626583099 -0.281076074 -0.005280510 0.092729405 0.955180466
1403636713563555584.000000 0.781805813 8.484933853 7.607740402 -0.280723482 -0.004772149 0.095351912 0.955028594
1403636713613555456.000000 0.797138155 8.447219849 7.588777542 0.280223370 0.005915023 -0.099545471 -0.954741120
1403636713663555584.000000 0.810658574 8.410685539 7.569816589 -0.279951185 -0.006948821 0.102961421 0.954451680
1403636713713555456.000000 0.822915733 8.373661041 7.550482273 -0.279643893 -0.007260158 0.106492743 0.954151928
1403636713763555584.000000 0.833582044 8.337889671 7.531126976 0.279647559 0.007542647 -0.109805025 -0.953773260
1403636713813555456.000000 0.840456188 8.304281235 7.513479710 -0.279763579 -0.007923625 0.112184994 0.953459084
1403636713863555584.000000 0.848161221 8.270298958 7.493359566 -0.280683964 -0.008047330 0.112700142 0.953126729
1403636713913555456.000000 0.854154825 8.237646103 7.472551346 0.282280385 0.009089923 -0.111269183 -0.952813983
1403636713963555584.000000 0.858896196 8.205813408 7.452558041 -0.283870161 -0.010150583 0.109431915 0.952543676
1403636714013555456.000000 0.861929476 8.174657822 7.431393147 -0.285404563 -0.011715498 0.108506776 0.952172935
1403636714063555584.000000 0.864154100 8.144476891 7.410036087 0.288271874 0.012383263 -0.103877142 -0.951816976
1403636714113555456.000000 0.864029169 8.115047455 7.390929699 -0.289821744 -0.013068241 0.103259899 0.951404214
1403636714163555584.000000 0.863651991 8.085699081 7.369454384 -0.291459054 -0.013413857 0.102125719 0.951021552
1403636714213555456.000000 0.862356782 8.056712151 7.348100662 0.292642444 0.011939535 -0.102049187 -0.950685978
1403636714263555584.000000 0.859327376 8.028767586 7.329066753 -0.292960942 -0.010129135 0.104461215 0.950346887
1403636714313555456.000000 0.856012106 8.000563622 7.307549477 -0.293171853 -0.009171527 0.106849000 0.950026035
1403636714363555584.000000 0.851446509 7.972963333 7.285919666 0.293803155 0.009932395 -0.108115166 -0.949680090
1403636714413555456.000000 0.845477164 7.946003437 7.264102459 0.294367105 0.013562482 -0.109052800 -0.949353218
1403636714463555584.000000 0.838583946 7.919320107 7.243960381 -0.293284982 -0.018003644 0.110121325 0.949491024
1403636714513555456.000000 0.830827296 7.893280029 7.222521305 -0.290738374 -0.022506770 0.110628128 0.950118959
1403636714563555584.000000 0.822296262 7.867910862 7.201625347 -0.286352396 -0.026156796 0.111641079 0.951238334
1403636714613555456.000000 0.814680159 7.842879772 7.182616234 -0.280823201 -0.029571719 0.111069143 0.952852368
1403636714663555584.000000 0.806487381 7.819447041 7.163031578 -0.274361908 -0.032229945 0.108327746 0.954961777
1403636714713555456.000000 0.799357831 7.797501087 7.144200325 0.266275495 0.034353569 -0.105416864 -0.957499146
1403636714763555584.000000 0.794182062 7.775937557 7.125412464 -0.257190406 -0.036283743 0.100971028 0.960386157
1403636714813555456.000000 0.791302562 7.755764008 7.106520653 -0.247238323 -0.037330262 0.094249800 0.963637173
1403636714863555584.000000 0.790471017 7.736270905 7.088068485 0.236711368 0.037946112 -0.086638637 -0.966965199
1403636714913555456.000000 0.793147445 7.716320992 7.069141388 -0.225405201 -0.038920153 0.080052979 0.970190406
1403636714963555584.000000 0.796233058 7.698197365 7.051205635 -0.213559508 -0.040247403 0.074846700 0.973226845
1403636715013555456.000000 0.801318765 7.680837631 7.033405304 -0.203106090 -0.041103020 0.069676839 0.975809276
1403636715063555584.000000 0.808950901 7.663633823 7.015763760 -0.193366468 -0.042103849 0.065168522 0.978054106
1403636715113555456.000000 0.817312121 7.647304058 6.998071194 -0.185596704 -0.043831736 0.060129717 0.979804635
1403636715163555584.000000 0.826809168 7.631487370 6.981173992 -0.178444117 -0.044396594 0.057899956 0.981241226
1403636715213555456.000000 0.837434053 7.614799976 6.966053963 -0.173214793 -0.044810820 0.054957274 0.982328057
1403636715263555584.000000 0.846527278 7.599836349 6.951330662 -0.168478653 -0.043733105 0.053933099 0.983256638
1403636715313555456.000000 0.854238331 7.585411549 6.938151360 -0.164529502 -0.041380502 0.054088280 0.984018445
1403636715363555584.000000 0.860753775 7.571556091 6.927053928 0.161735117 0.039654657 -0.053589921 -0.984579802
1403636715413555456.000000 0.865880370 7.558081150 6.917203426 0.158882201 0.035313584 -0.056187276 -0.985064745
1403636715463555584.000000 0.867854834 7.544035435 6.909468174 -0.156865790 -0.031214656 0.058723003 0.985378325
1403636715513555456.000000 0.868979275 7.531482220 6.901732922 -0.154272452 -0.026837610 0.064036332 0.985585690
1403636715563555584.000000 0.868279278 7.519747734 6.894537926 -0.151463404 -0.022929495 0.071439505 0.985611200
1403636715613555456.000000 0.865863681 7.509475708 6.887860298 0.150423095 0.021935353 -0.074403167 -0.985573888
1403636715663555584.000000 0.862625599 7.500626087 6.881003380 0.151340589 0.017881954 -0.073191918 -0.985606015
1403636715713555456.000000 0.858597279 7.489539146 6.871307850 -0.153907299 -0.012345514 0.068257131 0.985647619
1403636715763555584.000000 0.854425788 7.482932091 6.863664627 -0.156814501 -0.007759808 0.062763028 0.985601246
1403636715813555456.000000 0.850640118 7.476709843 6.855205059 -0.159591675 -0.003674920 0.058103476 0.985464871
1403636715863555584.000000 0.848136783 7.470748425 6.845280647 0.161539018 -0.000184443 -0.054939814 -0.985335827
1403636715913555456.000000 0.847833693 7.464678764 6.833745480 0.164010823 -0.003720417 -0.050911486 -0.985136926
1403636715963555584.000000 0.848663926 7.458088398 6.820549965 0.165696442 -0.006259035 -0.049924616 -0.984892488
1403636716013555456.000000 0.849487543 7.450827599 6.805473804 0.166831106 -0.007489285 -0.049664192 -0.984705448
1403636716063555584.000000 0.850929022 7.443247795 6.789433956 0.168120459 -0.006953081 -0.049906313 -0.984477818
1403636716113555456.000000 0.853088498 7.435095787 6.771633625 0.168612391 -0.005959976 -0.052389953 -0.984271169
1403636716163555584.000000 0.855389237 7.426371574 6.752359867 0.169230595 -0.001152797 -0.055222701 -0.984027565
1403636716213555456.000000 0.849092066 7.416069984 6.736495972 -0.170112625 -0.004781481 0.058790233 0.983657777
1403636716263555584.000000 0.851685703 7.406523705 6.714873314 -0.171631128 -0.008722184 0.060387883 0.983270109
1403636716313555456.000000 0.852666616 7.396965504 6.693004608 -0.172939926 -0.012417757 0.061915595 0.982905984
1403636716363555584.000000 0.854039729 7.388365746 6.670643330 0.174366012 0.014960946 -0.063325793 -0.982528687
1403636716413555456.000000 0.845224500 7.379163265 6.654277802 -0.175773919 -0.015334278 0.064093649 0.982222199
1403636716463555584.000000 0.841935933 7.370492458 6.633129120 -0.177128538 -0.016551185 0.064255759 0.981948435
1403636716513555456.000000 0.837267101 7.362073898 6.612667561 -0.178523198 -0.016286179 0.064525045 0.981682658
1403636716563555584.000000 0.830012083 7.353775024 6.592838764 0.179076359 0.015796363 -0.062225942 -0.981738329
1403636716613555456.000000 0.822071731 7.345068455 6.573407173 0.178012148 0.016199712 -0.060483374 -0.982034206
1403636716663555584.000000 0.812708259 7.336004734 6.554322720 0.175123453 0.015797777 -0.058820240 -0.982660949
1403636716713555456.000000 0.801919103 7.326647282 6.535526752 0.170901850 0.015996438 -0.056836478 -0.983517349
1403636716763555584.000000 0.789889455 7.316991806 6.516984940 0.165630117 0.015418049 -0.055406436 -0.984509587
1403636716813555456.000000 0.777142823 7.307142258 6.498304367 0.158738524 0.015451341 -0.053451512 -0.985751629
1403636716863555584.000000 0.759706199 7.303663254 6.483618736 -0.150878146 -0.015592820 0.051439155 0.987090051
1403636716913555456.000000 0.748270214 7.293603897 6.464231968 -0.141496435 -0.015844529 0.048934501 0.988601625
1403636716963555584.000000 0.738226473 7.283390045 6.444272041 -0.130896911 -0.017319001 0.044937700 0.990225613
1403636717013555456.000000 0.729472637 7.272192001 6.422938347 0.119888283 0.017122762 -0.041034400 -0.991791189
1403636717063555584.000000 0.723028660 7.264569759 6.402653217 -0.108619824 -0.018145958 0.036767073 0.993237555
1403636717113555456.000000 0.717916727 7.254083157 6.380734444 -0.097854614 -0.018360754 0.032631442 0.994496167
1403636717163555584.000000 0.714311361 7.244002819 6.358504295 -0.089325331 -0.018810891 0.028232506 0.995424569
1403636717213555456.000000 0.711174428 7.235012054 6.336772442 0.081576280 0.019250700 -0.024360178 -0.996183395
1403636717263555584.000000 0.709514380 7.228718758 6.315914631 -0.076153576 -0.019738350 0.019236002 0.996715188
1403636717313555456.000000 0.706681073 7.219513893 6.292976856 -0.072425209 -0.020789061 0.012670106 0.997076750
1403636717363555584.000000 0.704257965 7.210139275 6.269842625 -0.070329644 -0.020844206 0.004732305 0.997294784
1403636717413555456.000000 0.701344073 7.200815201 6.246921062 0.068545759 0.020864317 0.001988312 -0.997427821
1403636717463555584.000000 0.697553337 7.190237045 6.223937988 0.066996872 0.020758199 0.006016837 -0.997519135
1403636717513555456.000000 0.691979229 7.178490639 6.201538563 0.065530114 0.021074545 0.007211080 -0.997602046
1403636717563555584.000000 0.689909756 7.166234970 6.181935310 -0.063523315 -0.020326968 -0.005423311 0.997758627
1403636717613555456.000000 0.680815041 7.152202129 6.160973072 -0.061593376 -0.020507978 -0.001953801 0.997888744
1403636717663555584.000000 0.670334697 7.137415886 6.140474796 -0.060966775 -0.019595137 -0.000431312 0.997947395
1403636717713555456.000000 0.658676803 7.122419834 6.121031284 0.060457617 0.018840887 -0.001154887 -0.997992277
1403636717763555584.000000 0.647921681 7.105658531 6.102250576 -0.060628697 -0.019738263 -0.001979787 0.997963250
1403636717813555456.000000 0.634538889 7.087950706 6.082788467 -0.058914304 -0.020232715 -0.003647909 0.998051345
1403636717863555584.000000 0.622268617 7.068866253 6.063113689 -0.055888850 -0.020969035 -0.006731492 0.998194158
1403636717913555456.000000 0.611759365 7.048090458 6.042415619 0.051336862 0.021403138 0.009875461 -0.998403192
1403636717963555584.000000 0.606403351 7.025866508 6.024855614 -0.046064489 -0.021146005 -0.013518031 0.998623192
1403636718013555456.000000 0.599385142 7.001812935 6.003673077 -0.038684811 -0.020932611 -0.016228823 0.998900414
1403636718063555584.000000 0.594251931 6.976194382 5.981969833 -0.030251922 -0.021184575 -0.018278772 0.999150634
1403636718113555456.000000 0.591461122 6.948424816 5.960288048 0.019609878 0.020825921 0.017677952 -0.999434531
1403636718163555584.000000 0.587879062 6.921660900 5.942015648 -0.008833739 -0.021191129 -0.016828541 0.999594808
1403636718213555456.000000 0.583670080 6.892842770 5.920753002 0.000958805 -0.021324655 -0.016034545 0.999643624
1403636718263555584.000000 0.577244341 6.863694191 5.899528980 0.009485325 -0.021930566 -0.015496722 0.999594450
1403636718313555456.000000 0.567984760 6.836930752 5.881955624 0.017513609 -0.022635108 -0.014512023 0.999485075
1403636718363555584.000000 0.557787597 6.807039261 5.861980438 0.025443183 -0.022869727 -0.014867542 0.999304116
1403636718413555456.000000 0.546131730 6.776748180 5.842647552 0.033650767 -0.023975821 -0.014929812 0.999034524
1403636718463555584.000000 0.531426787 6.747878551 5.826207161 0.042594858 -0.024108367 -0.014068656 0.998702466
1403636718513555456.000000 0.517432272 6.717321396 5.808244228 0.051378466 -0.023979042 -0.014831393 0.998281181
1403636718563555584.000000 0.502457201 6.687057018 5.790812016 0.059469543 -0.024224630 -0.013699895 0.997842133
1403636718613555456.000000 0.486922950 6.657528400 5.774174690 -0.067024142 0.025062062 0.012317135 -0.997360528
1403636718663555584.000000 0.467288345 6.629519463 5.759863377 0.074425697 -0.025852595 -0.008666637 0.996853769
1403636718713555456.000000 0.450137645 6.601478577 5.744762421 0.080705658 -0.027320413 -0.006392829 0.996343017
1403636718763555584.000000 0.432666779 6.574830055 5.730471611 0.085508637 -0.027087923 -0.006395294 0.995948672
1403636718813555456.000000 0.414817780 6.550219536 5.716567039 -0.088172682 0.027270127 0.010562696 -0.995675862
1403636718863555584.000000 0.394609809 6.525569439 5.704447746 0.089188397 -0.026857425 -0.017108507 0.995505631
1403636718913555456.000000 0.379209042 6.502652645 5.691413879 0.089863740 -0.025906514 -0.022754934 0.995357037
1403636718963555584.000000 0.365561724 6.480487823 5.677776337 0.089986846 -0.024527425 -0.028071674 0.995245159
1403636719013555456.000000 0.351713926 6.459191322 5.665995121 0.090393096 -0.023528498 -0.031736705 0.995122313
1403636719063555584.000000 0.342690140 6.437517166 5.651978970 0.090872690 -0.021430951 -0.033636175 0.995063603
1403636719113555456.000000 0.335345864 6.415569305 5.637266159 -0.091011256 0.018789714 0.035261046 -0.995048106
1403636719163555584.000000 0.330391049 6.393512726 5.622613430 -0.091379508 0.015387217 0.035098393 -0.995078504
1403636719213555456.000000 0.321662098 6.370157719 5.605241299 0.091437787 -0.011936485 -0.034381106 0.995145559
1403636719263555584.000000 0.317201525 6.348322392 5.589716911 0.091226228 -0.008700753 -0.033681273 0.995222449
1403636719313555456.000000 0.311011612 6.326592445 5.574082375 0.091647871 -0.006488240 -0.030667130 0.995298088
1403636719363555584.000000 0.302563101 6.305325508 5.557658195 -0.091325976 0.003871938 0.029742561 -0.995369256
1403636719413555456.000000 0.292464525 6.284204006 5.541419983 -0.091113627 0.002568301 0.028329918 -0.995434165
1403636719463555584.000000 0.280488074 6.263638020 5.525025368 -0.090777539 0.001872017 0.026701953 -0.995511413
1403636719513555456.000000 0.261619002 6.240422726 5.506018639 0.090181597 -0.001746963 -0.025388842 0.995600224
1403636719563555584.000000 0.246191353 6.220806599 5.489114761 0.089308165 -0.004691996 -0.024837535 0.995683312
1403636719613555456.000000 0.230840504 6.201648235 5.471345425 0.088963188 -0.007469552 -0.022747958 0.995747149
1403636719663555584.000000 0.216485620 6.182837963 5.452195168 -0.087410241 0.011063228 0.022996673 -0.995845556
1403636719713555456.000000 0.203986272 6.162410259 5.431986332 0.085935220 -0.014672507 -0.022356028 0.995941818
1403636719763555584.000000 0.194098949 6.144615650 5.410911560 0.084425613 -0.017136639 -0.021611746 0.996047974
1403636719813555456.000000 0.186476961 6.127196789 5.389587879 0.082937069 -0.019334763 -0.020738529 0.996151388
1403636719863555584.000000 0.180658624 6.109982967 5.364801884 0.081536189 -0.019902363 -0.019770144 0.996275544
1403636719913555456.000000 0.176034123 6.093406677 5.341768742 0.080264032 -0.020609420 -0.018776486 0.996383727
1403636719963555584.000000 0.170585275 6.077120781 5.318975449 -0.079179704 0.022353033 0.018026028 -0.996446669
1403636720013555456.000000 0.164697230 6.059750557 5.299904346 0.077523187 -0.022698637 -0.018366041 0.996562958
1403636720063555584.000000 0.157452211 6.044437408 5.278578758 0.077130735 -0.023332687 -0.017765874 0.996589601
1403636720113555456.000000 0.148920923 6.029467106 5.258201122 0.076383024 -0.023715757 -0.018083200 0.996632516
1403636720163555584.000000 0.139802024 6.016470909 5.237684250 0.076033182 -0.024854165 -0.018000213 0.996632993
1403636720213555456.000000 0.128128022 6.002293110 5.219293594 0.076257825 -0.025012197 -0.017184054 0.996626318
1403636720263555584.000000 0.115681216 5.988411903 5.201545715 0.076366805 -0.024811307 -0.016999984 0.996626139
1403636720313555456.000000 0.104195848 5.974687576 5.184710026 0.076657459 -0.024779620 -0.016238231 0.996617258
1403636720363555584.000000 0.090091906 5.961638451 5.168308735 0.076933965 -0.024716811 -0.016597101 0.996591628
1403636720413555456.000000 0.075207256 5.949112892 5.152376652 0.077624343 -0.024718225 -0.016366851 0.996541858
1403636720463555584.000000 0.061880231 5.935903549 5.137187481 0.078432813 -0.025301820 -0.015803946 0.996472955
1403636720513555456.000000 0.048620149 5.924187660 5.121190548 0.079044774 -0.025758758 -0.015499165 0.996417761
1403636720563555584.000000 0.037241232 5.913321018 5.104829788 -0.080133334 0.025832279 0.014914356 -0.996337771
1403636720613555456.000000 0.029000219 5.903496265 5.089271069 0.080270030 -0.026516622 -0.016306777 0.996286988
1403636720663555584.000000 0.021149404 5.893570900 5.072602749 0.081448801 -0.026530603 -0.015720310 0.996200383
1403636720713555456.000000 0.015164793 5.884502411 5.054988384 0.081251591 -0.024996538 -0.015855758 0.996253967
1403636720763555584.000000 0.012554683 5.876641273 5.038281918 0.080104038 -0.025505772 -0.014702113 0.996351719
1403636720813555456.000000 0.009651981 5.868899345 5.021413803 0.076802850 -0.025758823 -0.014026283 0.996614814
1403636720863555584.000000 0.006848991 5.861895084 5.005263805 0.071890585 -0.025882479 -0.013983220 0.996978641
1403636720913555456.000000 0.004281767 5.857622623 4.993399143 0.065962434 -0.025944084 -0.012282682 0.997409165
1403636720963555584.000000 -0.000692885 5.851908207 4.978674889 0.059527986 -0.024836836 -0.010072044 0.997866869
1403636721013555456.000000 -0.007250203 5.846525669 4.964692593 -0.053971563 0.023405278 0.006629921 -0.998246133
1403636721063555584.000000 -0.014834882 5.842654705 4.953583241 0.047641419 -0.021459039 -0.003479160 0.998627961
1403636721113555456.000000 -0.024073185 5.838323116 4.940847397 0.040549118 -0.020401845 -0.000183668 0.998969257
1403636721163555584.000000 -0.033934511 5.834877968 4.928450584 0.031829149 -0.018076140 0.002176416 0.999327481
1403636721213555456.000000 -0.043602478 5.832107067 4.915771961 -0.023787070 0.016857801 -0.005342569 -0.999560714
1403636721263555584.000000 -0.049992386 5.829905033 4.904489994 0.016566722 -0.014038181 0.008589901 0.999727368
1403636721313555456.000000 -0.056465749 5.828041077 4.890889168 0.009921948 -0.013877344 0.010541135 0.999798894
1403636721363555584.000000 -0.061253849 5.826865196 4.875814438 0.003594643 -0.013564572 0.012021477 0.999829292
1403636721413555456.000000 -0.064093836 5.825987816 4.859856129 0.001687623 0.012733068 -0.012589742 -0.999838293
1403636721463555584.000000 -0.066142827 5.825303078 4.843098164 0.006107135 0.013009968 -0.013810185 -0.999801338
1403636721513555456.000000 -0.066378392 5.826560974 4.830996037 -0.011464983 -0.013837435 0.013977177 0.999740839
1403636721563555584.000000 -0.068996586 5.826759338 4.813626289 -0.017162802 -0.014669643 0.015078045 0.999631464
1403636721613555456.000000 -0.073018223 5.827241421 4.796528816 -0.023226071 -0.015631154 0.015301218 0.999490976
1403636721663555584.000000 -0.078603134 5.827964783 4.779809952 0.028163152 0.017015791 -0.015673084 -0.999335647
1403636721713555456.000000 -0.085444994 5.828508377 4.763183117 0.032125689 0.016263859 -0.015508075 -0.999231160
1403636721763555584.000000 -0.093911208 5.829015255 4.746782780 0.035726462 0.016903942 -0.014375458 -0.999115288
1403636721813555456.000000 -0.101446278 5.830046177 4.733582020 -0.037696246 -0.016528770 0.014755449 0.999043584
1403636721863555584.000000 -0.112549707 5.830252647 4.717798233 -0.038761489 -0.015856946 0.015660997 0.998999953
1403636721913555456.000000 -0.124272689 5.830224037 4.702579498 -0.039598398 -0.015688049 0.015555087 0.998971462
1403636721963555584.000000 -0.136574134 5.830213547 4.687763691 0.040630631 0.015696140 -0.012665661 -0.998970687
1403636722013555456.000000 -0.143693417 5.829710960 4.675693035 -0.041820891 -0.015848689 0.009330831 0.998955846
1403636722063555584.000000 -0.153236702 5.829056263 4.659949780 -0.042386521 -0.015963120 0.006153274 0.998954833
1403636722113555456.000000 -0.160980299 5.827846050 4.643514633 -0.041690461 -0.016233517 0.005258079 0.998984873
1403636722163555584.000000 -0.166567072 5.825636387 4.626729965 0.040514503 0.016765745 -0.006536087 -0.999016941
1403636722213555456.000000 -0.170750827 5.823233128 4.609079361 0.039219685 0.016966157 -0.007550478 -0.999058127
1403636722263555584.000000 -0.170998320 5.820938110 4.592445374 -0.037805106 -0.017611895 0.008933557 0.999090016
1403636722313555456.000000 -0.174013987 5.817673683 4.574494839 -0.036195580 -0.017118609 0.010430949 0.999143660
1403636722363555584.000000 -0.178159460 5.814395905 4.556832790 -0.035764121 -0.017512860 0.011111203 0.999145091
1403636722413555456.000000 -0.183099955 5.811386585 4.538989544 0.037087049 0.017933657 -0.011289711 -0.999087334
1403636722463555584.000000 -0.184110239 5.809076309 4.526980400 -0.039465729 -0.017336935 0.011901931 0.998999655
1403636722513555456.000000 -0.191808969 5.806092739 4.509959698 -0.041733969 -0.017050404 0.013231587 0.998895645
1403636722563555584.000000 -0.200367540 5.802976131 4.493223667 -0.043991081 -0.017209511 0.013887398 0.998787165
1403636722613555456.000000 -0.209524274 5.799504280 4.477652550 0.046203896 0.017514965 -0.012934902 -0.998694718
1403636722663555584.000000 -0.217126429 5.796331406 4.462077618 -0.048051428 -0.017951647 0.012862073 0.998600721
1403636722713555456.000000 -0.227111548 5.792548180 4.446258068 -0.049677312 -0.017525479 0.012473036 0.998533726
1403636722763555584.000000 -0.237357587 5.788447857 4.430626392 -0.051288065 -0.018010201 0.011504979 0.998455226
1403636722813555456.000000 -0.246436775 5.784191132 4.414660454 0.052313607 0.018890811 -0.010831225 -0.998393297
1403636722863555584.000000 -0.244702503 5.778776169 4.397016525 -0.053299613 -0.018981779 0.010033124 0.998347759
1403636722913555456.000000 -0.250718832 5.773241997 4.379537582 -0.053358972 -0.019164445 0.011171213 0.998329043
1403636722963555584.000000 -0.255353063 5.767230511 4.361510754 -0.052981455 -0.019561734 0.012372974 0.998327196
1403636723013555456.000000 -0.259764940 5.760769367 4.342604637 0.052291580 0.019027650 -0.014240918 -0.998349071
1403636723063555584.000000 -0.262058437 5.754175663 4.323966503 0.051473506 0.017925955 -0.016462378 -0.998377800
1403636723113555456.000000 -0.256249338 5.747533798 4.306063175 -0.051085960 -0.017753219 0.017433692 0.998384237
1403636723163555584.000000 -0.258960456 5.740978718 4.287689686 -0.051166557 -0.017445121 0.017654842 0.998381674
1403636723213555456.000000 -0.262760222 5.734346867 4.269703388 -0.051201414 -0.017406961 0.018181669 0.998371124
1403636723263555584.000000 -0.267462194 5.728037357 4.252451897 0.051759355 0.018530354 -0.017079590 -0.998341560
1403636723313555456.000000 -0.264325768 5.721017838 4.231075764 -0.052916605 -0.018480621 0.014929329 0.998316288
1403636723363555584.000000 -0.271308005 5.714524746 4.214428425 -0.054954235 -0.018301310 0.014435065 0.998216808
1403636723413555456.000000 -0.278918922 5.708125591 4.198036194 -0.059041053 -0.017583175 0.013160434 0.998013914
1403636723463555584.000000 -0.284995794 5.701817036 4.181963921 0.064541101 0.015960073 -0.011793956 -0.997717738
1403636723513555456.000000 -0.288950264 5.694577694 4.163024902 -0.070227049 -0.011960317 0.013378262 0.997369647
1403636723563555584.000000 -0.293918014 5.687320232 4.147594452 -0.074982233 -0.005247348 0.017007008 0.997026026
1403636723613555456.000000 -0.297534496 5.679492474 4.131054401 -0.079273991 0.001444520 0.020250164 0.996646106
1403636723663555584.000000 -0.298724711 5.671295643 4.113908768 0.083437108 -0.002482567 -0.022968078 -0.996245265
1403636723713555456.000000 -0.300125390 5.662543774 4.095935822 0.087186232 0.001099387 -0.024601959 -0.995887637
1403636723763555584.000000 -0.301506460 5.653142452 4.071426868 -0.090914920 -0.005691206 0.026737632 0.995483398
1403636723813555456.000000 -0.302917182 5.643342018 4.051773548 -0.093432777 -0.010295569 0.029808661 0.995126009
1403636723863555584.000000 -0.305038869 5.633448124 4.031973839 -0.095829405 -0.013713755 0.031978589 0.994789541
1403636723913555456.000000 -0.308140904 5.622714043 4.012248039 0.097834185 0.017282944 -0.034156967 -0.994466245
1403636723963555584.000000 -0.312999308 5.612416267 3.993376970 0.099678099 0.021516671 -0.036424413 -0.994120002
1403636724013555456.000000 -0.321060389 5.603259563 3.970636845 -0.102685325 -0.025689665 0.037714243 0.993666649
1403636724063555584.000000 -0.327920258 5.593905926 3.952964306 -0.107002333 -0.029107422 0.039686207 0.993039966
1403636724113555456.000000 -0.336186111 5.585061550 3.935782433 -0.112689719 -0.032829102 0.041602246 0.992215991
1403636724163555584.000000 -0.344180584 5.576747417 3.918549061 0.119589113 0.033041861 -0.042780068 -0.991350889
1403636724213555456.000000 -0.357988894 5.570275784 3.902780533 -0.126856536 -0.034163982 0.046129711 0.990258753
1403636724263555584.000000 -0.367688358 5.562788010 3.888094187 -0.135496020 -0.034033891 0.048652798 0.988997221
1403636724313555456.000000 -0.377473414 5.555594444 3.874207020 -0.144903243 -0.032900434 0.050349161 0.987616122
1403636724363555584.000000 -0.387102067 5.548020840 3.858526945 0.154249132 0.030711869 -0.052648798 -0.986150205
1403636724413555456.000000 -0.395216376 5.540632725 3.843900204 0.163828805 0.027695574 -0.054580685 -0.984588265
1403636724463555584.000000 -0.405539364 5.535559177 3.833733320 -0.171674922 -0.025469545 0.056867771 0.983181179
1403636724513555456.000000 -0.410057366 5.527749538 3.818985462 -0.178851008 -0.022743097 0.057385169 0.981937945
1403636724563555584.000000 -0.413725525 5.519502640 3.803742170 -0.184518352 -0.020372473 0.058579791 0.980870247
1403636724613555456.000000 -0.416155279 5.511445045 3.788708687 0.189341739 0.019793026 -0.059576973 -0.979902327
1403636724663555584.000000 -0.415532649 5.502816677 3.773358345 0.192974165 0.019034686 -0.060349394 -0.979161143
1403636724713555456.000000 -0.414220959 5.495016575 3.762068033 -0.195693046 -0.018893413 0.061457787 0.978555262
1403636724763555584.000000 -0.409676671 5.485598564 3.746305466 -0.197695524 -0.019417809 0.062437873 0.978080273
1403636724813555456.000000 -0.403209329 5.475767136 3.730124235 -0.198835984 -0.020309875 0.063201353 0.977781892
1403636724863555584.000000 -0.395113111 5.465799332 3.713873386 0.199076563 0.021101551 -0.064357035 -0.977640808
1403636724913555456.000000 -0.385065794 5.455412865 3.697392941 0.198340833 0.021621281 -0.066344544 -0.977646053
1403636724963555584.000000 -0.373253077 5.444861412 3.680701971 0.197042122 0.022046415 -0.068771273 -0.977731526
1403636725013555456.000000 -0.359577477 5.434381008 3.663945675 0.195263594 0.021773331 -0.071399152 -0.977906048
1403636725063555584.000000 -0.343774617 5.424128532 3.646684170 0.193758667 0.020975497 -0.073382095 -0.978076041
1403636725113555456.000000 -0.332161009 5.414552689 3.637886524 -0.192588553 -0.020272892 0.074892327 0.978207529
1403636725163555584.000000 -0.314315319 5.405536652 3.620652914 -0.191261128 -0.021013232 0.076570205 0.978322387
1403636725213555456.000000 -0.296801478 5.397382736 3.603598833 -0.190949410 -0.021047836 0.075681813 0.978451669
1403636725263555584.000000 -0.280449718 5.389050961 3.587604761 0.190031588 0.021411238 -0.075883538 -0.978606820
1403636725313555456.000000 -0.265272141 5.381876469 3.571642637 0.190633699 0.022356592 -0.073750645 -0.978631616
1403636725363555584.000000 -0.251481771 5.375318050 3.556267023 0.190760285 0.022740308 -0.072586030 -0.978685200
1403636725413555456.000000 -0.239025742 5.369185448 3.541482687 0.191282824 0.022749323 -0.070660576 -0.978723884
1403636725463555584.000000 -0.227669850 5.361584663 3.526623249 -0.191437811 -0.022678953 0.069837838 0.978754342
1403636725513555456.000000 -0.218177468 5.356026649 3.513033390 -0.191911146 -0.023068089 0.068282172 0.978762269
1403636725563555584.000000 -0.210317388 5.350684166 3.499999762 -0.192465335 -0.023955101 0.067604005 0.978679180
1403636725613555456.000000 -0.204280436 5.345360756 3.487091064 0.193078473 0.024053158 -0.066192888 -0.978652477
1403636725663555584.000000 -0.199055329 5.340311050 3.475425005 0.193348870 0.022377906 -0.065847561 -0.978662133
1403636725713555456.000000 -0.195370555 5.335375309 3.464583158 0.193428174 0.021961607 -0.066345066 -0.978622317
1403636725763555584.000000 -0.192956835 5.330407619 3.454574108 0.193343788 0.022374969 -0.066313729 -0.978631794
1403636725813555456.000000 -0.191684350 5.325572491 3.445139170 0.193281502 0.021973709 -0.065974176 -0.978676081
1403636725863555584.000000 -0.191783488 5.320898056 3.436473846 0.192692950 0.023345588 -0.066769764 -0.978706479
1403636725913555456.000000 -0.192479372 5.316306591 3.428729057 0.191658854 0.022816071 -0.068617895 -0.978794098
1403636725963555584.000000 -0.197397560 5.305477142 3.410934687 -0.190962255 -0.023452438 0.069203585 0.978873968
1403636726013555456.000000 -0.199830323 5.301142216 3.404400349 -0.190336496 -0.022390656 0.069674052 0.978987336
1403636726063555584.000000 -0.203147650 5.297289848 3.398684502 -0.190071419 -0.022137458 0.068647087 0.979117215
1403636726113555456.000000 -0.206903726 5.293355942 3.392794371 0.190058649 0.021974472 -0.067335367 -0.979214430
1403636726163555584.000000 -0.211673886 5.289833069 3.387998104 0.189933255 0.020234529 -0.066037774 -0.979364574
1403636726213555456.000000 -0.217729181 5.286435127 3.383794785 0.189512014 0.019565536 -0.065496214 -0.979496181
1403636726263555584.000000 -0.224061459 5.283037186 3.379762888 0.189270660 0.019561749 -0.064292096 -0.979622662
1403636726313555456.000000 -0.229544222 5.279479980 3.375590801 0.188531592 0.019188527 -0.064039409 -0.979789078
1403636726363555584.000000 -0.233300209 5.276050568 3.371582985 0.188275784 0.018163336 -0.062892117 -0.979932129
1403636726413555456.000000 -0.234407216 5.272607803 3.367625952 0.187487721 0.017728878 -0.062441587 -0.980119944
1403636726463555584.000000 -0.245303929 5.259678364 3.339623451 -0.186327890 -0.016421350 0.062672757 0.980349123
1403636726513555456.000000 -0.243044198 5.256216526 3.335559130 -0.184946582 -0.015529110 0.064803161 0.980486751
1403636726563555584.000000 -0.239104941 5.252539635 3.331138134 -0.182006866 -0.013081166 0.070991278 0.980644047
1403636726613555456.000000 -0.231790751 5.249961853 3.326286316 0.178502008 0.010588729 -0.079052843 -0.980701625
1403636726663555584.000000 -0.224421322 5.247962952 3.321081400 0.175577506 0.006889448 -0.085756548 -0.980699182
1403636726713555456.000000 -0.216120273 5.247223854 3.314356089 0.175023809 0.006765918 -0.086542673 -0.980729997
1403636726763555584.000000 -0.205932558 5.247916698 3.306431770 0.176109552 0.006566968 -0.082896926 -0.980851948
1403636726813555456.000000 -0.193766057 5.249727249 3.297869205 0.177480176 0.007428340 -0.077231497 -0.981061101
1403636726863555584.000000 -0.180432096 5.251702309 3.287832975 0.177550212 0.008080880 -0.070872858 -0.981523097
1403636726913555456.000000 -0.166752100 5.253801346 3.276639938 0.177017212 0.009142370 -0.065935880 -0.981954098
1403636726963555584.000000 -0.150403291 5.246577263 3.241837740 -0.176036879 -0.010125217 0.062323362 0.982356548
1403636727013555456.000000 -0.135349959 5.248163700 3.228623390 -0.174984470 -0.010231377 0.060489219 0.982658029
1403636727063555584.000000 -0.122399211 5.247824192 3.212184906 -0.174606130 -0.010392225 0.057848740 0.982882619
1403636727113555456.000000 -0.103694156 5.252081871 3.199650764 0.173988104 0.011153205 -0.055489123 -0.983119905
1403636727163555584.000000 -0.090428747 5.253536224 3.185286760 0.174039662 0.012585653 -0.052487288 -0.983258367
1403636727213555456.000000 -0.078920357 5.254247189 3.171235561 0.174233526 0.013765397 -0.049678758 -0.983354092
1403636727263555584.000000 -0.069003493 5.254276276 3.157654285 0.174582988 0.014866351 -0.046989825 -0.983408272
1403636727313555456.000000 -0.060563371 5.253409386 3.144181252 0.175242051 0.016052322 -0.044188648 -0.983402252
1403636727363555584.000000 -0.053290885 5.251633644 3.130947828 0.175264984 0.017989531 -0.043452077 -0.983397424
1403636727413555456.000000 -0.046657953 5.248977184 3.117708683 0.175438359 0.018394276 -0.042427760 -0.983403802
1403636727463555584.000000 -0.038223371 5.236649990 3.076655626 -0.175743997 -0.018392278 0.041413158 0.983392537
1403636727513555456.000000 -0.032257024 5.231612206 3.063184500 -0.175129682 -0.016543111 0.043097917 0.983462572
1403636727563555584.000000 -0.025463264 5.225504875 3.049043655 -0.173999101 -0.014521541 0.046464492 0.983541906
1403636727613555456.000000 -0.016869549 5.220753193 3.033458233 0.173641533 0.012809110 -0.047393389 -0.983584523
1403636727663555584.000000 -0.007865116 5.213887215 3.018074751 0.172850639 0.012185117 -0.049515117 -0.983627260
1403636727713555456.000000 0.003114790 5.206840992 3.002521992 0.173033133 0.013844403 -0.049427241 -0.983577609
1403636727763555584.000000 0.016214490 5.199225426 2.986541748 0.173320100 0.014656559 -0.048475511 -0.983562708
1403636727813555456.000000 0.030734748 5.190776825 2.969818354 0.173565522 0.015495624 -0.047066528 -0.983574986
1403636727863555584.000000 0.046698220 5.181643963 2.952087164 0.175526083 0.017268877 -0.042331830 -0.983412683
1403636727913555456.000000 0.062475380 5.171348572 2.934080839 0.177216679 0.018005112 -0.037793536 -0.983281136
1403636727963555584.000000 0.080979459 5.153576374 2.909348011 -0.177851647 -0.018450810 0.036596376 0.983203530
1403636728013555456.000000 0.094015323 5.141070843 2.892075777 -0.177605271 -0.018570699 0.038021848 0.983191729
1403636728063555584.000000 0.105542526 5.127447128 2.875085592 -0.177134067 -0.018485123 0.039859787 0.983205497
1403636728113555456.000000 0.116107740 5.113594532 2.858207464 0.176055506 0.016350599 -0.043106910 -0.983300030
1403636728163555584.000000 0.125148535 5.098870277 2.841818333 0.175975621 0.014945619 -0.044696763 -0.983265758
1403636728213555456.000000 0.132766470 5.083461761 2.825736046 0.175404608 0.013535757 -0.046442553 -0.983307242
1403636728263555584.000000 0.137845933 5.067285538 2.816945314 -0.175295368 -0.012886566 0.047577679 0.983281195
1403636728313555456.000000 0.142537087 5.050910950 2.801271200 -0.174936354 -0.012831346 0.049164187 0.983267844
1403636728363555584.000000 0.145720527 5.033946514 2.785790920 -0.175223768 -0.013278903 0.048959892 0.983220935
1403636728413555456.000000 0.147172615 5.016411781 2.770232677 0.173786521 0.013075510 -0.052989230 -0.983269811
1403636728463555584.000000 0.145969063 4.999152660 2.763486862 -0.172049075 -0.011633920 0.059148602 0.983242273
1403636728513555456.000000 0.144478559 4.981489182 2.748308659 -0.169744849 -0.010872100 0.066472590 0.983183622
1403636728563555584.000000 0.141828761 4.964275837 2.732833385 -0.167886376 -0.010818731 0.069938593 0.983262837
1403636728613555456.000000 0.138495997 4.948208332 2.717558146 0.165554106 0.009976285 -0.071469866 -0.983556986
1403636728663555584.000000 0.134874418 4.932427406 2.701197147 0.163699195 0.011328039 -0.066880926 -0.984175384
1403636728713555456.000000 0.132285535 4.917134762 2.684099197 0.160770759 0.011945967 -0.060483474 -0.985064387
1403636728763555584.000000 0.131507844 4.902044773 2.666455507 0.156034827 0.012941157 -0.054150641 -0.986181200
1403636728813555456.000000 0.135150447 4.888003349 2.633782864 0.150032327 0.013867335 -0.047457624 -0.987444103
1403636728863555584.000000 0.131890669 4.872228146 2.649739027 -0.144138798 -0.014353142 0.042269465 0.988550186
1403636728913555456.000000 0.135257483 4.856904984 2.630070925 -0.138238251 -0.013400850 0.037471320 0.989599228
1403636728963555584.000000 0.138235658 4.841297150 2.610543251 -0.132763490 -0.012601642 0.034724928 0.990459204
1403636729013555456.000000 0.139357954 4.824231148 2.591570616 0.127804562 0.011332163 -0.032084450 -0.991215587
1403636729063555584.000000 0.139770895 4.807663918 2.572061777 0.123649709 0.009814639 -0.029360501 -0.991842926
1403636729113555456.000000 0.138491794 4.790767670 2.552691460 0.119629681 0.008844026 -0.027915291 -0.992386699
1403636729163555584.000000 0.135707557 4.773667812 2.533198118 0.116730757 0.009150567 -0.026428411 -0.992769718
1403636729213555456.000000 0.131391764 4.756186485 2.513841867 0.114101663 0.011247044 -0.026342712 -0.993056118
1403636729263555584.000000 0.126195177 4.738282204 2.494808912 0.111241527 0.012048353 -0.027885171 -0.993329108
1403636729313555456.000000 0.119946018 4.720290661 2.475753069 0.109814815 0.012407101 -0.027412133 -0.993496537
1403636729363555584.000000 0.105557814 4.702298164 2.479182482 -0.108710334 -0.012071011 0.027902311 0.993608475
1403636729413555456.000000 0.098865844 4.683847427 2.459828377 -0.108064227 -0.011365416 0.027280224 0.993704557
1403636729463555584.000000 0.093131788 4.664798260 2.439380407 -0.107529327 -0.011172999 0.027066179 0.993770659
1403636729513555456.000000 0.087487660 4.643568993 2.416391611 0.106999233 0.011077862 -0.027160339 -0.993826330
1403636729563555584.000000 0.083855979 4.623376369 2.393182755 0.106481008 0.011594361 -0.027711604 -0.993860960
1403636729613555456.000000 0.082493812 4.603126526 2.369729042 0.106240742 0.012465580 -0.027840253 -0.993872523
1403636729663555584.000000 0.084035277 4.585474491 2.360348463 -0.106114104 -0.013063035 0.028214427 0.993867815
1403636729713555456.000000 0.084532939 4.565053940 2.335340500 -0.105580784 -0.012659166 0.029527398 0.993891656
1403636729763555584.000000 0.085364714 4.544798374 2.310590029 -0.106011093 -0.014639231 0.029334171 0.993824363
1403636729813555456.000000 0.084164560 4.525064945 2.287664652 0.106242888 0.016663207 -0.030165508 -0.993742883
1403636729863555584.000000 0.082217082 4.504849434 2.263408661 0.106640279 0.019416949 -0.030005738 -0.993655205
1403636729913555456.000000 0.083005354 4.484742165 2.248748779 -0.106304489 -0.020927442 0.032321487 0.993587852
1403636729963555584.000000 0.078586459 4.464302540 2.225292921 -0.106627055 -0.022754444 0.031489864 0.993539810
1403636730013555456.000000 0.073321834 4.443733215 2.202671766 -0.106399477 -0.024202140 0.032636214 0.993493021
1403636730063555584.000000 0.067832798 4.421598911 2.182124376 0.106215492 0.025097936 -0.032792471 -0.993485332
1403636730113555456.000000 0.062780350 4.402728081 2.166483402 -0.105716556 -0.025659466 0.032930944 0.993519604
1403636730163555584.000000 0.055130441 4.381381512 2.145975113 -0.105340682 -0.025323886 0.033972550 0.993533075
1403636730213555456.000000 0.046474367 4.360238075 2.125960350 -0.105459914 -0.026542820 0.033243157 0.993513286
1403636730263555584.000000 0.037526328 4.339710236 2.108546734 0.105156615 0.026647162 -0.032954913 -0.993552268
1403636730313555456.000000 0.027220918 4.320368767 2.091990471 -0.104330197 -0.025820404 0.034832481 0.993597150
1403636730363555584.000000 0.016209705 4.299892426 2.074172020 -0.103874922 -0.026271675 0.034952238 0.993628800
1403636730413555456.000000 0.004789221 4.279631138 2.056789875 -0.103779390 -0.027571801 0.034310754 0.993625939
1403636730463555584.000000 -0.005090893 4.260119438 2.041134596 0.103168756 0.031175917 -0.035058707 -0.993556917
1403636730513555456.000000 -0.009908052 4.242971897 2.027425051 -0.103345379 -0.035427015 0.034185272 0.993426442
1403636730563555584.000000 -0.015637949 4.223515511 2.011065245 -0.102714635 -0.039489027 0.035437111 0.993294835
1403636730613555456.000000 -0.018674847 4.204638481 1.996195078 -0.102260217 -0.042302731 0.036210738 0.993197978
1403636730663555584.000000 -0.018207384 4.186245441 1.983269811 0.102066956 0.043809529 -0.036893889 -0.993127406
1403636730713555456.000000 -0.019951990 4.169158936 1.967342854 -0.101645648 -0.044818625 0.037224710 0.993113220
1403636730763555584.000000 -0.012845011 4.151552200 1.956104994 -0.101968743 -0.046142507 0.036741510 0.993037462
1403636730813555456.000000 -0.004384892 4.134139061 1.944940567 -0.101731911 -0.046629321 0.036380004 0.993052244
1403636730863555584.000000 0.005387992 4.117496014 1.934775114 0.101133697 0.047038000 -0.038567152 -0.993011594
1403636730913555456.000000 0.015045329 4.100855350 1.925327539 0.100165084 0.047447670 -0.042285841 -0.992938936
1403636730963555584.000000 0.017368045 4.085641384 1.912868261 -0.098707207 -0.045505792 0.047276657 0.992950678
1403636731013555456.000000 0.025106100 4.070185661 1.906212568 -0.097509287 -0.043668982 0.052408770 0.992893934
1403636731063555584.000000 0.032449689 4.055672646 1.900854468 -0.095809735 -0.037545219 0.058641843 0.992961287
1403636731113555456.000000 0.037679218 4.042655945 1.895918846 0.095260240 0.030359719 -0.061957382 -0.993058443
1403636731163555584.000000 0.038350046 4.030806541 1.885829091 -0.095171340 -0.025122494 0.063483126 0.993116915
1403636731213555456.000000 0.041972265 4.020780563 1.882360458 -0.096393809 -0.021501729 0.061470218 0.993210673
1403636731263555584.000000 0.044469841 4.012253761 1.878954172 -0.098270789 -0.018606875 0.057233881 0.993338287
1403636731313555456.000000 0.045002103 4.004963875 1.874356508 0.100585446 0.017148910 -0.051963426 -0.993422568
1403636731363555584.000000 0.044797547 3.998382092 1.870890141 0.102365911 0.017052444 -0.047932424 -0.993445039
1403636731413555456.000000 0.043015264 3.992374182 1.867495060 0.104305618 0.018684231 -0.043024596 -0.993438542
1403636731463555584.000000 0.040295675 3.986656189 1.864324689 0.104967982 0.018316032 -0.041458316 -0.993442237
1403636731513555456.000000 0.036034733 3.981165886 1.861212134 0.104656674 0.019133169 -0.042714205 -0.993406475
1403636731563555584.000000 0.030706648 3.975827932 1.858163476 0.103042781 0.019262066 -0.046859361 -0.993385792
1403636731613555456.000000 0.024813034 3.971090078 1.854975700 0.102193318 0.018736228 -0.049830452 -0.993339062
1403636731663555584.000000 0.014911162 3.966995716 1.843973398 -0.101042055 -0.018395668 0.052337300 0.993334293
1403636731713555456.000000 0.006987533 3.964259386 1.840757132 -0.101444326 -0.018294854 0.051814612 0.993322551
1403636731763555584.000000 -0.002149750 3.962040663 1.837277889 -0.102507219 -0.018991824 0.048782133 0.993353903
1403636731813555456.000000 -0.012514958 3.960441351 1.833438754 -0.103123568 -0.019151660 0.046818208 0.993381500
1403636731863555584.000000 -0.022914091 3.961002350 1.832163334 0.103620648 0.019458571 -0.044292513 -0.993439734
1403636731913555456.000000 -0.034563370 3.960595608 1.829328537 0.103632264 0.019308068 -0.042468958 -0.993520975
1403636731963555584.000000 -0.047029048 3.960357666 1.826570034 0.103529707 0.018582886 -0.042045578 -0.993563533
1403636732013555456.000000 -0.060362387 3.960263014 1.824030638 0.103386261 0.018394047 -0.041341927 -0.993611574
1403636732063555584.000000 -0.074559383 3.960397243 1.821471334 0.103420235 0.016953425 -0.040232759 -0.993679106
1403636732113555456.000000 -0.090262264 3.960669994 1.818971276 0.103066958 0.016783187 -0.040775511 -0.993696570
1403636732163555584.000000 -0.104577765 3.959713459 1.815438271 -0.103139728 -0.016677776 0.039578792 0.993739247
1403636732213555456.000000 -0.120370857 3.959972382 1.812054157 -0.103083350 -0.015123014 0.038847663 0.993798792
1403636732263555584.000000 -0.134918556 3.960170507 1.807393312 -0.103330538 -0.014480996 0.036824908 0.993859708
1403636732313555456.000000 -0.149172217 3.961344004 1.802275181 0.102578752 0.013419217 -0.037694253 -0.993919849
1403636732363555584.000000 -0.161872357 3.961655855 1.795384049 0.103305958 0.014201295 -0.035113044 -0.993928254
1403636732413555456.000000 -0.171789721 3.961809635 1.787146211 0.104811020 0.013033153 -0.030576752 -0.993936598
1403636732463555584.000000 -0.179315805 3.961651325 1.777563810 0.107115000 0.011302537 -0.023215931 -0.993911326
1403636732513555456.000000 -0.185272321 3.960483551 1.765687704 0.109786913 0.009275314 -0.014404468 -0.993807554
1403636732563555584.000000 -0.190254837 3.958181143 1.752884865 0.111653075 0.006872121 -0.007952250 -0.993691742
1403636732613555456.000000 -0.193998575 3.954268456 1.739320040 0.113043025 0.004268820 -0.002669468 -0.993577361
1403636732663555584.000000 -0.188103214 3.953214407 1.740792274 -0.112470485 -0.001879255 0.002559396 0.993650019
1403636732713555456.000000 -0.189872146 3.945826054 1.725141048 -0.110848255 0.000485589 0.006152512 0.993818223
1403636732763555584.000000 -0.190372422 3.937147379 1.708370090 -0.108878076 0.001258371 0.010794209 0.993995726
1403636732813555456.000000 -0.190826595 3.925431728 1.690171838 0.106841207 -0.002625196 -0.015570325 -0.994150758
1403636732863555584.000000 -0.191057339 3.914029598 1.671241283 0.106034160 -0.003033105 -0.017462786 -0.994204521
1403636732913555456.000000 -0.192883506 3.901716232 1.651488543 0.105322003 -0.002224185 -0.018687382 -0.994260132
1403636732963555584.000000 -0.196634173 3.888578176 1.631244659 0.104618348 -0.000275070 -0.019900100 -0.994313300
1403636733013555456.000000 -0.201919287 3.874909163 1.610828638 0.104001343 0.002474286 -0.020547697 -0.994361877
1403636733063555584.000000 -0.199001640 3.865591764 1.606286407 -0.103663854 -0.005439346 0.020747358 0.994381130
1403636733113555456.000000 -0.203169256 3.851185799 1.584853530 -0.103090882 -0.009283437 0.021511853 0.994395971
1403636733163555584.000000 -0.204783037 3.836352348 1.562267423 -0.103942066 -0.009719260 0.018666044 0.994360685
1403636733213555456.000000 -0.204832286 3.819753885 1.540211558 0.103589512 0.011125110 -0.018588504 -0.994384229
1403636733263555584.000000 -0.203423113 3.803025723 1.516745448 0.103284128 0.011947009 -0.017603081 -0.994424403
1403636733313555456.000000 -0.201437846 3.785427809 1.491828203 0.102242105 0.012337449 -0.019301057 -0.994495749
1403636733363555584.000000 -0.199234188 3.767388821 1.466350675 0.101113386 0.014296861 -0.021318182 -0.994543731
1403636733413555456.000000 -0.195723787 3.749060869 1.440969110 0.099832088 0.016635640 -0.023100708 -0.994597018
1403636733463555584.000000 -0.190564826 3.730409145 1.415413976 0.098936252 0.018138545 -0.025896445 -0.994591355
1403636733513555456.000000 -0.176147521 3.712077618 1.397718191 -0.098737128 -0.020547608 0.026397606 0.994551182
1403636733563555584.000000 -0.170805722 3.693109989 1.372845292 -0.098309100 -0.021977779 0.027451929 0.994534492
1403636733613555456.000000 -0.166315749 3.674064159 1.348365903 -0.098070949 -0.023392571 0.026569568 0.994549632
1403636733663555584.000000 -0.164277807 3.654727936 1.325462103 0.097535074 0.024471106 -0.028388487 -0.994526088
1403636733713555456.000000 -0.163119957 3.635533571 1.302576423 0.097325385 0.025627226 -0.028250897 -0.994521499
1403636733763555584.000000 -0.163234472 3.616383791 1.280548215 0.097355224 0.025979888 -0.027427973 -0.994532406
1403636733813555456.000000 -0.161050975 3.597387314 1.262569189 -0.097002625 -0.027803229 0.027953709 0.994502962
1403636733863555584.000000 -0.163956642 3.578017950 1.241810441 -0.096777536 -0.028678399 0.028007008 0.994498551
1403636733913555456.000000 -0.167533353 3.558700323 1.221886516 -0.097238228 -0.027645590 0.026295053 0.994529605
1403636733963555584.000000 -0.171027854 3.539521933 1.203439116 0.098411486 0.025880158 -0.022956882 -0.994544387
1403636734013555456.000000 -0.173673600 3.519981384 1.183146477 -0.098921984 -0.022710210 0.021430517 0.994605243
1403636734063555584.000000 -0.179239810 3.500225544 1.165103555 -0.099454463 -0.020217450 0.021186726 0.994611144
1403636734113555456.000000 -0.184961990 3.480050802 1.147399306 -0.099605694 -0.017976446 0.022554809 0.994608939
1403636734163555584.000000 -0.189964339 3.459872723 1.129732132 0.099803679 0.017276973 -0.022901114 -0.994593561
1403636734213555456.000000 -0.192846149 3.438153505 1.106339335 -0.099135585 -0.016832899 0.024382928 0.994632781
1403636734263555584.000000 -0.194643572 3.416861057 1.087217569 -0.098087579 -0.015975351 0.025487749 0.994723141
1403636734313555456.000000 -0.195681587 3.395450115 1.067463994 -0.097143039 -0.016946595 0.027182806 0.994754851
1403636734363555584.000000 -0.194932461 3.372854471 1.047147274 0.096376255 0.018356511 -0.028290192 -0.994773567
1403636734413555456.000000 -0.191209689 3.352110147 1.022686958 -0.095292918 -0.019731196 0.029886693 0.994804859
1403636734463555584.000000 -0.187605947 3.330369234 1.001751781 -0.094681241 -0.021587888 0.030167298 0.994816303
1403636734513555456.000000 -0.184062168 3.308814526 0.981091559 -0.093982279 -0.023058750 0.030714061 0.994832814
1403636734563555584.000000 -0.181073368 3.288155079 0.960461974 0.093247347 0.025420632 -0.031080674 -0.994833052
1403636734613555456.000000 -0.173591450 3.264575958 0.932148278 -0.092640445 -0.028213620 0.031370167 0.994805336
1403636734663555584.000000 -0.173211753 3.243798971 0.913285851 -0.092482306 -0.030124780 0.030581832 0.994788587
1403636734713555456.000000 -0.173985124 3.223251820 0.895287991 -0.092105329 -0.030947529 0.029751852 0.994823456
1403636734763555584.000000 -0.175033495 3.202848434 0.877336621 0.091746092 0.030773209 -0.028326748 -0.994903624
1403636734813555456.000000 -0.183380693 3.182152033 0.856155753 -0.091070652 -0.031683881 0.028530998 0.994931340
1403636734863555584.000000 -0.187471509 3.162149191 0.840643644 -0.090353705 -0.031770371 0.028481226 0.994995356
1403636734913555456.000000 -0.192559689 3.142388821 0.826220810 -0.089590549 -0.031983633 0.028872069 0.995046258
1403636734963555584.000000 -0.197762325 3.123362541 0.811400533 0.089026146 0.032092113 -0.029502405 -0.995074928
1403636735013555456.000000 -0.213048130 3.102570295 0.790687263 -0.089143872 -0.031963378 0.028353872 0.995101929
1403636735063555584.000000 -0.219663441 3.083698988 0.778512061 -0.088793084 -0.031371880 0.029002924 0.995133400
1403636735113555456.000000 -0.226348341 3.065019608 0.766631126 -0.088682681 -0.031299267 0.029839838 0.995120823
1403636735163555584.000000 -0.233120412 3.047412157 0.754094958 0.088265441 0.031218810 -0.031127321 -0.995121002
1403636735213555456.000000 -0.237597376 3.029817581 0.742517173 0.088326864 0.032144912 -0.032179371 -0.995052516
1403636735263555584.000000 -0.252003402 3.009132624 0.723880708 -0.088298358 -0.033184800 0.033863742 0.994965076
1403636735313555456.000000 -0.251033992 2.992236376 0.712999582 -0.088549152 -0.034540568 0.035514098 0.994839132
1403636735363555584.000000 -0.246307433 2.975825787 0.702669203 -0.089092195 -0.035597444 0.036871798 0.994703889
1403636735413555456.000000 -0.237843648 2.959781408 0.691341758 0.090428047 0.033969209 -0.036841609 -0.994641483
1403636735463555584.000000 -0.226423472 2.944350004 0.680175304 0.091613218 0.032875005 -0.038324110 -0.994513750
1403636735513555456.000000 -0.213649526 2.929587841 0.669303894 0.093648791 0.032060660 -0.037925404 -0.994365990
1403636735563555584.000000 -0.199055552 2.915408850 0.658637345 0.095537856 0.030897837 -0.037823103 -0.994226992
1403636735613555456.000000 -0.184028730 2.901491642 0.648198843 0.097345687 0.030160675 -0.037379965 -0.994090974
1403636735663555584.000000 -0.190160111 2.885075092 0.627907574 -0.099340081 -0.028926358 0.037086628 0.993941367
1403636735713555456.000000 -0.178379744 2.871283054 0.618284225 -0.100407362 -0.030031389 0.038079146 0.993763864
1403636735763555584.000000 -0.168646380 2.857597828 0.609285593 -0.101979740 -0.030896619 0.037377957 0.993603826
1403636735813555456.000000 -0.157224298 2.845812321 0.600747645 0.102625810 0.029948570 -0.038640846 -0.993517995
1403636735863555584.000000 -0.148471072 2.833456278 0.593226731 0.103287995 0.029385969 -0.038453400 -0.993473411
1403636735913555456.000000 -0.141071796 2.821475506 0.586457849 0.103427865 0.029048219 -0.038594186 -0.993463337
1403636735963555584.000000 -0.134827554 2.809855461 0.580330789 0.103907116 0.029025344 -0.037962094 -0.993438363
1403636736013555456.000000 -0.128563136 2.798076868 0.574570715 0.102677800 0.028376844 -0.036429007 -0.993642330
1403636736063555584.000000 -0.121523403 2.786128998 0.568700492 0.099891968 0.027895652 -0.034607116 -0.994004965
1403636736113555456.000000 -0.112915717 2.773730278 0.562290967 0.095273174 0.025860056 -0.033681579 -0.994545102
1403636736163555584.000000 -0.109482266 2.758733273 0.550993145 -0.089753866 -0.023637149 0.030954584 0.995202243
1403636736213555456.000000 -0.098325312 2.746005297 0.542914391 -0.083435737 -0.021858070 0.029111192 0.995848000
1403636736263555584.000000 -0.086953364 2.733116388 0.534383476 -0.077544205 -0.021196334 0.026878543 0.996401191
1403636736313555456.000000 -0.076587930 2.721905470 0.525190353 0.072370008 0.020585926 -0.024343543 -0.996868253
1403636736363555584.000000 -0.066935360 2.711447477 0.516080439 -0.068045825 -0.020294266 0.021668674 0.997240365
1403636736413555456.000000 -0.059559889 2.699511051 0.507820845 -0.064196855 -0.020472109 0.019661803 0.997533500
1403636736463555584.000000 -0.053494867 2.687806129 0.499951661 -0.061978985 -0.020430066 0.014876460 0.997757494
1403636736513555456.000000 -0.050002325 2.676023006 0.492410153 0.060525853 0.019855116 -0.009460730 -0.997924328
1403636736563555584.000000 -0.039125051 2.665871620 0.489927709 -0.059339851 -0.019782353 0.004681804 0.998030841
1403636736613555456.000000 -0.038857818 2.653477669 0.483038247 -0.058595590 -0.019489560 0.000779891 0.998091280
1403636736663555584.000000 -0.039740991 2.640339851 0.475970209 -0.057521567 -0.018664764 -0.000768358 0.998169482
1403636736713555456.000000 -0.041789591 2.626505613 0.469516903 0.056675632 0.018189022 0.002327214 -0.998224258
1403636736763555584.000000 -0.032850303 2.616841555 0.469684541 -0.055878904 -0.019135237 -0.003203926 0.998249054
1403636736813555456.000000 -0.037126672 2.601301432 0.462737590 -0.055197168 -0.018059297 -0.004441691 0.998302341
1403636736863555584.000000 -0.042485278 2.585041046 0.455696166 -0.053817868 -0.017520213 -0.003229348 0.998391867
1403636736913555456.000000 -0.047491554 2.568377972 0.448968947 0.053003330 0.018804740 0.004154521 -0.998408616
1403636736963555584.000000 -0.054244678 2.550549030 0.441937298 0.051282275 0.018602401 0.002282278 -0.998508394
1403636737013555456.000000 -0.061775729 2.531884432 0.434811890 0.048944309 0.018611493 -0.001046147 -0.998627543
1403636737063555584.000000 -0.049656138 2.515567064 0.441760302 -0.046577726 -0.018453069 0.003841431 0.998736858
1403636737113555456.000000 -0.058237839 2.496173382 0.434440553 -0.043799795 -0.017200431 0.007632596 0.998863101
1403636737163555584.000000 -0.066995010 2.477213621 0.427228808 -0.042058039 -0.017119035 0.008489498 0.998932421
1403636737213555456.000000 -0.076322474 2.457120180 0.421466410 0.040206093 0.017615205 -0.009384412 -0.998992085
1403636737263555584.000000 -0.087578222 2.437558889 0.414349586 0.038077831 0.018093890 -0.011635219 -0.999043286
1403636737313555456.000000 -0.085659318 2.418684483 0.419327050 -0.037074827 -0.020633137 0.010758329 0.999041617
1403636737363555584.000000 -0.096270591 2.399528742 0.411796004 -0.035470035 -0.022308515 0.011728620 0.999052942
1403636737413555456.000000 -0.105360374 2.380633831 0.402665704 -0.034244213 -0.024380418 0.011284752 0.999052405
1403636737463555584.000000 -0.110920064 2.362022877 0.394897163 0.033034682 0.027075946 -0.011201924 -0.999024630
1403636737513555456.000000 -0.111012571 2.344354630 0.393005431 -0.032412805 -0.028428461 0.010141002 0.999018788
1403636737563555584.000000 -0.114137061 2.326360464 0.383696586 -0.031138955 -0.029184565 0.011704267 0.999020398
1403636737613555456.000000 -0.115968443 2.308791876 0.374045700 -0.029883076 -0.030040631 0.013836939 0.999006093
1403636737663555584.000000 -0.115273535 2.291790009 0.365093261 0.028153248 0.031477675 -0.017368387 -0.998956978
1403636737713555456.000000 -0.114535980 2.275310516 0.354775786 0.026933549 0.032778569 -0.020581918 -0.998887718
1403636737763555584.000000 -0.112018555 2.259612799 0.344263256 0.025935562 0.033081893 -0.022987541 -0.998851597
1403636737813555456.000000 -0.094523638 2.243030310 0.355442226 -0.025307143 -0.033741917 0.025753407 0.998778224
1403636737863555584.000000 -0.086929150 2.229229689 0.344498366 -0.025036246 -0.033456277 0.027372168 0.998751581
1403636737913555456.000000 -0.077306330 2.216474056 0.333352804 -0.024986088 -0.033271864 0.027921027 0.998743832
1403636737963555584.000000 -0.064662173 2.204760790 0.324678361 0.025294665 0.033419359 -0.028549371 -0.998713315
1403636738013555456.000000 -0.050152704 2.194439888 0.313988954 0.026081102 0.032846946 -0.028465094 -0.998714507
1403636738063555584.000000 -0.034332156 2.185235977 0.302701086 0.027044544 0.033038054 -0.027893556 -0.998698652
1403636738113555456.000000 -0.017808622 2.177258730 0.291828007 0.028689047 0.031673942 -0.024838731 -0.998777628
1403636738163555584.000000 -0.002042782 2.169727087 0.281684786 0.029750159 0.030331617 -0.023874514 -0.998811781
1403636738213555456.000000 0.015647342 2.159107685 0.295572013 -0.031332579 -0.029583612 0.022379484 0.998820484
1403636738263555584.000000 0.028711325 2.153064728 0.286980569 -0.032206219 -0.029319281 0.022443404 0.998799026
1403636738313555456.000000 0.040611263 2.147536516 0.279443622 -0.033112638 -0.029355597 0.021925608 0.998779833
1403636738363555584.000000 0.051855229 2.140873194 0.275896400 0.034296449 0.029781669 -0.022400463 -0.998716712
1403636738413555456.000000 0.061504472 2.135712147 0.271270603 0.035033979 0.030100415 -0.022666236 -0.998675585
1403636738463555584.000000 0.069858931 2.131383657 0.267497391 0.036999904 0.030497627 -0.022767762 -0.998590291
1403636738513555456.000000 0.076870665 2.127986193 0.264726043 0.040280201 0.031558324 -0.024388455 -0.998392165
1403636738563555584.000000 0.082233928 2.125452518 0.263013035 0.045040376 0.033186425 -0.026479637 -0.998082638
1403636738613555456.000000 0.086013317 2.123768330 0.262699217 0.050791625 0.034801330 -0.029886851 -0.997655213
1403636738663555584.000000 0.088476479 2.123062134 0.263487875 0.058320511 0.035055202 -0.033037771 -0.997135103
1403636738713555456.000000 0.080329418 2.119013071 0.274588972 -0.067056015 -0.033951301 0.037556861 0.996463954
1403636738763555584.000000 0.080084458 2.119980574 0.277237564 -0.076645665 -0.030911505 0.041879240 0.995698810
1403636738813555456.000000 0.078208007 2.121583223 0.280480057 -0.086899489 -0.027955122 0.047407970 0.994695663
1403636738863555584.000000 0.075698137 2.123970985 0.283888161 0.097642601 0.024159944 -0.053676464 -0.993479311
1403636738913555456.000000 0.071208559 2.127649546 0.287721962 0.109102368 0.022018887 -0.059561498 -0.992000163
1403636738963555584.000000 0.065314867 2.132250547 0.291940004 0.120526291 0.020094311 -0.066863917 -0.990251958
1403636739013555456.000000 0.058066607 2.138012171 0.296319187 0.132517055 0.018002441 -0.074516572 -0.988211751
1403636739063555584.000000 0.049469531 2.145194530 0.300865829 0.145137057 0.017010437 -0.081750117 -0.985881746
1403636739113555456.000000 0.046121504 2.155918837 0.303509057 0.159341723 0.016617406 -0.085319504 -0.983389437
1403636739163555584.000000 0.029139725 2.163538456 0.309814453 0.174100518 0.017293127 -0.086741418 -0.980747640
1403636739213555456.000000 0.005958285 2.167405128 0.302740872 -0.189653188 -0.016547484 0.088170126 0.977744341
1403636739263555584.000000 -0.006842962 2.179048061 0.306512475 -0.205269992 -0.017290946 0.088278189 0.974562585
1403636739313555456.000000 -0.020402880 2.190855742 0.310266852 -0.220786840 -0.017636262 0.087709434 0.971210241
1403636739363555584.000000 -0.033314407 2.203591347 0.314176798 0.236411572 0.018530544 -0.086431913 -0.967623830
1403636739413555456.000000 -0.045331467 2.216005087 0.316943288 0.250560582 0.019516632 -0.086986706 -0.963987529
1403636739463555584.000000 -0.055599358 2.228357077 0.319134742 0.264160007 0.020061685 -0.088262126 -0.960222363
1403636739513555456.000000 -0.063835308 2.240312099 0.320947438 0.276306331 0.020532953 -0.092074446 -0.956428587
1403636739563555584.000000 -0.069303513 2.251929522 0.322343558 0.286419451 0.018955765 -0.096979119 -0.952995181
1403636739613555456.000000 -0.083988756 2.255775928 0.303984553 -0.294506937 -0.017751457 0.101856627 0.950039923
1403636739663555584.000000 -0.086389989 2.266827583 0.305029303 -0.301725626 -0.018830633 0.104328029 0.947482347
1403636739713555456.000000 -0.087876305 2.277748823 0.306057602 -0.307206988 -0.018064110 0.106423967 0.945500731
1403636739763555584.000000 -0.090165474 2.288007021 0.307415485 0.310552627 0.017112007 -0.110798120 -0.943921685
1403636739813555456.000000 -0.099658266 2.293763161 0.299220055 -0.313158840 -0.016366426 0.113244601 0.942782819
1403636739863555584.000000 -0.103988811 2.304888964 0.302596480 -0.315233976 -0.016595492 0.114856698 0.941891789
1403636739913555456.000000 -0.109208278 2.316517115 0.306617707 -0.316557914 -0.016721310 0.115391105 0.941380024
1403636739963555584.000000 -0.115751900 2.327982426 0.309885591 0.317560345 0.016627377 -0.115053669 -0.941085339
1403636740013555456.000000 -0.123145893 2.339998722 0.314300001 0.318026125 0.017659228 -0.114303097 -0.941000700
1403636740063555584.000000 -0.131547168 2.352146387 0.319086850 0.318113983 0.018691346 -0.112606488 -0.941155612
1403636740113555456.000000 -0.140749171 2.364307880 0.324137896 0.318496466 0.019129515 -0.109322183 -0.941404700
1403636740163555584.000000 -0.162452072 2.367666483 0.308513314 -0.318904102 -0.020085530 0.105340771 0.941700637
1403636740213555456.000000 -0.173588157 2.379736185 0.314000636 -0.319139987 -0.020645719 0.100772351 0.942108512
1403636740263555584.000000 -0.185654923 2.391118526 0.319815487 -0.319080293 -0.021644413 0.097227462 0.942478716
1403636740313555456.000000 -0.198146254 2.401302338 0.324917406 0.317898870 0.019557705 -0.097299002 -0.942916095
1403636740363555584.000000 -0.211620390 2.411402702 0.331520379 0.315809429 0.018332424 -0.098636694 -0.943503737
1403636740413555456.000000 -0.226232350 2.421055079 0.338747621 0.313748837 0.016632283 -0.101501837 -0.943918705
1403636740463555584.000000 -0.250672460 2.422643900 0.328372568 -0.311880857 -0.016266773 0.103598654 0.944316268
1403636740513555456.000000 -0.266353875 2.431723356 0.335776716 -0.310025990 -0.013578392 0.105103381 0.944803059
1403636740563555584.000000 -0.281296372 2.440497875 0.342403859 -0.309032351 -0.013068873 0.104800493 0.945169389
1403636740613555456.000000 -0.295927286 2.450870275 0.329044253 -0.307306588 -0.012522436 0.105084851 0.945707738
1403636740663555584.000000 -0.308551610 2.458907366 0.332834125 -0.305790395 -0.013186133 0.106800929 0.945997894
1403636740713555456.000000 -0.319745660 2.466938019 0.335605204 -0.304497331 -0.015038727 0.108266041 0.946220756
1403636740763555584.000000 -0.330906451 2.474659920 0.334928930 0.303529054 0.017714282 -0.107803389 -0.946538329
1403636740813555456.000000 -0.341318399 2.482861996 0.335625201 0.302518845 0.018127095 -0.108199552 -0.946808696
1403636740863555584.000000 -0.352721930 2.491216660 0.336125404 0.301904738 0.017273417 -0.107975185 -0.947046280
1403636740913555456.000000 -0.365584970 2.499696255 0.336728841 0.302265674 0.016826916 -0.104534857 -0.947325110
1403636740963555584.000000 -0.379826427 2.508112669 0.337397456 0.303511947 0.016174274 -0.099472746 -0.947483063
1403636741013555456.000000 -0.400681227 2.508688927 0.334589928 -0.305540353 -0.017026894 0.092305578 0.947541535
1403636741063555584.000000 -0.418368220 2.516074181 0.335548908 -0.308623075 -0.017216552 0.085678957 0.947161317
1403636741113555456.000000 -0.438231021 2.522417784 0.336821944 -0.311407894 -0.016194809 0.083760105 0.946439207
1403636741163555584.000000 -0.461289406 2.527938366 0.336424738 0.314891517 0.014238475 -0.084924541 -0.945213497
1403636741213555456.000000 -0.483249128 2.530621529 0.340357810 -0.317590833 -0.011689544 0.089563064 0.943916261
1403636741263555584.000000 -0.508618355 2.533722401 0.342020988 -0.319411695 -0.009546712 0.095968701 0.942695677
1403636741313555456.000000 -0.535217464 2.535657406 0.343720317 -0.320492387 -0.008987905 0.101705492 0.941732466
1403636741363555584.000000 -0.561749220 2.535248756 0.344187737 0.321580440 0.011660076 -0.108223185 -0.940605044
1403636741413555456.000000 -0.584927917 2.537195206 0.346697479 -0.322918952 -0.014745571 0.112760969 0.939569592
1403636741463555584.000000 -0.608935952 2.537101030 0.346261114 -0.324188292 -0.018632138 0.116008677 0.938667655
1403636741513555456.000000 -0.631637871 2.537268400 0.345407039 -0.325072795 -0.025525210 0.119264908 0.937791109
1403636741563555584.000000 -0.651207864 2.540085077 0.347720355 -0.324600697 -0.028199470 0.125129238 0.937113643
1403636741613555456.000000 -0.670164406 2.540953159 0.345743835 -0.326122642 -0.032645300 0.123836212 0.936612487
1403636741663555584.000000 -0.687208116 2.542413950 0.343763649 -0.326554209 -0.034451667 0.124195762 0.936349809
1403636741713555456.000000 -0.701910615 2.544340611 0.342064381 0.327128798 0.034307297 -0.123274773 -0.936276197
1403636741763555584.000000 -0.710160971 2.551444769 0.341677696 -0.327572674 -0.032506298 0.121048540 0.936475694
1403636741813555456.000000 -0.721606970 2.555225372 0.340313703 -0.327903003 -0.030641224 0.118165031 0.936791241
1403636741863555584.000000 -0.733566403 2.559320688 0.339235783 -0.328300685 -0.028606454 0.114149593 0.937214077
1403636741913555456.000000 -0.746202886 2.564048767 0.340038419 0.328487128 0.028176332 -0.110085607 -0.937647879
1403636741963555584.000000 -0.758742869 2.574202299 0.342014074 -0.328678340 -0.028254259 0.104480222 0.938219726
1403636742013555456.000000 -0.775008500 2.578404903 0.344213009 -0.328654706 -0.030567488 0.100319616 0.938609481
1403636742063555584.000000 -0.791611552 2.582151651 0.347265780 -0.327281952 -0.033612974 0.099163309 0.939107835
1403636742113555456.000000 -0.807139874 2.586353779 0.351696879 0.324842900 0.038072251 -0.101197891 -0.939567268
1403636742163555584.000000 -0.815984428 2.593281269 0.354028225 -0.322168559 -0.040571433 0.104624100 0.940008104
1403636742213555456.000000 -0.828265905 2.596629143 0.359149724 -0.319955975 -0.041286416 0.106895223 0.940477073
1403636742263555584.000000 -0.838285983 2.600217581 0.364629686 -0.317211062 -0.040647045 0.110700324 0.940994442
1403636742313555456.000000 -0.846351326 2.604427099 0.370015144 0.315183431 0.038035661 -0.111102097 -0.941737235
1403636742363555584.000000 -0.853433192 2.608124495 0.375141919 0.314164191 0.033685744 -0.111535542 -0.942192137
1403636742413555456.000000 -0.858078241 2.612513781 0.380620480 0.313116997 0.029289316 -0.110374369 -0.942824185
1403636742463555584.000000 -0.861246109 2.617349386 0.385928750 0.312325984 0.026358822 -0.110016249 -0.943214774
1403636742513555456.000000 -0.863930523 2.622387886 0.391285241 0.311664134 0.024343003 -0.109034039 -0.943601906
1403636742563555584.000000 -0.855192423 2.635706902 0.391010016 -0.310355783 -0.023407947 0.108682796 0.944097161
1403636742613555456.000000 -0.856254280 2.641879082 0.397117645 -0.310082704 -0.021369997 0.107377581 0.944384575
1403636742663555584.000000 -0.858241498 2.648218870 0.403575987 -0.309914231 -0.018671934 0.106363311 0.944611847
1403636742713555456.000000 -0.863003910 2.655319452 0.410457224 0.309080571 0.016198620 -0.105680928 -0.945007086
1403636742763555584.000000 -0.869880795 2.661838770 0.418373972 0.308527380 0.014144257 -0.104765244 -0.945322752
1403636742813555456.000000 -0.878603876 2.668159246 0.426513910 0.308179796 0.012674917 -0.104266666 -0.945512116
1403636742863555584.000000 -0.889137030 2.674111843 0.434885621 0.307173222 0.011123101 -0.104603030 -0.945821881
1403636742913555456.000000 -0.901616454 2.679674625 0.443071067 0.306428850 0.010303256 -0.105002537 -0.946028411
1403636742963555584.000000 -0.915800989 2.685046434 0.450915009 0.307058781 0.010018946 -0.105812036 -0.945736945
1403636743013555456.000000 -0.931863785 2.690451145 0.459093779 0.308921009 0.012006077 -0.106855117 -0.944989800
1403636743063555584.000000 -0.941135466 2.695954323 0.460111141 -0.310983568 -0.017734153 0.110411495 0.943813622
1403636743113555456.000000 -0.959155142 2.701416254 0.467879683 -0.313077331 -0.025696112 0.115422413 0.942337573
1403636743163555584.000000 -0.976231933 2.707278490 0.475556731 -0.314654231 -0.036218457 0.120701693 0.940803945
1403636743213555456.000000 -0.992979169 2.710897207 0.488965333 0.316601634 0.044454470 -0.124367990 -0.939318895
1403636743263555584.000000 -1.004169822 2.723793268 0.485249609 -0.317810327 -0.052940454 0.126260504 0.938217640
1403636743313555456.000000 -1.014873385 2.732485771 0.493774295 -0.318879604 -0.055979282 0.129164815 0.937282622
1403636743363555584.000000 -1.022875190 2.742535591 0.502891064 -0.319518924 -0.057357047 0.131810516 0.936613023
1403636743413555456.000000 -1.027056932 2.753953218 0.511871755 0.320443302 0.057099067 -0.133125722 -0.936126769
1403636743463555584.000000 -1.032920480 2.768508434 0.523464322 -0.321534932 -0.053456310 0.132420063 0.936067700
1403636743513555456.000000 -1.035296679 2.783019066 0.535112739 -0.322819650 -0.050087735 0.131116048 0.935995400
1403636743563555584.000000 -1.038414717 2.798586130 0.547797561 -0.324065298 -0.045301784 0.129229590 0.936071157
1403636743613555456.000000 -1.042569757 2.814910173 0.561761022 0.325544596 0.041069262 -0.125086963 -0.936315835
1403636743663555584.000000 -1.048321724 2.832152605 0.577131391 0.326699346 0.038314387 -0.121945724 -0.936444759
1403636743713555456.000000 -1.060811162 2.850788116 0.592244804 -0.328106374 -0.033977520 0.118346862 0.936582029
1403636743763555584.000000 -1.068869472 2.869234085 0.609533787 -0.330975026 -0.029358879 0.115328237 0.936105251
1403636743813555456.000000 -1.078647375 2.887751579 0.627593338 -0.334059745 -0.026480203 0.115600176 0.935061276
1403636743863555584.000000 -1.090761662 2.906039953 0.646439016 0.336602151 0.022196751 -0.118276268 -0.933925688
1403636743913555456.000000 -1.102936745 2.924288988 0.665725470 0.340223104 0.019600857 -0.116716862 -0.932867229
1403636743963555584.000000 -1.123776197 2.947162628 0.685985863 -0.342799991 -0.017155247 0.115683109 0.932100475
1403636744013555456.000000 -1.138988256 2.965491295 0.706882596 -0.344833642 -0.015701462 0.116267413 0.931302905
1403636744063555584.000000 -1.155280590 2.983770847 0.728292108 -0.348799974 -0.014996945 0.114790507 0.930019855
1403636744113555456.000000 -1.173739433 3.002247095 0.750441670 0.352842212 0.014259563 -0.115616724 -0.928402841
1403636744163555584.000000 -1.195213437 3.020259380 0.771130562 -0.356843412 -0.013107022 0.116656192 0.926759064
1403636744213555456.000000 -1.216129065 3.036674500 0.793217778 -0.359737575 -0.011195997 0.118994057 0.925366938
1403636744263555584.000000 -1.238223195 3.052497149 0.815453827 -0.361932278 -0.008446286 0.121880203 0.924163938
1403636744313555456.000000 -1.264166117 3.068189621 0.837134659 -0.363950700 -0.007495494 0.123807244 0.923122704
1403636744363555584.000000 -1.289793849 3.083037376 0.859733462 -0.364949435 -0.006262395 0.127270535 0.922266245
1403636744413555456.000000 -1.316786885 3.097494841 0.882271767 -0.364994407 -0.004740726 0.130699545 0.921777844
1403636744463555584.000000 -1.345290303 3.111649513 0.903719246 0.364624232 0.003124803 -0.134524539 -0.921380758
1403636744513555456.000000 -1.375281811 3.127371311 0.925587356 -0.362749785 -0.000652664 0.139753520 0.921347439
1403636744563555584.000000 -1.405904412 3.141940832 0.946832478 -0.362262279 0.001591962 0.140530199 0.921419978
1403636744613555456.000000 -1.437959075 3.156650543 0.967688918 -0.361020982 0.004030312 0.142823115 0.921547174
1403636744663555584.000000 -1.471437693 3.172562599 0.988130450 0.360614508 -0.005915557 -0.142816260 -0.921697199
1403636744713555456.000000 -1.505099416 3.188678026 1.005942345 -0.361400813 0.006916873 0.139647707 0.921867788
1403636744763555584.000000 -1.539957762 3.204173326 1.023462057 -0.363182455 0.005738287 0.134386867 0.921957612
1403636744813555456.000000 -1.573897123 3.219215393 1.039314270 -0.364504099 0.003846755 0.130733594 0.921971142
1403636744863555584.000000 -1.605648279 3.236162663 1.054437160 -0.365400821 0.000718864 0.127787903 0.922036886
1403636744913555456.000000 -1.636713743 3.249457359 1.066460252 -0.365954489 -0.004320991 0.125742316 0.922088683
1403636744963555584.000000 -1.665538073 3.261956215 1.077061415 -0.365322948 -0.007533754 0.125262678 0.922383726
1403636745013555456.000000 -1.692662358 3.274094105 1.086418867 0.364021629 0.011826135 -0.126273468 -0.922715247
1403636745063555584.000000 -1.715129137 3.288352251 1.095635176 -0.362490177 -0.015760701 0.126371086 0.923245847
1403636745113555456.000000 -1.738309860 3.300468922 1.104451180 -0.360305697 -0.020303786 0.127635151 0.923838139
1403636745163555584.000000 -1.759601712 3.312500477 1.112774849 -0.357665569 -0.021287050 0.129971206 0.924515963
1403636745213555456.000000 -1.779978633 3.325161219 1.120839834 0.355993003 0.022490658 -0.128190488 -0.925381184
1403636745263555584.000000 -1.796341419 3.344163418 1.135069489 -0.353804201 -0.023554062 0.127359912 0.926308393
1403636745313555456.000000 -1.814697981 3.357377768 1.143475413 -0.352082223 -0.023200562 0.125280365 0.927256525
1403636745363555584.000000 -1.830345273 3.370945692 1.151439667 -0.350649178 -0.019507749 0.121802129 0.928347349
1403636745413555456.000000 -1.843678474 3.384789467 1.157895088 0.349908113 0.015065187 -0.118683696 -0.929113328
1403636745463555584.000000 -1.850259066 3.401947498 1.167291880 -0.349905372 -0.011810941 0.115320176 0.929584920
1403636745513555456.000000 -1.859455347 3.414566278 1.172199368 -0.349994570 -0.008600287 0.114847526 0.929645061
1403636745563555584.000000 -1.867406130 3.426568985 1.176273465 -0.350722700 -0.006989235 0.114746846 0.929396510
1403636745613555456.000000 -1.872843146 3.438329220 1.180010557 0.352373153 0.005871703 -0.114982329 -0.928750694
1403636745663555584.000000 -1.877672911 3.448881388 1.182370543 0.354588598 0.005219865 -0.115235060 -0.927879632
1403636745713555456.000000 -1.889162779 3.458989143 1.185636401 -0.357370943 -0.004015695 0.114454709 0.926914275
1403636745763555584.000000 -1.890093803 3.468494415 1.186830759 -0.360806942 -0.004724386 0.113610387 0.925682902
1403636745813555456.000000 -1.889575958 3.477156162 1.187657595 -0.363846391 -0.006233747 0.113653407 0.924478173
1403636745863555584.000000 -1.886864901 3.486109257 1.189420342 0.367673188 0.007603103 -0.112631060 -0.923078001
1403636745913555456.000000 -1.882634044 3.495836496 1.191763163 -0.371462226 -0.008058325 0.112045228 0.921627283
1403636745963555584.000000 -1.877218127 3.502099514 1.191666365 -0.375752121 -0.009655901 0.109771922 0.920145273
1403636746013555456.000000 -1.869441628 3.507441998 1.191724062 -0.379472911 -0.011025072 0.108447216 0.918758988
1403636746063555584.000000 -1.859882474 3.511782646 1.192210555 0.382915467 0.012600741 -0.107184112 -0.917457700
1403636746113555456.000000 -1.848629355 3.514462948 1.191956878 0.386155665 0.014959067 -0.105758414 -0.916228831
1403636746163555584.000000 -1.831226587 3.522002697 1.195881844 -0.388506055 -0.014675874 0.105090961 0.915316164
1403636746213555456.000000 -1.816118002 3.521220207 1.195110559 -0.390444696 -0.013187521 0.104153350 0.914620757
1403636746263555584.000000 -1.799387693 3.519245625 1.194718719 -0.392151505 -0.008802003 0.103424907 0.914025724
1403636746313555456.000000 -1.781937242 3.516547680 1.195104480 0.393962651 0.000889209 -0.100436650 -0.913622022
1403636746363555584.000000 -1.766586304 3.511537552 1.196024656 0.394656360 -0.005243275 -0.099960066 -0.913360238
1403636746413555456.000000 -1.756977320 3.504575491 1.197701454 -0.395153373 0.008299482 0.099325746 0.913191855
1403636746463555584.000000 -1.746865869 3.495997190 1.200371265 -0.393862218 0.007097545 0.102991037 0.913353801
1403636746513555456.000000 -1.739202976 3.485774517 1.203490734 -0.392075449 0.002895156 0.107119359 0.913670599
1403636746563555584.000000 -1.734257221 3.474182129 1.207601309 0.389018297 0.004289583 -0.113549732 -0.914195180
1403636746613555456.000000 -1.733967781 3.458654881 1.211030602 -0.385636955 -0.013804238 0.120348461 0.914663851
1403636746663555584.000000 -1.732156038 3.446111202 1.216566563 -0.381287992 -0.023197545 0.128294975 0.915216804
1403636746713555456.000000 -1.731201172 3.433793783 1.223060369 -0.376573563 -0.031060066 0.137314171 0.915626884
1403636746763555584.000000 -1.722647548 3.424515963 1.230646372 0.372062892 0.036304008 -0.144999653 -0.916092992
1403636746813555456.000000 -1.728245854 3.414644480 1.238299608 -0.368790030 -0.035747726 0.150303155 0.916583359
1403636746863555584.000000 -1.727652311 3.406373978 1.246972799 -0.366165042 -0.034696933 0.153998703 0.917062521
1403636746913555456.000000 -1.726662159 3.399885416 1.255915642 -0.364348203 -0.032767639 0.155228540 0.917649627
1403636746963555584.000000 -1.725538373 3.395175695 1.264647841 0.363419682 0.031481188 -0.154061705 -0.918259263
1403636747013555456.000000 -1.721644878 3.392522812 1.272903681 0.362857521 0.029255683 -0.152713984 -0.918780148
1403636747063555584.000000 -1.714310050 3.391883850 1.280366182 0.364276558 0.027402563 -0.146002948 -0.919366598
1403636747113555456.000000 -1.711232662 3.379106998 1.279979944 -0.366552383 -0.025343502 0.138989896 0.919607997
1403636747163555584.000000 -1.699289680 3.381008863 1.287403822 -0.368050873 -0.022321856 0.134176165 0.919802725
1403636747213555456.000000 -1.685031533 3.384293795 1.295325279 -0.370345861 -0.021146622 0.127545625 0.919852734
1403636747263555584.000000 -1.667314172 3.388769865 1.303398848 0.372249722 0.019619042 -0.123229682 -0.919706345
1403636747313555456.000000 -1.637289762 3.403030634 1.317721367 0.373291761 0.020917799 -0.120367706 -0.919634402
1403636747363555584.000000 -1.616623998 3.406188965 1.325510740 0.374165297 0.020499708 -0.119270489 -0.919431746
1403636747413555456.000000 -1.623636246 3.378205538 1.316889763 -0.375806361 -0.018588163 0.118679792 0.918879271
1403636747463555584.000000 -1.606252909 3.379333019 1.325954199 -0.377010435 -0.019062124 0.118253782 0.918431163
1403636747513555456.000000 -1.589924574 3.380670786 1.336056709 -0.377733171 -0.020032056 0.120171674 0.917864501
1403636747563555584.000000 -1.573169827 3.381426334 1.346890211 0.378607213 0.020643955 -0.121108726 -0.917367518
1403636747613555456.000000 -1.569704771 3.372109413 1.351019382 -0.379193574 -0.021189181 0.122991987 0.916862130
1403636747663555584.000000 -1.553427577 3.371832609 1.362631202 -0.380071163 -0.022074284 0.123684034 0.916384757
1403636747713555456.000000 -1.535925984 3.370731115 1.373929977 -0.381096303 -0.022316230 0.124603875 0.915828347
1403636747763555584.000000 -1.518227696 3.366693497 1.383580208 0.382460117 0.022907920 -0.125034526 -0.915186226
1403636747813555456.000000 -1.496837378 3.364405632 1.394291759 0.383354396 0.023063483 -0.125973269 -0.914679348
1403636747863555584.000000 -1.473039985 3.362179279 1.405179262 0.384127200 0.021857444 -0.127458006 -0.914178908
1403636747913555456.000000 -1.447759509 3.359620571 1.416154623 0.383187741 0.018798109 -0.134153381 -0.913682997
1403636747963555584.000000 -1.435686111 3.351099491 1.417073727 -0.382111311 -0.012415068 0.141176984 0.913184524
1403636748013555456.000000 -1.410905361 3.348788500 1.428067207 -0.380847156 -0.008682068 0.148457900 0.912600815
1403636748063555584.000000 -1.388253570 3.346554756 1.438516855 -0.380357713 -0.006215191 0.153736055 0.911951065
1403636748113555456.000000 -1.368595958 3.343957901 1.446567059 0.380441964 0.005470815 -0.156190038 -0.911503553
1403636748163555584.000000 -1.352173328 3.343898296 1.454046249 -0.380190074 -0.005050948 0.159706309 0.911001682
1403636748213555456.000000 -1.335561037 3.343451262 1.462733746 -0.381416798 -0.006536595 0.158677340 0.910659194
1403636748263555584.000000 -1.320983291 3.343927383 1.470981717 -0.383427620 -0.009921217 0.153653979 0.910645604
1403636748313555456.000000 -1.308240414 3.345400095 1.478977323 -0.386062205 -0.013538561 0.146987692 0.910586298
1403636748363555584.000000 -1.297382116 3.346487522 1.484619141 0.388526857 0.016897054 -0.139416844 -0.910672545
1403636748413555456.000000 -1.286262274 3.348668337 1.492337942 0.390404880 0.019564932 -0.132756963 -0.910811126
1403636748463555584.000000 -1.274482846 3.348802328 1.499300241 0.391301960 0.019836342 -0.129837319 -0.910841167
1403636748513555456.000000 -1.263409615 3.356764317 1.508449435 -0.392043293 -0.019827789 0.126144558 0.911041439
1403636748563555584.000000 -1.249574184 3.357781410 1.515539527 -0.392251253 -0.019601213 0.125901520 0.910990477
1403636748613555456.000000 -1.234278440 3.358580112 1.522302866 -0.391352415 -0.017055426 0.129246652 0.910959840
1403636748663555584.000000 -1.218865275 3.358660221 1.528627872 0.390452862 0.014619673 -0.132566139 -0.910911143
1403636748713555456.000000 -1.202591538 3.358949423 1.534739971 0.389336199 0.011620553 -0.137277439 -0.910734475
1403636748763555584.000000 -1.177396774 3.370023489 1.545823693 -0.388273537 -0.009514515 0.141699061 0.910535336
1403636748813555456.000000 -1.163781166 3.370468140 1.551465154 -0.387853026 -0.007872040 0.145337194 0.910156727
1403636748863555584.000000 -1.151429296 3.371432304 1.556967020 -0.388158351 -0.006302177 0.147468746 0.909695745
1403636748913555456.000000 -1.140755892 3.373107195 1.562347651 0.388694078 0.004840096 -0.149981618 -0.909064949
1403636748963555584.000000 -1.131320953 3.375034094 1.566977024 0.390000671 0.003966220 -0.151225805 -0.908303142
1403636749013555456.000000 -1.122977972 3.377429962 1.571008921 0.391286910 0.003055371 -0.152365908 -0.907562613
1403636749063555584.000000 -1.115577459 3.380194664 1.574461341 0.391592741 0.001216104 -0.155597106 -0.906886578
1403636749113555456.000000 -1.108830571 3.383510590 1.577069759 0.391528517 -0.001419340 -0.159388006 -0.906255484
1403636749163555584.000000 -1.083994389 3.404414177 1.589503407 -0.391973644 0.002000802 0.160995126 0.905777693
1403636749213555456.000000 -1.077852249 3.409336090 1.589711308 -0.393571407 0.001657089 0.159791544 0.905298591
1403636749263555584.000000 -1.070235729 3.414891005 1.587908268 -0.396810144 -0.000300936 0.154029086 0.904884875
1403636749313555456.000000 -1.061218262 3.421530485 1.585298896 0.399564266 0.002065986 -0.148734689 -0.904556334
1403636749363555584.000000 -1.051051378 3.427702427 1.580967546 0.401832581 0.004428994 -0.144253746 -0.904268682
1403636749413555456.000000 -1.039436817 3.433526039 1.575470686 0.403695732 0.006169490 -0.140057847 -0.904088259
1403636749463555584.000000 -1.017954588 3.448210955 1.578938246 -0.405527115 -0.008008003 0.135424972 0.903960049
1403636749513555456.000000 -1.004840016 3.453330040 1.572244406 -0.406853646 -0.010071096 0.131574765 0.903912008
1403636749563555584.000000 -0.991217613 3.458232641 1.565572023 -0.408076286 -0.012749530 0.127112165 0.903965592
1403636749613555456.000000 -0.977632046 3.463689089 1.560308814 0.409179986 0.013838910 -0.122745454 -0.904054165
1403636749663555584.000000 -0.960947990 3.472807884 1.557575703 -0.409047782 -0.014483826 0.121406473 0.904284537
1403636749713555456.000000 -0.950873017 3.476089239 1.553586364 -0.408345550 -0.013115033 0.121390045 0.904624999
1403636749763555584.000000 -0.941950500 3.478719950 1.550420284 -0.407586008 -0.009878262 0.121078990 0.905050278
1403636749813555456.000000 -0.933547199 3.481863260 1.548255324 0.406754971 0.005515789 -0.120472699 -0.905542076
1403636749863555584.000000 -0.918266952 3.487032890 1.547589898 -0.405843705 -0.000562751 0.120470569 0.905967712
1403636749913555456.000000 -0.913690150 3.487666368 1.545953751 -0.404729754 0.002778280 0.119683772 0.906566024
1403636749963555584.000000 -0.910377026 3.487291813 1.544380188 -0.403394908 0.005967245 0.118798077 0.907261848
1403636750013555456.000000 -0.908078253 3.486545324 1.543479800 0.401757360 -0.007494519 -0.118404247 -0.908028305
1403636750063555584.000000 -0.904219270 3.483239412 1.541328549 -0.400334179 0.008237759 0.118447840 0.908644497
1403636750113555456.000000 -0.903974533 3.479446173 1.539181352 -0.398551464 0.007016009 0.119113773 0.909351170
1403636750163555584.000000 -0.903058767 3.474534273 1.536103606 -0.397098780 0.005147519 0.119668618 0.909926116
1403636750213555456.000000 -0.899062037 3.470100164 1.532433271 0.395303041 -0.003599099 -0.120867334 -0.910556853
1403636750263555584.000000 -0.894972742 3.464071989 1.527829051 0.393938094 -0.000243733 -0.121203959 -0.911110461
1403636750313555456.000000 -0.888262868 3.457916737 1.522781372 0.392008334 0.001633735 -0.122513779 -0.911765993
1403636750363555584.000000 -0.878689289 3.454483509 1.517757416 0.390494794 0.004838960 -0.122100659 -0.912459254
1403636750413555456.000000 -0.866683722 3.447622061 1.510867000 0.388573945 0.005654619 -0.124070942 -0.913008630
1403636750463555584.000000 -0.851949453 3.440459728 1.503194809 0.387007236 0.007137904 -0.123253852 -0.913774014
1403636750513555456.000000 -0.834489107 3.432792187 1.494221926 0.385244012 0.006903511 -0.122610636 -0.914607048
1403636750563555584.000000 -0.820744097 3.413342237 1.479857206 -0.383591115 -0.008183241 0.121894546 0.915386617
1403636750613555456.000000 -0.799414635 3.405279398 1.469870687 -0.381790459 -0.008981643 0.121786609 0.916145980
1403636750663555584.000000 -0.776714563 3.397485018 1.459254503 -0.381099969 -0.009763191 0.119770147 0.916691184
1403636750713555456.000000 -0.751332164 3.391396284 1.448243380 0.379772514 0.010724614 -0.119591124 -0.917254567
1403636750763555584.000000 -0.725821316 3.383700848 1.436835885 0.378482312 0.012022526 -0.119563468 -0.917775214
1403636750813555456.000000 -0.698568940 3.376059532 1.425178766 0.377852857 0.013219529 -0.118753783 -0.918123126
1403636750863555584.000000 -0.669729471 3.367613077 1.412660956 0.377012759 0.014087124 -0.118559919 -0.918480635
1403636750913555456.000000 -0.639776945 3.358256102 1.399142742 0.376921982 0.016691452 -0.117435634 -0.918618619
1403636750963555584.000000 -0.615525723 3.329449654 1.383511066 -0.377680629 -0.018511163 0.116024658 0.918451428
1403636751013555456.000000 -0.586862206 3.319293261 1.370654821 -0.377969146 -0.020324413 0.115438722 0.918368280
1403636751063555584.000000 -0.559197843 3.308510303 1.358598471 -0.378157943 -0.020817518 0.115279153 0.918299437
1403636751113555456.000000 -0.533551097 3.296110392 1.347293854 0.378295749 0.020746022 -0.115953036 -0.918159544
1403636751163555584.000000 -0.509418428 3.284352779 1.337349653 0.378146291 0.022726633 -0.118313178 -0.917873085
1403636751213555456.000000 -0.486346841 3.272537231 1.328339458 0.378430694 0.027520480 -0.119224451 -0.917506695
1403636751263555584.000000 -0.464004248 3.260544300 1.320188284 0.377934188 0.031613659 -0.122576848 -0.917137563
1403636751313555456.000000 -0.441863418 3.248488903 1.312423229 0.377564579 0.033214431 -0.125593290 -0.916824996
1403636751363555584.000000 -0.419642985 3.236777544 1.305383205 0.376949281 0.032048997 -0.129709467 -0.916546524
1403636751413555456.000000 -0.397399932 3.225299358 1.298932314 0.376547158 0.028482273 -0.133091807 -0.916344702
1403636751463555584.000000 -0.381301463 3.212058544 1.294291973 -0.376041800 -0.023198655 0.137275726 0.916083992
1403636751513555456.000000 -0.359584093 3.201581240 1.288264394 -0.374873608 -0.018570390 0.139931560 0.916266382
1403636751563555584.000000 -0.338435560 3.191421509 1.282400012 -0.372649580 -0.013905687 0.140954152 0.917099237
1403636751613555456.000000 -0.318217427 3.181630135 1.276655555 0.369402945 0.011626388 -0.142737299 -0.918168008
1403636751663555584.000000 -0.298960596 3.172624350 1.270307064 0.366204262 0.011016173 -0.144059360 -0.919249713
1403636751713555456.000000 -0.281174093 3.164196491 1.263697982 0.362852842 0.013548099 -0.145728230 -0.920281291
1403636751763555584.000000 -0.264516771 3.156636715 1.256474018 0.359789371 0.017374728 -0.147438437 -0.921146929
1403636751813555456.000000 -0.248717576 3.150264025 1.248945713 0.356869966 0.021636492 -0.149175048 -0.921912491
1403636751863555584.000000 -0.233173668 3.145664692 1.241007566 0.355704933 0.027606685 -0.147502303 -0.922472179
1403636751913555456.000000 -0.217246413 3.142445803 1.232815742 0.355215669 0.031797215 -0.143505245 -0.923156083
1403636751963555584.000000 -0.204144061 3.145452023 1.234295607 -0.355407745 -0.035191357 0.138622105 0.923704982
1403636752013555456.000000 -0.188249931 3.145041466 1.227193594 -0.355742574 -0.037818719 0.134464592 0.924086690
1403636752063555584.000000 -0.172400564 3.145527601 1.220960140 -0.355976433 -0.037937555 0.131540030 0.924412668
1403636752113555456.000000 -0.157496899 3.145073891 1.214724541 0.356127501 0.036370393 -0.129183128 -0.924749732
1403636752163555584.000000 -0.141814843 3.146361828 1.209850311 0.355486423 0.032264851 -0.126099423 -0.925574064
1403636752213555456.000000 -0.126582384 3.148057938 1.205826402 0.353783756 0.027569650 -0.122753426 -0.926827192
1403636752263555584.000000 -0.111124590 3.149670124 1.201988697 0.350335151 0.023163557 -0.119968146 -0.928620696
1403636752313555456.000000 -0.094321251 3.151541471 1.198276877 0.345841289 0.017804442 -0.116654746 -0.930842876
1403636752363555584.000000 -0.076386705 3.153290510 1.194485426 0.340016961 0.013378682 -0.113228701 -0.933482051
1403636752413555456.000000 -0.057344258 3.154984474 1.190214396 0.332948089 0.010952924 -0.110157177 -0.936424613
1403636752463555584.000000 -0.028983623 3.170026302 1.189312220 -0.324337631 -0.010719191 0.107419930 0.939761221
1403636752513555456.000000 -0.007874802 3.171618223 1.184430838 -0.315474093 -0.010974719 0.103612319 0.943196774
1403636752563555584.000000 0.012175962 3.173475981 1.179756880 -0.305981845 -0.012657050 0.100309186 0.946653605
1403636752613555456.000000 0.029841602 3.173432589 1.173461676 0.296024382 0.014190765 -0.096593365 -0.950177848
1403636752663555584.000000 0.045910940 3.174191952 1.168495655 0.285825610 0.017038126 -0.093290158 -0.953577697
1403636752713555456.000000 0.060639657 3.174980640 1.163890600 0.275390267 0.017404100 -0.090113334 -0.956941485
1403636752763555584.000000 0.073585398 3.175804138 1.159734011 0.264616042 0.018427130 -0.086746864 -0.960267544
1403636752813555456.000000 0.084679864 3.176549196 1.155826807 0.254469752 0.019794540 -0.081385337 -0.963446856
1403636752863555584.000000 0.093848728 3.176892757 1.152282000 0.243508413 0.021563509 -0.077040516 -0.966593802
1403636752913555456.000000 0.101934217 3.177256584 1.149028063 0.233368143 0.021469526 -0.069878049 -0.969636798
1403636752963555584.000000 0.121295869 3.183361292 1.149754405 -0.222636715 -0.022866508 0.062940173 0.972598910
1403636753013555456.000000 0.126002640 3.183168888 1.147849798 -0.211756974 -0.024090476 0.056397296 0.975396335
1403636753063555584.000000 0.129497141 3.182847977 1.146707058 -0.200493291 -0.025220968 0.050068051 0.978089750
1403636753113555456.000000 0.130439371 3.181419611 1.145069838 0.188593641 0.026075670 -0.044297244 -0.980709076
1403636753163555584.000000 0.130518764 3.179412127 1.145079255 0.176468104 0.026667917 -0.038965117 -0.983173192
1403636753213555456.000000 0.129207343 3.176713943 1.145888209 0.164244577 0.027163807 -0.033447109 -0.985478163
1403636753263555584.000000 0.126511931 3.173279762 1.147592187 0.152447745 0.027744720 -0.026773604 -0.987559199
1403636753313555456.000000 0.133051485 3.168214560 1.152286291 -0.141131446 -0.028216580 0.018811045 0.989409924
1403636753363555584.000000 0.128440231 3.162919044 1.155337691 -0.129943386 -0.026783030 0.014272222 0.991056919
1403636753413555456.000000 0.124302007 3.156824827 1.158720732 -0.119841635 -0.025348006 0.012313421 0.992393017
1403636753463555584.000000 0.121908367 3.149471283 1.162714481 0.110582136 0.024276288 -0.013364983 -0.993480623
1403636753513555456.000000 0.120491147 3.141589642 1.165930748 0.103295386 0.023353467 -0.014780219 -0.994266748
1403636753563555584.000000 0.120962515 3.133038044 1.168102026 0.097053878 0.022437196 -0.016858371 -0.994883418
1403636753613555456.000000 0.126205638 3.118822336 1.175057411 -0.092692100 -0.020656448 0.017804781 0.995321333
1403636753663555584.000000 0.129359215 3.109312534 1.174544692 -0.089716680 -0.019960491 0.019007532 0.995585918
1403636753713555456.000000 0.132323235 3.099643946 1.174092054 -0.087814622 -0.019671714 0.020229435 0.995737195
1403636753763555584.000000 0.136242181 3.090067148 1.174580812 0.087280653 0.018668331 -0.019661201 -0.995814800
1403636753813555456.000000 0.139022708 3.077067614 1.176982164 -0.087393358 -0.018130666 0.018855380 0.995830417
1403636753863555584.000000 0.139203995 3.066771030 1.176478982 -0.088018939 -0.017497100 0.018683691 0.995789945
1403636753913555456.000000 0.137850598 3.056027412 1.176221848 -0.088459976 -0.017670643 0.020066714 0.995720804
1403636753963555584.000000 0.135370210 3.043952942 1.175318241 0.089621440 0.017270310 -0.019990234 -0.995625496
1403636754013555456.000000 0.133376554 3.032285452 1.174154639 0.091170676 0.016656430 -0.019614922 -0.995502830
1403636754063555584.000000 0.132924184 3.016001701 1.179581523 -0.092576884 -0.013542651 0.020137118 0.995409787
1403636754113555456.000000 0.134405971 3.003733635 1.177495718 -0.093722895 -0.009958330 0.020497618 0.995337546
1403636754163555584.000000 0.137177646 2.990894318 1.174353242 -0.095304869 -0.007356806 0.020204542 0.995215893
1403636754213555456.000000 0.141025275 2.976640701 1.171363473 0.097521752 0.005124472 -0.018718120 -0.995044231
1403636754263555584.000000 0.145526588 2.962254047 1.165794611 0.099342622 0.004185443 -0.017824184 -0.994884908
1403636754313555456.000000 0.151350394 2.947251320 1.159767151 0.100917317 0.004180114 -0.017315399 -0.994735420
1403636754363555584.000000 0.158247754 2.931763172 1.153305292 0.102047421 0.004338720 -0.015874479 -0.994643450
1403636754413555456.000000 0.165820464 2.914980173 1.145761371 0.101331659 0.004538856 -0.015980935 -0.994714022
1403636754463555584.000000 0.173322186 2.897038460 1.137385964 0.099260524 0.004981093 -0.015752209 -0.994924366
1403636754513555456.000000 0.179797545 2.878087044 1.128628492 0.096572720 0.005883510 -0.014499712 -0.995202959
1403636754563555584.000000 0.184716851 2.855183363 1.125468731 -0.093223616 -0.007808777 0.011976339 0.995542586
1403636754613555456.000000 0.187615260 2.834191084 1.116813183 -0.088095255 -0.009671675 0.009514528 0.996019661
1403636754663555584.000000 0.189140141 2.811821938 1.108081698 -0.081473060 -0.010094323 0.007414889 0.996596873
1403636754713555456.000000 0.188542068 2.788760185 1.100136995 0.073769689 0.011066677 -0.005896751 -0.997196496
1403636754763555584.000000 0.187551945 2.764806747 1.091490865 0.065237358 0.010625784 -0.003721186 -0.997806251
1403636754813555456.000000 0.185142055 2.740558386 1.082689166 0.057417188 0.010870117 -0.000864716 -0.998290718
1403636754863555584.000000 0.181229934 2.715847492 1.073697686 0.049805723 0.010877071 0.000125164 -0.998699725
1403636754913555456.000000 0.176235676 2.690743923 1.064324141 0.043977387 0.010342955 0.002805890 -0.998975098
1403636754963555584.000000 0.170011938 2.665073633 1.054744840 0.038043529 0.010631580 0.003537314 -0.999213278
1403636755013555456.000000 0.163031101 2.638930082 1.044916987 0.033873420 0.011157336 0.006791603 -0.999340773
1403636755063555584.000000 0.164834350 2.614409924 1.033403993 -0.030033620 -0.011067803 -0.006623085 0.999465704
1403636755113555456.000000 0.158222735 2.587229490 1.021379352 -0.026897792 -0.011428847 -0.007757902 0.999542832
1403636755163555584.000000 0.152260974 2.559611320 1.007753372 -0.024041004 -0.012085879 -0.007286015 0.999611378
1403636755213555456.000000 0.145686224 2.531534433 0.993975520 0.021758283 0.012266312 0.007182990 -0.999662220
1403636755263555584.000000 0.141735911 2.503009558 0.978612304 0.020517278 0.014873193 0.007202098 -0.999652922
1403636755313555456.000000 0.139293745 2.474072218 0.962891996 0.019386983 0.019879207 0.006861722 -0.999590874
1403636755363555584.000000 0.138444573 2.444902658 0.945883572 0.018627707 0.025994800 0.006145127 -0.999469638
1403636755413555456.000000 0.139442906 2.415747166 0.928954244 0.018655067 0.031201955 0.006692190 -0.999316573
1403636755463555584.000000 0.151297763 2.389509439 0.910075843 -0.018467434 -0.035099261 -0.005982738 0.999195337
1403636755513555456.000000 0.154441118 2.360077858 0.894643724 -0.019260572 -0.036029667 -0.006619263 0.999143183
1403636755563555584.000000 0.157069817 2.330482721 0.880175054 -0.020462198 -0.036180858 -0.008029020 0.999103546
1403636755613555456.000000 0.157861024 2.300466776 0.867688298 0.021427028 0.034633499 0.009002988 -0.999129772
1403636755663555584.000000 0.157710880 2.269951105 0.855836034 0.021760078 0.033050522 0.007282336 -0.999190331
1403636755713555456.000000 0.156207621 2.239214659 0.844648480 0.022298025 0.032131713 0.006636846 -0.999212921
1403636755763555584.000000 0.153784066 2.208199501 0.834074438 0.022524852 0.030335177 0.005064870 -0.999273121
1403636755813555456.000000 0.150684997 2.177037716 0.824169099 0.022840770 0.027289527 0.004051962 -0.999358416
1403636755863555584.000000 0.146418512 2.145615578 0.814662158 0.022896208 0.025392672 0.003120516 -0.999410450
1403636755913555456.000000 0.141985133 2.114123106 0.805623114 0.023151059 0.022604359 0.003070258 -0.999471724
1403636755963555584.000000 0.139901385 2.083532095 0.787591279 -0.022797072 -0.022139035 -0.001784385 0.999493420
1403636756013555456.000000 0.137394056 2.051605940 0.778109014 -0.022637151 -0.020810083 -0.001183305 0.999526441
1403636756063555584.000000 0.136345610 2.019582510 0.768522739 -0.022501206 -0.019817352 -0.000665027 0.999550164
1403636756113555456.000000 0.137451768 1.988147259 0.759532213 0.022917751 0.019082310 0.002038714 -0.999553144
1403636756163555584.000000 0.140631974 1.956025481 0.750259876 0.022934135 0.017967658 0.002654002 -0.999571979
1403636756213555456.000000 0.144900545 1.923818827 0.740061820 0.022756381 0.016770635 0.002365836 -0.999597609
1403636756263555584.000000 0.149430335 1.891252518 0.729338288 0.022335205 0.016580645 0.002007635 -0.999611080
1403636756313555456.000000 0.153385192 1.858451486 0.718510091 0.021971097 0.016547827 0.001959010 -0.999619782
1403636756363555584.000000 0.156457543 1.825598121 0.708046436 0.021599913 0.016029907 0.002581579 -0.999634922
1403636756413555456.000000 0.149678871 1.793660760 0.686025441 -0.021678673 -0.015339625 -0.003503164 0.999641240
1403636756463555584.000000 0.149088576 1.760611415 0.675475001 -0.021101931 -0.015096880 -0.003290164 0.999657989
1403636756513555456.000000 0.146737650 1.727351665 0.664827406 -0.020433582 -0.015050173 -0.002960284 0.999673605
1403636756563555584.000000 0.144386172 1.694733620 0.654991031 0.020001566 0.014738588 0.003424686 -0.999685466
1403636756613555456.000000 0.139947101 1.661333561 0.644948244 0.019563859 0.014182419 0.003219762 -0.999702871
1403636756663555584.000000 0.133733109 1.628484011 0.629953504 -0.018786428 -0.013858291 -0.002923065 0.999723256
1403636756713555456.000000 0.129599109 1.594932318 0.618374586 -0.018234212 -0.012675683 -0.003079805 0.999748647
1403636756763555584.000000 0.126331225 1.561375499 0.605508208 -0.017777754 -0.012037356 -0.003164609 0.999764502
1403636756813555456.000000 0.122581780 1.528065920 0.589577973 0.016901426 0.011318457 0.002705677 -0.999789476
1403636756863555584.000000 0.120591708 1.495052218 0.574168742 -0.016361151 -0.011307481 -0.002518413 0.999799073
1403636756913555456.000000 0.119954079 1.461521029 0.557186842 -0.016218744 -0.011584819 -0.002920781 0.999797106
1403636756963555584.000000 0.121005371 1.427841425 0.538757801 -0.015443697 -0.011875868 -0.002187205 0.999807894
1403636757013555456.000000 0.121427536 1.394336343 0.518905461 0.015145994 0.011753269 0.002801378 -0.999812305
1403636757063555584.000000 0.122918762 1.361745238 0.501395643 -0.014052209 -0.012196491 -0.000713721 0.999826670
1403636757113555456.000000 0.122234046 1.328125358 0.481551647 -0.013913951 -0.011695974 -0.001011161 0.999834359
1403636757163555584.000000 0.119889177 1.294502020 0.461711317 -0.013757944 -0.012518167 -0.000806598 0.999826729
1403636757213555456.000000 0.117195368 1.260754585 0.441241413 0.013580716 0.012114789 0.000536968 -0.999834299
1403636757263555584.000000 0.113840520 1.231593370 0.424113244 -0.013420069 -0.012308591 -0.001386432 0.999833286
1403636757313555456.000000 0.107453257 1.198410273 0.403646678 -0.014143547 -0.013223253 -0.003931616 0.999804854
1403636757363555584.000000 0.099623740 1.165067673 0.383291423 -0.013776961 -0.014305819 -0.003591455 0.999796271
1403636757413555456.000000 0.089155883 1.133231521 0.366152585 -0.013987994 -0.016132794 -0.005283312 0.999758065
1403636757463555584.000000 0.080025278 1.099649072 0.345613390 -0.014403461 -0.018363027 -0.007205698 0.999701738
1403636757513555456.000000 0.071833290 1.065611005 0.324318051 -0.013230995 -0.020960249 -0.009420481 0.999648452
1403636757563555584.000000 0.065099552 1.031134009 0.303105056 0.010618133 0.025115786 0.010869805 -0.999569058
1403636757613555456.000000 0.056570686 0.999638736 0.285484761 -0.007007995 -0.031021789 -0.012413970 0.999417067
1403636757663555584.000000 0.053286165 0.963996887 0.263531417 -0.003585113 -0.037404470 -0.013690223 0.999200046
1403636757713555456.000000 0.051759403 0.927929878 0.242137805 0.000299332 -0.043634076 -0.014291552 0.998945355
1403636757763555584.000000 0.053476661 0.892153800 0.222204670 -0.004039358 0.048660837 0.014412384 -0.998703301
1403636757813555456.000000 0.051023033 0.857333362 0.206058457 0.007502627 -0.052572064 -0.014895621 0.998477876
1403636757863555584.000000 0.058997810 0.820675194 0.187947944 0.010833940 -0.054807454 -0.014111029 0.998338461
1403636757913555456.000000 0.070144482 0.783883691 0.170264393 0.013609294 -0.054930326 -0.013880570 0.998301029
1403636757963555584.000000 0.076695003 0.747554779 0.155480206 0.016578028 -0.051979020 -0.012408644 0.998433471
1403636758013555456.000000 0.091159463 0.711167157 0.141215682 0.018298162 -0.044005517 -0.012883604 0.998780668
1403636758063555584.000000 0.103689864 0.675325215 0.129096270 -0.020303145 0.036768563 0.012531691 -0.999038994
1403636758113555456.000000 0.110635228 0.638000906 0.116269968 0.021967404 -0.030104501 -0.011377274 0.999240637
1403636758163555584.000000 0.120644130 0.602390230 0.105595879 0.023101391 -0.024694830 -0.010964829 0.999367952
1403636758213555456.000000 0.127438203 0.566973329 0.094908200 -0.024104662 0.019879527 0.010660482 -0.999454975
1403636758263555584.000000 0.132962823 0.532077610 0.084353834 -0.024970328 0.017718362 0.009546246 -0.999485672
1403636758313555456.000000 0.136591554 0.497511744 0.074170962 -0.025720516 0.015768195 0.008069868 -0.999512255
1403636758363555584.000000 0.131211892 0.461805254 0.061234854 0.026342360 -0.017160529 -0.006730143 0.999483049
1403636758413555456.000000 0.128841460 0.427989423 0.051482301 0.027286042 -0.023683595 -0.003984079 0.999339163
1403636758463555584.000000 0.124357365 0.394435555 0.042248074 0.028493090 -0.032801080 -0.000132063 0.999055743
1403636758513555456.000000 0.118189290 0.361668199 0.032849442 -0.030372785 0.043704230 -0.005858111 -0.998565614
1403636758563555584.000000 0.110838577 0.326227158 0.023643814 0.032484047 -0.054378550 0.012998628 0.997907281
1403636758613555456.000000 0.104839958 0.295480490 0.017460257 0.034301758 -0.062942296 0.018874666 0.997248948
1403636758663555584.000000 0.100323349 0.266292632 0.013446538 0.034361869 -0.064787753 0.020397428 0.997098684
1403636758713555456.000000 0.097331502 0.239215627 0.012435427 -0.033533409 0.058319863 -0.019683985 -0.997540474
1403636758763555584.000000 0.094461322 0.209991798 0.009960724 0.031265661 -0.049466379 0.016169894 0.998155355
1403636758813555456.000000 0.091736078 0.185753405 0.011776496 0.030777417 -0.041198678 0.015215700 0.998560965
1403636758863555584.000000 0.088741168 0.162900954 0.014292341 -0.029526418 0.032660604 -0.011637470 -0.998962522
1403636758913555456.000000 0.087289058 0.139481381 0.015973656 0.027492398 -0.027408430 0.005511369 0.999231040
1403636758963555584.000000 0.082041539 0.118799105 0.019008398 0.026539342 -0.022881776 0.002930246 0.999381602
1403636759013555456.000000 0.075353734 0.098154582 0.021490702 -0.025806572 0.020720731 -0.000800801 -0.999451935
1403636759063555584.000000 0.067941971 0.078083858 0.024088137 -0.026730463 0.018146435 -0.002940030 -0.999473691
1403636759113555456.000000 0.059386708 0.054739632 0.025405250 0.028985038 -0.016460190 0.010738490 0.999386609
1403636759163555584.000000 0.050258607 0.035641115 0.027982831 0.032932956 -0.015710352 0.021498324 0.999102831
1403636759213555456.000000 0.040390052 0.017652884 0.029571421 -0.036624964 0.015387777 -0.031830367 -0.998703539
1403636759263555584.000000 0.034212504 -0.000049754 0.031407777 0.039574232 -0.015423631 0.040088173 0.998293042
1403636759313555456.000000 0.022397816 -0.013063652 0.033387881 0.040615518 -0.015311182 0.042203274 0.998165786
1403636759363555584.000000 0.010138515 -0.023587018 0.035149299 -0.038594116 0.014380485 -0.035411984 -0.998523772
1403636759413555456.000000 -0.001729969 -0.031305935 0.038110562 0.036117800 -0.014718562 0.026936630 0.998876035
1403636759463555584.000000 -0.015924597 -0.037483964 0.039624270 0.033755407 -0.013600918 0.018948635 0.999157965
1403636759513555456.000000 -0.031408660 -0.042335588 0.041084748 -0.031188335 0.013648794 -0.010905104 -0.999360859
1403636759563555584.000000 -0.045251556 -0.046227843 0.041872174 0.030182708 -0.013073653 0.005532860 0.999443650
1403636759613555456.000000 -0.059697106 -0.049586505 0.041816283 0.028668957 -0.012749457 -0.000741025 0.999507427
1403636759663555584.000000 -0.074585222 -0.053099185 0.039076351 -0.027847100 0.013102898 0.004512390 -0.999516129
1403636759713555456.000000 -0.081767738 -0.053621698 0.037792973 0.027772671 -0.013259062 -0.005986383 0.999508440
1403636759763555584.000000 -0.089528069 -0.056678474 0.033602841 0.028525870 -0.012573774 -0.005426247 0.999499321
1403636759813555456.000000 -0.094543755 -0.059577968 0.028926225 -0.028054910 0.011583082 0.007204739 -0.999513388
1403636759863555584.000000 -0.096533835 -0.061355092 0.022832293 0.028122040 -0.012940707 -0.007306046 0.999494076
1403636759913555456.000000 -0.101918750 -0.064094357 0.017119259 0.028157907 -0.018094582 -0.007395623 0.999412358
1403636759963555584.000000 -0.108099252 -0.066677958 0.011024705 -0.027896354 0.023800304 0.007785807 -0.999297142
1403636760013555456.000000 -0.112932861 -0.067196578 0.004887650 0.027962776 -0.028418975 -0.007042354 0.999180138
1403636760063555584.000000 -0.120276824 -0.069797903 -0.000813413 0.028246777 -0.032563891 -0.005115979 0.999057353
1403636760113555456.000000 -0.128095463 -0.072380424 -0.006196926 -0.027692840 0.037290744 0.005756862 -0.998904109
1403636760163555584.000000 -0.134999543 -0.072466575 -0.009540930 0.027512159 -0.040637046 -0.005231353 0.998781502
1403636760213555456.000000 -0.141346261 -0.074893922 -0.013010595 0.027689403 -0.036364425 -0.004305733 0.998945653
1403636760263555584.000000 -0.147230640 -0.076939642 -0.015717935 -0.027511135 0.028978521 0.003966764 -0.999193549
1403636760313555456.000000 -0.153728768 -0.077325277 -0.017716760 0.028096391 -0.021841839 -0.002448889 0.999363542
1403636760363555584.000000 -0.161089659 -0.078584082 -0.019905107 0.027499579 -0.017700691 -0.003797298 0.999457896
1403636760413555456.000000 -0.168852851 -0.079587236 -0.022512054 -0.027095001 0.013800449 0.005621022 -0.999521792
1403636760463555584.000000 -0.178394452 -0.079533748 -0.024020305 0.026560005 -0.012556319 -0.007206243 0.999542415
1403636760513555456.000000 -0.187987164 -0.080291107 -0.027615497 0.025945362 -0.014281205 -0.008985749 0.999520957
1403636760563555584.000000 -0.197953686 -0.081411824 -0.031911395 -0.025935721 0.019447051 0.009914457 -0.999425232
1403636760613555456.000000 -0.208519995 -0.081822902 -0.034254953 0.025761476 -0.025005132 -0.010939086 0.999295473
1403636760663555584.000000 -0.218043745 -0.083210364 -0.038745862 0.025181914 -0.029139977 -0.013241140 0.999170423
1403636760713555456.000000 -0.227066219 -0.084828824 -0.043216910 -0.024948919 0.032580651 0.015087307 -0.999043822
1403636760763555584.000000 -0.235894501 -0.087026179 -0.047431737 0.024450045 -0.032630924 -0.017936992 0.999007344
1403636760813555456.000000 -0.243364364 -0.089725070 -0.051171266 0.024453430 -0.030099194 -0.018938283 0.999068320
1403636760863555584.000000 -0.250778139 -0.092955992 -0.054759096 -0.024055459 0.026412712 0.020915389 -0.999142826
1403636760913555456.000000 -0.257612526 -0.094924167 -0.054339021 0.024225242 -0.023024622 -0.021679224 0.999206245
1403636760963555584.000000 -0.265220374 -0.099396095 -0.058193225 0.024341034 -0.023308605 -0.021739468 0.999195516
1403636761013555456.000000 -0.273033887 -0.104745656 -0.061799321 -0.025244238 0.026913110 0.019933019 -0.999120176
1403636761063555584.000000 -0.282016277 -0.109601282 -0.063756675 0.026023047 -0.031678244 -0.017676426 0.999002993
1403636761113555456.000000 -0.290073901 -0.116015099 -0.066889174 0.027015017 -0.038182121 -0.015365721 0.998787403
1403636761163555584.000000 -0.298194230 -0.122653618 -0.069295339 -0.027517593 0.045887541 0.014172879 -0.998466969
1403636761213555456.000000 -0.306489319 -0.128900692 -0.069081500 0.027614947 -0.052782927 -0.015094886 0.998110056
1403636761263555584.000000 -0.312622756 -0.136221543 -0.070110030 0.028048405 -0.057368241 -0.013711570 0.997864842
1403636761313555456.000000 -0.317375571 -0.144012943 -0.069829807 -0.027856523 0.058582712 0.014352654 -0.997790635
1403636761363555584.000000 -0.320551574 -0.150987461 -0.066024765 0.028232949 -0.055723287 -0.013927033 0.997949839
1403636761413555456.000000 -0.321660399 -0.158936501 -0.063667290 0.028188150 -0.048596680 -0.013958967 0.998323143
1403636761463555584.000000 -0.321493328 -0.167204127 -0.060877826 -0.027841363 0.040555932 0.014583072 -0.998682916
1403636761513555456.000000 -0.320343107 -0.174511984 -0.054895144 0.027861543 -0.033139169 -0.013949067 0.998964965
1403636761563555584.000000 -0.318773896 -0.182888895 -0.051584270 0.027537836 -0.026871949 -0.013604471 0.999166965
1403636761613555456.000000 -0.316985548 -0.191203684 -0.048142843 -0.027476044 0.021998996 0.012605444 -0.999300897
1403636761663555584.000000 -0.315034717 -0.199812323 -0.043570779 0.028442379 -0.019718841 -0.008396421 0.999365687
1403636761713555456.000000 -0.313003689 -0.208104894 -0.040856533 0.030173298 -0.017959107 -0.001705533 0.999381900
1403636761763555584.000000 -0.310243011 -0.215020984 -0.037276041 0.031962339 -0.017520152 0.004300854 0.999326289
1403636761813555456.000000 -0.307632446 -0.221927285 -0.035005108 0.033234145 -0.017272705 0.009405958 0.999254167
1403636761863555584.000000 -0.304683864 -0.227870926 -0.033069089 -0.034075484 0.017336458 -0.012432975 -0.999191582
1403636761913555456.000000 -0.301230252 -0.232536376 -0.031982873 0.033412933 -0.018167740 0.011345170 0.999212146
1403636761963555584.000000 -0.297362864 -0.235630795 -0.030927399 0.031873673 -0.018739671 0.007844324 0.999285460
1403636762013555456.000000 -0.293144256 -0.237501726 -0.029622270 -0.028620051 0.018039322 0.001151273 -0.999426961
1403636762063555584.000000 -0.288520366 -0.239289477 -0.028778596 -0.025043618 0.017397083 0.010261120 -0.999482334
1403636762113555456.000000 -0.283864200 -0.242112964 -0.030783454 0.020648902 -0.017008886 -0.022395788 0.999391198
1403636762163555584.000000 -0.279413253 -0.244957834 -0.031253166 0.017461106 -0.018411435 -0.030852845 0.999201834
1403636762213555456.000000 -0.275199085 -0.248875380 -0.031849448 -0.015907656 0.023497613 0.033837475 -0.999024451
1403636762263555584.000000 -0.272836655 -0.254409701 -0.033563517 0.015956461 -0.031222600 -0.032605410 0.998853087
1403636762313555456.000000 -0.271416217 -0.261137366 -0.032803915 0.016534828 -0.039262161 -0.029622719 0.998652935
1403636762363555584.000000 -0.270937115 -0.268975407 -0.030547710 -0.017383358 0.046340656 0.026110047 -0.998433113
1403636762413555456.000000 -0.274302453 -0.276846319 -0.029164610 0.018714787 -0.049935851 -0.021551499 0.998344541
1403636762463555584.000000 -0.277898163 -0.286296427 -0.023927363 0.021343155 -0.051201999 -0.013391389 0.998370409
1403636762513555456.000000 -0.282479078 -0.295849800 -0.018079014 0.026023181 -0.046742119 0.000925016 0.998567641
1403636762563555584.000000 -0.288492203 -0.305504262 -0.009896926 0.030333679 -0.040837318 0.014308550 0.998602748
1403636762613555456.000000 -0.296252191 -0.313993067 -0.001756485 0.034584437 -0.034626510 0.027221793 0.998430789
1403636762663555584.000000 -0.305659920 -0.321120828 0.008459073 0.037045769 -0.028104337 0.034420773 0.998325109
1403636762713555456.000000 -0.316492438 -0.325604975 0.018364400 0.036042161 -0.023328494 0.030585565 0.998609722
1403636762763555584.000000 -0.329706758 -0.328676403 0.029722560 0.034013998 -0.020635776 0.023900237 0.998922467
1403636762813555456.000000 -0.343543082 -0.329909891 0.040810097 0.031219903 -0.019451469 0.014318343 0.999220729
1403636762863555584.000000 -0.345202923 -0.328127146 0.041749261 0.034231447 0.012841121 0.021144012 0.999107838
1403636762913555456.000000 -0.343357563 -0.323259890 0.034738321 0.030360278 0.023690946 0.015365344 0.999140143
1403636762963555584.000000 -0.352373302 -0.317862600 0.028022237 0.021981327 -0.005727058 0.004278589 0.999732912
1403636763013555456.000000 -0.356818378 -0.310851753 0.020785883 0.011983742 -0.014940696 0.011678986 0.999748349
1403636763063555584.000000 -0.367048532 -0.303180575 0.014322553 0.003918214 -0.015141000 0.024526887 0.999576867
1403636763113555456.000000 -0.366620481 -0.297283888 0.008039028 -0.003019693 -0.003543744 0.030594703 0.999521077
1403636763163555584.000000 -0.366768748 -0.295294464 0.003483999 -0.009597871 0.010319851 0.034120567 0.999318421
1403636763213555456.000000 -0.369813859 -0.294166505 0.002497340 -0.011325447 0.002202894 0.038112573 0.999206841
1403636763263555584.000000 -0.375174463 -0.293134749 0.005176710 -0.010596047 -0.006221481 0.040260453 0.999113679
1403636763313555456.000000 -0.376319498 -0.293354303 0.002270513 -0.010738962 -0.002963945 0.040762089 0.999106884
1403636763363555584.000000 -0.379606038 -0.293524802 0.000074395 -0.010519460 -0.003224552 0.040469978 0.999120235
1403636763413555456.000000 -0.378261417 -0.292258054 0.000226740 -0.010326758 -0.004475624 0.041475080 0.999076188
1403636763463555584.000000 -0.381179869 -0.291974783 -0.001746829 -0.010612071 -0.004260137 0.040813129 0.999101400
1403636763513555456.000000 -0.380116135 -0.291225731 -0.003460335 -0.010411303 -0.004208578 0.041336238 0.999082267
1403636763563555584.000000 -0.382480323 -0.290846348 -0.005808176 -0.010524892 -0.004222291 0.041072413 0.999091864
1403636763613555456.000000 -0.381507814 -0.290723890 -0.005405400 -0.010369626 -0.004338717 0.041370727 0.999080658
1403636763663555584.000000 -0.383202672 -0.290302694 -0.008074982 -0.010359656 -0.004160980 0.041163553 0.999090075
1403636763713555456.000000 -0.383245647 -0.289887756 -0.009550313 -0.010292121 -0.004320340 0.041590165 0.999072433
1403636763763555584.000000 -0.384356171 -0.289256245 -0.012209554 -0.010503287 -0.004376611 0.041136008 0.999088824
1403636763813555456.000000 -0.384410232 -0.288739324 -0.014085506 -0.010224013 -0.004269880 0.041806571 0.999064267
