1.000000000 0.000000000 0.000000000 0.000000000 0.000000000 1.000000000 0.000000000 0.000000000 0.000000000 0.000000000 1.000000000 0.000000000
0.999991536 -0.002356232 -0.003378429 -0.003953317 0.002348623 0.999994695 -0.002254475 -0.003411037 0.003383723 0.002246521 0.999991775 0.666553199
0.999972045 -0.001046179 -0.007399912 -0.015641833 0.001020014 0.999993205 -0.003538746 -0.010877783 0.007403564 0.003531099 0.999966383 1.356092215
0.999935567 -0.001468605 -0.011254717 -0.025574774 0.001414246 0.999987304 -0.004836280 -0.014911927 0.011261676 0.004820052 0.999924958 2.069160938
0.999868870 0.000013940 -0.016193323 -0.041956931 -0.000104377 0.999984384 -0.005584009 -0.016185272 0.016192993 0.005584967 0.999853313 2.798090458
0.999791920 -0.000675472 -0.020387487 -0.063688248 0.000558088 0.999983251 -0.005762786 -0.026197534 0.020391040 0.005750209 0.999775529 3.536048412
0.999691784 0.000740828 -0.024814079 -0.089328632 -0.000920529 0.999973416 -0.007231264 -0.030067528 0.024808062 0.007251878 0.999665916 4.292654991
0.999552548 0.003334810 -0.029724654 -0.120697878 -0.003572232 0.999962091 -0.007937866 -0.036030963 0.029697057 0.008040498 0.999526620 5.058623314
0.999408185 0.003648365 -0.034204230 -0.150811985 -0.003855174 0.999974668 -0.005982294 -0.049505491 0.034181539 0.006110617 0.999396980 5.857769966
0.999248087 0.003039335 -0.038651969 -0.185957059 -0.003174431 0.999989092 -0.003434289 -0.054430991 0.038641106 0.003554405 0.999246836 6.656182766
0.999123454 0.002458330 -0.041788869 -0.229824081 -0.002474759 0.999996901 -0.000341412 -0.067903273 0.041787900 0.000444531 0.999126434 7.463397980
0.999004424 0.004025545 -0.044429496 -0.270361811 -0.004099583 0.999990344 -0.001575426 -0.071512967 0.044422727 0.001756000 0.999011278 8.281435966
0.998912215 0.003603666 -0.046491235 -0.316518486 -0.003689672 0.999991655 -0.001764243 -0.077601001 0.046484489 0.001933862 0.998917162 9.098888397
0.998831034 0.001101057 -0.048326008 -0.359005392 -0.001221581 0.999996245 -0.002464515 -0.082613796 0.048323110 0.002520668 0.998828590 9.928164482
0.998716295 0.000234434 -0.050652649 -0.393136621 -0.000309227 0.999998868 -0.001468749 -0.091879182 0.050652247 0.001482527 0.998715222 10.781634331
0.998639345 -0.001111499 -0.052137103 -0.439616412 0.001012993 0.999997675 -0.001915745 -0.099126287 0.052139107 0.001860324 0.998638093 11.626238823
0.998549759 0.001264554 -0.053821698 -0.495618522 -0.001488413 0.999990404 -0.004119399 -0.109384641 0.053815972 0.004193534 0.998542070 12.484167099
0.998471677 0.001212877 -0.055252355 -0.546077251 -0.001587944 0.999975979 -0.006744860 -0.119355902 0.055242848 0.006822289 0.998449624 13.355533600
0.998360157 0.005069532 -0.057020653 -0.606362939 -0.005553214 0.999949932 -0.008327330 -0.131550595 0.056975581 0.008630321 0.998338282 14.227511406
0.998298764 0.006242491 -0.057971176 -0.661104739 -0.006719698 0.999945104 -0.008040505 -0.141682506 0.057917800 0.008416375 0.998285890 15.113843918
0.998216689 0.005192473 -0.059467945 -0.716425717 -0.005603238 0.999961555 -0.006742679 -0.154038593 0.059430648 0.007063868 0.998207450 16.006736755
0.998135448 0.006291699 -0.060712542 -0.777681291 -0.006624050 0.999964178 -0.005274465 -0.166814566 0.060677182 0.005666794 0.998141348 16.899112701
0.998072982 0.005624325 -0.061795447 -0.830523014 -0.005941760 0.999970078 -0.004954317 -0.181609184 0.061765734 0.005311944 0.998076558 17.809127808
0.997973502 0.005629622 -0.063381344 -0.890144706 -0.006019840 0.999964058 -0.005967398 -0.192888141 0.063345477 0.006336851 0.997971535 18.713287354
0.997910142 0.004251502 -0.064476930 -0.956845343 -0.004673614 0.999968588 -0.006397308 -0.208219260 0.064447708 0.006685279 0.997898698 19.628545761
0.997879028 0.004330046 -0.064951569 -1.012778044 -0.004653452 0.999977529 -0.004828749 -0.219290420 0.064929202 0.005120757 0.997876763 20.541072845
0.997854412 0.005420111 -0.065247111 -1.073302031 -0.005531176 0.999983549 -0.001521700 -0.228764251 0.065237790 0.001879328 0.997868001 21.469366074
0.997909248 0.006311388 -0.064321645 -1.137256622 -0.006170062 0.999978125 0.002395590 -0.243870065 0.064335354 -0.001993713 0.997926354 22.383348465
0.998023748 0.004750416 -0.062657736 -1.193928838 -0.004410957 0.999974847 0.005554870 -0.254180849 0.062682554 -0.005267512 0.998019636 23.321210861
0.998126149 0.004952058 -0.060988933 -1.259974003 -0.004573807 0.999969423 0.006340023 -0.259178638 0.061018463 -0.006049191 0.998118281 24.259140015
0.998222351 0.005156311 -0.059375860 -1.322822213 -0.004960864 0.999981761 0.003438627 -0.262315631 0.059392508 -0.003137959 0.998229802 25.195096970
0.998252273 0.006269175 -0.058763366 -1.369865060 -0.006358360 0.999978900 -0.001330840 -0.270896763 0.058753785 0.001702153 0.998271048 26.144187927
0.998344719 0.005536992 -0.057245996 -1.433430791 -0.005793747 0.999973893 -0.004320125 -0.278369308 0.057220582 0.004644643 0.998350739 27.086578369
0.998392999 0.003376844 -0.056568220 -1.489467502 -0.003561375 0.999988675 -0.003161614 -0.287493050 0.056556903 0.003357994 0.998393714 28.062343597
0.998374999 0.001761452 -0.056958076 -1.540712476 -0.001673300 0.999997318 0.001595320 -0.300648302 0.056960732 -0.001497420 0.998375297 29.033586502
0.998323023 -0.001924150 -0.057856727 -1.596932769 0.002215351 0.999985218 0.004969437 -0.310688078 0.057846308 -0.005089276 0.998312533 30.006870270
0.998213947 -0.009267475 -0.059017695 -1.639431357 0.009540121 0.999945104 0.004339644 -0.317663670 0.058974236 -0.004894929 0.998247504 30.980607986
0.998112321 -0.011344384 -0.060357943 -1.697384834 0.011396825 0.999934912 0.000524633 -0.324710280 0.060348060 -0.001211532 0.998176634 31.954666138
0.998027921 -0.010572383 -0.061874527 -1.763894796 0.010362102 0.999939382 -0.003718425 -0.330049306 0.061910093 0.003069942 0.998077035 32.939994812
0.997881770 -0.010691445 -0.064168900 -1.823649406 0.010450938 0.999937057 -0.004082544 -0.341329515 0.064208508 0.003403271 0.997930706 33.934665680
0.997860014 -0.010565200 -0.064527079 -1.896896839 0.010405616 0.999941945 -0.002808711 -0.352739275 0.064553007 0.002131256 0.997911990 34.921886444
0.997797668 -0.007226216 -0.065936692 -1.968997002 0.007241412 0.999973774 -0.000008537 -0.366871804 0.065935023 -0.000468957 0.997823834 35.933670044
0.997749269 -0.006940953 -0.066695206 -2.044273376 0.007042652 0.999974370 0.001289842 -0.377274603 0.066684537 -0.001756650 0.997772574 36.923233032
0.997646928 -0.005886164 -0.068308040 -2.108527422 0.006160736 0.999973774 0.003809648 -0.385204494 0.068283819 -0.004221511 0.997657001 37.942310333
0.997666955 -0.005416863 -0.068053618 -2.172820330 0.005900199 0.999958754 0.006903292 -0.397615045 0.068013422 -0.007288716 0.997657776 38.923412323
0.997640908 0.000185463 -0.068647973 -2.254189491 0.000435545 0.999959111 0.009031189 -0.400723994 0.068646841 -0.009039783 0.997600079 39.934875488
0.997617006 0.000254141 -0.068994574 -2.328814507 0.000322088 0.999965191 0.008340546 -0.404271305 0.068994291 -0.008342893 0.997582197 40.935859680
0.997627676 0.000124669 -0.068840355 -2.397621393 0.000339632 0.999977291 0.006732860 -0.409266591 0.068839625 -0.006740268 0.997604966 41.912796021
0.997623503 0.002338589 -0.068861157 -2.469357967 -0.002033275 0.999987781 0.004503510 -0.416788071 0.068870850 -0.004352794 0.997616112 42.914470673
0.997560322 0.002430749 -0.069767132 -2.542475700 -0.002108408 0.999986768 0.004693509 -0.428103089 0.069777615 -0.004534961 0.997552276 43.908840179
0.997476101 0.000160543 -0.071002558 -2.615546942 0.000251516 0.999983191 0.005794472 -0.432414711 0.071002297 -0.005797706 0.997459292 44.906272888
0.997422159 0.000378177 -0.071755975 -2.688903093 0.000119092 0.999976039 0.006925608 -0.440841109 0.071756877 -0.006916300 0.997398198 45.884216309
0.997411728 0.002926365 -0.071841761 -2.768823862 -0.002682828 0.999990344 0.003486166 -0.453053117 0.071851268 -0.003284404 0.997409940 46.859165192
0.997359335 0.003213070 -0.072553866 -2.852693319 -0.003270263 0.999994457 -0.000669508 -0.461259574 0.072551310 0.000905010 0.997364283 47.829788208
0.997289777 0.004253398 -0.073450893 -2.914615631 -0.004417526 0.999988079 -0.002072208 -0.470513463 0.073441207 0.002391063 0.997296691 48.798416138
0.997299731 0.003149516 -0.073371395 -2.992784023 -0.003044193 0.999994159 0.001547254 -0.484848261 0.073375843 -0.001319719 0.997303486 49.777885437
0.997301280 0.001183839 -0.073408350 -3.069532394 -0.000843231 0.999988735 0.004670731 -0.495991290 0.073413052 -0.004596225 0.997291028 50.745319366
0.997260511 -0.000882534 -0.073964126 -3.131829262 0.001279614 0.999985039 0.005321338 -0.505807400 0.073958322 -0.005401406 0.997246683 51.692832947
0.997246623 -0.003960280 -0.074050270 -3.205326319 0.004267568 0.999982953 0.003991956 -0.514996350 0.074033201 -0.004296980 0.997246504 52.642929077
0.997209072 -0.006409219 -0.074384250 -3.273406267 0.006640446 0.999973834 0.002861651 -0.526946008 0.074363969 -0.003347609 0.997225523 53.587791443
0.997115076 -0.008074070 -0.075474225 -3.341110945 0.008405751 0.999956369 0.004077982 -0.537079036 0.075438008 -0.004700635 0.997139394 54.535953522
0.997006297 -0.010918416 -0.076545693 -3.413497448 0.011569659 0.999900520 0.008069604 -0.542840004 0.076449968 -0.008931054 0.997033417 55.490077972
0.996958792 -0.011717292 -0.077044562 -3.487945795 0.012766997 0.999832094 0.013146235 -0.547372043 0.076877579 -0.014089882 0.996940970 56.438438416
0.996908009 -0.010706955 -0.077844836 -3.566204309 0.011947434 0.999808669 0.015487043 -0.552307963 0.077664122 -0.016369203 0.996845186 57.386032104
0.996784210 -0.009286609 -0.079592668 -3.632755756 0.010229892 0.999882102 0.011451811 -0.556123197 0.079476938 -0.012229208 0.996761680 58.313713074
0.996697962 -0.007657167 -0.080836803 -3.714737892 0.007973387 0.999961793 0.003589754 -0.558660448 0.080806226 -0.004222444 0.996720910 59.228183746
0.996647954 -0.005836617 -0.081601582 -3.798949957 0.005756124 0.999982715 -0.001221625 -0.568371415 0.081607305 0.000747821 0.996664286 60.145687103
0.996567309 -0.000930835 -0.082781158 -3.879275799 0.000893689 0.999999464 -0.000485778 -0.576062143 0.082781568 0.000410130 0.996567607 61.044837952
0.996472239 0.001341559 -0.083912283 -3.959006786 -0.001183490 0.999997437 0.001933456 -0.589893162 0.083914660 -0.001827326 0.996471286 61.957302094
0.996391356 0.003998412 -0.084783688 -4.040144444 -0.003721181 0.999987185 0.003427641 -0.603038251 0.084796309 -0.003099776 0.996393502 62.844192505
0.996263981 0.005410123 -0.086190306 -4.120584011 -0.005137487 0.999981046 0.003384686 -0.619343281 0.086206988 -0.002929239 0.996272922 63.722835541
0.996151686 0.006250125 -0.087422915 -4.202070236 -0.005901178 0.999973536 0.004249350 -0.627828121 0.087447159 -0.003717099 0.996162236 64.560333252
0.996034980 0.007380792 -0.088655785 -4.282125473 -0.006977354 0.999963820 0.004859659 -0.640793622 0.088688448 -0.004221807 0.996050477 65.394874573
0.995886862 0.006781509 -0.090351425 -4.351094723 -0.006320775 0.999965549 0.005384517 -0.650865674 0.090384826 -0.004791278 0.995895386 66.214210510
0.995796442 0.006245631 -0.091380596 -4.427970886 -0.005671976 0.999962568 0.006536002 -0.656677246 0.091417998 -0.005990219 0.995794594 67.018981934
0.995629489 0.009470630 -0.092909895 -4.509125233 -0.008662777 0.999921143 0.009094478 -0.665778458 0.092988692 -0.008249872 0.995633006 67.824722290
0.995492756 0.010786861 -0.094222099 -4.587850571 -0.009593977 0.999868095 0.013104199 -0.670184374 0.094351023 -0.012141170 0.995464981 68.611923218
0.995310843 0.014112397 -0.095692798 -4.677586555 -0.012758112 0.999809802 0.014749561 -0.673533738 0.095882751 -0.013459539 0.995301604 69.402069092
0.995156467 0.016809775 -0.096856020 -4.758275986 -0.015841015 0.999816597 0.010762399 -0.680919230 0.097019173 -0.009175974 0.995240211 70.131591797
0.995011151 0.016909998 -0.098320007 -4.834004879 -0.016648831 0.999855340 0.003476181 -0.688838840 0.098364569 -0.001821926 0.995148778 70.855674744
0.994873941 0.016043440 -0.099842064 -4.903857231 -0.016348599 0.999863863 -0.002238922 -0.699548244 0.099792548 0.003859723 0.995000780 71.563476562
0.994838119 0.016695775 -0.100091755 -4.978772640 -0.017111743 0.999848127 -0.003298722 -0.706618607 0.100021482 0.004994438 0.994972765 72.252723694
0.994712949 0.019462725 -0.100833125 -5.059603214 -0.019537581 0.999809086 0.000245204 -0.718196690 0.100818649 0.001726128 0.994903326 72.933013916
0.994604528 0.019975841 -0.101798035 -5.138374805 -0.019832293 0.999800384 0.002422122 -0.731969237 0.101826102 -0.000390165 0.994802117 73.587112427
0.994547546 0.016574260 -0.102958821 -5.197350979 -0.016755033 0.999859214 -0.000891138 -0.744337738 0.102929555 0.002611358 0.994685233 74.212791443
0.994608581 0.008223834 -0.103374064 -5.243628979 -0.008857386 0.999944687 -0.005671173 -0.764646530 0.103321709 0.006556222 0.994626403 74.827056885
0.994747519 0.004207177 -0.102272309 -5.300475121 -0.005303638 0.999931335 -0.010451440 -0.774038553 0.102221310 0.010938959 0.994701505 75.420562744
0.995049417 0.006492291 -0.099169292 -5.362173080 -0.007589359 0.999914050 -0.010689339 -0.786803782 0.099091373 0.011389052 0.995013177 76.002426147
0.995421529 0.011745380 -0.094857804 -5.425490379 -0.012535946 0.999891460 -0.007742591 -0.799185336 0.094756566 0.008896274 0.995460749 76.563491821
0.995849252 0.010345635 -0.090428285 -5.472000122 -0.010797127 0.999931574 -0.004505056 -0.813606739 0.090375490 0.005462722 0.995892763 77.126655579
0.996386886 0.006810412 -0.084656790 -5.509547234 -0.006874036 0.999976277 -0.000460085 -0.823078156 0.084651642 0.001040357 0.996410072 77.670372009
0.997082651 0.002149216 -0.076298930 -5.542133808 -0.001923458 0.999993563 0.003032231 -0.835416853 0.076304950 -0.002876627 0.997080386 78.199836731
0.997811913 0.005712237 -0.065868981 -5.571815491 -0.005525590 0.999980211 0.003015435 -0.848112881 0.065884896 -0.002644872 0.997823715 78.715347290
0.998657048 0.010979215 -0.050631773 -5.599160194 -0.010863957 0.999937713 0.002551047 -0.854538262 0.050656628 -0.001997559 0.998714149 79.212852478
0.999347031 0.016131429 -0.032330908 -5.618269444 -0.016044956 0.999866962 0.002932280 -0.856900752 0.032373909 -0.002411617 0.999472916 79.702629089
0.999837518 0.014707508 -0.010424255 -5.602301121 -0.014669471 0.999885499 0.003715961 -0.865972638 0.010477714 -0.003562439 0.999938786 80.191703796
0.999809682 0.011089964 0.016051784 -5.578861237 -0.011164800 0.999927163 0.004580142 -0.873591125 -0.015999822 -0.004758485 0.999860644 80.652465820
0.998894155 0.009980886 0.045944624 -5.541141033 -0.010281662 0.999927223 0.006314808 -0.883172810 -0.045878254 -0.006780212 0.998924017 81.106346130
0.996855557 0.009442825 0.078675523 -5.478339195 -0.010084255 0.999919057 0.007759517 -0.889762521 -0.078595884 -0.008528502 0.996870100 81.537681580
0.993193984 0.009489138 0.116084874 -5.399752617 -0.010488226 0.999912977 0.007998720 -0.891670585 -0.115998872 -0.009161804 0.993207097 81.979164124
0.987335622 0.009542022 0.158358276 -5.313690662 -0.010935634 0.999908745 0.007931319 -0.894809961 -0.158268139 -0.009562622 0.987349868 82.414093018
0.979076326 0.009059374 0.203291535 -5.197234631 -0.010903212 0.999908924 0.007951769 -0.903361917 -0.203200981 -0.010001919 0.979085982 82.824378967
0.967812836 0.011607047 0.251403153 -5.061109066 -0.013416137 0.999894977 0.005483153 -0.906075418 -0.251313120 -0.008679525 0.967866898 83.211250305
0.952309608 0.012291625 0.304885745 -4.921736717 -0.013892041 0.999898732 0.003080311 -0.920667410 -0.304817021 -0.007168895 0.952383935 83.565879822
0.932519317 0.012443147 0.360905707 -4.744532585 -0.013630879 0.999906838 0.000745542 -0.924270630 -0.360862792 -0.005614694 0.932602048 83.935462952
0.908396482 0.013169627 0.417902470 -4.540465355 -0.013958377 0.999901891 -0.001169158 -0.928366065 -0.417876869 -0.004771180 0.908491135 84.285369873
0.879421830 0.013584852 0.475849509 -4.323544025 -0.013457774 0.999902666 -0.003674420 -0.929234982 -0.475853115 -0.003172509 0.879519045 84.609588623
0.845827341 0.012263810 0.533315778 -4.086199760 -0.011175104 0.999923646 -0.005270172 -0.942159832 -0.533339679 -0.001502203 0.845899820 84.916580200
0.809230447 0.012231014 0.587364018 -3.817045212 -0.009959242 0.999925196 -0.007100838 -0.946098089 -0.587406933 -0.000103487 0.809291720 85.207588196
0.768385112 0.010254396 0.639905632 -3.546575546 -0.008263072 0.999947250 -0.006101890 -0.956912637 -0.639934480 -0.000598985 0.768429279 85.505203247
0.726091504 0.010614089 0.687516153 -3.274660110 -0.011385048 0.999929368 -0.003413378 -0.972844541 -0.687503815 -0.005348979 0.726161122 85.710243225
0.680395246 0.009653978 0.732781827 -2.971025467 -0.010610894 0.999938190 -0.003321287 -0.977813840 -0.732768595 -0.005515682 0.680455625 85.943519592
0.633894682 0.008163863 0.773376346 -2.649858475 -0.007634331 0.999961615 -0.004298280 -0.989067256 -0.773381770 -0.003179552 0.633932710 86.146057129
0.586481929 0.005500079 0.809943676 -2.315778732 -0.002042818 0.999983788 -0.005311375 -0.997521460 -0.809959769 0.001460458 0.586483717 86.335845947
0.540091038 0.007703281 0.841571391 -1.974056244 -0.004123328 0.999970317 -0.006506971 -1.006529689 -0.841596544 0.000044282 0.540106773 86.506431580
0.492919505 0.010496877 0.870011687 -1.640815735 -0.007620078 0.999940932 -0.007747221 -1.015702009 -0.870041609 -0.002810799 0.492970407 86.657394409
0.447950959 0.012940275 0.893964529 -1.295455933 -0.008720906 0.999910951 -0.010103964 -1.023106098 -0.894015670 -0.003270099 0.448023915 86.787200928
0.403182864 0.011030557 0.915052950 -0.964344025 -0.001808754 0.999935031 -0.011256815 -1.023801327 -0.915117621 0.002883450 0.403176606 86.917228699
0.363996267 0.002968112 0.931395769 -0.594635010 0.013516154 0.999872804 -0.008468543 -1.031628132 -0.931302428 0.015671406 0.363909841 87.000350952
0.328376174 -0.000276041 0.944547057 -0.229984283 0.017432135 0.999831438 -0.005768166 -1.032204151 -0.944386244 0.018359598 0.328325629 87.089355469
0.295302570 0.003723994 0.955396593 0.141319275 0.015188338 0.999847710 -0.008591808 -1.039800167 -0.955283165 0.017048068 0.295201063 87.187622070
0.264376342 0.011122085 0.964355528 0.504425049 0.004356063 0.999909520 -0.012726343 -1.056630135 -0.964409828 0.007565338 0.264303982 87.281356812
0.235307276 0.015875185 0.971791446 0.904731750 -0.000524342 0.999868512 -0.016206892 -1.069493771 -0.971920967 0.003304049 0.235284626 87.380187988
0.209430814 0.017856935 0.977660418 1.291099548 0.000002221 0.999833226 -0.018262396 -1.086563349 -0.977823496 0.003826879 0.209395885 87.450195312
0.186160862 0.019153919 0.982332647 1.694580078 0.007363879 0.999754667 -0.020889144 -1.097185016 -0.982491732 0.011122519 0.185974181 87.497146606
0.166137218 0.025047330 0.985784471 2.106887817 0.014362014 0.999509871 -0.027816543 -1.100965500 -0.985998034 0.018779213 0.165696084 87.538864136
0.146422088 0.032712355 0.988681197 2.531044006 0.017083555 0.999220431 -0.035591114 -1.093182445 -0.989074707 0.022101514 0.145749092 87.588035583
0.128767252 0.033110905 0.991122007 2.979087830 0.014714765 0.999268591 -0.035294820 -1.108821511 -0.991565704 0.019128947 0.128185868 87.641532898
0.113323808 0.028633360 0.993145466 3.436294556 0.012731235 0.999460757 -0.030268146 -1.133865356 -0.993476570 0.016074071 0.112898171 87.688026428
0.098585427 0.025417401 0.994804084 3.908149719 0.013014218 0.999555349 -0.026828516 -1.154352188 -0.995043635 0.015591500 0.098210812 87.733024597
0.085748911 0.023302400 0.996044397 4.382827759 0.015796827 0.999568999 -0.024744805 -1.167492628 -0.996191680 0.017856183 0.085343838 87.757232666
0.074004948 0.022148859 0.997011900 4.884941101 0.019087933 0.999538720 -0.023621829 -1.185635328 -0.997075200 0.020779029 0.073548079 87.782073975
0.063856483 0.023025252 0.997693419 5.398422241 0.022464968 0.999447286 -0.024503578 -1.197931886 -0.997706175 0.023977865 0.063303888 87.805549622
0.055853248 0.023321209 0.998166680 5.924819946 0.024710758 0.999388635 -0.024732476 -1.215688705 -0.998133302 0.026046846 0.055242836 87.832611084
0.050102472 0.023778014 0.998461008 6.478347778 0.025872771 0.999350131 -0.025097478 -1.233234406 -0.998408914 0.027090399 0.049454749 87.857574463
0.044672191 0.024843531 0.998692751 7.038909912 0.027234344 0.999288917 -0.026076572 -1.245976448 -0.998630404 0.028363641 0.043963850 87.875885010
0.038807929 0.025498010 0.998921454 7.618576050 0.027660768 0.999263883 -0.026581375 -1.262428284 -0.998863876 0.028662503 0.038074076 87.895645142
0.034549475 0.025501428 0.999077559 8.215606689 0.030014673 0.999197006 -0.026542423 -1.281114221 -0.998952150 0.030904014 0.033756316 87.907508850
0.031657100 0.025588851 0.999171197 8.837226868 0.031576324 0.999147654 -0.026588693 -1.298712015 -0.998999894 0.032391876 0.030822098 87.924697876
0.028529525 0.025067976 0.999278665 9.475822449 0.032493148 0.999133945 -0.025992034 -1.318138480 -0.999064744 0.033211250 0.027690291 87.942993164
0.026201665 0.024415985 0.999358475 10.129722595 0.034822240 0.999072671 -0.025321990 -1.339738369 -0.999050021 0.035463378 0.025327146 87.953346252
0.025459230 0.024155838 0.999384046 10.805023193 0.039331965 0.998909712 -0.025146354 -1.359384298 -0.998901844 0.039947942 0.024481356 87.964759827
0.026482940 0.023667857 0.999369144 11.487205505 0.042864725 0.998773277 -0.024789650 -1.381528020 -0.998729885 0.043494180 0.025435925 87.978538513
0.029017568 0.023757026 0.999296486 12.192977905 0.044368349 0.998701572 -0.025031252 -1.400857329 -0.998593688 0.045063484 0.027925849 87.997184753
0.032805681 0.023824856 0.999177694 12.916007996 0.046985425 0.998573780 -0.025353111 -1.421096325 -0.998356700 0.047778517 0.031639457 88.021667480
0.037296832 0.023224233 0.999034345 13.653831482 0.047496114 0.998558879 -0.024986347 -1.443464637 -0.998174846 0.048382156 0.036140025 88.049446106
0.041130900 0.021462489 0.998923182 14.412811279 0.048742767 0.998535812 -0.023461157 -1.466973782 -0.997964084 0.049655262 0.040024519 88.086639404
0.044932067 0.019876309 0.998792410 15.173362732 0.048774764 0.998566031 -0.022066014 -1.489656329 -0.997798741 0.049707334 0.043898165 88.121841431
0.049071431 0.017678915 0.998638928 15.953994751 0.045717612 0.998755634 -0.019927477 -1.513411760 -0.997748554 0.046633255 0.048202097 88.169532776
0.053015411 0.016641326 0.998455167 16.751533508 0.045022681 0.998804569 -0.019037744 -1.532487869 -0.997578382 0.045962419 0.052202761 88.220916748
0.057076812 0.017834550 0.998210430 17.539649963 0.042147748 0.998906016 -0.020256950 -1.552815914 -0.997479677 0.043228529 0.056262732 88.268768311
0.059720457 0.021855611 0.997975886 18.340835571 0.039987940 0.998905420 -0.024268910 -1.582226038 -0.997413874 0.041356351 0.058781147 88.331344604
0.061194003 0.027041731 0.997759581 19.150772095 0.034328438 0.998984516 -0.029180346 -1.609727144 -0.997535467 0.036037192 0.060203552 88.395378113
0.060948491 0.030177891 0.997684777 19.954128265 0.031119939 0.998999476 -0.032118782 -1.640150309 -0.997655809 0.033005480 0.059948385 88.449531555
0.061006248 0.029974099 0.997687221 20.762664795 0.028830592 0.999079049 -0.031778838 -1.667992353 -0.997720957 0.030702621 0.060085893 88.505599976
0.061013877 0.028280916 0.997736275 21.576072693 0.026031902 0.999213398 -0.029914703 -1.701336861 -0.997797489 0.027798185 0.060229659 88.562637329
0.061073065 0.026849747 0.997772217 22.407272339 0.026701543 0.999236405 -0.028523540 -1.737394571 -0.997776210 0.028384078 0.060309470 88.618789673
0.061213315 0.025774844 0.997791886 23.221500397 0.024573565 0.999324620 -0.027321998 -1.776537657 -0.997822225 0.026191775 0.060538590 88.680015564
0.061020076 0.026349848 0.997788787 24.040580750 0.022902818 0.999351323 -0.027791748 -1.803622723 -0.997873843 0.024548030 0.060377002 88.745788574
0.060963571 0.026550937 0.997786999 24.850360870 0.019620385 0.999421120 -0.027793212 -1.846067071 -0.997947335 0.021271339 0.060407341 88.806770325
0.060278714 0.028230025 0.997782290 25.653442383 0.016991774 0.999426126 -0.029303053 -1.874794960 -0.998036981 0.018720442 0.059764445 88.846084595
0.057276547 0.027935084 0.997967422 26.466579437 0.013574600 0.999494255 -0.028756911 -1.907067299 -0.998266041 0.015194105 0.056868374 88.902633667
0.053611994 0.026652239 0.998206258 27.283119202 0.011494543 0.999561012 -0.027305771 -1.940777779 -0.998495817 0.012937844 0.053282082 88.952293396
0.048312068 0.024088072 0.998541892 28.097782135 0.009143746 0.999656618 -0.024557363 -1.974339962 -0.998790503 0.010316830 0.048075259 89.004570007
0.042952836 0.022270812 0.998828828 28.906959534 0.007922201 0.999712467 -0.022631193 -2.000055313 -0.999045730 0.008884996 0.042764068 89.023742676
0.035412908 0.022450296 0.999120653 29.711875916 0.007800019 0.999710977 -0.022740029 -2.029688358 -0.999342442 0.008598452 0.035227597 89.055213928
0.026748538 0.023566544 0.999364495 30.516807556 0.007119756 0.999692202 -0.023764839 -2.059700966 -0.999616921 0.007750908 0.026572526 89.077003479
0.016413391 0.024031941 0.999576569 31.320953369 0.007748928 0.999678016 -0.024161624 -2.087690353 -0.999835372 0.008142224 0.016221881 89.093727112
0.006453037 0.022891127 0.999717116 32.108051300 0.009151275 0.999694765 -0.022949684 -2.119580269 -0.999937296 0.009296782 0.006241560 89.093383789
-0.004489660 0.021982800 0.999748468 32.904403687 0.007825377 0.999728501 -0.021947224 -2.148183584 -0.999959469 0.007724874 -0.004660487 89.093353271
-0.015605688 0.021050045 0.999656677 33.693328857 0.009568711 0.999735713 -0.020902336 -2.177784204 -0.999832511 0.009239231 -0.015802979 89.079025269
-0.026651144 0.021769125 0.999407709 34.474548340 0.009484191 0.999723375 -0.021523084 -2.200545549 -0.999599814 0.008904957 -0.026850224 89.060348511
-0.037937760 0.022426525 0.999028504 35.248287201 0.009616177 0.999710023 -0.022076655 -2.227736712 -0.999233961 0.008769299 -0.038142443 89.033050537
-0.047943711 0.023288297 0.998578668 36.026145935 0.009298196 0.999695241 -0.022867918 -2.259157181 -0.998806894 0.008188610 -0.048145652 88.985855103
-0.058547378 0.024372501 0.997987151 36.789592743 0.009719362 0.999668479 -0.023843372 -2.284482241 -0.998237371 0.008303833 -0.058764935 88.942222595
-0.067932010 0.024985516 0.997377038 37.546779633 0.011232274 0.999642134 -0.024277223 -2.317688942 -0.997626722 0.009553611 -0.068188310 88.886581421
-0.077746749 0.025665715 0.996642888 38.325725555 0.011123472 0.999628663 -0.024874885 -2.344092607 -0.996911228 0.009152192 -0.078003407 88.829742432
-0.087239027 0.026151391 0.995844185 39.069122314 0.011867176 0.999611735 -0.025210729 -2.372467279 -0.996116817 0.009618499 -0.087515473 88.766571045
-0.095660210 0.025380956 0.995090425 39.799415588 0.012981957 0.999621689 -0.024248548 -2.402112246 -0.995329380 0.010598600 -0.095953465 88.691520691
-0.103328705 0.024348693 0.994349360 40.531543732 0.014851669 0.999626637 -0.022934599 -2.431732416 -0.994536519 0.012397947 -0.103651762 88.619049072
-0.108032465 0.022558885 0.993891418 41.263137817 0.018035693 0.999622464 -0.020728551 -2.463277817 -0.993983805 0.015686164 -0.108398557 88.521713257
-0.111544371 0.020934204 0.993539095 41.969066620 0.021330813 0.999598205 -0.018667074 -2.488494396 -0.993530691 0.019110790 -0.111946106 88.432373047
-0.114257097 0.019848548 0.993252933 42.666175842 0.022801649 0.999589384 -0.017352227 -2.513130665 -0.993189514 0.020665191 -0.114662766 88.349639893
-0.116186142 0.018995628 0.993045807 43.351558685 0.023046654 0.999599457 -0.016424539 -2.535479784 -0.992960036 0.020978080 -0.116577387 88.275711060
-0.117177963 0.019336395 0.992922723 44.007858276 0.023425467 0.999586046 -0.016701646 -2.563249111 -0.992834687 0.021302614 -0.117582440 88.206222534
-0.115877271 0.020519959 0.993051589 44.674400330 0.024534101 0.999540687 -0.017791210 -2.582712889 -0.992960513 0.022302028 -0.116327524 88.117362976
-0.112760544 0.022456773 0.993368387 45.308948517 0.026079398 0.999467015 -0.019634286 -2.598232508 -0.993279874 0.023692476 -0.113286138 88.045387268
-0.107900143 0.022812456 0.993900001 45.906120300 0.025525257 0.999470711 -0.020169236 -2.625157833 -0.993834078 0.023193290 -0.108425379 87.991516113
-0.099743962 0.023191752 0.994742811 46.506591797 0.024785081 0.999476016 -0.020816876 -2.653388977 -0.994704425 0.022578426 -0.100266457 87.932830811
-0.088635564 0.023258835 0.995792508 47.091144562 0.023531694 0.999497175 -0.021250805 -2.673038721 -0.995786071 0.021549106 -0.089138389 87.885803223
-0.075026393 0.023357179 0.996908009 47.646003723 0.022619035 0.999508262 -0.021715816 -2.699507236 -0.996925056 0.020919839 -0.075517893 87.855728149
-0.058023572 0.024442989 0.998016059 48.184989929 0.021685291 0.999495208 -0.023218460 -2.725635052 -0.998079777 0.020295050 -0.058524370 87.841133118
-0.036656499 0.026848188 0.998967230 48.707824707 0.019544190 0.999467075 -0.026144462 -2.750795841 -0.999136806 0.018565640 -0.037161708 87.833847046
-0.011934757 0.029652294 0.999489188 49.212589264 0.017293729 0.999416828 -0.029443653 -2.781492949 -0.999779344 0.016933493 -0.012440681 87.841156006
0.016075969 0.032126218 0.999354541 49.775970459 0.015997967 0.999347508 -0.032383341 -2.789525270 -0.999742806 0.016508235 0.015551507 87.876586914
0.049125791 0.031621445 0.998291969 50.281501770 0.013537399 0.999385834 -0.032322269 -2.810870647 -0.998700917 0.015102133 0.048667550 87.923965454
0.087787569 0.029064825 0.995715082 50.760444641 0.012255525 0.999467075 -0.030254856 -2.838112354 -0.996063769 0.014859011 0.087384582 87.977432251
0.129778445 0.025669355 0.991210759 51.266998291 0.010432479 0.999574184 -0.027251858 -2.851922989 -0.991488218 0.013877491 0.129455388 88.073852539
0.175273955 0.021513689 0.984284759 51.776409149 0.007891829 0.999698400 -0.023255911 -2.870602369 -0.984488189 0.011843964 0.175051272 88.185913086
0.223959923 0.017971829 0.974432647 52.262336731 0.003299861 0.999810278 -0.019198304 -2.897399426 -0.974592805 0.007515144 0.223858118 88.321678162
0.275692046 0.016297523 0.961107969 52.727146149 -0.000715407 0.999859452 -0.016749421 -2.917874813 -0.961245835 0.003930101 0.275664985 88.489089966
0.330668509 0.016271930 0.943606734 53.181644440 -0.001400199 0.999858677 -0.016751289 -2.928032398 -0.943745971 0.004217887 0.330644548 88.681983948
0.389648914 0.016446771 0.920816600 53.615158081 0.001173024 0.999830842 -0.018354421 -2.943393230 -0.920962751 0.008231920 0.389563680 88.878501892
0.449102402 0.020944234 0.893234789 54.020793915 0.000910760 0.999713957 -0.023898831 -2.953632832 -0.893479884 0.011546546 0.448954880 89.116500854
0.509527206 0.024292748 0.860111594 54.420188904 0.002264113 0.999560058 -0.029572548 -2.967477798 -0.860451579 0.017015411 0.509248078 89.380676270
0.568390131 0.028484177 0.822265923 54.793525696 -0.001778653 0.999440730 -0.033392210 -2.980599880 -0.822757244 0.017517280 0.568122983 89.675048828
0.624437690 0.031499457 0.780439258 55.132423401 -0.005940459 0.999349117 -0.035581902 -2.994878769 -0.781052053 0.017582517 0.624218404 89.994049072
0.675335050 0.032023750 0.736815512 55.414176941 -0.007505306 0.999303520 -0.036553048 -3.017925262 -0.737472892 0.019155530 0.675105035 90.334129333
0.724816442 0.029315501 0.688318074 55.716804504 -0.007582890 0.999373198 -0.034578387 -3.042985439 -0.688900352 0.019843545 0.724584460 90.694953918
0.770387709 0.026538635 0.637023211 55.985446930 -0.010218765 0.999518931 -0.029282227 -3.055559635 -0.637493849 0.016049078 0.770288289 91.075973511
0.810935736 0.023927661 0.584645867 56.212600708 -0.011738267 0.999627709 -0.024629913 -3.040364265 -0.585017502 0.013110549 0.810914695 91.482833862
0.848367751 0.021377789 0.528975606 56.453369141 -0.014177148 0.999743402 -0.017665975 -3.052229404 -0.529217541 0.007487879 0.848453164 91.909484863
0.878784895 0.016519710 0.476932138 56.623844147 -0.013923341 0.999862731 -0.008977842 -3.076737642 -0.477014989 0.001249102 0.878894269 92.330223083
0.904481351 0.017342255 0.426160544 56.784145355 -0.017674649 0.999838769 -0.003175020 -3.088908911 -0.426146895 -0.004660490 0.904641986 92.767745972
0.924596012 0.019023830 0.380473822 56.918739319 -0.020813536 0.999783218 0.000589811 -3.100624084 -0.380380124 -0.008464343 0.924791515 93.202217102
0.939605415 0.025577977 0.341302514 57.023258209 -0.028482037 0.999588192 0.003499632 -3.113039494 -0.341072440 -0.013009263 0.939947009 93.639129639
0.951419592 0.029895514 0.306442648 57.127902985 -0.032268878 0.999475658 0.002680451 -3.110793114 -0.306201816 -0.012438792 0.951885343 94.088310242
0.960754335 0.031500913 0.275606245 57.248115540 -0.033621415 0.999430239 0.002971482 -3.107621670 -0.275355607 -0.012121137 0.961266041 94.578468323
0.967010021 0.025898043 0.253418535 57.367141724 -0.027602104 0.999613941 0.003170512 -3.113278627 -0.253238589 -0.010060801 0.967351556 95.043403625
0.971025884 0.022691729 0.237894624 57.474281311 -0.024314204 0.999696791 0.003887743 -3.118278027 -0.237734273 -0.009559317 0.971283197 95.526947021
0.973917961 0.027289297 0.225253358 57.571208954 -0.028839026 0.999577641 0.003591841 -3.121041775 -0.225060195 -0.009994245 0.974293590 96.026985168
0.975906789 0.032597519 0.215739131 57.660846710 -0.034314349 0.999402225 0.004216081 -3.121628761 -0.215472728 -0.011517449 0.976441920 96.530487061
0.976979256 0.039762177 0.209596187 57.754531860 -0.041350957 0.999139547 0.003201694 -3.121065140 -0.209288538 -0.011794990 0.977782786 97.057395935
0.977329493 0.046818446 0.206482738 57.850200653 -0.047729459 0.998860121 -0.000569904 -3.131335497 -0.206274062 -0.009298325 0.978450060 97.558715820
0.977344692 0.046793330 0.206416383 57.938652039 -0.047013287 0.998886883 -0.003842023 -3.120994091 -0.206366390 -0.005949332 0.978456676 98.116943359
0.977037549 0.045763835 0.208094507 58.077217102 -0.045416981 0.998947322 -0.006446911 -3.146718979 -0.208170474 -0.003152150 0.978087485 98.565750122
0.976294100 0.044531822 0.211817637 58.201763153 -0.042682610 0.999000192 -0.013296888 -3.148306847 -0.212198004 0.003940744 0.977218747 99.114822388
0.975427806 0.044710048 0.215734929 58.330707550 -0.041840091 0.998964787 -0.017854204 -3.156084776 -0.216309860 0.008389119 0.976288736 99.660194397
0.974051952 0.049972165 0.220738679 58.441360474 -0.047286842 0.998729169 -0.017436078 -3.167428017 -0.221329480 0.006545610 0.975177109 100.259956360
0.972618163 0.053065378 0.226269603 58.572898865 -0.051277760 0.998589456 -0.013774902 -3.174234390 -0.226681396 0.001795124 0.973967314 100.851058960
0.971786141 0.049246769 0.230665147 58.728042603 -0.048553608 0.998782814 -0.008684023 -3.189956188 -0.230812058 -0.002760611 0.972994447 101.430892944
0.971055329 0.045082409 0.234561473 58.879497528 -0.045606438 0.998954356 -0.003192747 -3.200263262 -0.234460160 -0.007597179 0.972096026 102.045684814
0.970260561 0.042531084 0.238297090 59.035476685 -0.044123322 0.999025166 0.001349143 -3.206983328 -0.238007411 -0.011823479 0.971191347 102.672676086
0.969696462 0.037698839 0.241386876 59.196292877 -0.039366364 0.999222636 0.002087465 -3.213944912 -0.241120532 -0.011526731 0.970426738 103.302345276
0.969815254 0.034045618 0.241452515 59.362117767 -0.034758680 0.999394894 -0.001306755 -3.218728304 -0.241350904 -0.007125259 0.970411777 103.948669434
0.969963431 0.033856463 0.240883216 59.528007507 -0.032869045 0.999426723 -0.008117151 -3.229377031 -0.241019934 -0.000044261 0.970520139 104.591461182
0.970130980 0.035991061 0.239896819 59.687500000 -0.033454709 0.999333024 -0.014637979 -3.239270687 -0.240263641 0.006175078 0.970688045 105.249923706
0.970678926 0.038793072 0.237228885 59.843902588 -0.035413910 0.999201655 -0.018490857 -3.246780634 -0.237756819 0.009547481 0.971277773 105.928520203
0.971231759 0.037509169 0.235163644 59.996822357 -0.035183392 0.999281704 -0.014079548 -3.257532597 -0.235522822 0.005400650 0.971853793 106.617256165
0.971764147 0.033187140 0.233608678 60.178234100 -0.032622397 0.999448001 -0.006282073 -3.272449732 -0.233688205 -0.001516180 0.972310424 107.303550720
0.972339749 0.033905428 0.231097117 60.345794678 -0.034725558 0.999396741 -0.000518978 -3.282072067 -0.230975300 -0.007520353 0.972930551 108.026222229
0.972643495 0.036973413 0.229341745 60.506774902 -0.037761267 0.999286354 -0.000953931 -3.297316313 -0.229213342 -0.007732399 0.973345518 108.750572205
0.972870529 0.042851385 0.227346972 60.661956787 -0.042632531 0.999073565 -0.005875394 -3.301303387 -0.227388114 -0.003976377 0.973796129 109.479537964
0.973753095 0.043492872 0.223412707 60.826889038 -0.042074692 0.999052763 -0.011106404 -3.311559200 -0.223684132 0.001414875 0.974660635 110.228530884
0.974713206 0.041912787 0.219493836 60.994686127 -0.039812174 0.999109268 -0.013986744 -3.321588516 -0.219884545 0.004894537 0.975513637 110.985664368
0.975632489 0.039745487 0.215781271 61.161312103 -0.037940159 0.999201775 -0.012503917 -3.333086014 -0.216105998 0.004012453 0.976361692 111.761619568
0.976471305 0.036288954 0.212572038 61.324424744 -0.034924455 0.999338210 -0.010171647 -3.353259563 -0.212800473 0.002508361 0.977092445 112.539184570
0.976961851 0.034775145 0.210561618 61.500194550 -0.033955555 0.999395132 -0.007507682 -3.366215229 -0.210695341 0.000184984 0.977551758 113.324699402
0.977349341 0.031563509 0.209265515 61.670257568 -0.031152094 0.999500811 -0.005262567 -3.373921633 -0.209327161 -0.001375692 0.977844715 114.121475220
0.977490962 0.027156254 0.209222406 61.838878632 -0.026911091 0.999629736 -0.004018939 -3.388272762 -0.209254071 -0.001701927 0.977859855 114.916778564
0.977699280 0.027292505 0.208228782 62.015426636 -0.027390637 0.999621868 -0.002412629 -3.395682573 -0.208215892 -0.003344692 0.978077173 115.725830078
0.977438450 0.032741085 0.208667561 62.176921844 -0.032536518 0.999460816 -0.004413654 -3.404191732 -0.208699554 -0.002475241 0.977976680 116.536735535
0.977126420 0.038523145 0.209141076 62.338577271 -0.037706707 0.999257684 -0.007890990 -3.411284685 -0.209289804 -0.000175525 0.977853656 117.350822449
0.976525009 0.047086049 0.210194722 62.499652863 -0.046109114 0.998890758 -0.009548847 -3.419822454 -0.210411191 -0.000367204 0.977612913 118.182556152
0.975581110 0.052794591 0.213199854 62.665031433 -0.052065302 0.998602808 -0.009038000 -3.438704729 -0.213379115 -0.002283012 0.976966798 119.016738892
0.974879980 0.054914862 0.215855122 62.843620300 -0.054744344 0.998477459 -0.006773463 -3.460429192 -0.215898424 -0.005213534 0.976401925 119.847061157
0.974282444 0.055483088 0.218392745 63.023254395 -0.055096835 0.998450041 -0.007862970 -3.471452236 -0.218490511 -0.004371995 0.975829303 120.686637878
0.973951578 0.054002091 0.220231920 63.207614899 -0.052944768 0.998540044 -0.010705129 -3.484121323 -0.220488489 -0.001233848 0.975388825 121.521667480
0.973978937 0.047691297 0.221563935 63.402275085 -0.046786241 0.998861313 -0.009334456 -3.502545834 -0.221756816 -0.001274579 0.975101173 122.360008240
0.974181771 0.041638505 0.221892193 63.599033356 -0.040265091 0.999131620 -0.010711636 -3.525339603 -0.222145528 0.001500571 0.975012362 123.196083069
0.974007428 0.040158726 0.222927839 63.798778534 -0.038768176 0.999191880 -0.010612320 -3.547269821 -0.223173857 0.001693973 0.974777162 124.031898499
0.973429382 0.042542584 0.225000814 63.984203339 -0.041841034 0.999093175 -0.007887590 -3.561342716 -0.225132331 -0.001736253 0.974326670 124.877319336
0.973000944 0.044659711 0.226439074 64.169670105 -0.045371767 0.998968065 -0.002061704 -3.576606274 -0.226297483 -0.008267900 0.974023163 125.723793030
0.972584963 0.048369057 0.227461860 64.354164124 -0.050149139 0.998739660 0.002049591 -3.594344139 -0.227076039 -0.013400417 0.973784864 126.572196960
0.972341239 0.047764786 0.228628606 64.542678833 -0.048091203 0.998834312 -0.004146664 -3.614759922 -0.228560165 -0.006963051 0.973504901 127.410957336
0.972765148 0.042907681 0.227787063 64.740745544 -0.039716642 0.999038279 -0.018576352 -3.629646301 -0.228365064 0.009023491 0.973533750 128.191864014
0.972973883 0.040708944 0.227298483 64.933357239 -0.035365168 0.998995066 -0.027534926 -3.650052309 -0.228190973 0.018752316 0.973435760 129.003509521
0.973259211 0.037805084 0.226577282 65.122314453 -0.034504429 0.999233067 -0.018511735 -3.668054342 -0.227103353 0.010198798 0.973817229 129.831909180
0.973686934 0.031599302 0.225688323 65.316719055 -0.032967258 0.999453783 0.002294077 -3.687276125 -0.225492552 -0.009674037 0.974196851 130.669677734
0.973965049 0.027725877 0.224996239 65.508255005 -0.032463931 0.999321699 0.017385464 -3.705842018 -0.224361598 -0.024237098 0.974204540 131.506011963
0.974045873 0.032336120 0.224029049 65.687545776 -0.035811476 0.999292791 0.011466238 -3.710958004 -0.223499835 -0.019191451 0.974515021 132.316055298
0.974228263 0.040853292 0.221833855 65.862037659 -0.040905017 0.999153495 -0.004363117 -3.717390299 -0.221824318 -0.004823445 0.975074708 133.110824585
0.974428773 0.041132767 0.220899552 66.035850525 -0.039352022 0.999147773 -0.012457997 -3.719800949 -0.221223727 0.003446587 0.975216985 133.929855347
0.975025594 0.037086330 0.218974069 66.217132568 -0.035077151 0.999299288 -0.013057374 -3.745246410 -0.219304889 0.005050288 0.975643277 134.734298706
0.975727975 0.036171693 0.215978101 66.393188477 -0.034646545 0.999340773 -0.010844826 -3.773428440 -0.216227993 0.003098704 0.976337969 135.536605835
0.976496577 0.035517041 0.212586299 66.560729980 -0.033670690 0.999357283 -0.012300408 -3.786454201 -0.212886542 0.004853380 0.977064848 136.350265503
0.977545977 0.036420297 0.207551107 66.727668762 -0.034263406 0.999315083 -0.013978716 -3.803076267 -0.207918048 0.006553430 0.978124321 137.157562256
0.977881372 0.041893672 0.204921842 66.879562378 -0.039896902 0.999107540 -0.013867963 -3.830040455 -0.205319941 0.005385477 0.978680074 137.974685669
0.978076160 0.048065975 0.202624574 67.040946960 -0.046184290 0.998834729 -0.014007245 -3.848026514 -0.203061730 0.004342081 0.979156315 138.760711670
0.978395641 0.049360111 0.200762495 67.194755554 -0.047899924 0.998778522 -0.012127482 -3.868973494 -0.201115876 0.002248969 0.979564905 139.560684204
0.978728235 0.047756676 0.199525326 67.354370117 -0.047268603 0.998856187 -0.007211792 -3.888689280 -0.199641526 -0.002372897 0.979866147 140.355529785
0.979053438 0.046426579 0.198239595 67.508956909 -0.045910511 0.998919606 -0.007201266 -3.907847404 -0.198359743 -0.002050857 0.980127156 141.151809692
0.979697049 0.044442076 0.195495665 67.666732788 -0.043287866 0.999010801 -0.010174749 -3.925381184 -0.195754468 0.001505583 0.980651796 141.945449829
0.980830133 0.039967239 0.190722093 67.822288513 -0.038030170 0.999181211 -0.013807413 -3.945786238 -0.191117778 0.006289532 0.981546938 142.729049683
0.982210577 0.036836099 0.184134543 67.971008301 -0.034698520 0.999287963 -0.014818614 -3.960072994 -0.184549287 0.008165804 0.982789338 143.513641357
0.983380616 0.035497069 0.178052172 68.112602234 -0.034316156 0.999363899 -0.009708649 -3.970968485 -0.178283542 0.003437231 0.983973145 144.313903809
0.984587848 0.032973178 0.171754345 68.250343323 -0.033217452 0.999447107 -0.001452340 -3.982868433 -0.171707273 -0.004275285 0.985138714 145.112350464
0.985149741 0.029967070 0.169061989 68.368141174 -0.031793538 0.999461591 0.008106275 -3.992897272 -0.168728054 -0.013360973 0.985572100 145.906341553
0.985649407 0.036678910 0.164772242 68.500282288 -0.038985386 0.999181569 0.010784766 -4.001576424 -0.164241821 -0.017053707 0.986272693 146.708816528
0.986315608 0.039634805 0.160033152 68.617782593 -0.041183420 0.999131322 0.006370394 -4.012011528 -0.159641638 -0.012873932 0.987091064 147.495605469
0.987512589 0.040224615 0.152318448 68.734909058 -0.040086314 0.999188304 -0.003979991 -4.016066551 -0.152354911 -0.002175594 0.988323450 148.273590088
0.988648415 0.036993686 0.145622075 68.854454041 -0.035985906 0.999306679 -0.009549562 -4.017564774 -0.145874381 0.004200818 0.989294231 149.068252563
0.989547431 0.036194079 0.139591813 68.949806213 -0.035432339 0.999340534 -0.007939073 -4.035775661 -0.139787093 0.002910026 0.990177333 149.867080688
0.990361571 0.042652529 0.131775036 69.050453186 -0.042401999 0.999089539 -0.004707901 -4.045777321 -0.131855860 -0.000925001 0.991268456 150.673767090
0.991115391 0.048238207 0.123949148 69.130058289 -0.047830768 0.998835802 -0.006262575 -4.056582451 -0.124106944 0.000278351 0.992268801 151.487762451
0.992259264 0.050748762 0.113340512 69.214599609 -0.049724571 0.998692691 -0.011847050 -4.073216438 -0.113793567 0.006119537 0.993485570 152.292816162
0.993252516 0.049408499 0.104920112 69.295608521 -0.048193671 0.998738706 -0.014084006 -4.086000919 -0.105483651 0.008932489 0.994380891 153.113021851
0.994007647 0.049667489 0.097375318 69.362564087 -0.048787363 0.998744130 -0.011400253 -4.099558353 -0.097819246 0.006581253 0.995182455 153.936538696
0.994556904 0.052577857 0.089955978 69.423751831 -0.052425385 0.998616576 -0.004058544 -4.117879391 -0.090044923 -0.000679524 0.995937467 154.747970581
0.995127082 0.055753894 0.081324354 69.481201172 -0.056091417 0.998423874 0.001869873 -4.129260540 -0.081091926 -0.006422359 0.996685922 155.572006226
0.995795965 0.054411858 0.073686950 69.536972046 -0.054954853 0.998474479 0.005360095 -4.137117863 -0.073282883 -0.009387016 0.997267008 156.400741577
0.996170580 0.055025063 0.067944400 69.578674316 -0.055663638 0.998421133 0.007539860 -4.141816139 -0.067422241 -0.011293019 0.997660637 157.215408325
0.996428132 0.054936003 0.064132549 69.619239807 -0.055430677 0.998444736 0.005958329 -4.151882648 -0.063705482 -0.009491957 0.997923613 158.029708862
0.996451497 0.059514549 0.059518237 69.657264709 -0.059645556 0.998219550 0.000425373 -4.155278206 -0.059386950 -0.003973861 0.998227119 158.842559814
0.996290505 0.065790623 0.055468827 69.685997009 -0.065550491 0.997830391 -0.006139550 -4.168055058 -0.055752404 0.002480767 0.998441517 159.664169312
0.996341944 0.067203693 0.052785859 69.712638855 -0.066855721 0.997727871 -0.008332437 -4.177650452 -0.053225894 0.004772920 0.998571098 160.478530884
0.996386766 0.068875149 0.049694944 69.750801086 -0.068855107 0.997624397 -0.002117192 -4.190087318 -0.049722712 -0.001312209 0.998762190 161.297622681
0.996275961 0.071329236 0.048439503 69.770606995 -0.071801990 0.997386098 0.008088530 -4.194085121 -0.047735941 -0.011536460 0.998793364 162.132354736
0.996333420 0.072609998 0.045249641 69.799797058 -0.073375225 0.997184217 0.015483925 -4.200272083 -0.043997940 -0.018747354 0.998855710 162.962539673
0.996758640 0.069783628 0.040030085 69.830657959 -0.070319250 0.997450769 0.012130562 -4.200455666 -0.039081525 -0.014906128 0.999124825 163.784637451
0.997811794 0.056706946 0.033998843 69.869628906 -0.056826569 0.998380780 0.002561763 -4.207523346 -0.033798520 -0.004488195 0.999418616 164.570709229
0.998194754 0.053946584 0.026401052 69.896057129 -0.053914554 0.998543680 -0.001924074 -4.206819534 -0.026466401 0.000497200 0.999649584 165.380905151
0.998106956 0.058193486 0.019900247 69.895683289 -0.058197297 0.998305023 -0.000387994 -4.213705063 -0.019889096 -0.000770881 0.999801874 166.203552246
0.998374164 0.055669598 0.012243418 69.911231995 -0.055745650 0.998427212 0.005960586 -4.220602989 -0.011892338 -0.006633412 0.999907255 167.043243408
0.998688340 0.050896268 0.005582817 69.895736694 -0.050948396 0.998654842 0.009630077 -4.223174095 -0.005085173 -0.009901881 0.999938071 167.873855591
0.999117851 0.041993313 -0.000234706 69.902244568 -0.041986156 0.999024212 0.013702166 -4.216951847 0.000809876 -0.013680225 0.999906123 168.708679199
0.999255657 0.037985854 -0.006719670 69.903213501 -0.037889183 0.999184251 0.013972105 -4.223906040 0.007244931 -0.013707102 0.999879777 169.531616211
0.999319017 0.034512684 -0.013055050 69.889129639 -0.034418911 0.999380529 0.007340644 -4.230755806 0.013300308 -0.006886305 0.999887824 170.351211548
0.999446213 0.026124110 -0.020610191 69.872787476 -0.026185066 0.999653459 -0.002693244 -4.235364437 0.020532690 0.003231431 0.999783933 171.180175781
0.999514401 0.015758028 -0.026882200 69.862907410 -0.015948253 0.999849200 -0.006876567 -4.240386963 0.026769785 0.007301952 0.999614954 172.002410889
0.999247074 0.019421136 -0.033587288 69.832931519 -0.019410647 0.999811411 0.000638376 -4.246309757 0.033593349 0.000014055 0.999435604 172.837371826
0.998811781 0.029903632 -0.038481534 69.777267456 -0.029390272 0.999472201 0.013837810 -4.248226166 0.038875025 -0.012690384 0.999163508 173.683517456
0.998476088 0.034465097 -0.043100651 69.732566833 -0.033547983 0.999198794 0.021823892 -4.253934860 0.043818280 -0.020344695 0.998832345 174.524124146
0.998322904 0.033821367 -0.046984579 69.690200806 -0.032961488 0.999276817 0.018957317 -4.251687050 0.047591764 -0.017376842 0.998715699 175.357299805
0.998185992 0.035083253 -0.048927359 69.636009216 -0.034741368 0.999365747 0.007820866 -4.244871616 0.049170710 -0.006106875 0.998771727 176.190780640
0.997573435 0.046135873 -0.052141316 69.573623657 -0.046256077 0.998929024 -0.001100305 -4.250439167 0.052034710 0.003509488 0.998639107 177.021377563
0.997532427 0.044211019 -0.054538190 69.519645691 -0.044538282 0.998996139 -0.004799311 -4.253935814 0.054271258 0.007216506 0.998500168 177.865325928
0.997615278 0.039068911 -0.056897879 69.478797913 -0.039104432 0.999235034 0.000489394 -4.267695427 0.056873474 0.001736732 0.998379886 178.719360352
0.997654915 0.039367244 -0.055989843 69.423377991 -0.038912792 0.999200404 0.009184347 -4.271333218 0.056306638 -0.006984088 0.998389125 179.578460693
0.997609675 0.040914819 -0.055685576 69.368339539 -0.040160965 0.999086678 0.014590553 -4.272353172 0.056231685 -0.012319291 0.998341739 180.419357300
0.997517407 0.040886875 -0.057334386 69.311767578 -0.040163495 0.999099016 0.013713408 -4.274686337 0.057843424 -0.011376615 0.998260856 181.276062012
0.997524440 0.037024736 -0.059784018 69.260993958 -0.036818661 0.999311626 0.004545319 -4.274529934 0.059911150 -0.002332899 0.998201013 182.112426758
0.997675657 0.026420753 -0.062810570 69.226432800 -0.026913239 0.999613225 -0.007007580 -4.284100533 0.062601127 0.008681729 0.998000860 182.961410522
0.997799158 0.016035579 -0.064340353 69.171669006 -0.016764622 0.999801040 -0.010807178 -4.296266556 0.064154252 0.011862034 0.997869492 183.821899414
0.997685552 0.019164931 -0.065239549 69.118988037 -0.019593766 0.999790370 -0.005939733 -4.312835217 0.065112039 0.007204274 0.997851968 184.655883789
0.997493684 0.024623848 -0.066332884 69.051849365 -0.024361698 0.999691904 0.004758157 -4.323458672 0.066429608 -0.003130250 0.997786224 185.509033203
0.997356951 0.026182691 -0.067776367 68.987281799 -0.025677672 0.999635696 0.008311892 -4.336791039 0.067969307 -0.006549583 0.997665942 186.352966309
0.997312248 0.025062747 -0.068848863 68.928932190 -0.024792442 0.999681175 0.004777882 -4.346666336 0.068946667 -0.003058109 0.997615635 187.187316895
0.997353971 0.024744121 -0.068357937 68.866584778 -0.024914484 0.999688268 -0.001640668 -4.348434448 0.068296030 0.003339430 0.997659504 188.029937744
0.997160017 0.031461485 -0.068425521 68.792930603 -0.031674851 0.999496162 -0.002035263 -4.357114315 0.068327010 0.004196851 0.997654140 188.866394043
0.997000515 0.034100246 -0.069477834 68.731834412 -0.034110744 0.999417543 0.001035641 -4.368027687 0.069472678 0.001337406 0.997582972 189.705886841
0.996845663 0.038003840 -0.069674015 68.662101746 -0.037784863 0.999275923 0.004458571 -4.381654739 0.069793016 -0.001811884 0.997559845 190.548385620
0.996701121 0.041779626 -0.069579899 68.595237732 -0.041369230 0.999117017 0.007329403 -4.387088776 0.069824681 -0.004426758 0.997549474 191.381042480
0.996531427 0.044630282 -0.070237368 68.526741028 -0.044238772 0.998995602 0.007120586 -4.394417286 0.070484616 -0.003988673 0.997504890 192.210632324
0.996574640 0.042351171 -0.071030699 68.470779419 -0.042217862 0.999102712 0.003377692 -4.407217503 0.071110018 -0.000367358 0.997468412 193.021804810
0.996410370 0.044616535 -0.071942396 68.404708862 -0.044864651 0.998991370 -0.001835800 -4.415898323 0.071787931 0.005056880 0.997407079 193.824035645
0.996259034 0.045669630 -0.073363826 68.339370728 -0.045922685 0.998943448 -0.001765320 -4.418125629 0.073205687 0.005127780 0.997303665 194.634628296
0.996146977 0.045602106 -0.074911132 68.267379761 -0.045123387 0.998948812 0.008071467 -4.427246571 0.075200468 -0.004660124 0.997157574 195.436294556
0.996157646 0.044001807 -0.075722113 68.201644897 -0.042816225 0.998934686 0.017210638 -4.433994770 0.076398745 -0.013902374 0.996980429 196.232620239
0.996338308 0.038305115 -0.076437458 68.145256042 -0.036945600 0.999134302 0.019121995 -4.443360806 0.077103764 -0.016227949 0.996891022 197.006378174
0.996339560 0.036317293 -0.077385798 68.084403992 -0.035455544 0.999293327 0.012481235 -4.444798470 0.077784397 -0.009691793 0.996923089 197.770980835
0.996295631 0.037721321 -0.077279285 68.025894165 -0.037309475 0.999280870 0.006766695 -4.435574055 0.077478953 -0.003858379 0.996986508 198.502700806
0.996368647 0.037000395 -0.076684631 67.968208313 -0.037036642 0.999313474 0.000949915 -4.446155548 0.076667130 0.001893675 0.997054935 199.214920044
0.996500254 0.033633213 -0.076525062 67.913612366 -0.033909898 0.999422193 -0.002318716 -4.460171223 0.076402858 0.004905558 0.997064948 199.908233643
0.996782601 0.030972054 -0.073926829 67.870040894 -0.031546555 0.999480367 -0.006615969 -4.482666969 0.073683500 0.008926819 0.997241735 200.580902100
0.997154832 0.029258776 -0.069470935 67.825393677 -0.029905675 0.999518335 -0.008289861 -4.490976810 0.069194928 0.010343851 0.997549534 201.259628296
0.997452855 0.030580435 -0.064440690 67.784988403 -0.030883584 0.999516070 -0.003713227 -4.497192860 0.064295955 0.005693928 0.997914612 201.921188354
0.997731090 0.035296038 -0.057331000 67.730331421 -0.035028264 0.999370217 0.005669188 -4.511916161 0.057494994 -0.003648121 0.998339117 202.596984863
0.997804582 0.041573633 -0.051552255 67.694778442 -0.041116733 0.999105394 0.009892397 -4.524912834 0.051917400 -0.007751018 0.998621285 203.251541138
0.998041987 0.042714268 -0.045691576 67.658241272 -0.042395651 0.999069512 0.007920119 -4.528197289 0.045987364 -0.005967487 0.998924196 203.924224854
0.998376966 0.041429706 -0.039076462 67.633666992 -0.041461576 0.999140084 -0.000005184 -4.541241646 0.039042648 0.001625348 0.999236226 204.593444824
0.998607457 0.041796811 -0.032189678 67.618003845 -0.042117778 0.999068797 -0.009358151 -4.545733452 0.031768564 0.010700877 0.999437988 205.241943359
0.998708308 0.044188846 -0.025080130 67.594833374 -0.044566028 0.998898506 -0.014684706 -4.553660393 0.024403604 0.015783459 0.999577582 205.894241333
0.998864055 0.044360857 -0.017397406 67.579383850 -0.044597737 0.998914182 -0.013472497 -4.572818756 0.016780864 0.014233079 0.999757886 206.544570923
0.999113083 0.040552538 -0.011336277 67.572044373 -0.040648278 0.999138653 -0.008346323 -4.585041046 0.010988048 0.008799721 0.999900937 207.203063965
0.999437571 0.033158533 -0.005003865 67.587921143 -0.033171546 0.999446452 -0.002540507 -4.600592136 0.004916855 0.002705064 0.999984264 207.837738037
0.999615371 0.027722858 0.000768155 67.594184875 -0.027721968 0.999615014 -0.001145184 -4.616899014 -0.000799607 0.001123449 0.999999046 208.475234985
0.999571860 0.028934734 0.004343611 67.593872070 -0.028933944 0.999581277 -0.000244557 -4.625426292 -0.004348869 0.000118774 0.999990523 209.114089966
0.999454737 0.032563090 0.005461264 67.591590881 -0.032571103 0.999468446 0.001385123 -4.632893085 -0.005413258 -0.001562248 0.999984145 209.765151978
0.999442637 0.032940969 0.005413665 67.587821960 -0.032958217 0.999451816 0.003127961 -4.633803368 -0.005307659 -0.003304643 0.999980450 210.409881592
0.999449372 0.032843087 0.004721927 67.589935303 -0.032870773 0.999442160 0.005910245 -4.640202522 -0.004525182 -0.006062204 0.999971390 211.065582275
0.999416173 0.033837348 0.004733163 67.598693848 -0.033872537 0.999397576 0.007562796 -4.643517494 -0.004474407 -0.007718705 0.999960184 211.717910767
0.999104798 0.042079050 0.004347666 67.585838318 -0.042091377 0.999109864 0.002783553 -4.649653912 -0.004226667 -0.002964060 0.999986649 212.368179321
0.998894215 0.046895586 0.003347087 67.571083069 -0.046874441 0.998881936 -0.006138017 -4.654629230 -0.003631190 0.005974337 0.999975562 213.011703491
0.998992264 0.044875477 0.000797802 67.567665100 -0.044858839 0.998884261 -0.014761724 -4.665334702 -0.001459351 0.014711060 0.999890745 213.667709351
0.999239087 0.038906947 -0.002736146 67.566253662 -0.038951982 0.999060810 -0.018981365 -4.674754143 0.001995069 0.019073501 0.999816120 214.319992065
0.999140382 0.040919743 -0.006640163 67.565277100 -0.041002415 0.999076664 -0.012832103 -4.684242249 0.006108945 0.013093336 0.999895632 214.998840332
0.998802841 0.047863696 -0.010099363 67.540222168 -0.047871005 0.998853385 -0.000483123 -4.691205978 0.010064659 0.000966011 0.999948859 215.681762695
0.998977542 0.043162543 -0.013447611 67.522979736 -0.042974059 0.998978019 0.014003333 -4.701053143 0.014038287 -0.013411117 0.999811530 216.370101929
0.999163985 0.036697160 -0.018019032 67.524429321 -0.036267143 0.999062538 0.023638152 -4.708829403 0.018869594 -0.022964891 0.999558151 217.056335449
0.999165714 0.035222474 -0.020670343 67.502670288 -0.034770809 0.999157131 0.021817964 -4.705556870 0.021421403 -0.021081038 0.999548256 217.745025635
0.998946428 0.039689884 -0.023039183 67.477210999 -0.039333049 0.999102175 0.015740246 -4.707068443 0.023643225 -0.014817460 0.999610662 218.410614014
0.998912573 0.038089648 -0.026886949 67.450363159 -0.037915058 0.999256611 0.006973786 -4.701353073 0.027132591 -0.005946783 0.999614179 219.094131470
0.999126196 0.029907262 -0.029195851 67.437606812 -0.029859439 0.999551952 0.002072742 -4.694229603 0.029244760 -0.001199160 0.999571562 219.788940430
0.999287486 0.022255868 -0.030481787 67.431205750 -0.022049600 0.999731779 0.007086430 -4.693401814 0.030631326 -0.006409270 0.999510229 220.505950928
0.999367118 0.015326256 -0.032101385 67.418312073 -0.014978010 0.999826670 0.011060840 -4.695978642 0.032265339 -0.010573025 0.999423385 221.212020874
0.999379754 0.011341028 -0.033338759 67.390342712 -0.010866660 0.999837637 0.014375662 -4.705580235 0.033496380 -0.014004465 0.999340713 221.915237427
0.999356925 0.010220764 -0.034370217 67.362678528 -0.009837689 0.999887824 0.011296268 -4.707905769 0.034481820 -0.010950880 0.999345303 222.606933594
0.999345899 0.003210746 -0.036020730 67.364845276 -0.002987337 0.999975979 0.006254354 -4.704834461 0.036039945 -0.006142656 0.999331474 223.285263062
0.999298453 -0.005678748 -0.037017990 67.351455688 0.005869485 0.999970019 0.005045905 -4.706141949 0.036988229 -0.005259641 0.999301851 223.985855103
0.999257565 -0.006838978 -0.037914485 67.325378418 0.007157231 0.999940217 0.008264599 -4.708863735 0.037855700 -0.008529826 0.999246836 224.688003540
0.999238312 -0.007661299 -0.038263060 67.291549683 0.008146533 0.999888182 0.012541745 -4.712056637 0.038162697 -0.012843904 0.999189019 225.390975952
0.999188006 -0.009029489 -0.039265782 67.266876221 0.009652169 0.999830186 0.015697550 -4.718002796 0.039117374 -0.016063804 0.999105513 226.093215942
0.999158084 -0.010595811 -0.039634209 67.235511780 0.011137322 0.999847293 0.013466951 -4.720981121 0.039485462 -0.013897032 0.999123514 226.788330078
0.999131680 -0.013391894 -0.039453108 67.213150024 0.013642184 0.999888420 0.006081606 -4.724516869 0.039367262 -0.006614552 0.999202907 227.463470459
0.999106288 -0.014958369 -0.039533902 67.185920715 0.014830102 0.999883771 -0.003535734 -4.728127003 0.039582197 0.002946282 0.999211967 228.131225586
0.999128997 -0.013359992 -0.039532065 67.158027649 0.013013168 0.999874651 -0.009017574 -4.730556965 0.039647583 0.008495282 0.999177635 228.812545776
0.999181569 -0.009920042 -0.039214540 67.121887207 0.009618381 0.999922752 -0.007873769 -4.738260746 0.039289620 0.007490145 0.999199808 229.476531982
0.999152064 -0.012144087 -0.039340399 67.098327637 0.012106271 0.999925971 -0.001199366 -4.754568577 0.039352052 0.000722084 0.999225140 230.138198853
0.999105036 -0.014181204 -0.039850317 67.073936462 0.014459963 0.999872923 0.006715627 -4.765100956 0.039750017 -0.007285851 0.999183118 230.790756226
0.999085307 -0.013902730 -0.040438239 67.053634644 0.014369163 0.999833286 0.011266735 -4.772013664 0.040274855 -0.011837494 0.999118507 231.423339844
0.999069452 -0.012991017 -0.041127395 67.027122498 0.013597478 0.999802411 0.014500705 -4.776006699 0.040930890 -0.015046440 0.999048710 232.032745361
0.998930871 -0.014920227 -0.043755196 66.999557495 0.015677804 0.999732196 0.017022220 -4.772943020 0.043489505 -0.017690007 0.998897254 232.631591797
0.998572707 -0.021416806 -0.048927426 66.977416992 0.022262841 0.999610782 0.016812572 -4.780729771 0.048548311 -0.017877840 0.998660803 233.211181641
0.998056233 -0.025724018 -0.056762617 66.939773560 0.026587440 0.999541223 0.014508591 -4.779947281 0.056363355 -0.015989562 0.998282254 233.763687134
0.997329473 -0.028187376 -0.067375444 66.904029846 0.028961821 0.999524891 0.010545279 -4.788869858 0.067046195 -0.012468433 0.997671962 234.291915894
0.996232986 -0.029855743 -0.081415087 66.839820862 0.030532638 0.999508679 0.007081574 -4.791581631 0.081163660 -0.009540715 0.996655107 234.830291748
0.994414806 -0.031114753 -0.100851774 66.795303345 0.031717263 0.999487281 0.004375862 -4.793903351 0.100663915 -0.007550164 0.994891822 235.321014404
0.991825640 -0.034581080 -0.122825086 66.719963074 0.035460301 0.999358654 0.004978890 -4.795009613 0.122574136 -0.009293605 0.992415845 235.828399658
0.988521993 -0.032287024 -0.147586450 66.627250671 0.033748634 0.999402881 0.007409388 -4.803930283 0.147259101 -0.012305185 0.989021420 236.329772949
0.983980417 -0.032103658 -0.175362110 66.516098022 0.034382414 0.999359012 0.009971044 -4.811866760 0.174929589 -0.015840685 0.984453499 236.800521851
0.977704644 -0.033758320 -0.207253605 66.396385193 0.036434136 0.999294579 0.009106330 -4.818303108 0.206799984 -0.016454406 0.978244841 237.273727417
0.969541728 -0.031761676 -0.242858142 66.275054932 0.034258839 0.999394596 0.006064964 -4.832202435 0.242518485 -0.014200274 0.970042825 237.693786621
0.958936393 -0.027681915 -0.282267034 66.108039856 0.029307341 0.999569237 0.001537145 -4.837345600 0.282102883 -0.009746519 0.959334671 238.131729126
0.945604861 -0.023541911 -0.324464530 65.913513184 0.024314487 0.999702930 -0.001673586 -4.847896099 0.324407548 -0.006306638 0.945896387 238.555267334
0.929043353 -0.018435586 -0.369511247 65.748603821 0.018513422 0.999823034 -0.003335626 -4.843299866 0.369507372 -0.003741977 0.929220259 238.929748535
0.909328461 -0.009066389 -0.415980160 65.527824402 0.007659797 0.999957919 -0.005050086 -4.842448235 0.416008443 0.001405864 0.909359694 239.317581177
0.886365175 0.003481121 -0.462973714 65.278434753 -0.006717151 0.999963164 -0.005341247 -4.850099564 0.462938070 0.007844159 0.886355937 239.668273926
0.858872294 0.015740547 -0.511947870 65.028419495 -0.020234358 0.999790132 -0.003206353 -4.859121323 0.511789918 0.013112784 0.859010518 240.021804810
0.827715397 0.024797510 -0.560599983 64.751121521 -0.030223550 0.999543071 -0.000410843 -4.860742569 0.560333610 0.017283382 0.828086674 240.346038818
0.792899847 0.031327657 -0.608546138 64.455276489 -0.036770970 0.999317467 0.003533961 -4.855259418 0.608241498 0.019574754 0.793510675 240.660018921
0.755621791 0.039304998 -0.653827846 64.143867493 -0.041010782 0.999078453 0.012664088 -4.852740288 0.653723061 0.017244725 0.756537378 240.952514648
0.715889096 0.051204383 -0.696333945 63.819293976 -0.045295611 0.998612344 0.026864545 -4.849536419 0.696743250 0.012308835 0.717215002 241.236938477
0.674687862 0.062867016 -0.735421062 63.467742920 -0.050084885 0.997969031 0.039362039 -4.836982250 0.736401975 0.010276384 0.676466227 241.514663696
0.631295204 0.071879655 -0.772204399 63.116058350 -0.053890873 0.997354627 0.048780419 -4.825568199 0.773667932 0.010819922 0.633498907 241.749725342
0.586952150 0.075777940 -0.806067586 62.751403809 -0.053372040 0.997066081 0.054869819 -4.811576843 0.807860553 0.010815505 0.589274526 241.959487915
0.542023301 0.077944562 -0.836740971 62.389762878 -0.053089865 0.996876419 0.058471087 -4.781710148 0.838684857 0.012729761 0.544468343 242.115203857
0.494933248 0.075513721 -0.865643561 62.020133972 -0.046567895 0.997090101 0.060355078 -4.761930466 0.867682278 0.010439468 0.497009575 242.254089355
0.441075385 0.070036419 -0.894733131 61.683273315 -0.037484895 0.997518122 0.059603170 -4.753044128 0.896686912 0.007249489 0.442605972 242.435363770
0.388682783 0.062251348 -0.919266284 61.291793823 -0.028491441 0.998049915 0.055539750 -4.722998619 0.920930982 0.004603875 0.389698446 242.560836792
0.335633814 0.056929898 -0.940270722 60.877471924 -0.024319254 0.998363078 0.051766310 -4.693063259 0.941678584 0.005492152 0.336468935 242.664779663
0.283758759 0.054577041 -0.957341373 60.440292358 -0.023821468 0.998472035 0.049861111 -4.659415245 0.958599865 0.008656746 0.284625292 242.763870239
0.234264076 0.055083290 -0.970611334 59.988906860 -0.024294840 0.998413444 0.050797358 -4.635308743 0.971869528 0.011680843 0.235230625 242.836639404
0.187140584 0.056359597 -0.980715036 59.567764282 -0.020865776 0.998355627 0.053391743 -4.628354549 0.982111514 0.010471616 0.188008845 242.889862061
0.143803000 0.055573575 -0.988044739 59.095993042 -0.018485572 0.998398602 0.053465493 -4.605226517 0.989433706 0.010576067 0.144600034 242.928405762
0.103381872 0.054564215 -0.993144035 58.608276367 -0.017438775 0.998440087 0.053039890 -4.580206871 0.994488895 0.011835845 0.104172170 242.952224731
0.068359733 0.053189673 -0.996241868 58.138778687 -0.015934244 0.998508632 0.052217327 -4.561297417 0.997533500 0.012304797 0.069105327 242.957824707
0.039145112 0.050441209 -0.997959554 57.636169434 -0.016649002 0.998619378 0.049821496 -4.535032272 0.999094844 0.014664763 0.039930880 242.950180054
0.014105916 0.048240304 -0.998736262 57.117935181 -0.016985755 0.998702943 0.047998797 -4.509027481 0.999756336 0.016287217 0.014907062 242.934951782
-0.008156657 0.047344368 -0.998845458 56.639556885 -0.018077277 0.998708308 0.047485493 -4.496043205 0.999803483 0.018443719 -0.007290244 242.903701782
-0.026887298 0.045467749 -0.998604000 56.102218628 -0.020480832 0.998730302 0.046024945 -4.473174572 0.999428749 0.021689722 -0.025921941 242.872375488
-0.041392326 0.044590756 -0.998147547 55.549987793 -0.023332797 0.998688042 0.045582499 -4.451864719 0.998870611 0.025176335 -0.040297627 242.831909180
-0.051563263 0.042915568 -0.997747362 54.980773926 -0.024869252 0.998711228 0.044242263 -4.431525707 0.998360217 0.027094491 -0.050429463 242.788970947
-0.058106303 0.040922917 -0.997471333 54.420822144 -0.024765443 0.998792887 0.042419810 -4.404716015 0.998003244 0.027167672 -0.057022691 242.750732422
-0.061725378 0.040473212 -0.997272253 53.826553345 -0.025436513 0.998789191 0.042109150 -4.383650780 0.997769058 0.027966332 -0.060621142 242.710754395
-0.063757300 0.040674012 -0.997136354 53.204666138 -0.024692725 0.998798907 0.042320691 -4.354816914 0.997660041 0.027320253 -0.062676311 242.670516968
-0.064482212 0.041166175 -0.997069538 52.565719604 -0.024581464 0.998780072 0.042826526 -4.333664894 0.997616172 0.027270965 -0.063391566 242.613159180
-0.064410567 0.041471947 -0.997061431 51.898757935 -0.024079930 0.998780549 0.043099031 -4.301855564 0.997632980 0.026785197 -0.063333392 242.569671631
-0.064018369 0.041967560 -0.997066021 51.270996094 -0.023474162 0.998775601 0.043546721 -4.280330181 0.997672737 0.026193075 -0.062954903 242.537551880
-0.063379884 0.039671179 -0.997200787 50.572769165 -0.021850467 0.998914957 0.041128144 -4.249134064 0.997750342 0.024395995 -0.062444329 242.492706299
-0.062518716 0.037220813 -0.997349560 49.860473633 -0.019649871 0.999064744 0.038516570 -4.226405144 0.997850418 0.022005787 -0.061728835 242.454025269
-0.060918212 0.036096256 -0.997490048 49.111968994 -0.018520897 0.999132931 0.037286811 -4.195509434 0.997971117 0.020745846 -0.060196877 242.403106689
-0.059676766 0.035231415 -0.997595787 48.377120972 -0.019537356 0.999144316 0.036454841 -4.164971828 0.998026550 0.021665893 -0.058937430 242.345245361
-0.058297276 0.034873672 -0.997690141 47.588867188 -0.019637816 0.999156237 0.036072403 -4.135801792 0.998106241 0.021695368 -0.057563186 242.295761108
-0.056697488 0.035615291 -0.997756004 46.782150269 -0.017820178 0.999168217 0.036678333 -4.107527733 0.998232424 0.019859754 -0.056015611 242.244995117
-0.055433154 0.036313999 -0.997801840 45.954376221 -0.014915702 0.999196768 0.037193410 -4.081862450 0.998350978 0.016944660 -0.054846883 242.199920654
-0.053565025 0.036147665 -0.997910082 45.091949463 -0.012589984 0.999240696 0.036871664 -4.049112320 0.998485208 0.014538694 -0.053069234 242.161117554
-0.052206039 0.036989875 -0.997951031 44.282455444 -0.011344015 0.999227345 0.037630625 -4.036263943 0.998571873 0.013285319 -0.051746130 242.103912354
-0.050986886 0.039313611 -0.997925401 43.406982422 -0.010157256 0.999152839 0.039880935 -4.002898216 0.998647809 0.012169585 -0.050544381 242.057373047
-0.049915671 0.043880630 -0.997789085 42.514831543 -0.008775675 0.998976529 0.044371869 -3.969984293 0.998714924 0.010971120 -0.049479485 242.011444092
-0.048951387 0.048427437 -0.997626543 41.615127563 -0.006942580 0.998783231 0.048824247 -3.940109253 0.998777151 0.009316111 -0.048555613 241.967117310
-0.048191905 0.049263131 -0.997622550 40.759918213 -0.007256223 0.998739362 0.049668804 -3.907809973 0.998811722 0.009632601 -0.047773600 241.900894165
-0.049098134 0.046414871 -0.997714937 39.883651733 -0.007704378 0.998872340 0.046847854 -3.878396034 0.998764277 0.009986911 -0.048685193 241.853744507
-0.050366402 0.042196032 -0.997839034 38.990264893 -0.006266767 0.999074042 0.042564578 -3.851008177 0.998711109 0.008397054 -0.050055385 241.805007935
-0.052173972 0.041154575 -0.997789621 38.108291626 -0.004233465 0.999132395 0.041431323 -3.818053722 0.998629034 0.006385743 -0.051954389 241.748794556
-0.054946423 0.046059623 -0.997426450 37.223724365 -0.001722599 0.998929620 0.046223931 -3.787035942 0.998487890 0.004257997 -0.054808259 241.702178955
-0.057643175 0.052425560 -0.996960044 36.323501587 0.000008915 0.998620272 0.052512359 -3.758733749 0.998337448 0.003018080 -0.057564020 241.639114380
-0.060574532 0.056532770 -0.996561468 35.429534912 0.002572282 0.998400390 0.056480736 -3.724316597 0.998160362 0.000857854 -0.060623050 241.578735352
-0.063405514 0.056362014 -0.996395171 34.553054810 0.005051387 0.998409331 0.056154508 -3.686063290 0.997975171 -0.001472681 -0.063589334 241.522048950
-0.066330671 0.054618359 -0.996301830 33.670135498 0.004983673 0.998506367 0.054407425 -3.647285938 0.997785389 -0.001356370 -0.066503763 241.459747314
-0.068906069 0.051853795 -0.996274650 32.792510986 0.003764612 0.998654664 0.051717293 -3.616589546 0.997616053 -0.000186956 -0.069008589 241.378753662
-0.071197391 0.049939953 -0.996211290 31.914947510 0.002252307 0.998751342 0.049906317 -3.578045845 0.997459710 0.001309428 -0.071220994 241.311584473
-0.072683215 0.049512621 -0.996125281 31.054595947 0.002320805 0.998772681 0.049474865 -3.549832344 0.997352362 0.001284181 -0.072708964 241.235809326
-0.074298501 0.048185088 -0.996071398 30.172332764 -0.001866226 0.998823524 0.048457433 -3.521777153 0.997234464 0.005459207 -0.074121237 241.150451660
-0.074873805 0.044522259 -0.996198773 29.311920166 -0.006375159 0.998961031 0.045124866 -3.490209818 0.997172773 0.009729586 -0.074512124 241.068664551
-0.075515270 0.041786231 -0.996268868 28.449615479 -0.008237318 0.999061346 0.042527732 -3.468367100 0.997110784 0.011418067 -0.075100183 240.996536255
-0.074609399 0.040234406 -0.996400893 27.568252563 -0.009851182 0.999107242 0.041081335 -3.429053068 0.997164190 0.012880781 -0.074146509 240.904846191
-0.073083639 0.040381067 -0.996507943 26.711700439 -0.010685084 0.999090910 0.041269377 -3.405048847 0.997268558 0.013663893 -0.072585821 240.839263916
-0.071113110 0.040087227 -0.996662438 25.863662720 -0.009555922 0.999118865 0.040867858 -3.382754087 0.997422516 0.012430266 -0.070667386 240.774139404
-0.068723559 0.041464716 -0.996773660 25.010177612 -0.008170345 0.999078989 0.042123929 -3.358341694 0.997602284 0.011038895 -0.068321586 240.698760986
-0.066986561 0.042630155 -0.996842861 24.169250488 -0.005942824 0.999052048 0.043123983 -3.334693193 0.997736335 0.008812780 -0.066669703 240.644714355
-0.065090299 0.044658419 -0.996879756 23.321411133 -0.000988612 0.998994708 0.044817720 -3.308236599 0.997879028 0.003902718 -0.064980745 240.590881348
-0.062942028 0.044893779 -0.997007072 22.487167358 0.004283417 0.998990715 0.044712689 -3.280654907 0.998008132 -0.001456293 -0.063070774 240.544509888
-0.060979009 0.043035898 -0.997210920 21.656417847 0.003419156 0.999073207 0.042907190 -3.254526615 0.998133242 -0.000793183 -0.061069608 240.489761353
-0.059464335 0.042242780 -0.997336268 20.823516846 0.003358119 0.999107003 0.042117558 -3.228990078 0.998224854 -0.000844680 -0.059553146 240.439254761
-0.058445454 0.042777490 -0.997373700 19.985748291 0.006661946 0.999075949 0.042460114 -3.201152325 0.998268425 -0.004162849 -0.058676481 240.385070801
-0.058349490 0.046415247 -0.997216642 19.155075073 0.009151604 0.998901427 0.045958187 -3.172170639 0.998254299 -0.006444497 -0.058710098 240.336212158
-0.059074044 0.050502591 -0.996975362 18.328216553 0.006910264 0.998716235 0.050181322 -3.149386406 0.998229802 -0.003924952 -0.059347153 240.278930664
-0.060290933 0.052637011 -0.996792078 17.495452881 0.005542648 0.998610914 0.052397814 -3.116245747 0.998165488 -0.002365759 -0.060498953 240.211242676
-0.062956214 0.050871246 -0.996719062 16.681747437 0.004654545 0.998704195 0.050678574 -3.087265015 0.998005569 -0.001448746 -0.063111424 240.159118652
-0.065493226 0.048039418 -0.996696174 15.866516113 0.003588840 0.998845339 0.047907189 -3.059967518 0.997846723 -0.000439396 -0.065590024 240.095596313
-0.068919897 0.044539027 -0.996627569 15.075958252 0.002652312 0.999007583 0.044461977 -3.031229019 0.997618794 0.000420946 -0.068969607 240.025939941
-0.073443651 0.043033436 -0.996370614 14.243194580 0.002193852 0.999073148 0.042988453 -3.006709099 0.997297108 0.000971334 -0.073469996 239.947692871
-0.078141809 0.041933116 -0.996060014 13.445709229 0.000522213 0.999116600 0.042020828 -2.980628490 0.996942163 0.002763427 -0.078094721 239.873916626
-0.083110213 0.042451490 -0.995635808 12.648315430 -0.001424874 0.999086201 0.042717546 -2.960083961 0.996539354 0.004968923 -0.082973838 239.801116943
-0.087357640 0.043505173 -0.995226622 11.863830566 -0.004240092 0.999020636 0.044043209 -2.933088064 0.996168017 0.008067364 -0.087087631 239.718612671
-0.091674566 0.046494883 -0.994703054 11.027191162 -0.006469573 0.998860478 0.047285467 -2.912059784 0.995768070 0.010770177 -0.091269374 239.612197876
-0.095963478 0.047491338 -0.994251370 10.244934082 -0.010859888 0.998751760 0.048754483 -2.885662794 0.995325685 0.015476106 -0.095327973 239.525390625
-0.098888874 0.047255270 -0.993975878 9.475006104 -0.014927873 0.998688936 0.048964489 -2.862470150 0.994986594 0.019679990 -0.098053813 239.429809570
-0.100926638 0.045509700 -0.993852615 8.672760010 -0.018765707 0.998688459 0.047636814 -2.833510876 0.994717062 0.023458159 -0.099940300 239.329193115
-0.102384090 0.044454109 -0.993751168 7.915649414 -0.023906566 0.998602450 0.047134172 -2.805923223 0.994457662 0.028582972 -0.101178288 239.240524292
-0.103317380 0.044748992 -0.993641317 7.174438477 -0.027350303 0.998481870 0.047810830 -2.782620668 0.994272351 0.032116078 -0.101936579 239.152389526
-0.103660822 0.044940215 -0.993596971 6.396545410 -0.029787144 0.998390317 0.048264679 -2.753281355 0.994166613 0.034599569 -0.102155328 239.053573608
-0.103882790 0.044652931 -0.993586719 5.675079346 -0.032563366 0.998303413 0.048269514 -2.729912043 0.994056404 0.037368897 -0.102252483 238.972167969
-0.103486419 0.044610519 -0.993629992 4.972686768 -0.035752457 0.998181224 0.048538465 -2.709794760 0.993988156 0.040547777 -0.101703167 238.888793945
-0.102957487 0.044672772 -0.993682146 4.275421143 -0.037552938 0.998104215 0.048762508 -2.686143398 0.993976712 0.042336136 -0.101084709 238.808349609
-0.101516366 0.045262840 -0.993803799 3.557983398 -0.039174754 0.998007715 0.049455978 -2.660173178 0.994062424 0.043952599 -0.099540949 238.724121094
-0.098979592 0.046552636 -0.994000018 2.885650635 -0.039940398 0.997914314 0.050713100 -2.639743090 0.994287670 0.044720307 -0.096913815 238.655456543
-0.096133828 0.046614490 -0.994276404 2.223693848 -0.041171540 0.997861683 0.050763339 -2.616879940 0.994516611 0.045815952 -0.094009042 238.594375610
-0.093017459 0.045701262 -0.994615018 1.577972412 -0.042621881 0.997847557 0.049835831 -2.599023819 0.994751751 0.047027968 -0.090869308 238.521301270
-0.089997053 0.044449978 -0.994949639 0.947967529 -0.042473216 0.997923374 0.048424695 -2.577083111 0.995036006 0.046616789 -0.087922335 238.464187622
-0.086972713 0.043831445 -0.995245993 0.336547852 -0.040914025 0.998031557 0.047529526 -2.558899403 0.995370209 0.044853292 -0.085008144 238.405761719
-0.084041357 0.043257061 -0.995523095 -0.268554688 -0.038810380 0.998157144 0.046647865 -2.538111925 0.995706379 0.042556968 -0.082207680 238.362884521
-0.080843449 0.043905776 -0.995759368 -0.850402832 -0.039319351 0.998111188 0.047201730 -2.519256830 0.995950997 0.042968564 -0.078964472 238.313293457
-0.077103615 0.045028280 -0.996005833 -1.422225952 -0.039804939 0.998044133 0.048201840 -2.501407862 0.996228218 0.043362480 -0.075160384 238.268539429
-0.073242784 0.045149755 -0.996291578 -1.982681274 -0.040962812 0.997995555 0.048238371 -2.487287045 0.996472478 0.044344019 -0.071246505 238.233108521
-0.068695784 0.044821896 -0.996630251 -2.513824463 -0.040478878 0.998042345 0.047675528 -2.471826315 0.996816099 0.043617584 -0.066746950 238.197967529
-0.064160943 0.045232844 -0.996913910 -3.029159546 -0.039554637 0.998071969 0.047831107 -2.454616070 0.997155309 0.042501461 -0.062248111 238.170608521
-0.059947729 0.045928292 -0.997144401 -3.527221680 -0.039104242 0.998066068 0.048321668 -2.438728094 0.997435272 0.041889343 -0.058035731 238.145629883
-0.055676222 0.046697378 -0.997356236 -4.008392334 -0.037004013 0.998122931 0.048798982 -2.424064398 0.997762918 0.039623130 -0.053843737 238.124023438
-0.051232934 0.047884893 -0.997538149 -4.471939087 -0.037048139 0.998071194 0.049813248 -2.408243895 0.997999370 0.039509006 -0.049360156 238.100341797
-0.046064854 0.049697045 -0.997701645 -4.935775757 -0.037816413 0.997959018 0.051455889 -2.396682262 0.998222530 0.040099796 -0.044091582 238.079315186
-0.041133404 0.050878175 -0.997857571 -5.368118286 -0.038165264 0.997893810 0.052453257 -2.384541273 0.998424649 0.040241063 -0.039104939 238.063735962
-0.035701513 0.051473390 -0.998036027 -5.784545898 -0.037429910 0.997903109 0.052805468 -2.370756149 0.998661339 0.039241634 -0.033699989 238.051437378
-0.029690027 0.052103210 -0.998200476 -6.181060791 -0.036395222 0.997921944 0.053171203 -2.353569984 0.998896539 0.037908368 -0.027732134 238.046768188
-0.023461699 0.051486619 -0.998398125 -6.563491821 -0.034597281 0.998032928 0.052280806 -2.341283321 0.999125957 0.035768457 -0.021634340 238.039276123
-0.017218351 0.050449893 -0.998578191 -6.925277710 -0.033159904 0.998148024 0.050999936 -2.334181786 0.999301732 0.033990894 -0.015513539 238.034027100
-0.011457562 0.049710643 -0.998698115 -7.268264771 -0.032095358 0.998230577 0.050055590 -2.321045160 0.999419332 0.032627072 -0.009841800 238.041244507
-0.006457567 0.048537347 -0.998800516 -7.587020874 -0.031157907 0.998326600 0.048715763 -2.304303885 0.999493599 0.031435117 -0.004934430 238.057220459
-0.001577020 0.048338410 -0.998829782 -7.887878418 -0.031114794 0.998345017 0.048364077 -2.293834448 0.999514580 0.031154657 -0.000070453 238.062606812
0.002910614 0.049004793 -0.998794377 -8.166305542 -0.031098224 0.998319864 0.048890892 -2.284869909 0.999512136 0.030918425 0.004429698 238.068862915
0.007212460 0.048813552 -0.998781919 -8.422805786 -0.031046316 0.998337269 0.048567627 -2.275943995 0.999491990 0.030658202 0.008715928 238.069610596
0.011020243 0.046592973 -0.998853207 -8.648040771 -0.029198997 0.998502851 0.046254478 -2.265299797 0.999512911 0.028655773 0.012364209 238.077209473
0.014363706 0.041720208 -0.999026179 -8.841690063 -0.027321607 0.998772502 0.041316792 -2.265698671 0.999523580 0.026701532 0.015485942 238.083770752
0.017188132 0.038176283 -0.999123335 -9.009307861 -0.026062656 0.998948395 0.037721239 -2.264428139 0.999512672 0.025391439 0.018165052 238.088378906
0.019510329 0.038446788 -0.999070227 -9.152328491 -0.026058728 0.998940468 0.037932906 -2.258767128 0.999470055 0.025294412 0.020491540 238.090805054
0.020778656 0.040270288 -0.998972774 -9.270294189 -0.026078625 0.998870313 0.039723724 -2.260229588 0.999443948 0.025226429 0.021805346 238.096649170
0.021697462 0.039450966 -0.998985887 -9.366989136 -0.026263366 0.998898804 0.038877100 -2.259516001 0.999419570 0.025393195 0.022709727 238.099639893
0.022485256 0.036895484 -0.999066174 -9.436874390 -0.025957009 0.999003470 0.036308974 -2.255323887 0.999410212 0.025116351 0.023420513 238.104751587
0.023177385 0.035322428 -0.999107361 -9.499893188 -0.025601221 0.999068856 0.034727167 -2.253399372 0.999403715 0.024773473 0.024060130 238.105636597
0.023435473 0.034462530 -0.999131203 -9.565856934 -0.025564535 0.999099493 0.033861801 -2.247984409 0.999398470 0.024748757 0.024295390 238.104385376
0.023811758 0.034961015 -0.999105036 -9.599121094 -0.025737286 0.999078512 0.034346689 -2.252215385 0.999385178 0.024896393 0.024689615 238.102203369
0.023676574 0.034914907 -0.999109924 -9.624786377 -0.025874615 0.999076545 0.034300577 -2.253530502 0.999384880 0.025039457 0.024558127 238.108657837
0.023614168 0.034597252 -0.999122381 -9.643692017 -0.025722980 0.999091148 0.033988211 -2.250971794 0.999390244 0.024897799 0.024482608 238.105743408
0.023586273 0.034743119 -0.999117970 -9.650192261 -0.025707824 0.999086559 0.034135140 -2.253366709 0.999391258 0.024880026 0.024457872 238.106231689
0.023854733 0.034413502 -0.999123037 -9.651046753 -0.025806211 0.999095500 0.033796411 -2.250666142 0.999382436 0.024977369 0.024721205 238.101531982
0.023645759 0.033150595 -0.999170661 -9.643478394 -0.026145004 0.999128699 0.032530468 -2.252708197 0.999378562 0.025354108 0.024491906 238.106964111
0.023648977 0.031183602 -0.999234021 -9.641677856 -0.026317898 0.999186397 0.030559249 -2.253946066 0.999373972 0.025575034 0.024450421 238.104415894
0.023848474 0.030825706 -0.999240279 -9.641128540 -0.026599940 0.999190211 0.030189311 -2.256602049 0.999361694 0.025859760 0.024649084 238.100799561
0.023512721 0.031381648 -0.999231040 -9.643936157 -0.026052190 0.999186993 0.030767238 -2.254624844 0.999384165 0.025308726 0.024311185 238.107818604
0.023747563 0.030976739 -0.999237955 -9.642196655 -0.025896458 0.999203503 0.030360224 -2.251539230 0.999382555 0.025155744 0.024530828 238.103973389
0.023860276 0.030575909 -0.999247670 -9.650817871 -0.026276356 0.999206066 0.029947203 -2.251396656 0.999369979 0.025542036 0.024644792 238.098464966
0.023602188 0.030337906 -0.999261081 -9.652221680 -0.026054550 0.999218583 0.029721215 -2.252569914 0.999381959 0.025333807 0.024374187 238.104858398
0.023680866 0.029686693 -0.999278724 -9.660003662 -0.025945207 0.999240577 0.029070711 -2.249697685 0.999382854 0.025238072 0.024433136 238.108947754
0.023622453 0.029662048 -0.999280930 -9.671417236 -0.025948688 0.999241173 0.029047456 -2.252040625 0.999384284 0.025243852 0.024374247 238.107208252
0.023673952 0.030001223 -0.999269485 -9.685073853 -0.025816297 0.999234617 0.029388556 -2.255013466 0.999386370 0.025101693 0.024430394 238.106903076
0.023848057 0.029588871 -0.999277711 -9.711044312 -0.025774933 0.999247849 0.028972860 -2.249706745 0.999383330 0.025065366 0.024592757 238.107040405
0.023703992 0.029227732 -0.999291718 -9.739608765 -0.025808057 0.999257326 0.028614538 -2.247835636 0.999385893 0.025111498 0.024440706 238.111358643
0.023784935 0.028496208 -0.999311030 -9.773727417 -0.025671277 0.999281466 0.027884353 -2.249874115 0.999387622 0.024990354 0.024499416 238.117019653
0.024705291 0.026260437 -0.999349833 -9.816070557 -0.025671447 0.999341965 0.025625596 -2.246940374 0.999365151 0.025021667 0.025363207 238.103881836
0.025591731 0.023567500 -0.999394715 -9.871658325 -0.025709942 0.999406874 0.022909425 -2.243112564 0.999341846 0.025108084 0.026182473 238.103302002
0.026522338 0.021349540 -0.999420345 -9.943099976 -0.025666375 0.999456882 0.020669192 -2.241552114 0.999318779 0.025103297 0.027055919 238.115936279
0.028430223 0.020612378 -0.999383271 -10.041046143 -0.025353113 0.999480605 0.019893145 -2.244881868 0.999274254 0.024771908 0.028938055 238.133438110
0.032076180 0.019343531 -0.999298394 -10.158782959 -0.025016710 0.999514997 0.018544720 -2.241041660 0.999172449 0.024404308 0.032544494 238.140838623
0.037722766 0.017449468 -0.999135911 -10.298095703 -0.024511192 0.999562860 0.016531494 -2.238487244 0.998987615 0.023866396 0.038134038 238.149581909
0.045556962 0.016158583 -0.998831153 -10.455474854 -0.024556259 0.999585152 0.015050763 -2.237344503 0.998659968 0.023841886 0.045934856 238.158432007
0.055049360 0.015533078 -0.998362899 -10.634872437 -0.025098909 0.999584556 0.014168142 -2.230891705 0.998168230 0.024277871 0.055416346 238.180130005
0.067242205 0.015637681 -0.997614145 -10.827087402 -0.026488265 0.999552727 0.013882681 -2.231967926 0.997385025 0.025491567 0.067626297 238.193145752
0.081172764 0.014575852 -0.996593535 -11.037460327 -0.028085837 0.999529481 0.012331193 -2.222471237 0.996304333 0.026989205 0.081543922 238.224731445
0.097740769 0.015710317 -0.995087922 -11.257324219 -0.028623967 0.999506116 0.012968533 -2.223093033 0.994800210 0.027215809 0.098142147 238.257049561
0.116995573 0.020262770 -0.992925823 -11.494277954 -0.027588936 0.999472320 0.017145585 -2.220443964 0.992749274 0.025387805 0.117492855 238.306900024
0.140186608 0.025025044 -0.989808917 -11.743316650 -0.028321257 0.999372840 0.021255706 -2.223874092 0.989720047 0.025052860 0.140807450 238.346740723
0.163524866 0.025889641 -0.986199498 -11.980026245 -0.029499020 0.999336898 0.021343198 -2.223678112 0.986098111 0.025601774 0.164180160 238.415649414
0.190261841 0.024628779 -0.981424510 -12.240890503 -0.027436843 0.999428213 0.019761592 -2.217421293 0.981350005 0.023167308 0.190828800 238.491592407
0.220581055 0.024477722 -0.975061476 -12.499542236 -0.025616102 0.999485612 0.019295914 -2.212754726 0.975032270 0.020720961 0.221094608 238.578659058
0.253874660 0.024596471 -0.966924369 -12.775894165 -0.021785824 0.999568403 0.019706804 -2.213656664 0.966991782 0.016062185 0.254300952 238.683013916
0.290302277 0.025507320 -0.956595004 -13.051147461 -0.018088626 0.999612331 0.021164928 -2.213400364 0.956764042 0.011159264 0.290651143 238.797119141
0.330082297 0.028844154 -0.943511367 -13.327697754 -0.016313132 0.999558091 0.024850503 -2.208045721 0.943811238 0.007188913 0.330406964 238.932296753
0.373242080 0.034814857 -0.927080512 -13.612953186 -0.019011360 0.999372780 0.029875703 -2.211103678 0.927539170 0.006474189 0.373669863 239.062774658
0.417087555 0.039386500 -0.908012509 -13.878974915 -0.023971878 0.999189734 0.032330185 -2.209459543 0.908550143 0.008282248 0.417693734 239.224243164
0.463920474 0.042222995 -0.884870052 -14.166481018 -0.028871821 0.999053538 0.032534499 -2.199368477 0.885406256 0.010454392 0.464700401 239.404144287
0.511395574 0.043584704 -0.858239532 -14.453750610 -0.029023355 0.999019206 0.033440016 -2.194023132 0.858855247 0.007807910 0.512158990 239.615081787
0.559107184 0.043328345 -0.827962458 -14.725746155 -0.027208082 0.999054492 0.033908714 -2.191229820 0.828648865 0.003568659 0.559757471 239.851181030
0.605686545 0.040112920 -0.794691622 -14.958675385 -0.024335409 0.999195158 0.031887848 -2.191122532 0.795331120 0.000025103 0.606175244 240.116790771
0.652896106 0.036533177 -0.756565928 -15.219318390 -0.024943840 0.999331415 0.026730012 -2.182253838 0.757036626 0.001419738 0.653370857 240.396469116
0.699464321 0.032333653 -0.713935733 -15.469638824 -0.026158880 0.999464929 0.019636430 -2.176764011 0.714188635 0.004940774 0.699935913 240.699127197
0.744733870 0.030764051 -0.666652203 -15.726858139 -0.029016158 0.999484956 0.013708635 -2.163459301 0.666730583 0.009134396 0.745242953 241.028503418
0.787496626 0.030956870 -0.615541041 -15.932596207 -0.031205198 0.999459505 0.010342366 -2.158755064 0.615528524 0.011063500 0.788036942 241.363418579
0.826092899 0.030648187 -0.562699914 -16.139814377 -0.029841216 0.999498129 0.010629445 -2.152533531 0.562743306 0.008010738 0.826592922 241.751907349
0.860175371 0.028114064 -0.509222925 -16.343168259 -0.026593320 0.999593616 0.010266074 -2.152377605 0.509304643 0.004711305 0.860573411 242.167526245
0.889723659 0.024159580 -0.455859780 -16.528152466 -0.022039240 0.999707401 0.009967273 -2.153616905 0.455967218 0.001178684 0.889995813 242.613113403
0.915029824 0.020876981 -0.402845591 -16.695304871 -0.019058220 0.999782026 0.008523347 -2.153093338 0.402935743 -0.000121597 0.915228248 243.079925537
0.935825944 0.018095739 -0.351997733 -16.834291458 -0.017173387 0.999836028 0.005742854 -2.157127857 0.352043927 0.000670680 0.935983241 243.554718018
0.952422142 0.016822148 -0.304317504 -16.954427719 -0.017386420 0.999848485 0.000855647 -2.152666807 0.304285765 0.004476054 0.952570260 244.050369263
0.965788841 0.016363779 -0.258813024 -17.074079514 -0.017659273 0.999840438 -0.002681317 -2.146553040 0.258727849 0.007160036 0.965923727 244.584823608
0.976078331 0.015965849 -0.216832146 -17.169466019 -0.016925521 0.999853432 -0.002569387 -2.154403210 0.216759354 0.006177920 0.976205528 245.127899170
0.983473957 0.015599653 -0.180376321 -17.238237381 -0.016247790 0.999865770 -0.002116243 -2.158829451 0.180319086 0.005011986 0.983595371 245.690307617
0.988788188 0.015058395 -0.148563594 -17.305576324 -0.015481379 0.999878705 -0.001691102 -2.163488626 0.148520112 0.003972111 0.988901436 246.275573730
0.992478132 0.012749068 -0.121756434 -17.360454559 -0.013032861 0.999913871 -0.001534690 -2.169011116 0.121726386 0.003109981 0.992558837 246.866958618
0.994865119 0.009849569 -0.100728959 -17.408937454 -0.010068145 0.999947906 -0.001661796 -2.172622442 0.100707352 0.002667417 0.994912505 247.489562988
0.996432185 0.008313586 -0.083986811 -17.449817657 -0.008457765 0.999963284 -0.001361030 -2.179368734 0.083972409 0.002066515 0.996465921 248.112808228
0.997380674 0.007311333 -0.071960382 -17.488080978 -0.007407992 0.999971986 -0.001076424 -2.187901020 0.071950495 0.001606686 0.997406900 248.787002563
0.998040020 0.007116768 -0.062172912 -17.525604248 -0.007251843 0.999971807 -0.001947184 -2.190714121 0.062157303 0.002394236 0.998063505 249.448165894
0.998502851 0.007129577 -0.054232620 -17.554237366 -0.007300553 0.999969006 -0.002955199 -2.196352482 0.054209869 0.003346702 0.998523951 250.124893188
0.998835623 0.005939402 -0.047875635 -17.589685440 -0.006146030 0.999972403 -0.004169887 -2.203206301 0.047849551 0.004459277 0.998844624 250.839691162
0.999022424 0.005386449 -0.043876771 -17.620668411 -0.005614302 0.999971390 -0.005071456 -2.207200050 0.043848198 0.005312835 0.999024093 251.552383423
0.999143243 0.005162270 -0.041062139 -17.653051376 -0.005359112 0.999974668 -0.004685136 -2.214385033 0.041036915 0.004901178 0.999145627 252.275451660
0.999221623 0.004963405 -0.039134674 -17.678644180 -0.005103173 0.999980927 -0.003472362 -2.226120949 0.039116692 0.003669370 0.999227941 253.017196655
0.999266207 0.005570416 -0.037894554 -17.709730148 -0.005632486 0.999982953 -0.001531420 -2.229989052 0.037885375 0.001743737 0.999280572 253.773803711
0.999306917 0.005137193 -0.036868557 -17.743623734 -0.005099233 0.999986351 0.001123549 -2.236944914 0.036873829 -0.000934769 0.999319494 254.541809082
0.999288261 0.004527771 -0.037449304 -17.771894455 -0.004467580 0.999988616 0.001690794 -2.241838217 0.037456531 -0.001522283 0.999297082 255.341308594
0.999217868 0.003987533 -0.039342217 -17.803474426 -0.003988458 0.999992073 0.000054972 -2.244345903 0.039342124 0.000101985 0.999225795 256.139404297
0.999148369 0.002353016 -0.041194603 -17.839700699 -0.002499054 0.999990761 -0.003493936 -2.248358011 0.041186001 0.003593907 0.999145031 256.955627441
0.999076426 0.004408857 -0.042741261 -17.881875992 -0.004819001 0.999943256 -0.009497685 -2.255060434 0.042696964 0.009694885 0.999041021 257.772064209
0.999045312 0.006508780 -0.043198179 -17.923860550 -0.007085036 0.999887764 -0.013200149 -2.270101070 0.043107413 0.013493608 0.998979330 258.616577148
0.999020398 0.008460140 -0.043436263 -17.968980789 -0.009025271 0.999876976 -0.012831020 -2.281374216 0.043322366 0.013210475 0.998973787 259.466888428
0.999010682 0.008888424 -0.043573752 -18.005371094 -0.009171854 0.999938011 -0.006308977 -2.290613890 0.043514974 0.006702387 0.999030292 260.335571289
0.999056876 0.008317134 -0.042617053 -18.052364349 -0.008164686 0.999959648 0.003749973 -2.305433750 0.042646524 -0.003398481 0.999084473 261.231414795
0.999091744 0.006124419 -0.042169124 -18.099554062 -0.005753446 0.999943733 0.008913004 -2.312319994 0.042221338 -0.008662291 0.999070704 262.127716064
0.999066889 0.002526951 -0.043115936 -18.131599426 -0.002260691 0.999978065 0.006223078 -2.310388565 0.043130714 -0.006119800 0.999050677 263.029907227
0.999014199 -0.000470113 -0.044389158 -18.170923233 0.000424079 0.999999344 -0.001046452 -2.311314821 0.044389620 0.001026596 0.999013782 263.945098877
0.998941302 -0.003143165 -0.045895878 -18.208185196 0.002789069 0.999965847 -0.007777195 -2.322550297 0.045918759 0.007640955 0.998915970 264.862792969
0.998879373 -0.003402599 -0.047206759 -18.254774094 0.002824814 0.999920368 -0.012300762 -2.331433058 0.047244854 0.012153627 0.998809397 265.800811768
0.998848438 -0.003204635 -0.047870170 -18.304250717 0.002582881 0.999911606 -0.013044561 -2.355088472 0.047907740 0.012905897 0.998768389 266.751342773
0.998826861 -0.000424813 -0.048422642 -18.361154556 -0.000141473 0.999931633 -0.011690632 -2.366518974 0.048424300 0.011683768 0.998758495 267.714996338
0.998837054 0.001435533 -0.048192527 -18.418937683 -0.001684628 0.999985456 -0.005128522 -2.382518291 0.048184462 0.005203744 0.998824894 268.685333252
0.998848200 0.001962799 -0.047941659 -18.468166351 -0.001861205 0.999995947 0.002163672 -2.396034241 0.047945712 -0.002071951 0.998847783 269.675445557
0.998859286 0.001916499 -0.047711879 -18.513498306 -0.001653690 0.999983251 0.005547110 -2.401406288 0.047721710 -0.005461882 0.998845756 270.691162109
0.998865664 0.000612144 -0.047612742 -18.562221527 -0.000444604 0.999993682 0.003529311 -2.404745340 0.047614601 -0.003504139 0.998859644 271.700378418
0.998872459 -0.001166868 -0.047459871 -18.613092422 0.001123910 0.999998927 -0.000931809 -2.405615330 0.047460910 0.000877417 0.998872697 272.708312988
0.998841524 -0.002047798 -0.048077106 -18.670721054 0.001832735 0.999988139 -0.004516953 -2.413737059 0.048085783 0.004423607 0.998833418 273.733642578
0.998822272 -0.003243477 -0.048410382 -18.721870422 0.002962005 0.999978304 -0.005884904 -2.426207781 0.048428416 0.005734582 0.998810172 274.759979248
0.998768747 -0.003464335 -0.049487829 -18.769870758 0.003180755 0.999978065 -0.005807896 -2.438887835 0.049506865 0.005643336 0.998757839 275.795471191
0.998689651 -0.005002562 -0.050930344 -18.827219009 0.004886519 0.999985158 -0.002402732 -2.457569122 0.050941605 0.002150711 0.998699307 276.849578857
0.998591304 -0.004707038 -0.052851506 -18.885213852 0.004756662 0.999988377 0.000813182 -2.468772411 0.052847061 -0.001063433 0.998602033 277.893981934
0.998469532 -0.006647061 -0.054903954 -18.932149887 0.006608278 0.999977767 -0.000887897 -2.483275890 0.054908633 0.000523718 0.998491228 278.926116943
0.998326778 -0.008699725 -0.057165872 -18.990552902 0.008315460 0.999941230 -0.006956394 -2.498204947 0.057223033 0.006469394 0.998340487 279.989166260
0.998259664 -0.008021902 -0.058423188 -19.061250687 0.007384412 0.999910891 -0.011119341 -2.515617847 0.058507182 0.010668569 0.998229980 281.042602539
0.998182058 -0.007842082 -0.059758551 -19.124563217 0.007132683 0.999901652 -0.012075161 -2.537481546 0.059847370 0.011626970 0.998139799 282.089996338
0.998070061 -0.005422989 -0.061860703 -19.196289062 0.004777836 0.999932706 -0.010572297 -2.559385061 0.061913874 0.010256332 0.998028815 283.154510498
0.998011112 -0.004123207 -0.062903099 -19.273485184 0.003700039 0.999969721 -0.006842295 -2.580084801 0.062929407 0.006595942 0.997996211 284.201751709
0.997918189 -0.002209708 -0.064455077 -19.348266602 0.002115015 0.999996603 -0.001537323 -2.601245880 0.064458258 0.001397799 0.997919440 285.266998291
0.997844219 0.000068800 -0.065627150 -19.428852081 0.000072373 0.999997675 0.002148750 -2.618726492 0.065627143 -0.002148867 0.997841895 286.315734863
0.997795522 0.002042942 -0.066331528 -19.503686905 -0.001844228 0.999993622 0.003056858 -2.632049322 0.066337347 -0.002927789 0.997792959 287.347900391
0.997778833 0.002431438 -0.066569112 -19.578783035 -0.002321150 0.999995828 0.001734034 -2.644749641 0.066573054 -0.001575665 0.997780323 288.406707764
0.997799754 0.001370695 -0.066285923 -19.650758743 -0.001404203 0.999998927 -0.000458913 -2.658216238 0.066285223 0.000550982 0.997800589 289.448791504
0.997788310 0.001919676 -0.066444285 -19.724203110 -0.002171493 0.999990702 -0.003717874 -2.676426172 0.066436529 0.003853935 0.997783184 290.479522705
0.997765779 0.000421071 -0.066807695 -19.793411255 -0.000918304 0.999972105 -0.007412218 -2.693658829 0.066802710 0.007457008 0.997738361 291.524169922
0.997758627 0.000809539 -0.066910893 -19.864881516 -0.001423863 0.999957263 -0.009134059 -2.710621119 0.066900641 0.009208858 0.997717142 292.548706055
0.997801960 0.001919942 -0.066238411 -19.940319061 -0.002412509 0.999970019 -0.007357090 -2.732608557 0.066222303 0.007500720 0.997776687 293.574462891
0.997810364 0.004002929 -0.066018611 -20.016222000 -0.004280324 0.999982595 -0.004060869 -2.757010937 0.066001207 0.004334558 0.997810125 294.619995117
0.997853160 0.005600349 -0.065250777 -20.092939377 -0.005785895 0.999979734 -0.002654970 -2.772242308 0.065234579 0.003026805 0.997865379 295.644012451
0.997869730 0.007365386 -0.064821087 -20.170618057 -0.007488615 0.999970555 -0.001658308 -2.789045811 0.064806968 0.002140195 0.997895539 296.673278809
0.997856438 0.009432339 -0.064757787 -20.235681534 -0.009322711 0.999954581 0.001994865 -2.800344229 0.064773656 -0.001386871 0.997898996 297.699401855
0.997890592 0.011392145 -0.063910805 -20.308904648 -0.010961358 0.999914825 0.007087048 -2.815124035 0.063986100 -0.006371549 0.997930467 298.715118408
0.997867525 0.013935586 -0.063766435 -20.380186081 -0.013503791 0.999882936 0.007197510 -2.825088024 0.063859276 -0.006321074 0.997938871 299.741333008
0.997849643 0.016584983 -0.063411377 -20.456418991 -0.016487220 0.999861956 0.002064704 -2.834466696 0.063436866 -0.001014787 0.997985363 300.737640381
0.997822702 0.018709462 -0.063244037 -20.528436661 -0.018919077 0.999817312 -0.002717096 -2.839159250 0.063181646 0.003907699 0.997994423 301.765838623
0.997829556 0.021337381 -0.062296934 -20.608177185 -0.021716824 0.999749482 -0.005420069 -2.849903107 0.062165674 0.006761197 0.998042941 302.769744873
0.997742295 0.024785351 -0.062417667 -20.670898438 -0.025228456 0.999661744 -0.006320820 -2.871876478 0.062239889 0.007881251 0.998030126 303.788421631
0.997710288 0.027097259 -0.061966918 -20.745409012 -0.027607637 0.999591470 -0.007394817 -2.889987230 0.061741225 0.009088646 0.998050809 304.789489746
0.997687876 0.027478384 -0.062159456 -20.812307358 -0.027921198 0.999590456 -0.006266324 -2.909783602 0.061961811 0.007987402 0.998046577 305.822326660
0.997685909 0.027810633 -0.062043142 -20.886430740 -0.028102227 0.999597728 -0.003832014 -2.925095558 0.061911609 0.005566697 0.998066127 306.832946777
0.997700393 0.026838202 -0.062238228 -20.949268341 -0.027016610 0.999632955 -0.002026589 -2.939375401 0.062160995 0.003703394 0.998059273 307.851806641
0.997685671 0.027197234 -0.062318422 -21.012550354 -0.027345024 0.999624908 -0.001519708 -2.953179598 0.062253714 0.003220290 0.998055160 308.879394531
0.997649312 0.028027793 -0.062532507 -21.075468063 -0.028220205 0.999599338 -0.002195715 -2.962401390 0.062445913 0.003955233 0.998040497 309.899871826
0.997697175 0.027918216 -0.061813913 -21.137655258 -0.028077345 0.999604285 -0.001707066 -2.977516174 0.061741795 0.003438705 0.998086214 310.932067871
0.997794509 0.027878109 -0.060240716 -21.213115692 -0.028016685 0.999606371 -0.001456760 -2.995794773 0.060176391 0.003141292 0.998182833 311.977508545
0.997844279 0.027503300 -0.059584443 -21.278749466 -0.027676191 0.999614775 -0.002078127 -3.005820990 0.059504334 0.003722717 0.998221099 313.012695312
0.997860849 0.028143086 -0.059005987 -21.346208572 -0.028333714 0.999595642 -0.002396346 -3.013194799 0.058914687 0.004063078 0.998254776 314.051025391
0.997890711 0.027479356 -0.058812965 -21.402856827 -0.027549850 0.999620378 -0.000387934 -3.032682419 0.058779977 0.002007404 0.998268962 315.117248535
0.997963071 0.026330061 -0.058107261 -21.473531723 -0.026473589 0.999648094 -0.001701485 -3.048105478 0.058042008 0.003236327 0.998308897 316.171813965
0.997914493 0.027510416 -0.058394093 -21.533462524 -0.027924618 0.999590278 -0.006288938 -3.061157703 0.058197156 0.007906455 0.998273790 317.237274170
0.997919559 0.027044257 -0.058524925 -21.601564407 -0.027642617 0.999573290 -0.009438548 -3.073915958 0.058244694 0.011036694 0.998241305 318.301086426
0.997960508 0.025610661 -0.058471709 -21.669981003 -0.026056729 0.999636769 -0.006878999 -3.090588570 0.058274299 0.008388551 0.998265386 319.381500244
0.997953057 0.026338981 -0.058275156 -21.740308762 -0.026511485 0.999646127 -0.002188859 -3.103668928 0.058196880 0.003729340 0.998298168 320.458557129
0.997964203 0.026460433 -0.058028195 -21.805414200 -0.026457526 0.999649584 0.000818554 -3.121007442 0.058029521 0.000718394 0.998314619 321.545471191
0.998015165 0.025818128 -0.057438586 -21.875045776 -0.025701609 0.999665856 0.002766553 -3.130073071 0.057490818 -0.001284798 0.998345196 322.617095947
0.997999251 0.026635403 -0.057341468 -21.940721512 -0.026412278 0.999640346 0.004645665 -3.141406775 0.057444580 -0.003121851 0.998343825 323.698394775
0.998065829 0.024365138 -0.057192631 -22.006711960 -0.024113519 0.999696314 0.005085600 -3.154332161 0.057299174 -0.003696648 0.998350203 324.772888184
0.998104036 0.021725152 -0.057587594 -22.065334320 -0.021581814 0.999762237 0.003109908 -3.162038088 0.057641465 -0.001861167 0.998335600 325.830505371
0.998105407 0.020270415 -0.058091961 -22.126911163 -0.020294920 0.999794006 0.000168189 -3.173540831 0.058083404 0.001011102 0.998311222 326.909027100
0.998127818 0.017883984 -0.058489073 -22.191646576 -0.017977335 0.999837816 -0.001070182 -3.188254833 0.058460448 0.002119656 0.998287499 327.971832275
0.998137355 0.016272221 -0.058796857 -22.259084702 -0.016292810 0.999867260 0.000129249 -3.199861765 0.058791157 0.000828958 0.998269975 329.036499023
0.998174429 0.014161924 -0.058713030 -22.326797485 -0.014010225 0.999897361 0.002994593 -3.210217714 0.058749415 -0.002166543 0.998270392 330.088989258
0.998157740 0.011545973 -0.059563130 -22.382047653 -0.011176212 0.999916196 0.006537308 -3.222666502 0.059633616 -0.005859575 0.998203158 331.162780762
0.998175025 0.008086808 -0.059843339 -22.446987152 -0.007621955 0.999939024 0.007992042 -3.231813431 0.059904318 -0.007521334 0.998175800 332.212921143
0.998166084 0.005240703 -0.060307465 -22.509822845 -0.004941535 0.999974728 0.005108794 -3.242691517 0.060332716 -0.004801414 0.998166800 333.265014648
0.998142719 0.001443930 -0.060902167 -22.570943832 -0.001420515 0.999998927 0.000427767 -3.245300770 0.060902718 -0.000340460 0.998143673 334.296508789
0.998121023 0.000261066 -0.061272435 -22.632680893 -0.000307578 0.999999642 -0.000749670 -3.258082628 0.061272219 0.000767107 0.998120785 335.356445312
0.998096883 -0.001157466 -0.061654683 -22.706169128 0.001191978 0.999999166 0.000522973 -3.273605585 0.061654024 -0.000595469 0.998097420 336.390014648
0.998020887 -0.002782907 -0.062821746 -22.766883850 0.002964615 0.999991715 0.002799408 -3.293329716 0.062813431 -0.002980110 0.998020828 337.398284912
0.997946024 -0.004720122 -0.063885801 -22.827762604 0.005087940 0.999971390 0.005595965 -3.302123547 0.063857555 -0.005909519 0.997941554 338.413818359
0.997857869 -0.006834419 -0.065061487 -22.887941360 0.007368193 0.999941111 0.007967734 -3.307724476 0.065003201 -0.008430051 0.997849464 339.416076660
0.997788668 -0.008415774 -0.065931223 -22.958372116 0.009052084 0.999915242 0.009358341 -3.321935177 0.065846875 -0.009934461 0.997780263 340.407135010
0.997696102 -0.010589268 -0.067010008 -23.027307510 0.011159974 0.999904513 0.008148124 -3.329127550 0.066917323 -0.008877181 0.997719049 341.395568848
0.997609138 -0.011561205 -0.068134584 -23.089752197 0.012053417 0.999904096 0.006817437 -3.339893341 0.068049230 -0.007622391 0.997652829 342.393646240
0.997555435 -0.011095298 -0.068993054 -23.165866852 0.011476464 0.999920964 0.005130789 -3.348421812 0.068930671 -0.005910043 0.997603953 343.365478516
0.997485280 -0.010380981 -0.070109278 -23.234865189 0.010713400 0.999933064 0.004367077 -3.356138468 0.070059255 -0.005107203 0.997529745 344.319763184
0.997437418 -0.010084819 -0.070830092 -23.303203583 0.010438586 0.999934793 0.004626194 -3.367140532 0.070778824 -0.005353705 0.997477651 345.270141602
0.997386038 -0.009609899 -0.071615614 -23.369686127 0.010025464 0.999934912 0.005445518 -3.375708103 0.071558625 -0.006149263 0.997417450 346.205444336
0.997376025 -0.007643084 -0.071990423 -23.447307587 0.008144548 0.999944568 0.006674748 -3.386952639 0.071935415 -0.007243563 0.997382998 347.126525879
0.997373462 -0.005255811 -0.072239883 -23.519018173 0.005658021 0.999969602 0.005364189 -3.397010565 0.072209500 -0.005758835 0.997372866 348.048370361
0.997370660 -0.004455694 -0.072331630 -23.590042114 0.004698436 0.999983907 0.003186175 -3.407160997 0.072316274 -0.003517643 0.997375548 348.937652588
0.997416317 -0.005458808 -0.071630321 -23.658620834 0.005604031 0.999982655 0.001826589 -3.415160656 0.071619108 -0.002223289 0.997429550 349.818511963
0.997501671 -0.004910447 -0.070472404 -23.719764709 0.005128378 0.999982595 0.002911832 -3.431163073 0.070456877 -0.003265967 0.997509480 350.687896729
0.997632146 -0.004335211 -0.068639144 -23.784835815 0.004586803 0.999983311 0.003508243 -3.446002245 0.068622790 -0.003814770 0.997635365 351.533233643
0.997740149 -0.005931601 -0.066928044 -23.839605331 0.006253724 0.999969840 0.004604484 -3.453803539 0.066898718 -0.005012629 0.997747183 352.370574951
0.997819245 -0.007721523 -0.065552920 -23.888370514 0.008043700 0.999956846 0.004652258 -3.461947441 0.065514170 -0.005169400 0.997838259 353.180267334
0.997934520 -0.008113817 -0.063725106 -23.941631317 0.008523189 0.999944746 0.006154795 -3.479881287 0.063671649 -0.006685223 0.997948527 353.974090576
0.998026907 -0.010876928 -0.061837956 -23.986808777 0.011382265 0.999904573 0.007825545 -3.484948635 0.061746940 -0.008513960 0.998055518 354.744628906
0.998116851 -0.011464893 -0.060260624 -24.032577515 0.012064327 0.999881208 0.009592941 -3.492813826 0.060143482 -0.010301880 0.998136580 355.490600586
0.998233557 -0.009411527 -0.058661487 -24.074028015 0.010080255 0.999887407 0.011114305 -3.501623869 0.058550283 -0.011685995 0.998216033 356.213806152
0.998316765 -0.009861001 -0.057152152 -24.114418030 0.010523785 0.999880672 0.011307471 -3.510274887 0.057033833 -0.011889894 0.998301446 356.912994385
0.998386562 -0.010252453 -0.055849548 -24.154058456 0.010718488 0.999910116 0.008051319 -3.521495342 0.055761982 -0.008636951 0.998406708 357.585266113
0.998467088 -0.010149504 -0.054410107 -24.192464828 0.010292080 0.999944270 0.002340834 -3.527884722 0.054383319 -0.002897239 0.998515904 358.233123779
0.998529375 -0.009854610 -0.053310234 -24.224599838 0.009864847 0.999951363 -0.000071100 -3.536065340 0.053308342 -0.000454902 0.998578012 358.866729736
0.998581529 -0.009769524 -0.052340288 -24.259866714 0.009811674 0.999951720 0.000548403 -3.541113853 0.052332405 -0.001061171 0.998629153 359.477172852
0.998602569 -0.009680545 -0.051953614 -24.291105270 0.009878146 0.999944925 0.003547964 -3.546211243 0.051916406 -0.004056212 0.998643219 360.069396973
0.998581052 -0.009867629 -0.052331142 -24.321971893 0.010245785 0.999923289 0.006962866 -3.562044621 0.052258417 -0.007489159 0.998605490 360.645324707
0.998477459 -0.009636943 -0.054313049 -24.356042862 0.010092309 0.999916136 0.008116053 -3.570699692 0.054230280 -0.008651841 0.998490989 361.177856445
0.998261213 -0.008074708 -0.058389567 -24.387159348 0.008415082 0.999948978 0.005585824 -3.578549385 0.058341485 -0.006067465 0.998278260 361.698577881
0.997931719 -0.007269910 -0.063870899 -24.431329727 0.007408948 0.999970675 0.001940271 -3.583508253 0.063854918 -0.002409474 0.997956276 362.193542480
0.997349203 -0.006388720 -0.072482817 -24.477685928 0.006358809 0.999979556 -0.000643410 -3.587313414 0.072485447 0.000180801 0.997369468 362.671691895
0.996409893 -0.006514199 -0.084408879 -24.520633698 0.006412662 0.999978364 -0.001473992 -3.598766804 0.084416650 0.000927414 0.996430099 363.124725342
0.994957387 -0.006311006 -0.100099772 -24.579076767 0.006111281 0.999978662 -0.002301775 -3.606819391 0.100112170 0.001678430 0.994974732 363.571502686
0.992925286 -0.004334482 -0.118661739 -24.655601501 0.003988296 0.999987066 -0.003154729 -3.616056204 0.118673876 0.002659152 0.992929697 364.014007568
0.990116954 -0.001421191 -0.140236944 -24.747381210 0.001067665 0.999996066 -0.002596126 -3.620057583 0.140240073 0.002420743 0.990114570 364.449707031
0.986200213 0.001302080 -0.165552050 -24.831089020 -0.001325698 0.999999106 -0.000032167 -3.629501104 0.165551871 0.000251195 0.986201048 364.866912842
0.980796456 0.001258688 -0.195030108 -24.943790436 -0.000523051 0.999992549 0.003823373 -3.633805275 0.195033476 -0.003647940 0.980789781 365.288940430
0.973313570 0.000419004 -0.229478687 -25.060302734 0.000880951 0.999984145 0.005562342 -3.639384270 0.229477376 -0.005616062 0.973297775 365.705017090
0.963468194 0.000525363 -0.267822355 -25.211650848 0.001112142 0.999981582 0.005962412 -3.643092871 0.267820567 -0.006042451 0.963449836 366.093475342
0.951122642 0.004205466 -0.308784723 -25.373931885 -0.001873700 0.999967456 0.007847573 -3.646066666 0.308807671 -0.006885435 0.951099575 366.457000732
0.936173081 0.008654230 -0.351432860 -25.564998627 -0.004972666 0.999922931 0.011377100 -3.645446777 0.351504236 -0.008903376 0.936143935 366.835998535
0.918599486 0.012391719 -0.394995481 -25.768503189 -0.006651029 0.999851465 0.015899541 -3.642259121 0.395133853 -0.011978184 0.918545485 367.197204590
0.898282051 0.012749376 -0.439234346 -25.985904694 -0.004281398 0.999785483 0.020264216 -3.634662867 0.439398497 -0.016322445 0.898143947 367.538085938
0.874291778 0.017957943 -0.485068470 -26.134571075 -0.006327517 0.999652147 0.025603807 -3.655230999 0.485359550 -0.019315917 0.874101281 367.814178467
0.846344888 0.024611376 -0.532066405 -26.386514664 -0.010797587 0.999519408 0.029058527 -3.651603699 0.532525837 -0.018848503 0.846203864 368.133392334
0.814316750 0.031682357 -0.579555452 -26.648590088 -0.015048525 0.999325931 0.033485558 -3.643590689 0.580225706 -0.018546397 0.814244568 368.441925049
0.779399157 0.036326267 -0.625473738 -26.957181931 -0.015203341 0.999120355 0.039082129 -3.626287937 0.626343250 -0.020951290 0.779265821 368.747344971
0.740168810 0.037372246 -0.671381772 -27.264194489 -0.009943288 0.998953462 0.044644382 -3.619035721 0.672347605 -0.026368640 0.739765763 369.050781250
0.697351336 0.035529137 -0.715848327 -27.622257233 -0.002487287 0.998884559 0.047153831 -3.601150990 0.716725171 -0.031102264 0.696661830 369.369323730
0.651188493 0.035724569 -0.758074760 -27.995365143 0.004651079 0.998684824 0.051058713 -3.586192608 0.758901834 -0.036774717 0.650165915 369.648986816
0.601231217 0.035508260 -0.798285782 -28.388458252 0.011754205 0.998511136 0.053267125 -3.565437317 0.798988700 -0.041409075 0.599918723 369.908569336
0.546176791 0.032193914 -0.837051034 -28.779014587 0.020356726 0.998455942 0.051684517 -3.541673660 0.837422490 -0.045268506 0.544678152 370.154113770
0.488138974 0.027637912 -0.872328222 -29.213790894 0.029178375 0.998422980 0.047960654 -3.514603615 0.872278035 -0.048864584 0.486562729 370.376312256
0.427334905 0.025864260 -0.903723419 -29.676544189 0.030586069 0.998604953 0.043042682 -3.498984337 0.903575957 -0.046034988 0.425947666 370.553100586
0.365598083 0.025272861 -0.930429637 -30.192047119 0.030488700 0.998769701 0.039109219 -3.484730721 0.930273294 -0.042665847 0.364377797 370.694274902
0.300109267 0.021153990 -0.953670263 -30.702941895 0.034858510 0.998843133 0.033125579 -3.463562965 0.953267694 -0.043184817 0.299024642 370.818969727
0.234545231 0.018058179 -0.971937478 -31.232131958 0.047920853 0.998397112 0.030113915 -3.451398849 0.970923364 -0.053639151 0.233303905 370.925292969
0.169620752 0.022222854 -0.985258818 -31.783355713 0.050464258 0.998238325 0.031203466 -3.424450874 0.984216511 -0.055013109 0.168200493 371.007904053
0.109151244 0.031342953 -0.993530989 -32.341278076 0.043664210 0.998386800 0.036293183 -3.404747009 0.993065774 -0.047343191 0.107606590 371.028442383
0.054961443 0.039720781 -0.997698188 -32.903442383 0.032996893 0.998590410 0.041574050 -3.391935349 0.997943163 -0.035205908 0.053573310 371.003936768
0.006978154 0.043173052 -0.999043286 -33.475738525 0.023549296 0.998783410 0.043326315 -3.374061584 0.999698341 -0.023829106 0.005952954 370.963348389
-0.032723904 0.045582920 -0.998424530 -34.081115723 0.019821981 0.998792589 0.044950053 -3.362639427 0.999267936 -0.018319812 -0.033587933 370.916625977
-0.061751962 0.051363818 -0.996769190 -34.646240234 0.015912145 0.998598695 0.050472315 -3.332374573 0.997964859 -0.012743977 -0.062482834 370.841400146
-0.083553672 0.057078041 -0.994867384 -35.250640869 0.015409759 0.998312891 0.055981543 -3.304381371 0.996384263 -0.010653203 -0.084292293 370.772705078
-0.099668264 0.059309795 -0.993251741 -35.860015869 0.013412150 0.998211324 0.058260113 -3.285507202 0.994930506 -0.007514961 -0.100285530 370.690582275
-0.109596610 0.053508479 -0.992534935 -36.476745605 0.008706935 0.998563349 0.052872054 -3.256642342 0.993938088 -0.002847346 -0.109905124 370.606201172
-0.114258289 0.042160690 -0.992556155 -37.094940186 0.004961493 0.999110818 0.041867971 -3.233643532 0.993438780 -0.000140799 -0.114365935 370.509460449
-0.116936803 0.030054931 -0.992684484 -37.697692871 0.003722530 0.999548256 0.029824231 -3.203684807 0.993132353 -0.000207748 -0.116995931 370.438629150
-0.116567612 0.025599251 -0.992852807 -38.342712402 0.006614347 0.999665618 0.024998339 -3.178412914 0.993160725 -0.003653076 -0.116697907 370.362670898
-0.115057945 0.029213386 -0.992929220 -39.004028320 0.009715443 0.999552727 0.028282464 -3.161925316 0.993311346 -0.006392627 -0.115290284 370.288085938
-0.113765478 0.034703493 -0.992901444 -39.680725098 0.012711792 0.999358773 0.033472691 -3.149747849 0.993426383 -0.008813524 -0.114133716 370.210357666
-0.113557339 0.036672845 -0.992854595 -40.373626709 0.011370736 0.999301076 0.035610441 -3.133323669 0.993466556 -0.007245664 -0.113895059 370.137512207
-0.112506866 0.035896953 -0.993002474 -41.069366455 0.008900812 0.999343574 0.035117727 -3.112063408 0.993611217 -0.004887547 -0.112752557 370.053588867
-0.111107111 0.034834109 -0.993197799 -41.771057129 0.004188025 0.999393046 0.034582887 -3.089769840 0.993799686 -0.000317134 -0.111185551 369.968200684
-0.108054161 0.032677561 -0.993607819 -42.495239258 -0.000398889 0.999458134 0.032913342 -3.069119453 0.994144976 0.003952762 -0.107982635 369.884368896
-0.103219986 0.031229366 -0.994168341 -43.222930908 -0.003570416 0.999488890 0.031767204 -3.046935081 0.994652271 0.006828600 -0.103055716 369.800781250
-0.098992705 0.031423256 -0.994591951 -43.981567383 -0.006434449 0.999460161 0.032217491 -3.027009487 0.995067418 0.009588948 -0.098737121 369.723083496
-0.094597459 0.034206048 -0.994927824 -44.756439209 -0.007977510 0.999351382 0.035116635 -3.000949860 0.995483696 0.011258991 -0.094263315 369.650665283
-0.090184689 0.037868310 -0.995204866 -45.542419434 -0.011124251 0.999176204 0.039027493 -2.980801582 0.995862901 0.014590590 -0.089689136 369.568023682
-0.086671114 0.039766420 -0.995443165 -46.343841553 -0.012443026 0.999081850 0.040995173 -2.958836555 0.996159434 0.015939416 -0.086096764 369.494110107
-0.083606124 0.037524063 -0.995792329 -47.168609619 -0.013116186 0.999162734 0.038752303 -2.922212601 0.996412754 0.016300915 -0.083043933 369.418060303
-0.080252409 0.034806114 -0.996166825 -47.998046875 -0.011542859 0.999290705 0.035845172 -2.888548851 0.996707916 0.014375269 -0.079793692 369.348846436
-0.076630592 0.035773329 -0.996417761 -48.850555420 -0.009624053 0.999283075 0.036616351 -2.857501507 0.997013271 0.012395501 -0.076231360 369.285034180
-0.073687315 0.040481735 -0.996459424 -49.724700928 -0.009323309 0.999104202 0.041278630 -2.831418514 0.997237802 0.012332012 -0.073243856 369.218414307
-0.070148230 0.045818344 -0.996483982 -50.606933594 -0.008600738 0.998879671 0.046533961 -2.798725128 0.997499704 0.011834766 -0.069675565 369.149810791
-0.067435503 0.050797105 -0.996429801 -51.499206543 -0.007194025 0.998652399 0.051397290 -2.762783051 0.997697830 0.010634341 -0.066979170 369.090118408
-0.065098524 0.052602053 -0.996491492 -52.390869141 -0.005889764 0.998571992 0.053096645 -2.727470398 0.997861505 0.009325609 -0.064695716 369.039916992
-0.062490106 0.051759928 -0.996702611 -53.287322998 -0.008009437 0.998596132 0.052360430 -2.694934845 0.998013556 0.011255031 -0.061987758 368.974975586
-0.060797691 0.046633940 -0.997060299 -54.197845459 -0.010213859 0.998826623 0.047339369 -2.650518417 0.998098016 0.013061951 -0.060250044 368.917266846
-0.059294462 0.043691296 -0.997283936 -55.098571777 -0.009257513 0.998974681 0.044315781 -2.619497776 0.998197615 0.011860047 -0.058829188 368.855102539
-0.059121609 0.043416560 -0.997306287 -56.016143799 -0.008658626 0.998993874 0.044003326 -2.588291645 0.998213291 0.011236847 -0.058686256 368.798950195
-0.059502244 0.044099513 -0.997253716 -56.944885254 -0.008608986 0.998963833 0.044688810 -2.553641796 0.998191178 0.011244421 -0.059060931 368.742950439
-0.060420036 0.045493156 -0.997135758 -57.872833252 -0.007432132 0.998912632 0.046024561 -2.525376320 0.998145342 0.010191652 -0.060016274 368.688323975
-0.061085701 0.046274524 -0.997059286 -58.795471191 -0.007692281 0.998873234 0.046829987 -2.493965149 0.998102903 0.010530301 -0.060660839 368.626129150
-0.062428474 0.046942864 -0.996944964 -59.715270996 -0.009501277 0.998820066 0.047626123 -2.462388039 0.998004317 0.012445468 -0.061908722 368.561462402
-0.064026952 0.047309715 -0.996826291 -60.630340576 -0.012337469 0.998761773 0.048194028 -2.429979801 0.997872055 0.015384027 -0.063364029 368.494293213
-0.065039515 0.047599591 -0.996746838 -61.563842773 -0.012707597 0.998741150 0.048524026 -2.396757126 0.997801781 0.015822234 -0.064352751 368.433227539
-0.065912366 0.048095599 -0.996665716 -62.476684570 -0.012001260 0.998727202 0.048988760 -2.364512920 0.997753322 0.015190207 -0.065251350 368.368164062
-0.067379236 0.047181759 -0.996611238 -63.383239746 -0.014637884 0.998726964 0.048271563 -2.333539009 0.997620106 0.017840775 -0.066602826 368.300445557
-0.068842173 0.044830427 -0.996619821 -64.295532227 -0.014756269 0.998834789 0.045949362 -2.298703671 0.997518480 0.017869646 -0.068100452 368.231445312
-0.071809292 0.043816071 -0.996455669 -65.211395264 -0.012828638 0.998911440 0.044848554 -2.270754814 0.997336030 0.016003706 -0.071169019 368.165802002
-0.075381637 0.046160754 -0.996085763 -66.102478027 -0.013861201 0.998782933 0.047334734 -2.237413883 0.997058451 0.017375115 -0.074650049 368.084747314
-0.079618573 0.050235074 -0.995558798 -67.013702393 -0.014712285 0.998561382 0.051563177 -2.201324463 0.996716797 0.018752335 -0.078765035 368.006530762
-0.083034039 0.052351948 -0.995170653 -67.930114746 -0.016693546 0.998405993 0.053915005 -2.168757439 0.996406913 0.021089707 -0.082027674 367.912658691
-0.086648464 0.050522815 -0.994957030 -68.829467773 -0.021127019 0.998395443 0.052537318 -2.137234688 0.996014893 0.025572756 -0.085442066 367.833984375
-0.089170814 0.048799269 -0.994820237 -69.728790283 -0.024118567 0.998400390 0.051136758 -2.099775791 0.995724380 0.028553542 -0.087851167 367.740386963
-0.091911197 0.044265445 -0.994782925 -70.616943359 -0.023805160 0.998628259 0.046635993 -2.071475983 0.995482683 0.027967334 -0.090731382 367.660430908
-0.093357444 0.041967336 -0.994747877 -71.509399414 -0.021582117 0.998791158 0.044163413 -2.040801048 0.995398819 0.025591746 -0.092338920 367.576568604
-0.094414949 0.044003688 -0.994560063 -72.414703369 -0.021707395 0.998694122 0.046247315 -2.004625797 0.995296359 0.025955738 -0.093336463 367.486633301
-0.094686151 0.045854475 -0.994450688 -73.300445557 -0.023032479 0.998570323 0.048237465 -1.975576878 0.995240808 0.027472081 -0.093494654 367.393768311
-0.093864083 0.047641993 -0.994444668 -74.187347412 -0.022089753 0.998508811 0.049921717 -1.944629669 0.995340109 0.026652874 -0.092671633 367.301696777
-0.092880726 0.043405056 -0.994730830 -75.074920654 -0.023566276 0.998673618 0.045777548 -1.911484718 0.995398402 0.027693946 -0.091734648 367.219299316
-0.089581728 0.041803814 -0.995101869 -75.960601807 -0.025280586 0.998701394 0.044230856 -1.880634308 0.995658636 0.029119030 -0.088408589 367.135925293
-0.086639404 0.042072900 -0.995351017 -76.842071533 -0.028099956 0.998607099 0.044656467 -1.853287697 0.995843470 0.031838324 -0.085336447 367.053344727
-0.082113385 0.044769529 -0.995617032 -77.728759766 -0.028571434 0.998474181 0.047254432 -1.826532364 0.996213496 0.032326419 -0.080708981 366.971923828
-0.077874184 0.046220571 -0.995891154 -78.627655029 -0.030076398 0.998361170 0.048687041 -1.794138432 0.996509373 0.033744283 -0.076356411 366.911193848
-0.072585344 0.047655568 -0.996223092 -79.509948730 -0.030713569 0.998277247 0.049991637 -1.764935493 0.996889234 0.034226224 -0.070996642 366.842834473
-0.067217231 0.048564184 -0.996555805 -80.393218994 -0.030407824 0.998251021 0.050697792 -1.732635021 0.997274935 0.033710856 -0.065622926 366.773864746
-0.062080860 0.048917968 -0.996871591 -81.277343750 -0.030401040 0.998242021 0.050878461 -1.697246552 0.997608006 0.033464510 -0.060484529 366.710388184
-0.057003260 0.047712300 -0.997233272 -82.175292969 -0.029475302 0.998341560 0.049450178 -1.665837288 0.997938752 0.032212574 -0.055502415 366.670989990
-0.051917195 0.045794602 -0.997600973 -83.053253174 -0.029945005 0.998427451 0.047390942 -1.634494781 0.998202503 0.032333564 -0.050464272 366.622406006
-0.046909332 0.044101484 -0.997925282 -83.925506592 -0.030871121 0.998483717 0.045577317 -1.603514194 0.998422146 0.032945067 -0.045476675 366.578552246
-0.041964293 0.043270960 -0.998181641 -84.800323486 -0.031188076 0.998518109 0.044596717 -1.575445175 0.998632252 0.033002838 -0.040552497 366.538146973
-0.036723137 0.043909073 -0.998360395 -85.674682617 -0.030994914 0.998503566 0.045055471 -1.547189236 0.998844743 0.032598674 -0.035307288 366.503479004
-0.031978488 0.045155123 -0.998468161 -86.549255371 -0.031492297 0.998437405 0.046162356 -1.515850544 0.998992383 0.032920253 -0.030506492 366.476684570
-0.027031064 0.047084607 -0.998525143 -87.425384521 -0.032269396 0.998328388 0.047948897 -1.488925457 0.999113679 0.033517905 -0.025466442 366.442260742
-0.023150086 0.049502488 -0.998505652 -88.278076172 -0.031517804 0.998240709 0.050220087 -1.459302902 0.999235034 0.032633305 -0.021549106 366.429656982
-0.019653916 0.050707936 -0.998520136 -89.137329102 -0.029223811 0.998257160 0.051269796 -1.429025650 0.999379694 0.030188214 -0.018137813 366.412841797
-0.016590714 0.051319271 -0.998544514 -89.982513428 -0.027161488 0.998290241 0.051757488 -1.402905941 0.999493420 0.027980644 -0.015168428 366.397949219
-0.014409900 0.049800918 -0.998655200 -90.828399658 -0.025382372 0.998418808 0.050155386 -1.368315220 0.999573946 0.026070977 -0.013123035 366.390838623
-0.012681842 0.047340471 -0.998798370 -91.634765625 -0.022581169 0.998610318 0.047618277 -1.338659763 0.999664605 0.023157919 -0.011595249 366.383575439
-0.011653304 0.047176369 -0.998818636 -92.430084229 -0.019461121 0.998686552 0.047397185 -1.310486794 0.999742746 0.019990463 -0.010719895 366.379821777
-0.011525631 0.046768058 -0.998839319 -93.198486328 -0.017661495 0.998740256 0.046967220 -1.288955688 0.999777615 0.018182319 -0.010685086 366.368988037
-0.011412978 0.044739217 -0.998933554 -93.947937012 -0.014557589 0.998885274 0.044903379 -1.271070480 0.999828935 0.015054544 -0.010748863 366.363555908
-0.012421131 0.044162448 -0.998947203 -94.678771973 -0.012069167 0.998944819 0.044312418 -1.253260612 0.999850035 0.012606871 -0.011875033 366.355743408
-0.014398217 0.043779403 -0.998937488 -95.390380859 -0.009691570 0.998987973 0.043921307 -1.228313446 0.999849379 0.010313660 -0.013959408 366.346405029
-0.017734408 0.045927126 -0.998787344 -96.066650391 -0.007684732 0.998908699 0.046069153 -1.211654663 0.999813199 0.008492419 -0.017362118 366.326110840
-0.022053838 0.048253458 -0.998591542 -96.733276367 -0.004954366 0.998817027 0.048373766 -1.195757866 0.999744475 0.006014218 -0.021788716 366.315002441
-0.027196765 0.049280200 -0.998414636 -97.373107910 -0.003699849 0.998772264 0.049398635 -1.175667763 0.999623239 0.005037468 -0.026981115 366.294525146
-0.032933593 0.049083438 -0.998251557 -97.981414795 -0.001594287 0.998789549 0.049162488 -1.157340050 0.999456286 0.003210594 -0.032815456 366.271118164
-0.039402127 0.046983793 -0.998118401 -98.582641602 -0.000561370 0.998892725 0.047042411 -1.138901711 0.999223411 0.002413877 -0.039332151 366.240753174
-0.046522141 0.044689287 -0.997917175 -99.172546387 0.000395025 0.998999536 0.044719346 -1.121542931 0.998917282 0.001686232 -0.046493173 366.206970215
-0.054471374 0.044986453 -0.997501612 -99.780456543 -0.000071978 0.998984396 0.045057263 -1.104503632 0.998515487 0.002526123 -0.054412842 366.165069580
-0.061815977 0.046010487 -0.997026682 -100.376525879 0.001462203 0.998939991 0.046008132 -1.083518028 0.998086691 0.001386173 -0.061817646 366.126495361
-0.069156289 0.046232544 -0.996533990 -100.970550537 0.000657746 0.998927474 0.046297938 -1.064051628 0.997605681 0.002546325 -0.069112539 366.076965332
-0.075787306 0.044000715 -0.996152759 -101.557250977 0.000231475 0.999026656 0.044110045 -1.050672531 0.997124016 0.003112396 -0.075723767 366.014953613
-0.082729816 0.040050201 -0.995767057 -102.137145996 -0.001361349 0.999186635 0.040300850 -1.031128883 0.996571183 0.004689664 -0.082607985 365.959320068
-0.089176297 0.036871172 -0.995333135 -102.718231201 -0.000405337 0.999313176 0.037054922 -1.010595322 0.996015728 0.003707870 -0.089100122 365.902160645
-0.095121026 0.034033366 -0.994883895 -103.299591064 -0.000216316 0.999414682 0.034209039 -0.991609573 0.995465815 0.003469205 -0.095058084 365.829620361
-0.100818992 0.031554211 -0.994404316 -103.877807617 -0.000549655 0.999495029 0.031771477 -0.980689049 0.994904697 0.003749747 -0.100750804 365.772705078
-0.106087208 0.030361727 -0.993893325 -104.465332031 -0.002539981 0.999522209 0.030804798 -0.966026783 0.994353712 0.005792462 -0.105959415 365.697174072
-0.110739231 0.029793501 -0.993402958 -105.056457520 -0.004281672 0.999526978 0.030454470 -0.956290722 0.993840396 0.007625925 -0.110559225 365.617950439
-0.115327716 0.029369690 -0.992893219 -105.642028809 -0.003725966 0.999542952 0.029999170 -0.947121143 0.993320525 0.007159221 -0.115165591 365.541564941
-0.119822741 0.029151488 -0.992367387 -106.251159668 -0.002752976 0.999555230 0.029695047 -0.936450005 0.992791653 0.006290099 -0.119689107 365.474731445
-0.123362660 0.028135376 -0.991962910 -106.861083984 -0.003679392 0.999578178 0.028808951 -0.921005249 0.992355049 0.007203762 -0.123207092 365.388122559
-0.127018809 0.025692254 -0.991567731 -107.468444824 -0.008795791 0.999596000 0.027027007 -0.906960487 0.991861522 0.012154552 -0.126741409 365.301452637
-0.129146457 0.024479762 -0.991323352 -108.096771240 -0.011940697 0.999584377 0.026239358 -0.895334482 0.991553664 0.015225814 -0.128800511 365.203979492
-0.130814672 0.023741191 -0.991122544 -108.728485107 -0.012148189 0.999599814 0.025547650 -0.889282703 0.991332412 0.015382350 -0.130473852 365.127685547
-0.131311774 0.023314262 -0.991066813 -109.364044189 -0.010414554 0.999635816 0.024895718 -0.873223543 0.991286337 0.013590620 -0.131021142 365.041046143
-0.131788731 0.024750629 -0.990968883 -110.016601562 -0.011724853 0.999579370 0.026524974 -0.859279394 0.991208553 0.015114655 -0.131443024 364.951660156
-0.131251574 0.028846078 -0.990929484 -110.685882568 -0.011022280 0.999472320 0.030554699 -0.841872215 0.991287947 0.014932650 -0.130864382 364.855926514
-0.131066322 0.034518324 -0.990772545 -111.357299805 -0.014878265 0.999212623 0.036780577 -0.833611965 0.991262019 0.019561665 -0.130449533 364.764434814
-0.130230188 0.046488773 -0.990393400 -112.056488037 -0.016339654 0.998663843 0.049025547 -0.805235386 0.991349280 0.022567285 -0.129296541 364.667633057
-0.128307581 0.056749411 -0.990109444 -112.763336182 -0.020061821 0.998008668 0.059801962 -0.775033951 0.991531491 0.027536443 -0.126913548 364.568572998
-0.125709772 0.059235241 -0.990297019 -113.476501465 -0.021164989 0.997828484 0.062372457 -0.745677948 0.991841257 0.028800454 -0.124183178 364.476898193
-0.122823238 0.050584812 -0.991138756 -114.198303223 -0.025918733 0.998196006 0.054156881 -0.720507145 0.992090225 0.032340769 -0.121290565 364.384613037
-0.118005395 0.034350563 -0.992418706 -114.918304443 -0.027944392 0.998890817 0.037897360 -0.685105085 0.992619753 0.032204624 -0.116914630 364.288848877
-0.114792585 0.030408841 -0.992924094 -115.673614502 -0.030389357 0.998956084 0.034106907 -0.645798206 0.992924690 0.034089539 -0.113748670 364.197692871
-0.110131264 0.040546216 -0.993089736 -116.474121094 -0.028726703 0.998620272 0.043957740 -0.605503082 0.993501842 0.033369310 -0.108814478 364.112182617
-0.106073737 0.059680801 -0.992565632 -117.273223877 -0.029323492 0.997575343 0.063115768 -0.581057549 0.993925810 0.035800412 -0.104066491 364.024047852
-0.102280021 0.064003639 -0.992694616 -118.092529297 -0.027551303 0.997362852 0.067143314 -0.545024872 0.994374156 0.034217440 -0.100246906 363.945190430
-0.098856807 0.054254804 -0.993621647 -118.906311035 -0.027230527 0.997991145 0.057202604 -0.500865936 0.994729102 0.032711703 -0.097180843 363.862487793
-0.095246553 0.036669713 -0.994778037 -119.726562500 -0.028213246 0.998820364 0.039520044 -0.462929249 0.995053768 0.031830069 -0.094099641 363.781799316
-0.091083527 0.026846141 -0.995481312 -120.574005127 -0.030989388 0.999076009 0.029778518 -0.422733545 0.995360970 0.033561692 -0.090167403 363.701019287
-0.087055087 0.030328969 -0.995741844 -121.439514160 -0.036784045 0.998757005 0.033636734 -0.392564535 0.995524287 0.039555654 -0.085831165 363.615661621
-0.081706285 0.040740680 -0.995823562 -122.329284668 -0.042615846 0.998107553 0.044330709 -0.366789341 0.995745063 0.046059951 -0.079815507 363.529083252
-0.075422764 0.043963484 -0.996182024 -123.232818604 -0.046089314 0.997806191 0.047524668 -0.333072186 0.996085942 0.049497791 -0.073231101 363.451995850
-0.068395853 0.034806892 -0.997050941 -124.135406494 -0.048696809 0.998083472 0.038183451 -0.308748364 0.996469080 0.051164784 -0.066569686 363.385375977
-0.060634494 0.020288778 -0.997954011 -125.044555664 -0.046185941 0.998665512 0.023109438 -0.273948312 0.997091115 0.047492657 -0.059616566 363.329711914
-0.053363800 0.012838245 -0.998492599 -125.972564697 -0.038992945 0.999127924 0.014930363 -0.258895874 0.997813582 0.039730906 -0.052816629 363.284545898
-0.046823382 0.018143808 -0.998738468 -126.921020508 -0.034696259 0.999202192 0.019778881 -0.247508943 0.998300493 0.035578597 -0.046156526 363.255981445
-0.039427519 0.030361583 -0.998761177 -127.902297974 -0.031766348 0.998994946 0.031622712 -0.223984241 0.998717487 0.032973792 -0.038423419 363.218872070
-0.033297181 0.039961666 -0.998646438 -128.879882812 -0.028900031 0.998744011 0.040929165 -0.194092274 0.999027729 0.030223729 -0.032100558 363.196716309
-0.027849436 0.041256197 -0.998760521 -129.863571167 -0.027318446 0.998743355 0.042017233 -0.169992924 0.999238908 0.028454732 -0.026687384 363.165710449
-0.023559093 0.037158873 -0.999031603 -130.841064453 -0.026912080 0.998923242 0.037789483 -0.133144379 0.999360144 0.027776306 -0.022533655 363.138793945
-0.021829367 0.033787515 -0.999190629 -131.822204590 -0.025220282 0.999092102 0.034335174 -0.102773666 0.999443531 0.025949385 -0.020957470 363.120269775
-0.021154046 0.034370035 -0.999185324 -132.819458008 -0.023261026 0.999121428 0.034860302 -0.077407837 0.999505639 0.023979507 -0.020336032 363.097442627
-0.020750761 0.035578672 -0.999151409 -133.826400757 -0.021241151 0.999125361 0.036018886 -0.050051689 0.999559045 0.021970544 -0.019976974 363.078857422
-0.021279335 0.036387242 -0.999111414 -134.823562622 -0.021599719 0.999087453 0.036846410 -0.017725468 0.999540448 0.022364583 -0.020473957 363.051818848
-0.022740722 0.039653037 -0.998954773 -135.821533203 -0.023202328 0.998923004 0.040179968 0.006892681 0.999472201 0.024091795 -0.021796107 363.008850098
-0.025929451 0.044425994 -0.998676300 -136.820159912 -0.023043420 0.998719990 0.045026232 0.032816887 0.999398351 0.024180407 -0.024872541 362.992248535
-0.029371738 0.043824933 -0.998607397 -137.816116333 -0.022594510 0.998754025 0.044495933 0.064460754 0.999313176 0.023869962 -0.028344870 362.957611084
-0.032308817 0.036615271 -0.998807192 -138.799148560 -0.019796809 0.999109268 0.037266724 0.093780041 0.999282002 0.020977231 -0.031555176 362.918823242
-0.036097884 0.029601935 -0.998909771 -139.782745361 -0.014902518 0.999434114 0.030156011 0.109961033 0.999237120 0.015974836 -0.035636306 362.892761230
-0.039380193 0.027869867 -0.998835683 -140.766815186 -0.010256964 0.999547005 0.028294109 0.137252808 0.999171793 0.011359242 -0.039076447 362.852600098
-0.042981148 0.034132399 -0.998492718 -141.750701904 -0.007015239 0.999381304 0.034464754 0.154737949 0.999051332 0.008485998 -0.042715073 362.804504395
-0.045764804 0.040362585 -0.998136520 -142.746536255 -0.006843598 0.999147296 0.040717240 0.173466682 0.998928785 0.008694260 -0.045449495 362.754089355
-0.048392177 0.041744228 -0.997955859 -143.726486206 -0.008447803 0.999073446 0.042200629 0.199485779 0.998792827 0.010472712 -0.047994733 362.711364746
-0.051280618 0.038306665 -0.997949481 -144.700073242 -0.012292538 0.999164164 0.038984962 0.226950645 0.998608708 0.014266503 -0.050766945 362.653869629
-0.052604318 0.034292296 -0.998026550 -145.665588379 -0.017236475 0.999230146 0.035242155 0.255675316 0.998466730 0.019056341 -0.051972747 362.573822021
-0.054557681 0.032069579 -0.997995675 -146.648544312 -0.018682649 0.999276340 0.033132061 0.274672031 0.998336017 0.020452801 -0.053919077 362.511657715
-0.057288885 0.030807586 -0.997882247 -147.612167358 -0.017458331 0.999339998 0.031854883 0.302992344 0.998205066 0.019246284 -0.056713223 362.470825195
-0.059206486 0.033124447 -0.997696102 -148.578887939 -0.015690655 0.999294937 0.034108665 0.327211380 0.998122513 0.017673958 -0.058645010 362.409545898
-0.061068296 0.038342867 -0.997396946 -149.556259155 -0.011366372 0.999170363 0.039106984 0.350095749 0.998068988 0.013724977 -0.060581803 362.347473145
-0.064818978 0.045772497 -0.996846795 -150.536361694 -0.010332224 0.998863161 0.046536930 0.379498482 0.997843623 0.013316115 -0.064272404 362.295166016
-0.068214893 0.049459781 -0.996444106 -151.500015259 -0.008789861 0.998701811 0.050173596 0.411859512 0.997632146 0.012181179 -0.067691565 362.229064941
-0.071825862 0.047751117 -0.996273577 -152.462509155 -0.010205120 0.998765886 0.048606310 0.439737320 0.997365057 0.013658280 -0.071249962 362.153625488
-0.075458407 0.039995190 -0.996346653 -153.415344238 -0.012791271 0.999074221 0.041073434 0.471886635 0.997067034 0.015843872 -0.074876904 362.073608398
-0.078083038 0.034284178 -0.996357322 -154.368743896 -0.014394655 0.999265552 0.035512336 0.503362656 0.996843100 0.017115122 -0.077532172 361.994537354
-0.079839826 0.035472933 -0.996176481 -155.325973511 -0.011676613 0.999264777 0.036518749 0.529227257 0.996739447 0.014547613 -0.079366922 361.915466309
-0.081509471 0.040606357 -0.995845079 -156.279144287 -0.010410165 0.999080539 0.041590352 0.552314758 0.996618271 0.013756917 -0.081011772 361.840698242
-0.083008766 0.045657936 -0.995502293 -157.228073120 -0.009455066 0.998868823 0.046600737 0.578731537 0.996503949 0.013280809 -0.082483172 361.755676270
-0.084406972 0.047692943 -0.995289445 -158.167404175 -0.006709163 0.998804033 0.048430346 0.612763405 0.996408880 0.010765413 -0.083986044 361.677551270
-0.084661722 0.049532782 -0.995177984 -159.116775513 -0.005874362 0.998721480 0.050208900 0.646210670 0.996392608 0.010096798 -0.084262490 361.593688965
-0.084565997 0.050685838 -0.995127976 -160.052719116 -0.007276643 0.998647332 0.051483467 0.680178642 0.996391356 0.011594937 -0.084082842 361.506958008
-0.084311843 0.049767550 -0.995195806 -160.986145020 -0.009906560 0.998660743 0.050780095 0.715510368 0.996390164 0.014140329 -0.083705902 361.422912598
-0.083835602 0.047812592 -0.995332062 -161.912490845 -0.013562118 0.998700976 0.049116753 0.747894287 0.996387482 0.017616535 -0.083078265 361.339141846
-0.082811236 0.045485731 -0.995526791 -162.839523315 -0.017217500 0.998743415 0.047064912 0.778388977 0.996416628 0.021037977 -0.081923962 361.256347656
-0.081211686 0.042536736 -0.995788932 -163.756729126 -0.015798658 0.998908460 0.043958452 0.808518410 0.996571779 0.019302057 -0.080451012 361.177978516
-0.080080152 0.039547268 -0.996003807 -164.679550171 -0.014574612 0.999059379 0.040840417 0.835072041 0.996682107 0.017786864 -0.079428434 361.103851318
-0.078317165 0.039257899 -0.996155381 -165.617904663 -0.013454359 0.999091744 0.040431395 0.867812634 0.996837854 0.016569097 -0.077717900 361.026794434
-0.077077866 0.043803465 -0.996062398 -166.498764038 -0.012642086 0.998911202 0.044907019 0.889548302 0.996944904 0.016053637 -0.076440096 360.957214355
-0.076340318 0.050018176 -0.995826542 -167.410690308 -0.010340007 0.998647571 0.050952543 0.921629906 0.997028291 0.014186581 -0.075719833 360.890319824
-0.075353861 0.053172167 -0.995738208 -168.305419922 -0.009127568 0.998498678 0.054010317 0.954956055 0.997115076 0.013158551 -0.074755430 360.818542480
-0.073953509 0.052774649 -0.995864451 -169.196014404 -0.010494257 0.998502314 0.053693756 0.985517502 0.997206628 0.014421695 -0.073288918 360.745361328
-0.072514534 0.050970994 -0.996064246 -170.075881958 -0.009386037 0.998614132 0.051784802 1.014004707 0.997323334 0.013104236 -0.071935654 360.689727783
-0.071642041 0.048525650 -0.996249378 -170.939559937 -0.010053268 0.998730004 0.049369428 1.044666290 0.997379839 0.013552482 -0.071063161 360.623870850
-0.070665956 0.049460977 -0.996273160 -171.797317505 -0.011398762 0.998664677 0.050388228 1.073085785 0.997435093 0.014917006 -0.070007801 360.555358887
-0.070150018 0.052727863 -0.996142089 -172.627639771 -0.012673054 0.998474360 0.053743776 1.109562874 0.997456074 0.016394274 -0.069374681 360.486541748
-0.069489002 0.055454459 -0.996040165 -173.445556641 -0.011505078 0.998342812 0.056385309 1.134062767 0.997516334 0.015377676 -0.068735838 360.430206299
-0.068917274 0.051400788 -0.996297479 -174.244293213 -0.006758307 0.998624802 0.051988363 1.160727501 0.997599602 0.010316173 -0.068475127 360.378540039
-0.068307519 0.044389769 -0.996676326 -175.025588989 -0.003880891 0.998990297 0.044758804 1.187176704 0.997656822 0.006925351 -0.068066239 360.325866699
-0.068813801 0.040814240 -0.996794283 -175.786361694 -0.002792472 0.999150991 0.041103512 1.215673447 0.997625589 0.005612009 -0.068641424 360.275024414
-0.068814158 0.046171203 -0.996560514 -176.519973755 0.001117818 0.998931408 0.046203863 1.236348152 0.997628868 0.002065507 -0.068792224 360.227722168
-0.069796681 0.053826638 -0.996107996 -177.247772217 0.007009469 0.998544991 0.053467177 1.258073807 0.997536600 -0.003250354 -0.070072412 360.182830811
-0.071817636 0.056977071 -0.995789111 -177.947067261 0.006348737 0.998372972 0.056667037 1.279170990 0.997397602 -0.002252311 -0.072062492 360.130065918
-0.073209763 0.053214148 -0.995895922 -178.626800537 0.005748165 0.998581409 0.052935086 1.297982216 0.997300029 -0.001849213 -0.073411703 360.076232910
-0.076573610 0.044827145 -0.996055841 -179.277374268 0.003031527 0.998994648 0.044726353 1.317394257 0.997059464 0.000405280 -0.076632500 360.022125244
-0.078856945 0.038161431 -0.996155322 -179.897857666 0.002160799 0.999271214 0.038109750 1.335777283 0.996883631 0.000852727 -0.078881979 359.958740234
-0.081477523 0.037021596 -0.995987535 -180.516510010 -0.002769061 0.999297619 0.037371166 1.352808952 0.996671498 0.005802855 -0.081317782 359.897888184
-0.086087465 0.039690819 -0.995496690 -181.120910645 -0.004716638 0.999178708 0.040245499 1.372039795 0.996276438 0.008160024 -0.085829496 359.839904785
-0.091164589 0.044188462 -0.994855106 -181.712646484 -0.005691760 0.998975575 0.044893060 1.382096291 0.995819688 0.009755128 -0.090819716 359.777130127
-0.097171545 0.046591893 -0.994176626 -182.304550171 -0.005159347 0.998866677 0.047315970 1.392633438 0.995254457 0.009727056 -0.096820951 359.717590332
-0.105705023 0.047730763 -0.993251562 -182.875030518 -0.004389227 0.998815238 0.048465252 1.407673836 0.994388044 0.009482619 -0.105370283 359.649780273
-0.117806196 0.047448441 -0.991902530 -183.429611206 -0.001773777 0.998846173 0.047991268 1.423381805 0.993035138 0.007413074 -0.117586017 359.573242188
-0.134343147 0.046096500 -0.989862263 -183.970672607 0.001001713 0.998923242 0.046382513 1.442940712 0.990934491 0.005239611 -0.134244680 359.497253418
-0.155013084 0.044451281 -0.986911952 -184.500488281 0.002720992 0.999002635 0.044568475 1.461224556 0.987908721 0.004223313 -0.154979467 359.397766113
-0.180617332 0.043424204 -0.982594430 -185.021789551 0.004433206 0.999050677 0.043336570 1.480440140 0.983543515 0.003471290 -0.180638433 359.283996582
-0.210795403 0.042848296 -0.976590812 -185.538635254 0.005449438 0.999074876 0.042658545 1.493906975 0.977515161 0.003670349 -0.210833907 359.145568848
-0.245467782 0.043660451 -0.968421102 -186.045013428 0.006142283 0.999035239 0.043483771 1.505253792 0.969385326 0.004725547 -0.245499134 358.995086670
-0.284622431 0.044183601 -0.957621098 -186.538757324 0.008498267 0.999014318 0.043567605 1.519561768 0.958602190 0.004262194 -0.284717321 358.816833496
-0.328273296 0.044723228 -0.943523526 -187.007873535 0.012072293 0.998995543 0.043152396 1.537543297 0.944505751 0.002775286 -0.328483462 358.626220703
-0.375532866 0.045316506 -0.925700605 -187.476531982 0.015584828 0.998971462 0.042581029 1.550457001 0.926678121 0.001563689 -0.375852823 358.407714844
-0.424973845 0.047118600 -0.903978586 -187.880371094 0.018422687 0.998887718 0.043404829 1.552805901 0.905018270 0.001792200 -0.425369263 358.194824219
-0.475755572 0.048106577 -0.878260970 -188.278747559 0.021327216 0.998840570 0.043158311 1.569190025 0.879318893 0.001801950 -0.476230025 357.963043213
-0.525903702 0.049240109 -0.849117637 -188.675384521 0.023268912 0.998782098 0.043507438 1.582459450 0.850225806 0.003122677 -0.526409030 357.682403564
-0.576762795 0.049569625 -0.815406680 -189.064453125 0.023543051 0.998751342 0.044062655 1.601272583 0.816572666 0.006216534 -0.577209592 357.374084473
-0.627289534 0.050344422 -0.777157307 -189.419250488 0.023367442 0.998675764 0.045833200 1.609304428 0.778435647 0.010590505 -0.627635241 357.034729004
-0.677651525 0.050165035 -0.733670473 -189.760955811 0.023256591 0.998633444 0.046801161 1.624592781 0.735015631 0.014652197 -0.677892208 356.669403076
-0.725924253 0.048963618 -0.686029613 -190.109252930 0.024901172 0.998679817 0.044928979 1.651803970 0.687323809 0.015532094 -0.726185203 356.261016846
-0.771563292 0.048647102 -0.634289801 -190.409393311 0.027039748 0.998678625 0.043702330 1.676248074 0.635577619 0.016568078 -0.771859169 355.835784912
-0.814132452 0.049032290 -0.578605473 -190.695922852 0.028255690 0.998593390 0.044865541 1.691728115 0.579991460 0.020177595 -0.814372778 355.375823975
-0.852185965 0.044762511 -0.521321177 -190.929077148 0.025263684 0.998691976 0.044453617 1.718949080 0.522629142 0.024712248 -0.852202058 354.891296387
-0.885911822 0.042772893 -0.461877435 -191.119781494 0.024612207 0.998671293 0.045275681 1.728123069 0.463200331 0.028742438 -0.885787368 354.421020508
-0.915951490 0.042507838 -0.399031371 -191.303497314 0.026547711 0.998614192 0.045441326 1.748938799 0.400409997 0.031028677 -0.915810704 353.907318115
-0.940753579 0.047224872 -0.335786283 -191.468933105 0.033214889 0.998326063 0.047347944 1.759783745 0.337460190 0.033389647 -0.940747380 353.362304688
-0.960536122 0.050030909 -0.273620218 -191.612091064 0.038601957 0.998148799 0.046998471 1.788749814 0.275465071 0.034581438 -0.960689306 352.797515869
-0.975008368 0.050086465 -0.216448933 -191.701568604 0.041102584 0.998104095 0.045812842 1.806093931 0.218333170 0.035771292 -0.975218415 352.246582031
-0.985410333 0.046398412 -0.163749427 -191.766174316 0.039888304 0.998286009 0.042824868 1.832039475 0.165455759 0.035668377 -0.985572219 351.661743164
-0.992124200 0.041473463 -0.118192583 -191.805023193 0.036869876 0.998483777 0.040874686 1.853625536 0.119708590 0.036195021 -0.992149115 351.073455811
-0.995955467 0.037172209 -0.081798613 -191.817489624 0.034080233 0.998662651 0.038877271 1.864725590 0.083134376 0.035932310 -0.995890379 350.485137939
-0.998073220 0.033029154 -0.052530617 -191.822036743 0.030928023 0.998708010 0.040320456 1.888131618 0.053794499 0.038618088 -0.997805238 349.868591309
-0.998990893 0.032843348 -0.030642325 -191.822448730 0.031565253 0.998648047 0.041300688 1.913374424 0.031957351 0.040291768 -0.998677015 349.234283447
-0.999317169 0.034444258 -0.013367578 -191.824172974 0.033889368 0.998635769 0.039725896 1.935722828 0.014717671 0.039245751 -0.999121189 348.599212646
-0.999345422 0.036139544 0.001723735 -191.810409546 0.036177341 0.998762131 0.034137424 1.945709229 -0.000487891 0.034177434 -0.999415755 347.954101562
-0.999032259 0.040870085 0.016271206 -191.797531128 0.041288227 0.998802364 0.026250247 1.960624695 -0.015178869 0.026896644 -0.999523282 347.307556152
-0.998544216 0.044595622 0.030350074 -191.775634766 0.045137264 0.998829246 0.017401494 1.978194594 -0.029538510 0.018746078 -0.999388099 346.631225586
-0.998041749 0.042770624 0.045647591 -191.732788086 0.043461643 0.998953402 0.014254155 1.995227695 -0.044990160 0.016210157 -0.998856068 345.942901611
-0.997432947 0.040262096 0.059219878 -191.674621582 0.041146576 0.999057949 0.013792275 2.000712633 -0.058608782 0.016193561 -0.998149991 345.245513916
-0.996729493 0.039292891 0.070616931 -191.617462158 0.040407907 0.999079049 0.014430527 2.012028933 -0.069984883 0.017236810 -0.997399330 344.527862549
-0.996028781 0.040006578 0.079539225 -191.552124023 0.041179813 0.999065042 0.013164566 2.017776251 -0.078938186 0.016387694 -0.996744990 343.809906006
-0.995642066 0.038661879 0.084868670 -191.486648560 0.039951768 0.999109685 0.013552631 2.012559175 -0.084269136 0.016884219 -0.996300220 343.077697754
-0.995432019 0.034515731 0.089016825 -191.403823853 0.035852827 0.999266386 0.013465342 2.018135309 -0.088486753 0.016595336 -0.995939136 342.329132080
-0.995143294 0.032458503 0.092932150 -191.326263428 0.033766363 0.999351144 0.012535264 2.027293205 -0.092464976 0.015612363 -0.995593548 341.562225342
-0.994724512 0.032936279 0.097154528 -191.245605469 0.034436908 0.999311447 0.013809161 2.030094624 -0.096632808 0.017082008 -0.995173931 340.779327393
-0.994175434 0.033919673 0.102298796 -191.160140991 0.035616454 0.999255836 0.014805282 2.040968180 -0.101720475 0.018362565 -0.994643688 339.982452393
-0.993721843 0.031561755 0.107336566 -191.072113037 0.033736393 0.999259472 0.018504456 2.043033361 -0.106673039 0.022009425 -0.994050741 339.186737061
-0.993277073 0.027827118 0.112368844 -190.967498779 0.030184083 0.999357462 0.019328425 2.053652287 -0.111758791 0.022590226 -0.993478775 338.377319336
-0.992730141 0.026055429 0.117509156 -190.861846924 0.028691281 0.999372005 0.020795222 2.061259508 -0.116893530 0.024015527 -0.992854357 337.548797607
-0.992291570 0.025070107 0.121362612 -190.745880127 0.027561808 0.999441504 0.018895805 2.077432156 -0.120821111 0.022095121 -0.992428303 336.699981689
-0.992125392 0.022280941 0.123251796 -190.632171631 0.024335330 0.999588490 0.015187820 2.083102703 -0.122862674 0.018067593 -0.992259383 335.857727051
-0.992082477 0.019866221 0.124006718 -190.519287109 0.021460272 0.999703169 0.011531939 2.092101574 -0.123740815 0.014101853 -0.992214322 335.000915527
-0.992157936 0.018918738 0.123551786 -190.402221680 0.020157557 0.999758244 0.008784266 2.099751711 -0.123355731 0.011205880 -0.992299318 334.127838135
-0.992384315 0.018525414 0.121780381 -190.290679932 0.019930791 0.999747992 0.010332171 2.100664854 -0.121558279 0.012680663 -0.992503524 333.240325928
-0.992589116 0.016744474 0.120360374 -190.183715820 0.018509159 0.999736726 0.013558642 2.102129698 -0.120101660 0.015685929 -0.992637753 332.345367432
-0.992910028 0.014091003 0.118030481 -190.064849854 0.015954979 0.999762237 0.014862305 2.108229876 -0.117792994 0.016640106 -0.992898822 331.427978516
-0.993232965 0.012584981 0.115456089 -189.952880859 0.014376683 0.999788582 0.014698870 2.116028070 -0.115246698 0.016259275 -0.993203998 330.515380859
-0.993567944 0.010441913 0.112755172 -189.841430664 0.012293710 0.999800503 0.015740357 2.125690699 -0.112568326 0.017025292 -0.993498206 329.596893311
-0.993904471 0.008367557 0.109928377 -189.733245850 0.010349864 0.999793768 0.017474506 2.128937721 -0.109759487 0.018505730 -0.993786097 328.672424316
-0.994122386 0.008386895 0.107937224 -189.629821777 0.010683063 0.999728382 0.020712543 2.137552738 -0.107734196 0.021743901 -0.993941903 327.741821289
-0.994458199 0.006889443 0.104907282 -189.515441895 0.009614720 0.999628723 0.025494432 2.156592369 -0.104692690 0.026361799 -0.994155169 326.819824219
-0.994681478 0.006349377 0.102804281 -189.422348022 0.009764375 0.999415874 0.032749351 2.167922974 -0.102536291 0.033578988 -0.994162440 325.886505127
-0.994892955 0.005936993 0.100760087 -189.325622559 0.009657475 0.999287844 0.036476642 2.186165810 -0.100471772 0.037263446 -0.994241834 324.945434570
-0.995120764 0.003569779 0.098602735 -189.223754883 0.007063650 0.999358594 0.035107478 2.204714775 -0.098414160 0.035632662 -0.994507670 324.015960693
-0.995364428 0.001748692 0.096160524 -189.130462646 0.004730545 0.999514699 0.030789904 2.225127220 -0.096060015 0.031102065 -0.994889617 323.116027832
-0.995576024 0.003148630 0.093908720 -189.036437988 0.005920136 0.999554634 0.029248795 2.245077133 -0.093774803 0.029675344 -0.995151162 322.183502197
-0.995732546 0.001373919 0.092278428 -188.942306519 0.004200678 0.999527574 0.030445702 2.262619019 -0.092193007 0.030703399 -0.995267987 321.257263184
-0.995900989 0.003988276 0.090362974 -188.862625122 0.006752502 0.999517858 0.030305220 2.275206566 -0.090198547 0.030791173 -0.995447755 320.338226318
-0.996043801 0.005609551 0.088688068 -188.775756836 0.008211547 0.999545634 0.029001163 2.286402702 -0.088485092 0.029614693 -0.995637298 319.408477783
-0.996163011 0.005426070 0.087349020 -188.695816040 0.007828062 0.999599934 0.027179778 2.311245918 -0.087166592 0.027759261 -0.995806932 318.467620850
-0.996380091 0.000958088 0.085005738 -188.600006104 0.003291606 0.999621451 0.027315393 2.320908546 -0.084947385 0.027496316 -0.996006012 317.540802002
-0.996530414 -0.003269326 0.083167396 -188.506942749 -0.001184131 0.999684036 0.025109252 2.337668419 -0.083223209 0.024923647 -0.996219397 316.619354248
-0.996704698 -0.007234333 0.080792785 -188.421463013 -0.005237324 0.999676168 0.024902282 2.350261688 -0.080946773 0.024397084 -0.996419787 315.680236816
-0.996864200 -0.010474304 0.078435950 -188.337951660 -0.008428879 0.999616861 0.026363470 2.368460655 -0.078682043 0.025619671 -0.996570587 314.740295410
-0.997026443 -0.014826663 0.075621240 -188.244049072 -0.012698146 0.999511719 0.028550666 2.385608673 -0.076007627 0.027505517 -0.996727943 313.789855957
-0.997178793 -0.015281721 0.073491037 -188.171661377 -0.013039003 0.999437392 0.030900469 2.396385193 -0.073921904 0.029855041 -0.996816993 312.821899414
-0.997410178 -0.008399934 0.071432278 -188.109542847 -0.006220409 0.999509931 0.030679664 2.414850235 -0.071654975 0.030155869 -0.996973515 311.862396240
-0.997586846 -0.000783345 0.069429167 -188.051559448 0.001130583 0.999620557 0.027523061 2.426628113 -0.069424376 0.027535131 -0.997207403 310.915496826
-0.997688174 -0.001434558 0.067946017 -187.984542847 0.000224203 0.999702275 0.024399009 2.456633091 -0.067960791 0.024357829 -0.997390866 309.936920166
-0.997723579 -0.002571139 0.067388304 -187.917404175 -0.000630273 0.999584794 0.028806686 2.479364395 -0.067434385 0.028698634 -0.997310996 308.974609375
-0.997769952 -0.001003579 0.066739760 -187.847381592 0.001485409 0.999305487 0.037233852 2.499346733 -0.066730775 0.037249953 -0.997075438 308.011657715
-0.997782826 -0.000020157 0.066555865 -187.781326294 0.002572429 0.999241054 0.038867619 2.515441895 -0.066506132 0.038952645 -0.997025490 307.047393799
-0.997727513 -0.006821007 0.067033954 -187.700942993 -0.004518237 0.999396443 0.034444053 2.535663605 -0.067228436 0.034062896 -0.997156143 306.105010986
-0.997600317 -0.010475829 0.068441756 -187.622406006 -0.008684821 0.999613345 0.026413707 2.560496330 -0.068691999 0.025755914 -0.997305512 305.166107178
-0.997523189 -0.007362469 0.069952443 -187.553619385 -0.005816557 0.999734879 0.022277517 2.570609093 -0.070097916 0.021815458 -0.997301579 304.224487305
-0.997419000 -0.006565596 0.071501546 -187.484313965 -0.005089883 0.999770641 0.020801568 2.580890179 -0.071621723 0.020383941 -0.997223735 303.276885986
-0.997405767 -0.006994064 0.071643606 -187.403991699 -0.005401357 0.999734461 0.022400629 2.591449738 -0.071781255 0.021955542 -0.997178674 302.334716797
-0.997404218 -0.005003422 0.071832158 -187.335052490 -0.003291214 0.999708116 0.023934836 2.597552299 -0.071930945 0.023636291 -0.997129560 301.379974365
-0.997468710 -0.005397974 0.070904605 -187.265182495 -0.003712885 0.999708056 0.023875913 2.611781120 -0.071012780 0.023552211 -0.997197509 300.442382812
-0.997640014 -0.006517667 0.068351842 -187.196578979 -0.004966383 0.999726772 0.022840997 2.620211601 -0.068482034 0.022447629 -0.997399688 299.499694824
-0.997815490 -0.006392791 0.065755606 -187.129623413 -0.004942313 0.999741375 0.022197684 2.628856182 -0.065880507 0.021824205 -0.997588992 298.577423096
-0.997995496 -0.005470716 0.063048542 -187.067550659 -0.003870151 0.999667823 0.025480453 2.635624886 -0.063166998 0.025185369 -0.997685194 297.639190674
-0.998155594 -0.005430697 0.060464993 -187.008605957 -0.003950744 0.999690354 0.024568886 2.643117905 -0.060579695 0.024284687 -0.997867942 296.711303711
-0.998312950 -0.005941979 0.057759732 -186.950500488 -0.004739604 0.999769688 0.020931587 2.648993969 -0.057870805 0.020622514 -0.998111248 295.784606934
-0.998468995 -0.003316836 0.055216547 -186.887725830 -0.002333429 0.999837697 0.017864967 2.663324356 -0.055266842 0.017708769 -0.998314738 294.858734131
-0.998463988 -0.003217494 0.055312246 -186.840072632 -0.002047114 0.999773085 0.021203168 2.671869278 -0.055367917 0.021057367 -0.998244047 293.919555664
-0.998516917 -0.003697552 0.054317806 -186.783813477 -0.002274608 0.999653220 0.026235139 2.681378365 -0.054395974 0.026072675 -0.998178959 292.997924805
-0.998507380 -0.002313001 0.054570775 -186.737060547 -0.000852464 0.999641180 0.026772205 2.691976547 -0.054613117 0.026685722 -0.998151183 292.070953369
-0.998506784 -0.000935641 0.054624554 -186.678741455 0.000306154 0.999741793 0.022720490 2.712526798 -0.054631710 0.022703283 -0.998248696 291.151336670
-0.998419166 0.000798267 0.056202233 -186.625274658 0.001856238 0.999822021 0.018774673 2.727392673 -0.056177244 0.018849317 -0.998242855 290.191864014
-0.998252630 0.006348078 0.058750644 -186.561111450 0.007462161 0.999796093 0.018762980 2.731912613 -0.058619559 0.019168597 -0.998096466 289.301300049
-0.997915864 0.010785908 0.063622892 -186.512466431 0.012122875 0.999712944 0.020665469 2.740284920 -0.063381732 0.021393688 -0.997760177 288.365936279
-0.997545719 0.014561007 0.068488173 -186.450271606 0.015989441 0.999664962 0.020354902 2.751462460 -0.068168834 0.021400033 -0.997444272 287.431915283
-0.997342229 0.009826729 0.072193153 -186.365371704 0.011147220 0.999777436 0.017910985 2.763844967 -0.072001077 0.018668136 -0.997229815 286.494415283
-0.997155309 0.005467858 0.075178906 -186.283294678 0.006665200 0.999854743 0.015684908 2.763466120 -0.075082220 0.016141368 -0.997046947 285.586334229
-0.996963978 0.004860717 0.077715971 -186.208221436 0.006425963 0.999781251 0.019903218 2.774314404 -0.077602230 0.020342184 -0.996777177 284.645874023
-0.996937871 0.003942638 0.078097135 -186.127029419 0.005917395 0.999668181 0.025070647 2.782266140 -0.077972382 0.025456009 -0.996630430 283.708526611
-0.996928215 0.002476169 0.078284897 -186.044754028 0.004787611 0.999557674 0.029352153 2.793496132 -0.078177586 0.029636780 -0.996499062 282.759307861
-0.996857047 0.005159042 0.079054549 -185.966217041 0.006961584 0.999721646 0.022542629 2.806606770 -0.078916244 0.023022123 -0.996615410 281.824096680
-0.996735334 0.011560400 0.079909965 -185.892684937 0.012799838 0.999805331 0.015015623 2.820152760 -0.079720825 0.015989432 -0.996689200 280.888183594
-0.996605873 0.015024488 0.080938555 -185.822875977 0.015991159 0.999808192 0.011308281 2.831588507 -0.080753133 0.012564201 -0.996654868 279.948211670
-0.996693254 0.011786387 0.080398485 -185.742797852 0.013225642 0.999761283 0.017392527 2.825784206 -0.080174297 0.018398333 -0.996611118 278.991455078
-0.996723533 0.010296761 0.080227479 -185.654571533 0.012271709 0.999632716 0.024162807 2.835924149 -0.079949215 0.025068164 -0.996483803 278.024719238
-0.996793032 0.008594474 0.079561748 -185.573440552 0.010892607 0.999534547 0.028496101 2.842802048 -0.079279810 0.029271346 -0.996422648 277.072265625
-0.996911407 0.010169968 0.077875488 -185.494293213 0.012419395 0.999517918 0.028455283 2.862536907 -0.077548556 0.029334556 -0.996557117 276.109069824
-0.997163296 0.011166631 0.074437104 -185.411865234 0.012964134 0.999634862 0.023708668 2.887330532 -0.074145176 0.024606422 -0.996943951 275.150756836
-0.997323275 0.013134534 0.071929634 -185.351226807 0.014724550 0.999657810 0.021619665 2.906583309 -0.071621053 0.022620926 -0.997175455 274.192565918
-0.997461081 0.013859225 0.069854379 -185.277084351 0.015513366 0.999610603 0.023193209 2.919016838 -0.069505736 0.024217995 -0.997287750 273.220825195
-0.997661710 0.016246026 0.066387452 -185.212188721 0.018243728 0.999395430 0.029596929 2.934443474 -0.065866478 0.030738875 -0.997354865 272.240020752
-0.997784138 0.016482463 0.064463660 -185.150787354 0.018555010 0.999325633 0.031685200 2.950731277 -0.063897945 0.032811109 -0.997417092 271.265838623
-0.997945547 0.015745712 0.062104743 -185.079849243 0.017705554 0.999358416 0.031133957 2.970063686 -0.061574668 0.032169588 -0.997584105 270.284271240
-0.997904897 0.013262067 0.063324973 -185.013549805 0.015122658 0.999465227 0.028993279 2.988416195 -0.062906593 0.029890176 -0.997571826 269.310028076
-0.997837782 0.015944995 0.063763052 -184.942687988 0.017796811 0.999433041 0.028580401 3.006544113 -0.063271187 0.029653382 -0.997555733 268.329406738
-0.997661352 0.017441852 0.066087268 -184.874374390 0.019383220 0.999395847 0.028849352 3.023212433 -0.065544158 0.030062869 -0.997396708 267.344451904
-0.997491956 0.015353765 0.069097161 -184.799255371 0.017385293 0.999431193 0.028896336 3.041926384 -0.068614192 0.030025132 -0.997191548 266.358032227
-0.997267485 0.013462121 0.072638765 -184.719863892 0.015888844 0.999331236 0.032934330 3.064021111 -0.072146818 0.033998482 -0.996814489 265.359954834
-0.997036576 0.013389985 0.075755171 -184.635848999 0.016112408 0.999241889 0.035440814 3.087472439 -0.075223185 0.036556382 -0.996496439 264.373016357
-0.996950030 0.013318663 0.076899417 -184.556030273 0.015897028 0.999328434 0.033014845 3.101440430 -0.076408058 0.034136619 -0.996492267 263.388153076
-0.996913671 0.013991131 0.077250756 -184.471694946 0.016035723 0.999535620 0.025910368 3.122061729 -0.076852366 0.027069168 -0.996675134 262.407226562
-0.996812820 0.013804823 0.078575596 -184.388122559 0.015482213 0.999664247 0.020778436 3.140102148 -0.078262374 0.021928731 -0.996691823 261.423095703
-0.996652484 0.012609307 0.080777161 -184.303466797 0.014312331 0.999686599 0.020538768 3.154298067 -0.080492869 0.021626120 -0.996520519 260.418395996
-0.996518254 0.011891946 0.082522519 -184.218383789 0.014059266 0.999570012 0.025732152 3.162410259 -0.082181029 0.026802763 -0.996256948 259.418945312
-0.996401072 0.005888037 0.084559165 -184.119033813 0.008614558 0.999453425 0.031915359 3.179397583 -0.084325030 0.032528937 -0.995907187 258.418975830
-0.996252418 0.003675904 0.086416446 -184.020828247 0.006283600 0.999532461 0.029923312 3.200479031 -0.086266048 0.030354176 -0.995809674 257.415344238
-0.996094465 0.005473498 0.088126794 -183.924270630 0.007624982 0.999680579 0.024095416 3.220421314 -0.087966755 0.024673268 -0.995818019 256.421203613
-0.995874286 0.009160965 0.090280838 -183.837890625 0.010066072 0.999903500 0.009575243 3.230395794 -0.090184405 0.010444512 -0.995870352 255.430847168
-0.995574713 0.013187005 0.093046956 -183.750518799 0.013229067 0.999912500 -0.000164758 3.228041172 -0.093040988 0.001066896 -0.995661974 254.439697266
-0.995385408 0.016441643 0.094537862 -183.651641846 0.016574230 0.999862432 0.000617370 3.222237825 -0.094514705 0.002181413 -0.995521069 253.437408447
-0.995216608 0.016958211 0.096210890 -183.554626465 0.018189840 0.999763250 0.011938685 3.217240334 -0.095985658 0.013631637 -0.995289564 252.422546387
-0.995182991 0.015194204 0.096850626 -183.451950073 0.017515454 0.999578297 0.023162324 3.227912426 -0.096457846 0.024747133 -0.995029449 251.413024902
-0.995272040 0.013707762 0.096156009 -183.343521118 0.016734609 0.999387205 0.030742999 3.237294674 -0.095675670 0.032206777 -0.994891524 250.405975342
-0.995355368 0.011602424 0.095567189 -183.245040894 0.014585460 0.999426067 0.030574830 3.249289513 -0.095157593 0.031826712 -0.994953275 249.397430420
-0.995468259 0.013403027 0.094147027 -183.147460938 0.015785445 0.999572575 0.024606278 3.263553619 -0.093776986 0.025980918 -0.995254397 248.402679443
-0.995575190 0.016565612 0.092497349 -183.055419922 0.018491501 0.999628901 0.020002902 3.280373096 -0.092131667 0.021624807 -0.995512128 247.407012939
-0.995681286 0.019266631 0.090818197 -182.970611572 0.020872090 0.999641657 0.016761167 3.289453745 -0.090462722 0.018584343 -0.995726585 246.417449951
-0.995854020 0.021577863 0.088370472 -182.874038696 0.022930490 0.999634504 0.014319757 3.288300514 -0.088029183 0.016286764 -0.995984912 245.432189941
-0.995936155 0.024315592 0.086717084 -182.788406372 0.025624979 0.999573350 0.014018321 3.292478561 -0.086339228 0.016183477 -0.996134400 244.439880371
-0.996061206 0.024540827 0.085205548 -182.702377319 0.026082966 0.999514639 0.017033072 3.294045925 -0.084746189 0.019188395 -0.996217847 243.449005127
-0.996125579 0.025071459 0.084295578 -182.625350952 0.026922116 0.999419272 0.020889612 3.298349857 -0.083722897 0.023078086 -0.996222019 242.473907471
-0.996314406 0.024902157 0.082082361 -182.529098511 0.026790205 0.999399364 0.021981191 3.305981636 -0.081485681 0.024099179 -0.996383071 241.498992920
-0.996458650 0.023695784 0.080677316 -182.447296143 0.025370890 0.999481976 0.019801505 3.317528963 -0.080166310 0.021778233 -0.996543646 240.531890869
-0.996614933 0.021312691 0.079402357 -182.367874146 0.022911787 0.999551535 0.019282697 3.318913937 -0.078955777 0.021036671 -0.996656179 239.571563721
-0.996705532 0.022600068 0.077893145 -182.292877197 0.024251232 0.999499440 0.020317342 3.324355841 -0.077394985 0.022139411 -0.996754766 238.632965088
-0.996724486 0.023169696 0.077486373 -182.220809937 0.025009334 0.999425888 0.022855777 3.330732822 -0.076912329 0.024718788 -0.996731639 237.676483154
-0.996796370 0.023764256 0.076370612 -182.142272949 0.025719959 0.999363303 0.024727246 3.340701103 -0.075734362 0.026612276 -0.996772885 236.732513428
-0.996671319 0.030096158 0.075765654 -182.087829590 0.032336634 0.999070048 0.028519880 3.354404688 -0.074836858 0.030874953 -0.996717691 235.800628662
-0.996523142 0.033253215 0.076393925 -182.021484375 0.035684288 0.998892069 0.030681010 3.366120338 -0.075289041 0.033300396 -0.996605635 234.879028320
-0.996586561 0.031905767 0.076139718 -181.945266724 0.034203883 0.998991966 0.029071881 3.370461226 -0.075135402 0.031576920 -0.996673346 233.970520020
-0.996252060 0.041097287 0.076113515 -181.885650635 0.043149743 0.998742640 0.025519798 3.387088299 -0.074969016 0.028708423 -0.996772766 233.071441650
-0.996064425 0.045511737 0.076055549 -181.820251465 0.047498077 0.998570442 0.024514563 3.397617340 -0.074831128 0.028030574 -0.996802330 232.197998047
-0.996585131 0.033491567 0.075476661 -181.738449097 0.035214134 0.999146163 0.021608116 3.397153616 -0.074688524 0.024192167 -0.996913552 231.326904297
-0.997033238 0.024232782 0.073057853 -181.653167725 0.025456075 0.999550104 0.015859665 3.402689695 -0.072640665 0.017672380 -0.997201562 230.489547729
-0.997205019 0.025095794 0.070370995 -181.593902588 0.025904398 0.999608219 0.010601495 3.414677143 -0.070077367 0.012394785 -0.997464418 229.646118164
-0.997570157 0.024831861 0.065096609 -181.533874512 0.025772575 0.999574602 0.013651202 3.413620710 -0.064729929 0.015295736 -0.997785807 228.822387695
-0.997965097 0.017632904 0.061275743 -181.473846436 0.018911222 0.999614179 0.020344749 3.415331841 -0.060893364 0.021462150 -0.997913480 227.993957520
-0.998247504 0.014920926 0.057269048 -181.418350220 0.016260933 0.999603093 0.023004200 3.419484377 -0.056903075 0.023895130 -0.998093963 227.174560547
-0.998396397 0.014923453 0.054609224 -181.374832153 0.016309833 0.999553621 0.025030300 3.422288179 -0.054211307 0.025880825 -0.998194218 226.379501343
-0.998555303 0.016509838 0.051134150 -181.329879761 0.017791677 0.999536216 0.024715260 3.435559988 -0.050702389 0.025589317 -0.998385906 225.602294922
-0.998728395 0.017589390 0.047249164 -181.293457031 0.018819638 0.999492049 0.025719993 3.436906099 -0.046772763 0.026576497 -0.998552084 224.851043701
-0.998894215 0.016844533 0.043901175 -181.260086060 0.017992150 0.999503195 0.025878247 3.446394920 -0.043443456 0.026639499 -0.998700976 224.102905273
-0.999074936 0.016287021 0.039808959 -181.219009399 0.017346662 0.999500453 0.026419265 3.450091362 -0.039358780 0.027085369 -0.998858333 223.393753052
-0.999189377 0.016503280 0.036721136 -181.184799194 0.017490054 0.999490082 0.026715146 3.453624487 -0.036261525 0.027335742 -0.998968482 222.702758789
-0.999197721 0.019513790 0.034974869 -181.162857056 0.020457000 0.999431014 0.026816366 3.459877491 -0.034431681 0.027510332 -0.999028325 222.025054932
-0.999174118 0.021741750 0.034334734 -181.147171021 0.022666259 0.999384582 0.026770705 3.466819525 -0.033731561 0.027526828 -0.999052048 221.362350464
-0.999132514 0.023583733 0.034321640 -181.126007080 0.024468843 0.999372721 0.025601313 3.468734503 -0.033696339 0.026418917 -0.999082923 220.738235474
-0.999049187 0.025331508 0.035489470 -181.101104736 0.026228208 0.999342501 0.025033075 3.474139214 -0.034832008 0.025940094 -0.999056697 220.134201050
-0.998850465 0.028442975 0.038587403 -181.080017090 0.029389098 0.999275625 0.024177350 3.475661278 -0.037871774 0.025283605 -0.998962879 219.547668457
-0.998550892 0.031607646 0.043561157 -181.055969238 0.032641996 0.999196827 0.023241414 3.477301836 -0.042791564 0.024629651 -0.998780608 218.976135254
-0.998212457 0.032300182 0.050284568 -181.028381348 0.033479646 0.999179482 0.022792690 3.485417128 -0.049507100 0.024435457 -0.998474836 218.429168701
-0.997759700 0.031755351 0.058885951 -180.988021851 0.033194885 0.999169469 0.023630993 3.486073256 -0.058086634 0.025532762 -0.997985125 217.912094116
-0.997076392 0.031314645 0.069700263 -180.943649292 0.033018839 0.999179959 0.023433773 3.493271112 -0.068909287 0.025666682 -0.997292757 217.416030884
-0.995945215 0.032633133 0.083837911 -180.900848389 0.034639254 0.999144614 0.022586085 3.495722771 -0.083029144 0.025398578 -0.996223688 216.932723999
-0.994181514 0.036271032 0.101429708 -180.856155396 0.038545307 0.999045491 0.020552257 3.495902538 -0.100587435 0.024342308 -0.994630575 216.477096558
-0.991732001 0.036950324 0.122891463 -180.789337158 0.039339345 0.999080122 0.017069964 3.500750065 -0.122147672 0.021763297 -0.992273331 216.029373169
-0.988113165 0.037086513 0.149189547 -180.713745117 0.039752062 0.999098122 0.014923690 3.502262592 -0.148501530 0.020676883 -0.988696218 215.569763184
-0.983131766 0.035871595 0.179347113 -180.598510742 0.038995072 0.999142468 0.013919675 3.498013496 -0.178693995 0.020678526 -0.983687520 215.172393799
-0.975664139 0.035794679 0.216329411 -180.473587036 0.039683167 0.999118984 0.013656456 3.497091770 -0.215649992 0.021908749 -0.976225019 214.750610352
-0.965618968 0.035223287 0.257564992 -180.330261230 0.039913800 0.999118507 0.013003614 3.500925303 -0.256879926 0.022836931 -0.966173649 214.338104248
-0.953096032 0.032353889 0.300933361 -180.167160034 0.037860844 0.999205053 0.012484029 3.502990723 -0.300290227 0.023292072 -0.953563333 213.935791016
-0.938029408 0.026053635 0.345575452 -179.979721069 0.031953231 0.999424517 0.011385139 3.500527859 -0.345079958 0.021721844 -0.938322067 213.567413330
-0.920585275 0.020513307 0.390002578 -179.765197754 0.026090074 0.999619007 0.009006723 3.495985508 -0.389669240 0.018466651 -0.920769811 213.200561523
-0.900890589 0.016951609 0.433715165 -179.568984985 0.022156432 0.999730349 0.006948064 3.488140583 -0.433480442 0.015869025 -0.901023269 212.892578125
-0.878134489 0.016820973 0.478118211 -179.331726074 0.021374634 0.999763191 0.004084373 3.488293171 -0.477936268 0.013806229 -0.878286123 212.545043945
-0.852796555 0.018173339 0.521927595 -179.068359375 0.022611069 0.999742031 0.002134366 3.490851879 -0.521754205 0.013621518 -0.852987528 212.195617676
-0.824151039 0.017811330 0.566089869 -178.825180054 0.023047382 0.999732196 0.002098548 3.487460852 -0.565900922 0.014776411 -0.824340820 211.873443604
-0.792950749 0.015386407 0.609091878 -178.500900269 0.022382351 0.999741912 0.003883913 3.489558935 -0.608874917 0.016712656 -0.793090582 211.525390625
-0.757451177 0.013392015 0.652754605 -178.187362671 0.023824787 0.999690652 0.007136277 3.480097771 -0.652457118 0.020957118 -0.757535934 211.186309814
-0.718707442 0.013292713 0.695185661 -177.816390991 0.026918640 0.999599636 0.008715994 3.488580227 -0.694791496 0.024977701 -0.718777537 210.851959229
-0.676987767 0.014541554 0.735850692 -177.417251587 0.029454490 0.999539137 0.007345886 3.485414505 -0.735404730 0.026647180 -0.677104115 210.532485962
-0.631465554 0.014451602 0.775269270 -177.007873535 0.027775755 0.999606192 0.003990253 3.484881878 -0.774906337 0.024053397 -0.631618261 210.236358643
-0.583144546 0.014778116 0.812233984 -176.574371338 0.026982728 0.999635220 0.001184518 3.480339527 -0.811920226 0.022607034 -0.583330512 209.959716797
-0.533460617 0.015159681 0.845689178 -176.090301514 0.024273295 0.999701977 -0.002608901 3.479669809 -0.845476687 0.019135917 -0.533669591 209.702255249
-0.483369589 0.020123476 0.875185072 -175.583099365 0.025440494 0.999636412 -0.008934111 3.479346991 -0.875046611 0.017946662 -0.483705759 209.457534790
-0.433552384 0.024455426 0.900796533 -175.053985596 0.026714792 0.999541104 -0.014278412 3.471953869 -0.900732338 0.017874151 -0.434006691 209.239379883
-0.381105185 0.024416149 0.924209237 -174.523712158 0.025993194 0.999539018 -0.015687736 3.460557938 -0.924166203 0.018044470 -0.381564260 209.035461426
-0.328495622 0.020884918 0.944274724 -173.962051392 0.023147060 0.999633253 -0.014056880 3.450008631 -0.944222033 0.017239559 -0.328858614 208.867675781
-0.276095510 0.016642252 0.960986257 -173.387252808 0.017283322 0.999774396 -0.012348409 3.438597679 -0.960974932 0.013199694 -0.276320815 208.748443604
-0.224685907 0.013591065 0.974336386 -172.779861450 0.009400087 0.999886453 -0.011779765 3.427263498 -0.974385858 0.006512102 -0.224788070 208.655670166
-0.176400781 0.009033611 0.984277070 -172.136611938 0.004470934 0.999954939 -0.008376228 3.418500185 -0.984308362 0.002923065 -0.176433206 208.566024780
-0.134377599 0.004462282 0.990920246 -171.492218018 0.003705954 0.999985158 -0.004000543 3.409400702 -0.990923345 0.003134722 -0.134392142 208.506958008
-0.099197745 0.004586823 0.995057225 -170.841720581 0.002679269 0.999987006 -0.004342450 3.394441366 -0.995064199 0.002235265 -0.099208832 208.467651367
-0.069906235 0.009518031 0.997508168 -170.185989380 -0.000752417 0.999953687 -0.009594096 3.381055832 -0.997553349 -0.001421228 -0.069895864 208.454101562
-0.046854854 0.016105305 0.998772025 -169.506912231 -0.004946074 0.999854028 -0.016354786 3.366691113 -0.998889625 -0.005706298 -0.046768308 208.460601807
-0.026603580 0.023029907 0.999380767 -168.831512451 -0.007400012 0.999702632 -0.023234315 3.372943878 -0.999618709 -0.008013546 -0.026425242 208.436752319
-0.010883093 0.022810705 0.999680698 -168.125930786 -0.007412178 0.999710441 -0.022892078 3.359549046 -0.999913454 -0.007658943 -0.010710835 208.442489624
-0.001190305 0.016062768 0.999870300 -167.406463623 -0.005265328 0.999857008 -0.016068824 3.345647812 -0.999985456 -0.005283772 -0.001105547 208.452133179
0.005030096 0.010645192 0.999930739 -166.680984497 -0.004622859 0.999932885 -0.010621960 3.321813107 -0.999976695 -0.004569109 0.005078971 208.464340210
0.009930611 0.009183547 0.999908566 -165.947158813 -0.002868178 0.999953985 -0.009155478 3.301582813 -0.999946654 -0.002776995 0.009956479 208.474990845
0.014535546 0.012482834 0.999816418 -165.196105957 -0.000316780 0.999922097 -0.012479547 3.288108587 -0.999894261 -0.000135326 0.014538348 208.474639893
0.018747032 0.021671029 0.999589503 -164.456741333 0.001226025 0.999763846 -0.021697804 3.270006418 -0.999823630 0.001632293 0.018716037 208.491958618
0.020939231 0.029653290 0.999340832 -163.697814941 0.001702486 0.999557555 -0.029695390 3.252668619 -0.999779284 0.002323163 0.020879447 208.521667480
0.023754239 0.030995071 0.999237239 -162.927352905 0.003193583 0.999511838 -0.031079508 3.228278160 -0.999712765 0.003929419 0.023643672 208.542297363
0.025986493 0.025435675 0.999338806 -162.149871826 0.005081176 0.999659956 -0.025575984 3.206045628 -0.999649525 0.005742449 0.025848389 208.554229736
0.028292775 0.016445920 0.999464452 -161.352844238 0.006168681 0.999842763 -0.016626768 3.178328514 -0.999580681 0.006635794 0.028186858 208.580688477
0.030487955 0.013028234 0.999450386 -160.554687500 0.008069409 0.999879241 -0.013279982 3.152991772 -0.999502718 0.008469854 0.030379117 208.607742310
0.032864690 0.014281244 0.999357820 -159.756378174 0.011649533 0.999824524 -0.014671019 3.134677887 -0.999391973 0.012124212 0.032692552 208.631973267
0.035651863 0.016471334 0.999228597 -158.949935913 0.014318403 0.999753118 -0.016990855 3.120733023 -0.999261796 0.014913114 0.035407245 208.655731201
0.038027942 0.017657219 0.999120712 -158.091308594 0.015151897 0.999718726 -0.018244490 3.090755701 -0.999161839 0.015832374 0.037749708 208.687789917
0.039510608 0.017859347 0.999059558 -157.261810303 0.015722420 0.999705374 -0.018492678 3.071108818 -0.999095500 0.016438290 0.039218128 208.727447510
0.041146398 0.019565389 0.998961627 -156.426513672 0.012106027 0.999725103 -0.020078981 3.045199156 -0.999079883 0.012919636 0.040898204 208.769805908
0.042050660 0.020549012 0.998904169 -155.554138184 0.011664842 0.999710262 -0.021056648 3.022951126 -0.999047399 0.012537506 0.041798770 208.816894531
0.043860078 0.020249454 0.998832524 -154.695602417 0.012133460 0.999710023 -0.020800043 3.002146959 -0.998964071 0.013031588 0.043601692 208.856811523
0.044533193 0.015273714 0.998891294 -153.819290161 0.015408041 0.999753714 -0.015973836 2.978952169 -0.998889208 0.016102323 0.044286907 208.904510498
0.045888901 0.010947735 0.998886526 -152.915328979 0.016144942 0.999801219 -0.011699459 2.957618237 -0.998816073 0.016663840 0.045702994 208.940490723
0.047830403 0.010600726 0.998799324 -152.027801514 0.016600043 0.999797165 -0.011406261 2.935113430 -0.998717666 0.017125677 0.047644734 208.989196777
0.051194131 0.013129324 0.998602450 -151.141723633 0.021344360 0.999670804 -0.014237608 2.916047096 -0.998460650 0.022043413 0.050897002 209.028961182
0.055367291 0.013824429 0.998370349 -150.218719482 0.025287863 0.999563992 -0.015243364 2.895666599 -0.998145759 0.026090637 0.054993510 209.078826904
0.059542954 0.010955023 0.998165727 -149.320602417 0.026064688 0.999581814 -0.012525389 2.875768661 -0.997885525 0.026762677 0.059232533 209.133728027
0.064539731 0.007996941 0.997883201 -148.409011841 0.024845829 0.999645054 -0.009618008 2.853362083 -0.997605860 0.025413977 0.064318120 209.196456909
0.068885922 0.006978543 0.997600257 -147.488235474 0.024772281 0.999655247 -0.008703490 2.823750496 -0.997317076 0.025312381 0.068689287 209.276687622
0.074144006 0.006411664 0.997226954 -146.598312378 0.026351247 0.999617577 -0.008386256 2.802608967 -0.996899366 0.026899965 0.073946714 209.344421387
0.079826593 0.002066888 0.996806681 -145.697280884 0.025405619 0.999668777 -0.004107366 2.790326118 -0.996485054 0.025652368 0.079747617 209.419036865
0.084856629 -0.001183442 0.996392548 -144.781250000 0.025915002 0.999663651 -0.001019697 2.775997639 -0.996056199 0.025908040 0.084858775 209.497406006
0.089978755 0.000115875 0.995943844 -143.887161255 0.025486223 0.999672234 -0.002418870 2.758073807 -0.995617688 0.025600491 0.089946270 209.585174561
0.095320880 0.008577198 0.995409787 -142.997573853 0.019781899 0.999749064 -0.010508917 2.741905928 -0.995250165 0.020692812 0.095127285 209.679611206
0.100610316 0.013843985 0.994829714 -142.102050781 0.016855644 0.999735951 -0.015616931 2.721905947 -0.994783223 0.018339720 0.100350440 209.771911621
0.104977369 0.012662937 0.994394183 -141.207534790 0.017873174 0.999733388 -0.014617791 2.700556755 -0.994314134 0.019307517 0.104723036 209.872955322
0.108447552 0.007086926 0.994077027 -140.319900513 0.014058445 0.999863684 -0.008661870 2.674830198 -0.994002879 0.014914534 0.108333111 209.978073120
0.110277891 0.002764653 0.993896961 -139.394104004 0.008299700 0.999958694 -0.003702410 2.646977901 -0.993866205 0.008657341 0.110250413 210.101089478
0.110763133 0.004497014 0.993836641 -138.521560669 0.006681520 0.999963820 -0.005269394 2.631816387 -0.993824363 0.007223994 0.110729098 210.213348389
0.111168802 0.006011648 0.993783534 -137.644485474 0.004693316 0.999967396 -0.006574071 2.613964558 -0.993790627 0.005394972 0.111136973 210.307388306
0.111101985 0.007033736 0.993784130 -136.781707764 0.002420329 0.999970078 -0.007348103 2.596937180 -0.993806064 0.003221674 0.111081600 210.403869629
0.109747469 0.007044346 0.993934572 -135.842727661 -0.002921234 0.999972880 -0.006764587 2.576196909 -0.993955255 -0.002161119 0.109765053 210.526885986
0.108903408 0.010170601 0.994000375 -134.972167969 -0.009702725 0.999910891 -0.009168040 2.557909966 -0.994005084 -0.008646080 0.108992398 210.635147095
0.107070088 0.011732516 0.994182229 -134.105438232 -0.012751502 0.999864340 -0.010426277 2.541037083 -0.994169652 -0.011560975 0.107205153 210.742034912
0.105590403 0.016469965 0.994273245 -133.247863770 -0.013851622 0.999790192 -0.015090329 2.520048141 -0.994313180 -0.012178904 0.105796397 210.839706421
0.102560937 0.018474204 0.994555295 -132.369644165 -0.017700717 0.999703109 -0.016744487 2.491038561 -0.994569361 -0.015887007 0.102857471 210.951263428
0.101491153 0.018657690 0.994661510 -131.536453247 -0.018178347 0.999691963 -0.016897207 2.468648434 -0.994670391 -0.016366383 0.101799071 211.038177490
0.099519312 0.016847815 0.994893014 -130.707595825 -0.016605154 0.999745548 -0.015268974 2.443766117 -0.994897127 -0.015000792 0.099773765 211.121292114
0.096383989 0.015143758 0.995229125 -129.862792969 -0.018440960 0.999739826 -0.013426459 2.415939808 -0.995173454 -0.017058881 0.096638203 211.215988159
0.093470573 0.015451059 0.995502234 -129.068618774 -0.020312846 0.999701023 -0.013608995 2.394274712 -0.995414913 -0.018949438 0.093756497 211.299468994
0.090689600 0.015156022 0.995763838 -128.276473999 -0.025252067 0.999597669 -0.012914535 2.375041008 -0.995558977 -0.023973882 0.091035843 211.383789062
0.086893201 0.014978178 0.996105134 -127.513671875 -0.026574703 0.999566019 -0.012712027 2.353867054 -0.995863199 -0.025366604 0.087253511 211.453536987
0.081428587 0.015095054 0.996564925 -126.754333496 -0.025811074 0.999581873 -0.013031749 2.330751419 -0.996344924 -0.024661252 0.081784129 211.531127930
0.075250149 0.017903447 0.997004032 -126.027481079 -0.026331041 0.999525845 -0.015961362 2.311412811 -0.996817052 -0.025051055 0.075685918 211.593719482
0.068589687 0.019490944 0.997454584 -125.323806763 -0.025987851 0.999504745 -0.017743960 2.282222033 -0.997306466 -0.024704646 0.069062233 211.644683838
0.062563062 0.020243321 0.997835875 -124.650955200 -0.024136042 0.999532580 -0.018764442 2.265568495 -0.997749269 -0.022909841 0.063022375 211.690139771
0.057330251 0.019329835 0.998168111 -123.990768433 -0.021570347 0.999603152 -0.018118721 2.239691734 -0.998122215 -0.020492081 0.057724476 211.726562500
0.052066922 0.020186365 0.998439550 -123.357452393 -0.017748350 0.999656498 -0.019285422 2.216277122 -0.998485863 -0.016716521 0.052407324 211.749603271
0.046064794 0.020947633 0.998718798 -122.728744507 -0.014954200 0.999682546 -0.020278102 2.189521074 -0.998826504 -0.014000935 0.046363413 211.772064209
0.039674580 0.023056503 0.998946607 -122.096191406 -0.015188854 0.999632180 -0.022469079 2.170638561 -0.999097228 -0.014281402 0.040010214 211.800781250
0.033546150 0.026184816 0.999094248 -121.482894897 -0.013182011 0.999581397 -0.025754979 2.146639824 -0.999350369 -0.012306085 0.033877254 211.822082520
0.027828515 0.027433567 0.999236345 -120.879119873 -0.013008757 0.999548614 -0.027079852 2.120266914 -0.999528229 -0.012245225 0.028172851 211.844635010
0.022896767 0.027797068 0.999351442 -120.263153076 -0.013357846 0.999532640 -0.027496060 2.084972382 -0.999648690 -0.012719608 0.023257375 211.857788086
0.017982185 0.028741958 0.999425232 -119.658645630 -0.015803389 0.999470055 -0.028458904 2.078336477 -0.999713540 -0.015282545 0.018426895 211.869812012
0.013971150 0.025483686 0.999577582 -119.039398193 -0.014560640 0.999574363 -0.025280088 2.067452908 -0.999796391 -0.014201297 0.014336228 211.890228271
0.013131082 0.016775660 0.999773085 -118.434600830 -0.011749128 0.999792814 -0.016621677 2.042204618 -0.999844790 -0.011528200 0.013325512 211.891479492
0.011660278 0.011703290 0.999863565 -117.837493896 -0.010178623 0.999881089 -0.011584793 2.023561239 -0.999880254 -0.010042152 0.011777997 211.908401489
0.012038529 0.008131236 0.999894619 -117.254730225 -0.010408881 0.999913752 -0.008006071 2.000684023 -0.999873519 -0.010311400 0.012122154 211.922088623
0.014651179 0.001158015 0.999891996 -116.651702881 -0.014372480 0.999896288 -0.000947423 1.992639303 -0.999789417 -0.014357046 0.014666319 211.946136475
0.018579602 -0.003228788 0.999822199 -116.032028198 -0.014388618 0.999890387 0.003496390 1.981450319 -0.999723852 -0.014451021 0.018531144 211.939666748
0.024018288 -0.001890643 0.999709785 -115.450469971 -0.009068731 0.999956667 0.002108990 1.966539621 -0.999670446 -0.009116754 0.024000108 211.951583862
0.032435656 0.001352554 0.999473035 -114.866836548 -0.000576291 0.999998927 -0.001334563 1.956183672 -0.999473751 -0.000532700 0.032436371 211.964340210
0.043996394 0.006356779 0.999011576 -114.291992188 0.004509293 0.999968290 -0.006561458 1.939924002 -0.999021590 0.004793516 0.043966353 211.995590210
0.060471594 0.014682766 0.998061955 -113.723571777 0.009732930 0.999835610 -0.015298568 1.930687428 -0.998122513 0.010639196 0.060318768 212.029006958
0.080740869 0.016609643 0.996596813 -113.157531738 0.013834882 0.999746144 -0.017782988 1.923032999 -0.996639192 0.015223613 0.080490589 212.086410522
0.103008568 0.014433144 0.994575739 -112.584945679 0.017565703 0.999712408 -0.016326971 1.903113842 -0.994525373 0.019152239 0.102725387 212.163452148
0.126606405 0.015011617 0.991839468 -112.024688721 0.016494686 0.999715388 -0.017236337 1.879459620 -0.991815925 0.018542312 0.126322746 212.255920410
0.152931154 0.019273216 0.988048911 -111.462158203 0.016625749 0.999618113 -0.022072241 1.864046335 -0.988097012 0.019802587 0.152552366 212.352813721
0.183332741 0.019203832 0.982863367 -110.914398193 0.016555471 0.999607086 -0.022619063 1.847615242 -0.982911587 0.020418582 0.182942808 212.466033936
0.217719078 0.015695741 0.975885332 -110.376312256 0.016653007 0.999665380 -0.019793482 1.816900015 -0.975869477 0.020560844 0.217384815 212.584320068
0.254919112 0.013836385 0.966863453 -109.832580566 0.015087747 0.999718964 -0.018284539 1.808540583 -0.966844738 0.019248869 0.254638672 212.728698730
0.292721689 0.009779217 0.956147730 -109.306991577 0.009976745 0.999862015 -0.013280666 1.791483402 -0.956145644 0.013426781 0.292583704 212.933670044
0.333332658 0.004754977 0.942797303 -108.823593140 0.006249260 0.999954164 -0.007252716 1.764255881 -0.942788601 0.008309352 0.333287656 213.150222778
0.377599895 0.005314166 0.925953627 -108.328094482 0.005742458 0.999950886 -0.008080596 1.759030581 -0.925951123 0.008368483 0.377550840 213.379394531
0.422548234 0.004090898 0.906331182 -107.847824097 0.005622317 0.999958754 -0.007134731 1.735876203 -0.906323016 0.008110449 0.422507823 213.635131836
0.470120490 0.004540133 0.882590652 -107.358131409 0.005336083 0.999953866 -0.007986179 1.725921869 -0.882586181 0.008464043 0.470074594 213.910049438
0.516322672 0.007248494 0.856363475 -106.905929565 0.004143417 0.999931335 -0.010961861 1.726034284 -0.856384158 0.009208129 0.516257167 214.222900391
0.562144518 0.010760876 0.826969028 -106.512031555 0.005464099 0.999845207 -0.016724719 1.704093575 -0.827020943 0.013920349 0.561998725 214.527053833
0.607067823 0.014752530 0.794513106 -106.105812073 0.005446120 0.999726951 -0.022724193 1.691363811 -0.794631422 0.018122142 0.606821775 214.873291016
0.650639176 0.017916445 0.759175718 -105.716110229 0.003407947 0.999642670 -0.026512163 1.677026749 -0.759379447 0.019837083 0.650345623 215.242858887
0.691351473 0.017763995 0.722300231 -105.347717285 0.004524127 0.999571681 -0.028913392 1.667403460 -0.722504497 0.023257095 0.690975010 215.639205933
0.729481101 0.011070439 0.683911324 -105.033645630 0.010765485 0.999559343 -0.027662618 1.649697065 -0.683916211 0.027541995 0.729040504 216.015579224
0.764811099 0.004104409 0.644241512 -104.697525024 0.013854131 0.999643683 -0.022815576 1.630899549 -0.644105613 0.026375012 0.764481723 216.446472168
0.797063828 -0.000219169 0.603895068 -104.392532349 0.014531122 0.999717355 -0.018816391 1.611459613 -0.603720248 0.023773137 0.796841741 216.892395020
0.826736748 -0.000280691 0.562588930 -104.148269653 0.012434959 0.999764681 -0.017774634 1.587251186 -0.562451541 0.021690713 0.826545715 217.325729370
0.854044735 -0.001878161 0.520196199 -103.896163940 0.014280303 0.999701262 -0.019835629 1.575501442 -0.520003557 0.024369072 0.853816390 217.793090820
0.879005373 -0.002180614 0.476806909 -103.665908813 0.014344255 0.999657869 -0.021872185 1.559857130 -0.476596057 0.026065208 0.878735900 218.266235352
0.900847733 -0.000829911 0.434134424 -103.472663879 0.011638122 0.999684930 -0.022238566 1.546951771 -0.433979183 0.025086069 0.900573552 218.741592407
0.920027554 0.002824050 0.391843557 -103.307121277 0.006034531 0.999753356 -0.021374064 1.524179816 -0.391807258 0.022029320 0.919783592 219.210311890
0.936861515 0.007229086 0.349625856 -103.154441833 -0.000523210 0.999814153 -0.019270793 1.510333776 -0.349700183 0.017871138 0.936691165 219.680480957
0.950268626 0.011169646 0.311231017 -103.028244019 -0.006036046 0.999829471 -0.017452871 1.500473976 -0.311372876 0.014706312 0.950174034 220.182662964
0.960632384 0.016015075 0.277360678 -102.912994385 -0.012647442 0.999823034 -0.013926627 1.483042717 -0.277534634 0.009870467 0.960664928 220.660736084
0.967952549 0.023816897 0.250001281 -102.818359375 -0.021699503 0.999701560 -0.011222741 1.471487284 -0.250193983 0.005438177 0.968180478 221.171707153
0.972875893 0.035929997 0.228520349 -102.730339050 -0.034576248 0.999352753 -0.009926225 1.459086299 -0.228729099 0.001755609 0.973488510 221.687362671
0.975876689 0.044740781 0.213689059 -102.636520386 -0.044023503 0.998997509 -0.008116560 1.447906733 -0.213837981 -0.001486578 0.976868033 222.228820801
0.978057325 0.046351064 0.203114435 -102.544868469 -0.045580819 0.998924732 -0.008470936 1.443056703 -0.203288674 -0.000973062 0.979118347 222.737243652
0.979538441 0.046831097 0.195732638 -102.455368042 -0.045834161 0.998902738 -0.009622240 1.433659673 -0.195968479 0.000454112 0.980610073 223.239746094
0.980408013 0.045917820 0.191550598 -102.354400635 -0.044624928 0.998942554 -0.011060399 1.421997905 -0.191855922 0.002295773 0.981420398 223.739639282
0.980300605 0.050110985 0.191048577 -102.266128540 -0.048865601 0.998742282 -0.011227401 1.408291936 -0.191370904 0.001670525 0.981516361 224.250579834
0.979685307 0.053018205 0.193405718 -102.174835205 -0.051700678 0.998592257 -0.011856814 1.391195297 -0.193762079 0.001616740 0.981047213 224.766204834
0.978979528 0.049319487 0.197905764 -102.074584961 -0.047444027 0.998772800 -0.014209958 1.378700733 -0.198363721 0.004521813 0.980118036 225.257080078
0.977075815 0.044519916 0.208184555 -101.959579468 -0.041993380 0.998980939 -0.016542209 1.363868833 -0.208708867 0.007420619 0.977949679 225.738174438
0.973592579 0.040694594 0.224636212 -101.837661743 -0.037840609 0.999139190 -0.016997380 1.354024172 -0.225134552 0.008048153 0.974294424 226.213653564
0.968601525 0.039978370 0.245383024 -101.709892273 -0.037514392 0.999187827 -0.014709261 1.332221031 -0.245771781 0.005042019 0.969314635 226.679580688
0.961147249 0.042292349 0.272777081 -101.572586060 -0.040492784 0.999105036 -0.012225991 1.330776215 -0.273050010 0.000705476 0.961999595 227.135833740
0.950929642 0.040189434 0.306786031 -101.412429810 -0.040390905 0.999167740 -0.005694777 1.315510631 -0.306759566 -0.006976032 0.951761484 227.587585449
0.938603342 0.033007745 0.343415588 -101.234695435 -0.036171086 0.999341667 0.002807927 1.302895069 -0.343096823 -0.015057243 0.939179361 228.006393433
0.923903406 0.013445139 0.382389575 -101.015556335 -0.015999781 0.999865890 0.003501447 1.291396976 -0.382291198 -0.009353148 0.923994541 228.382034302
0.905047894 0.002602495 0.425301701 -100.802864075 -0.002370581 0.999996603 -0.001074524 1.276201487 -0.425303072 -0.000035716 0.905050993 228.720169067
0.881721199 0.003637050 0.471756816 -100.585426331 0.001250619 0.999948740 -0.010046620 1.254754663 -0.471769184 0.009448307 0.881671488 229.049682617
0.853959680 0.015286096 0.520114660 -100.379150391 -0.006282023 0.999798417 -0.019069683 1.236471891 -0.520301282 0.013017368 0.853883564 229.366500854
0.821929157 0.029888330 0.568805039 -100.147979736 -0.019356288 0.999511182 -0.024550105 1.233024597 -0.569260776 0.009168494 0.822105944 229.679077148
0.785466194 0.033611618 0.617991209 -99.887252808 -0.024919223 0.999432027 -0.022685312 1.225508213 -0.618402719 0.002418683 0.785857677 229.970840454
0.746630192 0.025505835 0.664750159 -99.592178345 -0.018382629 0.999674141 -0.017709659 1.226381063 -0.664985299 0.001002713 0.746855795 230.239318848
0.705341339 0.013088325 0.708747029 -99.278816223 -0.006081440 0.999904454 -0.012412869 1.218047023 -0.708841801 0.004445109 0.705353558 230.474136353
0.661923766 0.008510284 0.749522865 -98.959472656 -0.000987189 0.999944568 -0.010481827 1.198860049 -0.749570549 0.006198249 0.661895514 230.684417725
0.616413951 0.008770107 0.787373483 -98.637573242 0.002892058 0.999906003 -0.013401505 1.191987753 -0.787416995 0.010538004 0.616330683 230.877426147
0.569265366 0.010234791 0.822090209 -98.311378479 0.005262137 0.999856651 -0.016091760 1.175440192 -0.822137058 0.013486434 0.569129944 231.055679321
0.523842454 0.011994543 0.851730645 -97.984146118 0.007969696 0.999788105 -0.018981194 1.168296576 -0.851777852 0.016731190 0.523635864 231.195541382
0.479707003 0.013821841 0.877319872 -97.675964355 0.006527815 0.999792039 -0.019320669 1.158179998 -0.877404451 0.014995242 0.479517043 231.343246460
0.439630270 0.014865769 0.898055851 -97.333068848 0.003414989 0.999828100 -0.018222194 1.153828382 -0.898172438 0.011077879 0.439503968 231.481918335
0.399189472 0.015707849 0.916733861 -96.973388672 -0.000387547 0.999856055 -0.016963355 1.149250507 -0.916868329 0.006416315 0.399138093 231.614044189
0.358520865 0.014656025 0.933406711 -96.602127075 -0.000181675 0.999877810 -0.015629951 1.142009854 -0.933521748 0.005434089 0.358479738 231.727111816
0.319231391 0.011051608 0.947612405 -96.201583862 0.002031958 0.999921739 -0.012346197 1.130540371 -0.947674632 0.005866804 0.319183946 231.838470459
0.282853246 0.007194101 0.959136307 -95.800292969 0.006002004 0.999939024 -0.009270163 1.116829395 -0.959144473 0.008378835 0.282792866 231.927490234
0.248928845 0.006829056 0.968497753 -95.386962891 0.008870519 0.999917150 -0.009330553 1.107091546 -0.968481243 0.010913721 0.248847663 232.008819580
0.219911635 0.008482205 0.975483000 -94.963912964 0.011472864 0.999870539 -0.011280694 1.093618870 -0.975452423 0.013672340 0.219785869 232.081680298
0.197091877 0.012060362 0.980310917 -94.525680542 0.013519379 0.999795794 -0.015018155 1.086657524 -0.980291843 0.016213151 0.196888566 232.152511597
0.178497612 0.016411891 0.983803570 -94.069869995 0.012654689 0.999739885 -0.018973764 1.078528881 -0.983859062 0.015836500 0.178243458 232.226791382
0.162501991 0.020519719 0.986494958 -93.601150513 0.011399883 0.999677956 -0.022671802 1.068246365 -0.986642480 0.014930140 0.162215710 232.295928955
0.147284269 0.024794579 0.988783479 -93.118148804 0.010061987 0.999596477 -0.026564511 1.055707693 -0.989043117 0.013861663 0.146975338 232.363555908
0.131858110 0.027708605 0.990881383 -92.612152100 0.009482793 0.999528229 -0.029212300 1.041137218 -0.991223335 0.013248202 0.131533146 232.428848267
0.117807806 0.028625334 0.992623746 -92.095581055 0.012313782 0.999465466 -0.030284075 1.023785114 -0.992960095 0.015790654 0.117392361 232.473358154
0.106347919 0.027566044 0.993946791 -91.556961060 0.016746389 0.999424219 -0.029509744 1.006473064 -0.994187951 0.019783320 0.105825067 232.519424438
0.099058270 0.025911978 0.994744301 -90.996582031 0.020029498 0.999406457 -0.028027996 0.991565228 -0.994880080 0.022700634 0.098480463 232.564086914
0.095842242 0.023761591 0.995112956 -90.417938232 0.021859484 0.999423683 -0.025969878 0.977149010 -0.995156527 0.024241665 0.095267594 232.615554810
0.095591426 0.020549128 0.995208681 -89.826889038 0.022532800 0.999486029 -0.022801766 0.954871178 -0.995165706 0.024604492 0.095079243 232.671264648
0.094752789 0.017645432 0.995344520 -89.219329834 0.021861946 0.999564886 -0.019801421 0.937948704 -0.995260835 0.023636408 0.094325781 232.731048584
0.092821419 0.016976329 0.995538175 -88.595535278 0.021035558 0.999598026 -0.019006867 0.919382572 -0.995460689 0.022705946 0.092427015 232.793685913
0.091447651 0.016876547 0.995667040 -87.965896606 0.020394521 0.999614954 -0.018816616 0.903326988 -0.995601177 0.022026887 0.091068268 232.849456787
0.090106130 0.017581632 0.995777071 -87.305465698 0.020075062 0.999608934 -0.019465851 0.892935753 -0.995729923 0.021744279 0.089717925 232.909942627
0.087669313 0.019425943 0.995960236 -86.637069702 0.020242244 0.999568641 -0.021278147 0.876064777 -0.995943964 0.022025909 0.087238312 232.970352173
0.084912896 0.022053055 0.996144414 -85.958175659 0.019336220 0.999530315 -0.023776269 0.858917236 -0.996200860 0.021280579 0.084446609 233.031616211
0.082496762 0.023872610 0.996305406 -85.262115479 0.018864498 0.999496520 -0.025511106 0.837331295 -0.996412814 0.020899383 0.082004845 233.089111328
0.079798400 0.025066137 0.996495903 -84.552612305 0.018634994 0.999471545 -0.026633264 0.815314770 -0.996636927 0.020694986 0.079289138 233.143310547
0.077684283 0.024962714 0.996665478 -83.807434082 0.016516792 0.999517083 -0.026321525 0.795078278 -0.996841192 0.018506484 0.077234507 233.214202881
0.075529099 0.024648469 0.996838927 -83.062393188 0.015624136 0.999542475 -0.025899138 0.774944305 -0.997021198 0.017530886 0.075109422 233.275192261
0.073098361 0.022880949 0.997062266 -82.310653687 0.015908990 0.999582827 -0.024105141 0.746416092 -0.997197866 0.017624298 0.072703838 233.332351685
0.070792496 0.021849353 0.997251809 -81.545700073 0.016302418 0.999601185 -0.023058100 0.724713326 -0.997357905 0.017889958 0.070408106 233.391082764
0.068096340 0.020661775 0.997464955 -80.740158081 0.017888524 0.999599516 -0.021927238 0.701169968 -0.997518539 0.019336341 0.067699432 233.442001343
0.065295577 0.020083655 0.997663915 -79.956176758 0.018503938 0.999601185 -0.021333711 0.677840710 -0.997694433 0.019853707 0.064897895 233.494766235
0.063141227 0.020311790 0.997797906 -79.163345337 0.018744444 0.999592364 -0.021534480 0.651772976 -0.997828543 0.020062882 0.062734783 233.543838501
0.061127663 0.019996839 0.997929811 -78.361099243 0.021596951 0.999538720 -0.021351997 0.626828671 -0.997896433 0.022857441 0.060667574 233.591613770
0.059498847 0.020181006 0.998024464 -77.545959473 0.022997601 0.999502540 -0.021581937 0.606322765 -0.997963548 0.024236269 0.059005082 233.638732910
0.057737470 0.021275667 0.998105049 -76.706100464 0.023422034 0.999468863 -0.022659633 0.584911823 -0.998057008 0.024685960 0.057208478 233.694366455
0.056318700 0.023361502 0.998139620 -75.872299194 0.023046670 0.999429405 -0.024692073 0.560557842 -0.998146951 0.024394419 0.055748165 233.743408203
0.054624975 0.026537834 0.998154342 -75.046310425 0.021719052 0.999378681 -0.027758988 0.530015469 -0.998270810 0.023195298 0.054014623 233.791137695
0.052756310 0.028709609 0.998194695 -74.237060547 0.020119663 0.999353170 -0.029806292 0.501060963 -0.998404741 0.021655811 0.052144527 233.830047607
0.050896525 0.030335890 0.998243213 -73.341369629 0.018191120 0.999344587 -0.031296860 0.464884758 -0.998538315 0.019752063 0.050311327 233.890136719
0.049679041 0.029814813 0.998320162 -72.483474731 0.019138791 0.999342382 -0.030797742 0.433578491 -0.998581886 0.020636644 0.049075782 233.930496216
0.049224079 0.028066354 0.998393357 -71.610412598 0.019624935 0.999384940 -0.029061804 0.401510239 -0.998594999 0.021023946 0.048642993 233.977203369
0.050745785 0.024836326 0.998402774 -70.732437134 0.022141440 0.999417067 -0.025986940 0.374929428 -0.998466194 0.023424802 0.050166309 234.018020630
0.052717924 0.022677964 0.998352051 -69.855880737 0.024053374 0.999423206 -0.023972439 0.338568687 -0.998319805 0.025277512 0.052142084 234.069534302
0.055817306 0.020842947 0.998223543 -68.965301514 0.027493175 0.999370873 -0.022404237 0.302093029 -0.998062551 0.028694879 0.055209160 234.114807129
0.059527576 0.020708615 0.998011947 -68.086105347 0.028931631 0.999328971 -0.022461612 0.273054600 -0.997807443 0.030211199 0.058888495 234.167266846
0.062645912 0.021201881 0.997810662 -67.210952759 0.029724879 0.999291182 -0.023099571 0.237736702 -0.997593164 0.031106895 0.061971307 234.224075317
0.066174090 0.023713807 0.997526288 -66.345672607 0.027839331 0.999284506 -0.025602417 0.202082634 -0.997419655 0.029464681 0.065466583 234.275527954
0.068780780 0.025976928 0.997293591 -65.452255249 0.028108722 0.999213576 -0.027965529 0.171288013 -0.997235775 0.029956138 0.067996502 234.341247559
0.071070790 0.026343994 0.997123420 -64.575851440 0.027436525 0.999221325 -0.028354986 0.137151718 -0.997093916 0.029372811 0.070292652 234.402099609
0.071984589 0.027234437 0.997033834 -63.690551758 0.025289675 0.999255896 -0.029121017 0.101381779 -0.997085035 0.027310928 0.071242273 234.474792480
0.073120296 0.027013086 0.996957242 -62.815277100 0.023738481 0.999302745 -0.028817702 0.065054417 -0.997040570 0.025773410 0.072428048 234.545272827
0.074632823 0.023081189 0.996943891 -61.936294556 0.022413267 0.999440730 -0.024816887 0.029505253 -0.996959150 0.024196925 0.074073792 234.615386963
0.076636195 0.014517097 0.996953368 -61.059997559 0.020395143 0.999661982 -0.016124319 -0.001091480 -0.996850491 0.021568714 0.076314211 234.687240601
0.078081071 0.009755023 0.996899426 -60.193954468 0.025743462 0.999598980 -0.011797774 -0.029716015 -0.996614695 0.026584823 0.077798665 234.750640869
0.080034673 0.013528918 0.996700287 -59.329162598 0.025529057 0.999552071 -0.015617601 -0.056453705 -0.996465147 0.026694765 0.079653442 234.826934814
0.080738842 0.023742331 0.996452570 -58.484664917 0.022222916 0.999424875 -0.025613796 -0.082270145 -0.996487617 0.024212109 0.080164790 234.910797119
0.081986666 0.032400243 0.996106744 -57.634811401 0.022444522 0.999157906 -0.034346838 -0.117177963 -0.996380746 0.025173122 0.081190467 234.981948853
0.082693458 0.032330252 0.996050656 -56.784545898 0.026393473 0.999051988 -0.034618907 -0.151067734 -0.996225655 0.029151995 0.081761777 235.056259155
0.082734466 0.025623661 0.996242344 -55.936050415 0.028204564 0.999208748 -0.028042261 -0.186340332 -0.996172607 0.030418642 0.081946313 235.115203857
0.082161307 0.016705895 0.996479154 -55.086364746 0.026363032 0.999473214 -0.018929770 -0.220561504 -0.996270418 0.027825506 0.081677616 235.188781738
0.081273317 0.014410871 0.996587753 -54.246185303 0.025692420 0.999532938 -0.016548723 -0.254165173 -0.996360779 0.026949720 0.080865085 235.264541626
0.081596732 0.018617714 0.996491551 -53.410827637 0.028497728 0.999373138 -0.021005061 -0.279742718 -0.996257961 0.030111689 0.081015050 235.324783325
0.082030654 0.022511916 0.996375561 -52.581848145 0.031345949 0.999191999 -0.025156232 -0.308281898 -0.996136725 0.033295918 0.081258714 235.391738892
0.082961559 0.022551140 0.996297598 -51.754119873 0.032918271 0.999136329 -0.025356498 -0.336467743 -0.996008933 0.034900010 0.082147598 235.460235596
0.084395707 0.018699842 0.996256828 -50.925109863 0.032190114 0.999250889 -0.021482956 -0.372556210 -0.995912254 0.033882689 0.083730519 235.531677246
0.085317850 0.016784271 0.996212423 -50.105773926 0.031116834 0.999325514 -0.019501636 -0.404856682 -0.995867789 0.032662816 0.084738016 235.605895996
0.086397350 0.017753616 0.996102571 -49.294555664 0.030635100 0.999321043 -0.020468127 -0.432428837 -0.995789647 0.032284092 0.085794806 235.682983398
0.087609529 0.020596894 0.995942116 -48.485153198 0.030398669 0.999265313 -0.023339694 -0.462778568 -0.995691121 0.032320093 0.086919069 235.759384155
0.088844419 0.022827869 0.995783985 -47.688262939 0.031606171 0.999169290 -0.025725402 -0.488203526 -0.995544016 0.033758476 0.088049114 235.828628540
0.090300977 0.022538725 0.995659471 -46.892898560 0.032091383 0.999158859 -0.025528459 -0.514479160 -0.995397329 0.034257334 0.089501679 235.897430420
0.090996206 0.020884866 0.995632231 -46.078720093 0.032828476 0.999173760 -0.023959527 -0.546363831 -0.995310009 0.034865312 0.090235412 235.977203369
0.092129827 0.018738532 0.995570719 -45.290664673 0.032644156 0.999228656 -0.021828266 -0.575113297 -0.995211780 0.034510601 0.091447055 236.053939819
0.093255043 0.017841581 0.995482385 -44.503906250 0.032512061 0.999251664 -0.020954808 -0.605507851 -0.995111287 0.034319326 0.092605174 236.134445190
0.094639897 0.017535675 0.995357215 -43.728652954 0.033340588 0.999228120 -0.020773944 -0.630801201 -0.994953215 0.035151839 0.093982220 236.211853027
0.095783293 0.017482094 0.995248735 -42.975372314 0.032586429 0.999254763 -0.020688601 -0.662656784 -0.994868755 0.034413222 0.095142245 236.289047241
0.096892893 0.017483721 0.995141268 -42.217864990 0.030108193 0.999336600 -0.020488946 -0.688074589 -0.994839311 0.031947140 0.096302211 236.361587524
0.097671270 0.017720571 0.995061159 -41.490325928 0.027456431 0.999412894 -0.020493094 -0.712231159 -0.994840086 0.029322410 0.097127378 236.444183350
0.098653555 0.018482426 0.994950175 -40.779113770 0.024186442 0.999487638 -0.020964902 -0.740902901 -0.994827867 0.026132567 0.098155975 236.527557373
0.099347532 0.019581290 0.994860291 -40.076919556 0.020554939 0.999552608 -0.021726288 -0.769580841 -0.994840622 0.022607746 0.098900616 236.606979370
0.098846793 0.021486949 0.994870663 -39.396911621 0.016836245 0.999587655 -0.023261612 -0.793344021 -0.994960248 0.019049222 0.098444283 236.686950684
0.098804176 0.022305038 0.994857013 -38.682281494 0.015342240 0.999595761 -0.023935001 -0.824045181 -0.994988739 0.017628213 0.098422050 236.761138916
0.098055542 0.022780463 0.994920254 -37.991241455 0.014038916 0.999606848 -0.024271397 -0.849213362 -0.995081961 0.016347548 0.097697198 236.833328247
0.097534060 0.023062389 0.994965017 -37.318344116 0.010473985 0.999652326 -0.024197780 -0.874737740 -0.995177150 0.012781357 0.097258627 236.902206421
0.096222818 0.021666985 0.995123982 -36.624282837 0.009556897 0.999696851 -0.022690648 -0.897684574 -0.995313942 0.011693656 0.095986545 236.982452393
0.095298767 0.019443020 0.995258927 -35.948898315 0.011023955 0.999727309 -0.020585891 -0.918200731 -0.995387793 0.012933500 0.095058441 237.046035767
0.093722701 0.017419636 0.995446026 -35.284881592 0.013372733 0.999734700 -0.018753750 -0.942980766 -0.995508611 0.015069487 0.093464911 237.107299805
0.091452479 0.017442709 0.995656788 -34.618515015 0.013832847 0.999727845 -0.018784599 -0.971310616 -0.995713472 0.015490666 0.091186285 237.171096802
0.089490354 0.018967837 0.995807171 -33.977935791 0.013934262 0.999696970 -0.020294167 -0.994097471 -0.995890319 0.015691973 0.089198947 237.226654053
0.087307692 0.021337375 0.995952845 -33.346481323 0.013650327 0.999651074 -0.022613229 -1.019028425 -0.996087849 0.015569393 0.086985946 237.287811279
0.084844232 0.023450496 0.996118248 -32.737579346 0.013500905 0.999604166 -0.024682499 -1.039550304 -0.996302783 0.015542665 0.084494054 237.337875366
0.081506789 0.023885844 0.996386707 -32.142318726 0.013828787 0.999589443 -0.025093855 -1.062031507 -0.996577024 0.015824139 0.081142962 237.390136719
0.077494502 0.023250969 0.996721625 -31.561706543 0.012196006 0.999631107 -0.024267074 -1.086959600 -0.996918201 0.014036589 0.077182353 237.438415527
0.072694421 0.022428270 0.997102201 -31.010360718 0.012296866 0.999650955 -0.023382118 -1.107861519 -0.997278571 0.013960981 0.072393239 237.478378296
0.067499757 0.020246353 0.997514009 -30.478622437 0.010989879 0.999718368 -0.021034762 -1.129704714 -0.997658908 0.012382402 0.067258239 237.515075684
0.061124265 0.018713040 0.997954786 -29.965499878 0.009769917 0.999765098 -0.019345392 -1.148849010 -0.998082399 0.010932408 0.060927093 237.548339844
0.053717434 0.019196413 0.998371661 -29.464736938 0.009197826 0.999763250 -0.019718060 -1.172274351 -0.998513818 0.010242051 0.053528130 237.577438354
0.045839727 0.019663004 0.998755336 -28.986160278 0.009163497 0.999755919 -0.020103280 -1.192916393 -0.998906851 0.010073620 0.045648336 237.597793579
0.037648320 0.019193083 0.999106705 -28.522506714 0.010604552 0.999751568 -0.019605072 -1.212038279 -0.999234796 0.011333177 0.037435412 237.608459473
0.028591990 0.018755089 0.999415278 -28.072845459 0.011894861 0.999746799 -0.019101609 -1.223525524 -0.999520481 0.012434059 0.028361678 237.616271973
0.019046664 0.018673932 0.999644279 -27.646972656 0.012953230 0.999737024 -0.018922472 -1.242572784 -0.999734759 0.013309034 0.018799782 237.620941162
0.010074139 0.019103793 0.999766767 -27.230743408 0.013083497 0.999729395 -0.019234914 -1.254810095 -0.999863684 0.013274222 0.009821475 237.616455078
0.000663579 0.018691041 0.999825060 -26.835327148 0.013744728 0.999730706 -0.018698398 -1.268268108 -0.999905288 0.013754731 0.000406504 237.607727051
-0.009438872 0.017600572 0.999800622 -26.450271606 0.013983405 0.999749660 -0.017467661 -1.280325174 -0.999857724 0.013815742 -0.009682536 237.598236084
-0.019916534 0.016092561 0.999672234 -26.085937500 0.013148010 0.999788225 -0.015832484 -1.292770863 -0.999715269 0.012828373 -0.020123839 237.587341309
-0.030998707 0.014471712 0.999414682 -25.736434937 0.014085589 0.999802232 -0.014040433 -1.306912899 -0.999420166 0.013642109 -0.031196475 237.570236206
-0.042409301 0.015985878 0.998972476 -25.404953003 0.018715886 0.999709249 -0.015203126 -1.313518524 -0.998925090 0.018051900 -0.042696238 237.539825439
-0.053938389 0.017476302 0.998391509 -25.103500366 0.025003970 0.999556959 -0.016145865 -1.329396963 -0.998231351 0.024092868 -0.054351449 237.502502441
-0.065889239 0.017447727 0.997674525 -24.808593750 0.030682033 0.999409735 -0.015451751 -1.337803841 -0.997355223 0.029592576 -0.066385746 237.462203979
-0.077826977 0.015071173 0.996853173 -24.531478882 0.032356936 0.999397159 -0.012583453 -1.346827507 -0.996441901 0.031275779 -0.078267694 237.427795410
-0.090621948 0.013245346 0.995797276 -24.274826050 0.031880260 0.999437690 -0.010392523 -1.349201202 -0.995374978 0.030804485 -0.090993285 237.400543213
-0.103659749 0.012127741 0.994539022 -24.041748047 0.028978594 0.999538004 -0.009168298 -1.358075142 -0.994190753 0.027869957 -0.103963256 237.372406006
-0.117188692 0.011234657 0.993046165 -23.827026367 0.027150126 0.999598503 -0.008104820 -1.363758326 -0.992738485 0.026011536 -0.117446661 237.341979980
-0.130227447 0.011024671 0.991423011 -23.636383057 0.026899738 0.999609351 -0.007582317 -1.369099379 -0.991119325 0.025681591 -0.130473137 237.297576904
-0.143420219 0.013078611 0.989575565 -23.472259521 0.028282654 0.999558449 -0.009111516 -1.372662544 -0.989257753 0.026681043 -0.143726826 237.261505127
-0.157489896 0.017049370 0.987373531 -23.311096191 0.029169707 0.999494970 -0.012606001 -1.379541874 -0.987089813 0.026816076 -0.157907724 237.225708008
-0.170393467 0.020299170 0.985167086 -23.154602051 0.031543497 0.999387741 -0.015136461 -1.384239674 -0.984871209 0.028496461 -0.170929432 237.182540894
-0.183559656 0.020433817 0.982796192 -22.993225098 0.035853174 0.999257863 -0.014079683 -1.392458916 -0.982354522 0.032651898 -0.184156060 237.134155273
-0.198174953 0.019334365 0.979976058 -22.837829590 0.038475607 0.999188304 -0.011932715 -1.395569324 -0.979411304 0.035340406 -0.198758006 237.084106445
-0.212163568 0.019406704 0.977041602 -22.695007324 0.040785216 0.999107540 -0.010988532 -1.405590057 -0.976382852 0.037517484 -0.212765694 237.033843994
-0.226301074 0.020492421 0.973841906 -22.533447266 0.040584408 0.999108851 -0.011593121 -1.408662319 -0.973211646 0.036899261 -0.226931095 236.986251831
-0.241490841 0.021580685 0.970163286 -22.378662109 0.039678287 0.999136209 -0.012348548 -1.411128521 -0.969591737 0.035512354 -0.242138624 236.937774658
-0.257110000 0.022650823 0.966116846 -22.223724365 0.038784839 0.999161661 -0.013103873 -1.415734291 -0.965603709 0.034101546 -0.257772923 236.885940552
-0.272719026 0.023972683 0.961794972 -22.070556641 0.037763588 0.999185860 -0.014196699 -1.418917656 -0.961352289 0.032449119 -0.273402333 236.830581665
-0.290364146 0.027190171 0.956530035 -21.911346436 0.035659447 0.999209404 -0.017578602 -1.421710968 -0.956251740 0.029005136 -0.291104198 236.774917603
-0.309895635 0.031531416 0.950247824 -21.739898682 0.035339355 0.999141276 -0.021628926 -1.429891109 -0.950113833 0.026878433 -0.310743809 236.702682495
-0.331674218 0.035237774 0.942735791 -21.554656982 0.035362944 0.999064267 -0.024901811 -1.422178268 -0.942731082 0.025078624 -0.332610011 236.622283936
-0.357467771 0.036398750 0.933216035 -21.354461670 0.035506148 0.999047518 -0.025365811 -1.432578087 -0.933250427 0.024067448 -0.358419657 236.540832520
-0.385716319 0.036757559 0.921884954 -21.148895264 0.037110656 0.999015510 -0.024305839 -1.448676109 -0.921870828 0.024836602 -0.386700749 236.420654297
-0.418912649 0.037594169 0.907248199 -20.932952881 0.037625000 0.999003112 -0.024023322 -1.448187351 -0.907246888 0.024071537 -0.419909477 236.301574707
-0.454193354 0.038252607 0.890081644 -20.689971924 0.038554884 0.998985767 -0.023259036 -1.454456806 -0.890068591 0.023752894 -0.455207586 236.150268555
-0.490220547 0.038204700 0.870760560 -20.445465088 0.038931146 0.999001563 -0.021913832 -1.460573673 -0.870728433 0.023157099 -0.491218448 235.989715576
-0.527436137 0.038690638 0.848713517 -20.181304932 0.039306540 0.999004066 -0.021114815 -1.470231056 -0.848685205 0.022223273 -0.528431654 235.794097900
-0.566984296 0.038203139 0.822842479 -19.922790527 0.037057158 0.999095559 -0.020851828 -1.480840206 -0.822894871 0.018669542 -0.567887187 235.590713501
-0.607066751 0.036024570 0.793833852 -19.647430420 0.033052117 0.999252081 -0.020070683 -1.489995003 -0.793963134 0.014053644 -0.607803464 235.355056763
-0.647671223 0.033708423 0.761173904 -19.372131348 0.029313341 0.999383628 -0.019315219 -1.493875265 -0.761355817 0.009802640 -0.648260117 235.105255127
-0.686858058 0.033290260 0.726028860 -19.113891602 0.029388033 0.999405563 -0.018022792 -1.506656885 -0.726197243 0.008957460 -0.687428117 234.816467285
-0.725860238 0.034825966 0.686960161 -18.854141235 0.030966206 0.999359369 -0.017943576 -1.510016203 -0.687144995 0.008248022 -0.726473689 234.492340088
-0.763106585 0.037203282 0.645200968 -18.626556396 0.034004822 0.999270201 -0.017400512 -1.517608881 -0.645377457 0.008661499 -0.763814688 234.141113281
-0.800580740 0.041097771 0.597813904 -18.369644165 0.036805395 0.999134183 -0.019398173 -1.510845423 -0.598093510 0.006472975 -0.801400185 233.781799316
-0.835264921 0.042215001 0.548224688 -18.152206421 0.037080754 0.999103248 -0.020438502 -1.517259240 -0.548595905 0.003257022 -0.836081266 233.383728027
-0.867002249 0.041946694 0.496535540 -17.954940796 0.036918737 0.999119282 -0.019940410 -1.529196501 -0.496934682 0.001043084 -0.867787361 232.966842651
-0.895483732 0.039910123 0.443301290 -17.759155273 0.036005437 0.999203146 -0.017225390 -1.543004870 -0.443635523 0.000536201 -0.896207094 232.534591675
-0.919188857 0.042140346 0.391556174 -17.598251343 0.039306227 0.999110758 -0.015254599 -1.549918652 -0.391850829 0.001368740 -0.920027852 232.056015015
-0.938328505 0.048353478 0.342347473 -17.465812683 0.046725094 0.998823106 -0.013007502 -1.553629637 -0.342573524 0.003790909 -0.939483523 231.551254272
-0.954205513 0.051091913 0.294757485 -17.335258484 0.050335903 0.998680711 -0.010156581 -1.555572629 -0.294887543 0.005145419 -0.955518365 231.013244629
-0.967147470 0.049362771 0.249378100 -17.208114624 0.049605660 0.998754740 -0.005314505 -1.560452461 -0.249329910 0.007230655 -0.968391776 230.491790771
-0.976735234 0.047168944 0.209197640 -17.109096527 0.048109781 0.998841882 -0.000591815 -1.561844826 -0.208983287 0.009486406 -0.977873325 229.907943726
-0.983438849 0.046839487 0.175084099 -17.022777557 0.048126828 0.998836398 0.003111637 -1.561047077 -0.174734622 0.011486346 -0.984548807 229.304336548
-0.988088608 0.047741774 0.146293595 -16.930503845 0.049126010 0.998775363 0.005861753 -1.561363816 -0.145834595 0.012978750 -0.989223957 228.699981689
-0.991130233 0.049468443 0.123344928 -16.865467072 0.050653860 0.998695195 0.006491339 -1.559315562 -0.122862868 0.012681658 -0.992342710 228.055908203
-0.993237734 0.050275870 0.104651034 -16.808240891 0.051264510 0.998662114 0.006777036 -1.555551529 -0.104170308 0.012096089 -0.994486213 227.390655518
-0.994989991 0.049617659 0.086794600 -16.746196747 0.050500941 0.998691916 0.008009363 -1.552638292 -0.086283654 0.012352444 -0.996194124 226.698562622
-0.996396780 0.047651183 0.070165068 -16.696075439 0.048404243 0.998786628 0.009070932 -1.547288895 -0.069647692 0.012434532 -0.997494340 225.987060547
-0.997253656 0.048048574 0.056364939 -16.659061432 0.048749302 0.998749137 0.011122724 -1.542183757 -0.055760004 0.013839925 -0.998348594 225.247467041
-0.997611523 0.051607408 0.045909982 -16.634401321 0.052264705 0.998545587 0.013233080 -1.534551263 -0.045160282 0.015600947 -0.998857856 224.494781494
-0.997767806 0.054431137 0.038686480 -16.617368698 0.055020172 0.998382449 0.014327166 -1.518748522 -0.037844062 0.016423721 -0.999148607 223.708312988
-0.997881174 0.056116391 0.032932222 -16.596443176 0.056630824 0.998283982 0.014901097 -1.509330034 -0.032039512 0.016734499 -0.999346614 222.918670654
-0.997976899 0.056500215 0.029159104 -16.568849564 0.056969780 0.998255074 0.015531613 -1.502268434 -0.028230686 0.017161375 -0.999454260 222.108398438
-0.997954965 0.058001552 0.026861459 -16.546504974 0.058447141 0.998160481 0.016110951 -1.490361810 -0.025877587 0.017647980 -0.999509335 221.267974854
-0.997877598 0.059833765 0.025700379 -16.527441025 0.060259581 0.998052478 0.016125804 -1.475203753 -0.024685459 0.017640268 -0.999539733 220.425369263
-0.997844934 0.060588591 0.025189012 -16.500349045 0.061012276 0.998002172 0.016405901 -1.467273951 -0.024144677 0.017907383 -0.999548078 219.565597534
-0.997771502 0.061577801 0.025701517 -16.477823257 0.062014911 0.997937679 0.016570924 -1.457872272 -0.024628112 0.018127868 -0.999532461 218.672927856
-0.997661114 0.062875897 0.026818702 -16.448062897 0.063314229 0.997868240 0.015820038 -1.446686983 -0.025766831 0.017481040 -0.999515295 217.773681641
-0.997563362 0.063730694 0.028386151 -16.421962738 0.064172395 0.997827113 0.014930197 -1.435792923 -0.027372960 0.016715424 -0.999485612 216.851745605
-0.997374058 0.066166073 0.029449018 -16.400579453 0.066583678 0.997690439 0.013432239 -1.426158309 -0.028492244 0.015357790 -0.999476194 215.910766602
-0.997307539 0.066605248 0.030688060 -16.365270615 0.066980682 0.997689486 0.011371594 -1.419816494 -0.029859746 0.013396481 -0.999464512 214.959625244
-0.997106314 0.068714082 0.032521933 -16.336404800 0.069056466 0.997567296 0.009523007 -1.414168715 -0.031788450 0.011741298 -0.999425769 213.981567383
-0.996775627 0.072262041 0.034884177 -16.300491333 0.072632335 0.997313857 0.009465332 -1.408431172 -0.034106489 0.011968530 -0.999346614 213.012390137
-0.996628642 0.072544642 0.038328212 -16.258197784 0.072946303 0.997293591 0.009185138 -1.404068589 -0.037558150 0.011950071 -0.999223232 212.016799927
-0.996573567 0.070968673 0.042488009 -16.211179733 0.071375325 0.997416377 0.008129981 -1.402058601 -0.041801263 0.011134717 -0.999064207 211.002914429
-0.996472955 0.070074201 0.046163872 -16.157093048 0.070460156 0.997491539 0.006785191 -1.402803063 -0.045572601 0.010013973 -0.998910785 209.983581543
-0.996474743 0.067471184 0.049862400 -16.097822189 0.067952193 0.997656405 0.008013431 -1.399979830 -0.049204867 0.011373438 -0.998724222 208.947677612
-0.996435523 0.065298453 0.053406443 -16.034627914 0.065838248 0.997794867 0.008409296 -1.400681973 -0.052739564 0.011895509 -0.998537421 207.892410278
-0.996363640 0.064194940 0.056025971 -15.970497131 0.064749919 0.997868299 0.008145409 -1.404613972 -0.055383645 0.011743464 -0.998396277 206.846786499
-0.996201038 0.064352810 0.058669478 -15.903570175 0.064929023 0.997858107 0.007966446 -1.401796579 -0.058031153 0.011745535 -0.998245597 205.768325806
-0.996026039 0.064581260 0.061335452 -15.832572937 0.065289378 0.997820079 0.009609720 -1.401205301 -0.060581136 0.013576081 -0.998071194 204.671661377
-0.995711207 0.066796482 0.064010777 -15.769118309 0.067614764 0.997654140 0.010701321 -1.402762055 -0.063145809 0.014983499 -0.997891784 203.571899414
-0.995499969 0.067607820 0.066402830 -15.693347931 0.068455681 0.997598112 0.010574653 -1.400497317 -0.065528408 0.015072715 -0.997737050 202.468002319
-0.995374441 0.067279480 0.068581574 -15.609154701 0.068085350 0.997634470 0.009478831 -1.396100760 -0.067781612 0.014104384 -0.997600555 201.353851318
-0.995290041 0.066637464 0.070410177 -15.527349472 0.067501463 0.997669458 0.009961037 -1.405113697 -0.069582298 0.014666907 -0.997468591 200.221694946
-0.995243430 0.065222412 0.072364621 -15.448743820 0.066114962 0.997761846 0.010005458 -1.403210759 -0.071550079 0.014742251 -0.997328043 199.095367432
-0.995252848 0.064163595 0.073176853 -15.356496811 0.065063968 0.997831166 0.009984908 -1.401931524 -0.072377481 0.014698683 -0.997269034 197.963912964
-0.995239735 0.064312018 0.073226817 -15.264740944 0.065274172 0.997808695 0.010820350 -1.401378155 -0.072370470 0.015548659 -0.997256756 196.832687378
-0.995124578 0.065169021 0.074027196 -15.179713249 0.066129431 0.997754812 0.010595035 -1.401380062 -0.073170520 0.015438756 -0.997200012 195.696334839
-0.995043397 0.065058619 0.075209685 -15.099024773 0.066008985 0.997766733 0.010217715 -1.394637704 -0.074376971 0.015131582 -0.997115612 194.532852173
-0.995010257 0.065826572 0.074978210 -15.011569977 0.066832386 0.997703791 0.010982961 -1.397414684 -0.074083067 0.015939130 -0.997124791 193.392471313
-0.995063663 0.064679705 0.075264521 -14.923581123 0.065748282 0.997766435 0.011805024 -1.394977450 -0.074332871 0.016695265 -0.997093678 192.244720459
-0.995144486 0.064090200 0.074698970 -14.833616257 0.065191291 0.997795820 0.012393980 -1.396223068 -0.073739983 0.017203523 -0.997129083 191.101196289
-0.995293617 0.062514432 0.074045613 -14.741716385 0.063649289 0.997886777 0.013064853 -1.391839981 -0.073072404 0.017716315 -0.997169375 189.945983887
-0.995473742 0.060635448 0.073183961 -14.648736000 0.061763711 0.998002827 0.013251332 -1.388645887 -0.072234295 0.017711462 -0.997230649 188.778442383
-0.995670199 0.059339754 0.071554691 -14.556940079 0.060375452 0.998098731 0.012397392 -1.386878371 -0.070682988 0.016663857 -0.997359753 187.610977173
-0.995880723 0.058059305 0.069648415 -14.464334488 0.058997408 0.998192072 0.011486813 -1.381172776 -0.068855576 0.015548570 -0.997505546 186.427307129
-0.995941162 0.058411296 0.068478160 -14.391171455 0.059404429 0.998155057 0.012555643 -1.388346910 -0.067618430 0.016572589 -0.997573495 185.256103516
-0.995980382 0.059017774 0.067380749 -14.316559792 0.060196508 0.998064697 0.015597636 -1.385587335 -0.066329807 0.019591024 -0.997605562 184.069061279
-0.996080995 0.058864143 0.066013217 -14.231121063 0.060263213 0.997993886 0.019404933 -1.377086163 -0.064738534 0.023307052 -0.997630119 182.879425049
-0.996129394 0.059947032 0.064286038 -14.145606995 0.061424803 0.997885227 0.021261103 -1.367151499 -0.062875547 0.025127567 -0.997705102 181.673828125
-0.996151090 0.060896020 0.063046739 -14.072172165 0.062358413 0.997822404 0.021491671 -1.348888159 -0.061600693 0.025340443 -0.997779250 180.460769653
-0.996261835 0.061184898 0.060982760 -13.988069534 0.062526658 0.997835994 0.020340614 -1.340578079 -0.059606258 0.024077624 -0.997931600 179.247497559
-0.996362209 0.061591282 0.058897141 -13.913381577 0.062795185 0.997849107 0.018811425 -1.328466654 -0.057611842 0.022441449 -0.998086810 178.027938843
-0.996342182 0.063337326 0.057366434 -13.840463638 0.064462379 0.997758210 0.017976355 -1.315864086 -0.056099258 0.021608576 -0.998191476 176.802169800
-0.996254325 0.065423764 0.056544792 -13.779829025 0.066449173 0.997654259 0.016446540 -1.298364758 -0.055336159 0.020142289 -0.998264670 175.560089111
-0.996150136 0.068784401 0.054345209 -13.710510254 0.069708943 0.997449994 0.015301780 -1.295782328 -0.053154107 0.019031219 -0.998404860 174.334350586
-0.996136546 0.069847763 0.053234000 -13.637207985 0.070689216 0.997398913 0.014089064 -1.293345332 -0.052111443 0.017797697 -0.998482943 173.102981567
-0.996159792 0.069856197 0.052782521 -13.577135086 0.070610508 0.997424841 0.012561729 -1.292963028 -0.051769085 0.016240489 -0.998527050 171.857452393
-0.996291399 0.068692237 0.051816475 -13.505847931 0.069474235 0.997493148 0.013442535 -1.285933733 -0.050763179 0.016992591 -0.998566270 170.601654053
-0.996474743 0.066811845 0.050737530 -13.428714752 0.067733526 0.997564197 0.016666997 -1.283103943 -0.049500391 0.020044874 -0.998572946 169.325424194
-0.996662736 0.064413391 0.050142255 -13.361928940 0.065422095 0.997681677 0.018740866 -1.273589373 -0.048818845 0.021958735 -0.998566151 168.053619385
-0.996675491 0.064243205 0.050112125 -13.293645859 0.065169238 0.997728229 0.017067987 -1.266766310 -0.048901781 0.020277008 -0.998597980 166.782608032
-0.996650696 0.064881630 0.049781594 -13.222160339 0.065654628 0.997743487 0.014051328 -1.257867575 -0.048757587 0.017272655 -0.998661518 165.510162354
-0.996585727 0.066092476 0.049487129 -13.160137177 0.066746384 0.997701645 0.011678111 -1.258227110 -0.048601557 0.014941324 -0.998706698 164.238586426
-0.996460199 0.067385115 0.050266925 -13.097858429 0.068011664 0.997625470 0.010857961 -1.253624678 -0.049415901 0.014238260 -0.998677015 162.951736450
-0.996365666 0.068067513 0.051209584 -13.033619881 0.068850152 0.997533262 0.013675462 -1.250952125 -0.050152410 0.017151548 -0.998594403 161.653320312
-0.996361732 0.068225652 0.051076166 -12.964430809 0.069138587 0.997473478 0.016323771 -1.247436762 -0.049833424 0.019795712 -0.998561382 160.365890503
-0.996276855 0.069088653 0.051574077 -12.893977165 0.070013463 0.997412145 0.016343543 -1.241728425 -0.050311457 0.019893566 -0.998535752 159.077667236
-0.996228695 0.069327712 0.052173615 -12.824827194 0.070223227 0.997410417 0.015529103 -1.236890316 -0.050961908 0.019134337 -0.998517394 157.792846680
-0.996169090 0.069698177 0.052816913 -12.759405136 0.070585571 0.997391045 0.015124185 -1.235755801 -0.051624987 0.018794356 -0.998489857 156.478530884
-0.996054888 0.070568323 0.053802460 -12.687782288 0.071454898 0.997335017 0.014734380 -1.228570938 -0.052619293 0.018520702 -0.998442888 155.181518555
-0.996039391 0.070744522 0.053858668 -12.609886169 0.071616970 0.997327626 0.014442462 -1.224238038 -0.052693013 0.018242456 -0.998444200 153.877914429
-0.996052146 0.069735110 0.054930810 -12.540103912 0.070681050 0.997379005 0.015467828 -1.219464421 -0.053708188 0.019289328 -0.998370528 152.572067261
-0.996056318 0.069523506 0.055123083 -12.454566956 0.070501335 0.997383416 0.015995016 -1.218610287 -0.053866822 0.019818185 -0.998351574 151.272399902
-0.996065617 0.068787813 0.055874344 -12.373050690 0.069827661 0.997416317 0.016874181 -1.214827657 -0.054569244 0.020709364 -0.998295426 149.977294922
-0.995999813 0.068631440 0.057222046 -12.302690506 0.069764271 0.997400403 0.018037945 -1.213002563 -0.055835322 0.021957841 -0.998198628 148.679809570
-0.995992780 0.068187818 0.057867497 -12.226111412 0.069373846 0.997414708 0.018738072 -1.210903645 -0.056440186 0.022677477 -0.998148322 147.408020020
-0.995927215 0.068025611 0.059175283 -12.149015427 0.069229938 0.997428358 0.018543219 -1.201497674 -0.057761692 0.022564394 -0.998075485 146.116439819
-0.995922923 0.067518391 0.059824120 -12.069458008 0.068694882 0.997478366 0.017830119 -1.196414471 -0.058469404 0.021867033 -0.998049736 144.826980591
-0.995808721 0.068757638 0.060311116 -11.987858772 0.069896445 0.997409761 0.016977686 -1.192757487 -0.058987550 0.021122061 -0.998035312 143.548263550
-0.995757461 0.069034494 0.060843322 -11.903219223 0.070169963 0.997394860 0.016724790 -1.185090542 -0.059530228 0.020923203 -0.998007417 142.259094238
-0.995666623 0.069627717 0.061645329 -11.822786331 0.070827201 0.997335255 0.017488640 -1.188302279 -0.060263366 0.021779019 -0.997944951 140.979904175
-0.995683074 0.068753652 0.062355384 -11.737894058 0.069889806 0.997422755 0.016223632 -1.175994992 -0.061079249 0.020511601 -0.997922182 139.690856934
-0.995741129 0.067158394 0.063160807 -11.654371262 0.068297006 0.997536063 0.016042005 -1.176107287 -0.061927821 0.020287380 -0.997874379 138.400054932
-0.995770097 0.066112831 0.063805908 -11.565711975 0.067419007 0.997552514 0.018537542 -1.167188168 -0.062424179 0.022760859 -0.997790337 137.124298096
-0.995787859 0.065096371 0.064568639 -11.479341507 0.066781797 0.997471750 0.024295092 -1.159423828 -0.062823877 0.028504767 -0.997617483 135.827941895
-0.995701313 0.065722317 0.065267861 -11.387058258 0.067696720 0.997298479 0.028512333 -1.143724680 -0.063217640 0.032808181 -0.997460604 134.536376953
-0.995622039 0.065726973 0.066457383 -11.299880981 0.067692630 0.997319698 0.027769221 -1.128435135 -0.064454071 0.032146323 -0.997402787 133.261199951
-0.995447636 0.067485161 0.067304574 -11.220516205 0.069378816 0.997246146 0.026204180 -1.122670174 -0.065350838 0.030754399 -0.997388363 131.997146606
-0.995406032 0.067070566 0.068324618 -11.128765106 0.068911888 0.997310579 0.024956198 -1.100009918 -0.066467039 0.029549932 -0.997350931 130.734344482
-0.995332479 0.067839094 0.068639487 -11.039247513 0.069783799 0.997214317 0.026339781 -1.091404676 -0.066661410 0.031006757 -0.997293949 129.466690063
-0.995159268 0.069483496 0.069501363 -10.951876640 0.071496509 0.997077882 0.026905177 -1.071924210 -0.067428805 0.031744037 -0.997219205 128.209869385
-0.995044947 0.070277326 0.070334405 -10.863201141 0.072411589 0.996974230 0.028266255 -1.055137396 -0.068135113 0.033219215 -0.997123003 126.948265076
-0.994887233 0.072532758 0.070276193 -10.770662308 0.074709371 0.996787846 0.028852148 -1.046972752 -0.067957729 0.033954918 -0.997110367 125.701759338
-0.994895339 0.072067603 0.070638560 -10.675966263 0.074257493 0.996820867 0.028878521 -1.029569626 -0.068332784 0.033976544 -0.997084022 124.475578308
-0.994908333 0.072400272 0.070113175 -10.590370178 0.074319884 0.996916890 0.025165200 -1.014396667 -0.068075038 0.030247867 -0.997221589 123.244987488
-0.994997621 0.071770512 0.069490917 -10.504447937 0.073495574 0.997039616 0.022590876 -1.000348449 -0.067663833 0.027585138 -0.997326851 122.026679993
-0.995178461 0.069249809 0.069457181 -10.414134979 0.070980266 0.997218013 0.022760445 -0.996653438 -0.067687795 0.027580796 -0.997325301 120.837585449
-0.995289803 0.068520099 0.068581209 -10.322978973 0.070195958 0.997283280 0.022329167 -0.982080817 -0.066864893 0.027038112 -0.997395754 119.654830933
-0.995383263 0.068405747 0.067329437 -10.244245529 0.070073798 0.997282803 0.022729989 -0.983268380 -0.065591626 0.027343076 -0.997472048 118.491195679
-0.995477438 0.068059705 0.066279359 -10.157548904 0.069678150 0.997317612 0.022418201 -0.980966210 -0.064575799 0.026935030 -0.997549415 117.346725464
-0.995514154 0.068438992 0.065328307 -10.084527969 0.070023268 0.997296631 0.022274835 -0.974441409 -0.063627236 0.026749415 -0.997615218 116.211364746
-0.995620012 0.067815416 0.064359218 -10.011856079 0.069399126 0.997330725 0.022696881 -0.973947525 -0.062648229 0.027063938 -0.997668743 115.081977844
-0.995696783 0.067869671 0.063100986 -9.947189331 0.069418378 0.997329772 0.022681177 -0.982676387 -0.061393131 0.026963942 -0.997749448 114.040626526
-0.995835543 0.066913374 0.061921932 -9.880339622 0.068382047 0.997418642 0.021908598 -0.976408124 -0.060296107 0.026051706 -0.997840643 112.967552185
-0.995883107 0.067415632 0.060595799 -9.805582047 0.068791769 0.997411788 0.020915899 -0.972768903 -0.059028905 0.024998285 -0.997943163 111.923126221
-0.995921850 0.067779131 0.059547987 -9.747606277 0.069138445 0.997384548 0.021068970 -0.971916437 -0.057964206 0.025100099 -0.998003244 110.878211975
-0.995857954 0.069466591 0.058662005 -9.689080238 0.070775211 0.997281015 0.020530192 -0.966683507 -0.057076339 0.024596972 -0.998066783 109.858734131
-0.995791316 0.071051650 0.057892710 -9.637428284 0.072360806 0.997160852 0.020837426 -0.964453697 -0.056247808 0.024938889 -0.998105526 108.865814209
-0.995864630 0.071263790 0.056351520 -9.575500488 0.072594404 0.997120500 0.021926643 -0.966393828 -0.054626677 0.025926771 -0.998170376 107.880447388
-0.995918036 0.071388163 0.055240452 -9.520962715 0.072713114 0.997102320 0.022356436 -0.963792920 -0.053484399 0.026281875 -0.998223066 106.932983398
-0.996028781 0.070818163 0.053961415 -9.461853027 0.072171949 0.997113824 0.023564154 -0.961442709 -0.052136902 0.027365072 -0.998265147 106.014411926
-0.996183634 0.069465019 0.052854516 -9.409002304 0.070821188 0.997194648 0.024231186 -0.959102154 -0.051023025 0.027881918 -0.998308539 105.130607605
-0.996286750 0.068814300 0.051745769 -9.360608101 0.070190124 0.997213840 0.025256371 -0.958111405 -0.049863596 0.028794626 -0.998340964 104.247894287
-0.996335506 0.068838418 0.050763883 -9.323584557 0.070254698 0.997172713 0.026661880 -0.955342293 -0.048784997 0.030130576 -0.998354793 103.397094727
-0.996403933 0.068473041 0.049914617 -9.276733398 0.069955185 0.997140765 0.028575396 -0.951074004 -0.047815256 0.031964410 -0.998345017 102.586021423
-0.996284127 0.070511207 0.049457390 -9.237760544 0.072037205 0.996957242 0.029780587 -0.943498969 -0.047207035 0.033232700 -0.998332143 101.774986267
-0.996082425 0.072680198 0.050373949 -9.197473526 0.074315824 0.996740520 0.031392820 -0.938467979 -0.047928117 0.035013415 -0.998237014 101.002418518
-0.995625257 0.076086715 0.054230496 -9.159666061 0.077833772 0.996488512 0.030863559 -0.928867102 -0.051691759 0.034949508 -0.998051286 100.242919922
-0.994896650 0.079963103 0.061537426 -9.111583710 0.081937820 0.996177912 0.030260816 -0.920350552 -0.058882479 0.035148621 -0.997646093 99.522491455
-0.993701577 0.084207609 0.073933452 -9.060266495 0.086620525 0.995787919 0.030054616 -0.917806864 -0.071091212 0.036269475 -0.996810198 98.816810608
-0.992141247 0.086286962 0.090612046 -8.990667343 0.089264095 0.995576143 0.029326554 -0.910262346 -0.087680690 0.037184481 -0.995454550 98.140777588
-0.989970922 0.087311134 0.111062214 -8.903588295 0.091081023 0.995411575 0.029326184 -0.909598112 -0.107992113 0.039147720 -0.993380904 97.485748291
-0.986637473 0.088806212 0.136601716 -8.817974091 0.093348727 0.995261788 0.027202575 -0.900979519 -0.133538708 0.039590675 -0.990252495 96.845932007
-0.981834292 0.091251269 0.166359559 -8.702840805 0.096585155 0.995029449 0.024241926 -0.897116423 -0.163320556 0.039869405 -0.985767484 96.230590820
-0.975556493 0.090936780 0.200050309 -8.566970825 0.097088352 0.995051324 0.021136723 -0.891975164 -0.197138220 0.040042620 -0.979557633 95.636528015
-0.967699170 0.088215299 0.236171305 -8.402505875 0.095067866 0.995312274 0.017763829 -0.897131205 -0.233497158 0.039642338 -0.971549273 95.081001282
-0.958134651 0.083152860 0.273977697 -8.222091675 0.090678066 0.995768845 0.014894492 -0.904108524 -0.271579951 0.039114695 -0.961620808 94.563926697
-0.946384072 0.077854395 0.313522279 -8.016803741 0.086036220 0.996215820 0.012322960 -0.908235312 -0.311376452 0.038636524 -0.949501038 94.039978027
-0.931931973 0.072613560 0.355289370 -7.792530060 0.081614994 0.996609747 0.010392151 -0.913179398 -0.353330255 0.038681712 -0.934698820 93.536636353
-0.914632201 0.064777717 0.399063826 -7.537387848 0.074537188 0.997177899 0.008968995 -0.921392441 -0.397356629 0.037948422 -0.916879416 93.051887512
-0.894430995 0.054948885 0.443817496 -7.273399353 0.065420963 0.997823179 0.008303550 -0.929064035 -0.442395121 0.036461920 -0.896078825 92.589500427
-0.870625496 0.046125259 0.489779741 -6.969749451 0.057516392 0.998310685 0.008223869 -0.931647062 -0.488573045 0.035330269 -0.871807694 92.140197754
-0.843058944 0.037413653 0.536518693 -6.659339905 0.049631517 0.998732746 0.008342759 -0.935925961 -0.535526633 0.033661671 -0.843847513 91.720413208
-0.812604308 0.030615311 0.582010984 -6.323822021 0.043898690 0.998997748 0.008741482 -0.931318045 -0.581160069 0.032652888 -0.813133836 91.312026978
-0.779849887 0.022297790 0.625569522 -5.976707458 0.037941996 0.999211669 0.011683506 -0.950314522 -0.624815822 0.032846734 -0.780081034 90.944503784
-0.742045522 0.017707983 0.670115769 -5.600242615 0.035422754 0.999290228 0.012818499 -0.956500292 -0.669413090 0.033249252 -0.742146134 90.575019836
-0.700146198 0.015084584 0.713840008 -5.221061707 0.034819141 0.999308646 0.013034203 -0.965920210 -0.713149905 0.033981148 -0.700187445 90.234977722
-0.655693650 0.015709324 0.754863739 -4.819671631 0.036291149 0.999283671 0.010727501 -0.959865570 -0.754154503 0.034428824 -0.655794144 89.922012329
-0.609518886 0.016793879 0.792593837 -4.391502380 0.037692141 0.999258876 0.007813127 -0.970945120 -0.791875184 0.034636803 -0.609700203 89.635063171
-0.566161871 0.016403090 0.824130893 -3.909278870 0.034440435 0.999399662 0.003768358 -0.965484977 -0.823574305 0.030516926 -0.566386938 89.434020996
-0.515466928 0.014001499 0.856795311 -3.449661255 0.033346038 0.999436915 0.003729200 -0.970886469 -0.856260657 0.030493004 -0.515643597 89.197639465
-0.463290453 0.011942287 0.886126220 -2.969367981 0.031023992 0.999514878 0.002749745 -0.976927042 -0.885663509 0.028765101 -0.463436127 88.990623474
-0.411224365 0.010295036 0.911476135 -2.469848633 0.024932109 0.999689162 -0.000042949 -0.971021771 -0.911193252 0.022707358 -0.411353230 88.825263977
-0.357678890 0.009094761 0.933800399 -2.045021057 0.024693176 0.999695063 -0.000278177 -0.989900112 -0.933518171 0.022958998 -0.357794404 88.689453125
-0.305974841 0.011815950 0.951966405 -1.555801392 0.025761865 0.999659598 -0.004127719 -0.997161150 -0.951691151 0.023261450 -0.306175113 88.564949036
-0.257444978 0.015114538 0.966174960 -1.075706482 0.025655609 0.999632120 -0.008801797 -1.009168506 -0.965952516 0.022521826 -0.257737994 88.465110779
-0.212854981 0.014168362 0.976981044 -0.580322266 0.017281068 0.999793053 -0.010734158 -1.018205643 -0.976930916 0.014598457 -0.213055730 88.402961731
-0.172489882 0.012586151 0.984930873 -0.073554993 0.013570008 0.999853849 -0.010400346 -1.025288939 -0.984917819 0.011571566 -0.172635555 88.343528748
-0.138639212 0.013507626 0.990250885 0.430076599 0.011408756 0.999862432 -0.012041462 -1.034975171 -0.990277290 0.009628112 -0.138774157 88.319801331
-0.108896971 0.016107053 0.993922532 0.959449768 0.014075329 0.999793470 -0.014660062 -1.059018612 -0.993953407 0.012393351 -0.109101176 88.265968323
-0.085020900 0.018557338 0.996206403 1.484054565 0.014410065 0.999744892 -0.017393431 -1.080144525 -0.996275008 0.012876594 -0.085266709 88.235580444
-0.065613866 0.023666495 0.997564435 2.015396118 0.012907871 0.999655187 -0.022867095 -1.095188975 -0.997761607 0.011376035 -0.065896749 88.217620850
-0.051030993 0.030222146 0.998239696 2.555572510 0.011147331 0.999496996 -0.029690348 -1.105362415 -0.998634875 0.009612580 -0.051342249 88.207397461
-0.039379954 0.032114949 0.998708189 3.096176147 0.013712083 0.999406636 -0.031596735 -1.115936399 -0.999130309 0.012450095 -0.039796948 88.192970276
-0.030588508 0.029058296 0.999109626 3.680824280 0.016629152 0.999453783 -0.028559193 -1.134847879 -0.999393761 0.015740762 -0.031055093 88.170021057
-0.023602366 0.024740381 0.999415338 4.253555298 0.017741693 0.999546647 -0.024324644 -1.155265331 -0.999564052 0.017157201 -0.024030685 88.158370972
-0.019650102 0.021663595 0.999572337 4.838661194 0.016103666 0.999642372 -0.021348545 -1.181049347 -0.999677360 0.015677279 -0.019991994 88.162841797
-0.018115163 0.021593111 0.999602854 5.441223145 0.016649170 0.999634683 -0.021292081 -1.200097442 -0.999697387 0.016256850 -0.018468022 88.154701233
-0.017542124 0.021889988 0.999606550 6.025459290 0.018037189 0.999604523 -0.021573413 -1.222658873 -0.999683499 0.017651649 -0.017930031 88.147644043
-0.016576648 0.022403514 0.999611676 6.660873413 0.021304553 0.999529898 -0.022048390 -1.243474245 -0.999635696 0.020930789 -0.017046094 88.134368896
-0.016381264 0.023625536 0.999586642 7.298927307 0.024654524 0.999426365 -0.023217708 -1.261166096 -0.999561787 0.024263997 -0.016954422 88.124610901
-0.016794086 0.024112301 0.999568105 7.944152832 0.027052818 0.999354124 -0.023652613 -1.278917909 -0.999492824 0.026643910 -0.017435551 88.112174988
-0.016950250 0.024271611 0.999561727 8.608634949 0.028729204 0.999304354 -0.023778183 -1.296259761 -0.999443531 0.028313568 -0.017635822 88.101547241
-0.016776204 0.023501977 0.999583066 9.279632568 0.030174743 0.999280274 -0.022988433 -1.318590999 -0.999403894 0.029776504 -0.017473340 88.088623047
-0.016336322 0.023584448 0.999588370 9.969909668 0.033702139 0.999166667 -0.023023702 -1.337959886 -0.999298453 0.033312142 -0.017117620 88.073432922
-0.014902472 0.023540389 0.999611855 10.680953979 0.038929645 0.998978496 -0.022945104 -1.358884692 -0.999130845 0.038572595 -0.015803576 88.056976318
-0.012328982 0.023755388 0.999641836 11.405899048 0.042752095 0.998816133 -0.023208492 -1.379478216 -0.999009669 0.042450640 -0.013329983 88.047302246
-0.007805705 0.023813931 0.999686003 12.146400452 0.046005890 0.998666346 -0.023430422 -1.400019407 -0.998910725 0.045808550 -0.008890867 88.036430359
-0.001376987 0.023938509 0.999712586 12.901481628 0.049365852 0.998496175 -0.023841396 -1.420719504 -0.998779893 0.049318835 -0.002556562 88.032470703
0.007258356 0.023403656 0.999699771 13.670097351 0.052360911 0.998345733 -0.023752127 -1.443373322 -0.998601854 0.052517589 0.006020904 88.026763916
0.016432583 0.021746678 0.999628484 14.453727722 0.054865073 0.998237550 -0.022618333 -1.469521284 -0.998358607 0.055216368 0.015210509 88.048393250
0.026749432 0.020455601 0.999432921 15.253128052 0.055732112 0.998205066 -0.021922126 -1.489258051 -0.998087466 0.056286912 0.025561392 88.069252014
0.037670493 0.018613601 0.999117017 16.074401855 0.052763745 0.998394728 -0.020589549 -1.510484338 -0.997896433 0.053492766 0.036627889 88.109512329
0.048231602 0.018786015 0.998659492 16.903907776 0.050517567 0.998497665 -0.021222787 -1.535046458 -0.997557878 0.051473457 0.047210157 88.154212952
0.058821321 0.020204039 0.998064101 17.749015808 0.047522273 0.998604953 -0.023015739 -1.563324571 -0.997136772 0.048784092 0.057779133 88.226371765
0.069439471 0.024853319 0.997276604 18.604343414 0.043380916 0.998668730 -0.027908595 -1.594459891 -0.996642590 0.045200732 0.068268895 88.291351318
0.078173399 0.028929580 0.996520042 19.459247589 0.039718416 0.998694897 -0.032108493 -1.623130202 -0.996148348 0.042090226 0.076922297 88.373336792
0.084622204 0.030403137 0.995949328 20.325370789 0.032893457 0.998904347 -0.033288192 -1.654707313 -0.995870173 0.035577133 0.083529413 88.468444824
0.087899745 0.028411182 0.995724142 21.194927216 0.027300274 0.999149024 -0.030918900 -1.693120956 -0.995755255 0.029901305 0.087049305 88.553497314
0.088241756 0.026594864 0.995743990 22.061996460 0.022208760 0.999342501 -0.028659092 -1.730028152 -0.995851517 0.024643170 0.087593079 88.648406982
0.085714877 0.025745146 0.995987177 22.931735992 0.018125556 0.999460340 -0.027394820 -1.761653781 -0.996154964 0.020400966 0.085201979 88.740814209
0.081607997 0.024854120 0.996354640 23.793518066 0.013916383 0.999563158 -0.026074003 -1.802190423 -0.996567428 0.015993502 0.081226468 88.818298340
0.075067222 0.025798386 0.996844828 24.658824921 0.010937707 0.999583840 -0.026692940 -1.837582350 -0.997118652 0.012906965 0.074753821 88.892639160
0.067009389 0.026735246 0.997394145 25.513744354 0.007948720 0.999594927 -0.027328270 -1.871875644 -0.997720778 0.009759258 0.066769719 88.952079773
0.056614220 0.027340557 0.998021722 26.370632172 0.005784254 0.999599218 -0.027711894 -1.905113697 -0.998379350 0.007341697 0.056433380 89.008331299
0.045646727 0.025966123 0.998620093 27.230953217 0.003935955 0.999649704 -0.026172804 -1.938567758 -0.998949885 0.005125227 0.045528531 89.049491882
0.034133852 0.023379233 0.999143898 28.079799652 0.003331708 0.999718130 -0.023506494 -1.972040057 -0.999411821 0.004131224 0.034046292 89.079589844
0.022316158 0.021572970 0.999518275 28.938503265 0.003433746 0.999759614 -0.021654844 -2.002906084 -0.999745131 0.003915346 0.022236705 89.093925476
0.010222018 0.022797694 0.999687910 29.787467957 0.004686816 0.999728024 -0.022846535 -2.034998178 -0.999936819 0.004918893 0.010112405 89.103698730
-0.001644850 0.024371209 0.999701738 30.633739471 0.006250054 0.999683678 -0.024360489 -2.063874245 -0.999979258 0.006208125 -0.001796603 89.098403931
-0.013622761 0.024833407 0.999598920 31.487594604 0.008032367 0.999661982 -0.024725512 -2.096214533 -0.999875128 0.007692316 -0.013817668 89.082878113
-0.025954008 0.024068521 0.999373436 32.333545685 0.009707560 0.999669075 -0.023823535 -2.127761841 -0.999616086 0.009083162 -0.026179075 89.061691284
-0.037209392 0.023205737 0.999038160 33.164459229 0.011071915 0.999678552 -0.022808241 -2.157376766 -0.999246299 0.010212587 -0.037454367 89.029991150
-0.047410369 0.023348147 0.998602629 33.999263763 0.013205041 0.999654055 -0.022745803 -2.183764219 -0.998788238 0.012108205 -0.047702193 88.986968994
-0.055047512 0.023956798 0.998196423 34.841152191 0.015744872 0.999608636 -0.023122415 -2.213116646 -0.998359740 0.014443648 -0.055403113 88.940704346
-0.060633898 0.025453854 0.997835636 35.681259155 0.016928285 0.999557257 -0.024469124 -2.244995117 -0.998016655 0.015407987 -0.061038017 88.887420654
-0.063901424 0.028171087 0.997558653 36.522014618 0.017666938 0.999476790 -0.027093556 -2.275904894 -0.997799993 0.015892489 -0.064365745 88.821899414
-0.066493154 0.031101093 0.997302115 37.395465851 0.019032251 0.999371767 -0.029896699 -2.304222345 -0.997605383 0.016992975 -0.067043304 88.774528503
-0.067161679 0.032540914 0.997211456 38.254531860 0.020087050 0.999309540 -0.031256534 -2.347307205 -0.997540057 0.017931798 -0.067768931 88.715774536
-0.066691756 0.033067144 0.997225583 39.123649597 0.020314815 0.999288499 -0.031776950 -2.381024122 -0.997566819 0.018139189 -0.067316055 88.664192200
-0.064428687 0.032701738 0.997386396 40.015289307 0.020126633 0.999302208 -0.031464424 -2.410203218 -0.997719407 0.018046821 -0.065041900 88.610092163
-0.061992764 0.030672884 0.997605324 40.891204834 0.020070074 0.999363840 -0.029479776 -2.444524527 -0.997874975 0.018194485 -0.062568903 88.556022644
-0.059643626 0.028051391 0.997825682 41.787940979 0.020330891 0.999431849 -0.026881304 -2.480624437 -0.998012841 0.018683387 -0.060180068 88.503356934
-0.057131171 0.026450131 0.998016238 42.680278778 0.020438828 0.999470472 -0.025318656 -2.514561176 -0.998157442 0.018951798 -0.057641625 88.451660156
-0.055562019 0.024756845 0.998148322 43.579669952 0.018113818 0.999553025 -0.023783378 -2.546809673 -0.998291016 0.016758824 -0.055985689 88.407699585
-0.055203199 0.024659891 0.998170555 44.481075287 0.016255952 0.999584675 -0.023795800 -2.578184128 -0.998342812 0.014912611 -0.055581093 88.361709595
-0.056812763 0.025126962 0.998068571 45.381721497 0.012154294 0.999626577 -0.024474328 -2.608536005 -0.998310864 0.010740363 -0.057096958 88.318130493
-0.061182499 0.025233556 0.997807682 46.259258270 0.007084868 0.999666154 -0.024846137 -2.643519163 -0.998101592 0.005549191 -0.061340809 88.276855469
-0.067622781 0.025311859 0.997389972 47.164516449 0.001055233 0.999679387 -0.025298420 -2.678376198 -0.997710526 -0.000658267 -0.067627788 88.225135803
-0.077525496 0.025902517 0.996653795 48.062126160 -0.003898307 0.999646902 -0.026283540 -2.713837624 -0.996982753 -0.005922907 -0.077397227 88.162811279
-0.091563225 0.028490253 0.995391607 48.950382233 -0.007296627 0.999544621 -0.029280314 -2.752117634 -0.995772541 -0.009944000 -0.091313601 88.096191406
-0.108103514 0.032415014 0.993611097 49.838352203 -0.010866878 0.999370039 -0.033785194 -2.791351318 -0.994080305 -0.014449746 -0.107683182 88.011474609
-0.126657844 0.033740565 0.991372526 50.718494415 -0.010670465 0.999317169 -0.035374217 -2.822193146 -0.991889119 -0.015058827 -0.126211286 87.908355713
-0.146318913 0.030178709 0.988777161 51.615123749 -0.009364969 0.999447525 -0.031890210 -2.868958473 -0.989193261 -0.013926005 -0.145955443 87.777633667
-0.166876793 0.025698969 0.985642970 52.494468689 -0.006256633 0.999612510 -0.027122499 -2.902420521 -0.985958099 -0.010692914 -0.166651368 87.626159668
-0.188320279 0.024189996 0.981809676 53.328247070 -0.004999331 0.999660075 -0.025588715 -2.945021152 -0.982094884 -0.009727268 -0.188135266 87.459365845
-0.209345818 0.024993924 0.977522314 54.188594818 -0.000192469 0.999672234 -0.025601489 -2.979463100 -0.977841794 -0.005547703 -0.209272385 87.273406982
-0.229481220 0.027238037 0.972931802 55.019767761 0.005168758 0.999628365 -0.026766295 -3.017417908 -0.973299325 -0.001113515 -0.229536772 87.063476562
-0.249556541 0.026549559 0.967996418 55.862258911 0.010112378 0.999641001 -0.024810448 -3.052047729 -0.968307614 0.003597140 -0.249735475 86.843704224
-0.268202662 0.026075168 0.963009715 56.693717957 0.014316818 0.999631107 -0.023079460 -3.087097645 -0.963256299 0.007597263 -0.268477082 86.600097656
-0.284344077 0.028276719 0.958305240 57.511238098 0.019013874 0.999534667 -0.023851566 -3.118655443 -0.958533764 0.011439044 -0.284749389 86.346282959
-0.299121737 0.029788278 0.953749955 58.331176758 0.020511452 0.999482393 -0.024783688 -3.145246267 -0.953994572 0.012149459 -0.299577832 86.079780579
-0.311870456 0.027519284 0.949726224 59.164566040 0.023224523 0.999502599 -0.021335160 -3.169561386 -0.949840963 0.015403133 -0.312354445 85.805786133
-0.322332025 0.018478995 0.946446300 59.992385864 0.025608880 0.999613762 -0.010795428 -3.192940712 -0.946280181 0.020757718 -0.322680831 85.528800964
-0.330066562 0.008025845 0.943923712 60.830368042 0.023890948 0.999714553 -0.000146149 -3.209956884 -0.943655431 0.022502990 -0.330164075 85.237426758
-0.334627628 0.004824017 0.942338169 61.661949158 0.025249241 0.999673784 0.003848566 -3.226103783 -0.942012191 0.025081158 -0.334640265 84.942962646
-0.336181760 0.012380038 0.941715896 62.499496460 0.026909973 0.999631584 -0.003534865 -3.235862732 -0.941412747 0.024153190 -0.336391091 84.641754150
-0.336770892 0.024636315 0.941264451 63.328826904 0.028921599 0.999456644 -0.015811693 -3.246453762 -0.941142559 0.021897955 -0.337300420 84.344589233
-0.336148500 0.033962417 0.941196501 64.161651611 0.029470647 0.999239504 -0.025531415 -3.267636299 -0.941347837 0.019155322 -0.336893797 84.048385620
-0.335471034 0.035369076 0.941386282 65.015319824 0.030017450 0.999188840 -0.026843814 -3.297888041 -0.941572130 0.019252693 -0.336260676 83.746841431
-0.336545944 0.031798545 0.941130102 65.864860535 0.029949792 0.999285519 -0.023053506 -3.330315828 -0.941190720 0.020428088 -0.337257862 83.458267212
-0.338677883 0.026552806 0.940527856 66.713859558 0.029913103 0.999400258 -0.017443379 -3.359540701 -0.940426946 0.022226417 -0.339269042 83.146278381
-0.343236923 0.022523031 0.938978970 67.584495544 0.030949004 0.999440789 -0.012660137 -3.383208275 -0.938739002 0.024715034 -0.343742013 82.832901001
-0.349365830 0.020287754 0.936766684 68.442787170 0.031771686 0.999447167 -0.009796027 -3.404853344 -0.936447501 0.026340257 -0.349817276 82.513946533
-0.357965469 0.021688227 0.933483064 69.304298401 0.031913292 0.999430299 -0.010982548 -3.421996355 -0.933189452 0.025859144 -0.358453631 82.183837891
-0.368876457 0.024722537 0.929149628 70.177062988 0.030949580 0.999418557 -0.014305115 -3.442369938 -0.928963065 0.023479970 -0.369427085 81.843147278
-0.382490516 0.027114017 0.923561692 71.043746948 0.033358477 0.999322891 -0.015522909 -3.460361481 -0.923357189 0.024871243 -0.383135915 81.483062744
-0.396660089 0.028703976 0.917516708 71.906402588 0.033228289 0.999304950 -0.016897446 -3.484243155 -0.917364001 0.023784967 -0.397338152 81.105278015
-0.410354733 0.033289131 0.911318183 72.768066406 0.033297088 0.999214053 -0.021506596 -3.512934923 -0.911317885 0.021518907 -0.411140680 80.720169067
-0.422407985 0.043322623 0.905369937 73.624191284 0.036240384 0.998865604 -0.030888205 -3.538033009 -0.905681074 0.019763526 -0.423498869 80.324493408
-0.432702661 0.047747493 0.900271595 74.480796814 0.039222345 0.998648047 -0.034113415 -3.576416969 -0.900683284 0.020549804 -0.433990479 79.904647827
-0.440467596 0.044982407 0.896640837 75.355682373 0.038676877 0.998767495 -0.031106161 -3.613694668 -0.896934927 0.020978011 -0.441664577 79.475509644
-0.445311785 0.039693877 0.894495487 76.225303650 0.039450057 0.998916507 -0.024687998 -3.650428772 -0.894506276 0.024294041 -0.446395278 79.045135498
-0.447542667 0.038900897 0.893416107 77.125167847 0.040187828 0.998918951 -0.023363223 -3.679169416 -0.893359184 0.025448415 -0.448622227 78.590682983
-0.448915720 0.038647708 0.892738104 78.008544922 0.041456651 0.998889267 -0.022396542 -3.708673000 -0.892612100 0.026955770 -0.450019360 78.149124146
-0.449328899 0.039715160 0.892483413 78.892631531 0.042519916 0.998829901 -0.023040507 -3.741523266 -0.892354190 0.027595552 -0.450491786 77.702697754
-0.450309157 0.038035817 0.892062247 79.780883789 0.041825317 0.998894036 -0.021477684 -3.773479939 -0.891892612 0.027639190 -0.451401949 77.261871338
-0.451197982 0.037830986 0.891621768 80.665260315 0.040533118 0.998938739 -0.021872934 -3.805596828 -0.891503036 0.026271189 -0.452252507 76.819778442
-0.452248573 0.035474371 0.891186178 81.535026550 0.037436735 0.999083102 -0.020771345 -3.838889599 -0.891105890 0.023969293 -0.453161955 76.379333496
-0.454375505 0.034080740 0.890158117 82.407890320 0.033835139 0.999207079 -0.020984877 -3.873837948 -0.890167475 0.020583609 -0.455168366 75.942062378
-0.459369540 0.031590968 0.887683213 83.283714294 0.028985793 0.999368250 -0.020565690 -3.911660671 -0.887772083 0.016282948 -0.459995031 75.509277344
-0.465916634 0.030034516 0.884318948 84.155075073 0.025174811 0.999469101 -0.020681694 -3.942373276 -0.884470642 0.012626620 -0.466425419 75.053405762
-0.474752903 0.024796544 0.879770041 85.010551453 0.019137835 0.999657512 -0.017848205 -3.971346855 -0.879911304 0.008363408 -0.475064874 74.607025146
-0.484690309 0.021952357 0.874410629 85.850631714 0.018111523 0.999722540 -0.015059052 -4.008635521 -0.874498606 0.008537932 -0.484953403 74.145263672
-0.496027946 0.020192061 0.868071914 86.693435669 0.018573102 0.999747574 -0.012642030 -4.031538963 -0.868108034 0.009851987 -0.496277809 73.669403076
-0.507370234 0.019482920 0.861507952 87.555580139 0.016379090 0.999781787 -0.012963790 -4.059593678 -0.861572504 0.007533275 -0.507578611 73.179260254
-0.519430399 0.017750377 0.854328334 88.378883362 0.015851011 0.999812365 -0.011135706 -4.084582329 -0.854365706 0.007757744 -0.519614220 72.682388306
-0.532157421 0.017673641 0.846460998 89.191467285 0.015014697 0.999821842 -0.011436217 -4.109356403 -0.846512377 0.006623488 -0.532328010 72.179611206
-0.545371056 0.018043526 0.838000596 90.013671875 0.014284697 0.999823153 -0.012231345 -4.142893314 -0.838073075 0.005299962 -0.545532346 71.655914307
-0.557937622 0.020313278 0.829634309 90.774810791 0.014300751 0.999787271 -0.014862007 -4.169219971 -0.829759717 0.003572322 -0.558109403 71.138023376
-0.570748806 0.020969966 0.820857167 91.554412842 0.013999841 0.999777079 -0.015806530 -4.188834667 -0.821005642 0.002470313 -0.570915222 70.601242065
-0.582798958 0.020319471 0.812362254 92.317214966 0.014396978 0.999788582 -0.014678959 -4.217751503 -0.812488794 0.003140679 -0.582968354 70.054229736
-0.595242739 0.018576609 0.803331196 93.084709167 0.014710409 0.999817133 -0.012220300 -4.245454788 -0.803411305 0.004543284 -0.595407248 69.497886658
-0.606631875 0.019238051 0.794750214 93.818641663 0.016819328 0.999793947 -0.011363256 -4.272579193 -0.794805110 0.006473852 -0.606830478 68.932037354
-0.616445303 0.020944238 0.787119210 94.543830872 0.019174993 0.999749005 -0.011584837 -4.294310093 -0.787164330 0.007951587 -0.616692185 68.358428955
-0.624725819 0.023420289 0.780492961 95.268974304 0.022816341 0.999670804 -0.011734409 -4.314029217 -0.780510843 0.010477207 -0.625054479 67.777679443
-0.630512595 0.026056763 0.775741816 95.970260620 0.027678169 0.999555528 -0.011078114 -4.337719917 -0.775685668 0.014486223 -0.630953550 67.196136475
-0.634153605 0.027495589 0.772718251 96.669403076 0.030703500 0.999474764 -0.010366542 -4.359494209 -0.772597432 0.017151173 -0.634664774 66.611114502
-0.637033939 0.029478794 0.770272076 97.367637634 0.033521887 0.999382555 -0.010523582 -4.379993439 -0.770106673 0.019117093 -0.637628794 66.047698975
-0.637716174 0.030831708 0.769654274 98.050491333 0.035270259 0.999319375 -0.010807856 -4.398699760 -0.769463658 0.020253563 -0.638369560 65.481246948
-0.637149930 0.032978110 0.770034015 98.723823547 0.038666405 0.999193847 -0.010798519 -4.423949242 -0.769769371 0.022894168 -0.637911439 64.930557251
-0.634614348 0.034260225 0.772069275 99.379325867 0.041272063 0.999093711 -0.010410124 -4.441792488 -0.771726191 0.025258476 -0.635453224 64.381134033
-0.631145358 0.034494232 0.774897099 100.030014038 0.042435396 0.999050081 -0.009909128 -4.465939045 -0.774502814 0.026628966 -0.632009625 63.857765198
-0.626279831 0.035823710 0.778774858 100.667320251 0.044995196 0.998939455 -0.009766793 -4.491093636 -0.778298855 0.028924381 -0.627227545 63.340267181
-0.620611548 0.036504027 0.783268034 101.283279419 0.045945641 0.998892367 -0.010148760 -4.509254456 -0.782770932 0.029689314 -0.621601343 62.854743958
-0.615895748 0.036308140 0.786990643 101.895744324 0.046476774 0.998872161 -0.009710851 -4.532094479 -0.786455631 0.030595912 -0.616888642 62.385154724
-0.611433506 0.034857877 0.790527761 102.488601685 0.044910632 0.998947620 -0.009311919 -4.555513382 -0.790020406 0.029809482 -0.612355471 61.947166443
-0.606681466 0.034317054 0.794203937 103.072479248 0.044830680 0.998954773 -0.008918668 -4.577398300 -0.793679893 0.030193912 -0.607585788 61.496795654
-0.603515625 0.033609532 0.796642601 103.632110596 0.044470705 0.998974919 -0.008455887 -4.596436024 -0.796110153 0.030323997 -0.604391694 61.082557678
-0.601224065 0.035222679 0.798304081 104.188507080 0.044229925 0.998963356 -0.010765426 -4.616680145 -0.797855735 0.028836492 -0.602158666 60.671913147
-0.600697279 0.037827179 0.798581183 104.723167419 0.043996207 0.998930454 -0.014223125 -4.633874416 -0.798265100 0.026590750 -0.601719141 60.257446289
-0.602190852 0.043317609 0.797176301 105.261604309 0.045875043 0.998754561 -0.019616909 -4.654804230 -0.797033191 0.024757374 -0.603428006 59.846412659
-0.604644418 0.048971999 0.794988751 105.798545837 0.048805226 0.998510480 -0.024389347 -4.679252148 -0.794999003 0.024052721 -0.606133938 59.432220459
-0.607953787 0.050340019 0.792374969 106.336311340 0.051219076 0.998395860 -0.024130538 -4.698726654 -0.792318642 0.025914460 -0.609556913 59.013298035
-0.612351418 0.046589945 0.789211869 106.865798950 0.051612381 0.998488367 -0.018898111 -4.711824417 -0.788899362 0.029160814 -0.613830328 58.605178833
-0.616292477 0.038042635 0.786598086 107.388969421 0.050183035 0.998699665 -0.008982664 -4.734310150 -0.785916924 0.033937927 -0.617400169 58.195419312
-0.621065140 0.031113606 0.783141375 107.915618896 0.048205834 0.998836339 -0.001453693 -4.756301880 -0.782275319 0.036849141 -0.621842265 57.777153015
-0.626210093 0.030109877 0.779072881 108.438911438 0.045790210 0.998949468 -0.001802090 -4.776739120 -0.778308690 0.034545422 -0.626930952 57.364830017
-0.630056143 0.032729402 0.775859714 108.945243835 0.043674506 0.999023497 -0.006676536 -4.790900230 -0.775320590 0.029678699 -0.630870342 56.955230713
-0.632980704 0.037417512 0.773262858 109.478927612 0.043248903 0.998980582 -0.012936937 -4.791817665 -0.772958636 0.025253940 -0.633953691 56.519119263
-0.635146976 0.037643705 0.771473587 109.998634338 0.040564124 0.999058962 -0.015352571 -4.802592754 -0.771325529 0.021543009 -0.636076331 56.094627380
-0.636467934 0.037317805 0.770399868 110.526580811 0.038887061 0.999111176 -0.016269822 -4.816649437 -0.770322204 0.019603362 -0.637353420 55.656669617
-0.637951374 0.036312375 0.769220233 111.056114197 0.036610071 0.999188304 -0.016805930 -4.840272427 -0.769206166 0.017439842 -0.638762832 55.222007751
-0.638973117 0.036452115 0.768365085 111.594665527 0.035855390 0.999202251 -0.017585928 -4.858608723 -0.768393159 0.016313095 -0.639770389 54.781867981
-0.638596892 0.036779184 0.768662035 112.156173706 0.037003431 0.999169409 -0.017066481 -4.870902538 -0.768651307 0.017544532 -0.639427423 54.317802429
-0.637388825 0.033940468 0.769794583 112.712989807 0.038844693 0.999174535 -0.011890551 -4.880069733 -0.769562721 0.022323528 -0.638181090 53.858543396
-0.633833885 0.026703941 0.773008287 113.276153564 0.037901059 0.999275565 -0.003443206 -4.897636414 -0.772540212 0.027115408 -0.634386897 53.400535583
-0.628220916 0.024312714 0.777655005 113.852447510 0.038814817 0.999246418 0.000115591 -4.909678459 -0.777066171 0.030257154 -0.628691196 52.936393738
-0.622244239 0.024034970 0.782454312 114.431251526 0.038555481 0.999256432 -0.000033458 -4.921551704 -0.781873345 0.030147078 -0.622708321 52.492683411
-0.615322828 0.024702242 0.787888288 115.025955200 0.035017163 0.999378741 -0.003985390 -4.923662186 -0.787497282 0.025137311 -0.615805507 52.045593262
-0.608775258 0.022301223 0.793029308 115.639366150 0.031871647 0.999485314 -0.003640570 -4.927349567 -0.792702377 0.023058861 -0.609172702 51.590187073
-0.602486491 0.017372979 0.797939956 116.266708374 0.024530331 0.999693811 -0.003243935 -4.934406281 -0.797752023 0.017619304 -0.602728248 51.141769409
-0.597132683 0.013869599 0.802022517 116.898483276 0.018381391 0.999824524 -0.003604681 -4.945590019 -0.801931798 0.012589816 -0.597282887 50.679206848
-0.593634605 0.012627049 0.804635823 117.544967651 0.007786979 0.999920189 -0.009946641 -4.955548286 -0.804697216 0.000361014 -0.593685508 50.227958679
-0.591567397 0.014471967 0.806125760 118.195098877 -0.000362396 0.999834001 -0.018215455 -4.968379974 -0.806255579 -0.011067805 -0.591463923 49.770591736
-0.589456558 0.011954615 0.807711720 118.865577698 -0.009655520 0.999714792 -0.021842837 -4.988320827 -0.807742476 -0.020674277 -0.589172959 49.311714172
-0.587992787 0.012123479 0.808775544 119.542160034 -0.009631288 0.999711871 -0.021987699 -5.003812313 -0.808809102 -0.020718154 -0.587706566 48.833854675
-0.585756660 0.009952852 0.810425937 120.223869324 -0.008294078 0.999798656 -0.018273303 -5.028461456 -0.810444593 -0.017425442 -0.585556149 48.342727661
-0.584539533 0.006444636 0.811339796 120.914978027 -0.010773220 0.999818683 -0.015703458 -5.051463604 -0.811293900 -0.017920032 -0.584364176 47.854515076
-0.584373355 0.005642478 0.811465681 121.626556396 -0.010851041 0.999832094 -0.014766599 -5.071283340 -0.811412752 -0.017434448 -0.584213972 47.360656738
-0.584077358 0.009751825 0.811639547 122.335052490 -0.006831975 0.999833345 -0.016929436 -5.088565350 -0.811669409 -0.015433199 -0.583913326 46.846549988
-0.585547686 0.013071622 0.810532570 123.035430908 -0.004578236 0.999800682 -0.019431414 -5.109226227 -0.810625017 -0.015088829 -0.585371137 46.325256348
-0.587590098 0.011026723 0.809083521 123.768035889 -0.006533905 0.999809861 -0.018371260 -5.130513191 -0.809132278 -0.016081246 -0.587406397 45.808990479
-0.588491440 0.009353801 0.808449268 124.501449585 -0.005187752 0.999868810 -0.015344835 -5.152725697 -0.808486760 -0.013224338 -0.588365674 45.275123596
-0.589867830 0.008058749 0.807459593 125.246246338 -0.002702205 0.999924898 -0.011953648 -5.172528267 -0.807495296 -0.009232994 -0.589801788 44.729034424
-0.591400862 0.006199253 0.806353867 125.995262146 -0.006366654 0.999903381 -0.012356732 -5.189612865 -0.806352556 -0.012441559 -0.591304302 44.191757202
-0.593143463 0.004768691 0.805082738 126.777725220 -0.010301644 0.999855638 -0.013512096 -5.200081825 -0.805030942 -0.016308287 -0.593008637 43.639373779
-0.594337225 0.005181021 0.804199457 127.540077209 -0.010544782 0.999843061 -0.014234483 -5.218397141 -0.804147005 -0.016940188 -0.594189405 43.082672119
-0.595925570 0.003377701 0.803032637 128.309494019 -0.009440827 0.999892592 -0.011211708 -5.238780975 -0.802984238 -0.014262635 -0.595829606 42.509674072
-0.597288489 -0.004182193 0.802015722 129.081695557 -0.013293542 0.999900639 -0.004686069 -5.258847237 -0.801916420 -0.013460563 -0.597284794 41.945541382
-0.599215150 -0.011118881 0.800510943 129.891723633 -0.014443332 0.999890983 0.003076793 -5.274713039 -0.800457895 -0.009718385 -0.599310398 41.362808228
-0.599327564 -0.015088546 0.800361574 130.667572021 -0.016690284 0.999840558 0.006351118 -5.283412933 -0.800329745 -0.009551862 -0.599483848 40.791107178
-0.600080609 -0.014428044 0.799809575 131.437805176 -0.020117437 0.999793291 0.002941926 -5.296274662 -0.799686670 -0.014324726 -0.600246787 40.227554321
-0.599826097 -0.012556807 0.800032198 132.205230713 -0.024990607 0.999683022 -0.003046357 -5.300222397 -0.799740374 -0.021820569 -0.599949718 39.665771484
-0.599134326 -0.011905004 0.800560057 132.995758057 -0.029644243 0.999533713 -0.007321661 -5.317280769 -0.800099611 -0.028118653 -0.599207878 39.095611572
-0.597117305 -0.013408754 0.802042067 133.772628784 -0.029644735 0.999546111 -0.005359708 -5.334631443 -0.801606178 -0.026976695 -0.597243786 38.522781372
-0.595485091 -0.012273926 0.803272963 134.562911987 -0.026722211 0.999632597 -0.004535514 -5.352237225 -0.802922189 -0.024166055 -0.595594287 37.950439453
-0.593222499 -0.006636505 0.805011272 135.358825684 -0.017757248 0.999830604 -0.004842935 -5.364093781 -0.804842770 -0.017167721 -0.593239784 37.364700317
-0.588994741 -0.003326755 0.808130205 136.145950317 -0.014561489 0.999872863 -0.006496856 -5.383832455 -0.808005869 -0.015594191 -0.588968277 36.780120850
-0.585240006 0.002490066 0.810856402 136.927917480 -0.006754225 0.999945641 -0.007945640 -5.400377750 -0.810832083 -0.010126812 -0.585191369 36.214782715
-0.582504988 0.008782582 0.812779665 137.701446533 0.004454600 0.999961078 -0.007612658 -5.423146248 -0.812814951 -0.000813803 -0.582521439 35.640197754
-0.581802487 0.007570699 0.813294888 138.481811523 0.000538963 0.999960065 -0.008922749 -5.442595959 -0.813329935 -0.004752942 -0.581783295 35.096893311
-0.582387924 0.003548059 0.812903464 139.254409790 -0.002068003 0.999980748 -0.005846169 -5.460024834 -0.812908590 -0.005085824 -0.582369447 34.545898438
-0.583424926 -0.002028713 0.812164545 140.033737183 -0.004787992 0.999988079 -0.000941613 -5.477436543 -0.812152982 -0.004437997 -0.583427787 33.996276855
-0.584571123 -0.007149128 0.811311066 140.823287964 -0.009469319 0.999953210 0.001988515 -5.489627838 -0.811287344 -0.006520134 -0.584611535 33.449707031
-0.587095976 -0.009237067 0.809464574 141.596481323 -0.011017487 0.999933481 0.003419703 -5.500501633 -0.809442341 -0.006910572 -0.587158680 32.907516479
-0.589539170 -0.007911446 0.807701111 142.366226196 -0.014067300 0.999900937 -0.000473642 -5.509602070 -0.807617307 -0.011641404 -0.589591980 32.362823486
-0.590181828 -0.014327761 0.807143211 143.129959106 -0.021611452 0.999764562 0.001944762 -5.518287182 -0.806981027 -0.016295774 -0.590352416 31.818786621
-0.592569232 -0.007356660 0.805485845 143.889068604 -0.018339222 0.999822319 -0.004359986 -5.530740738 -0.805310667 -0.017355578 -0.592598915 31.267608643
-0.593877316 -0.004232341 0.804544568 144.644088745 -0.019618258 0.999765038 -0.009221975 -5.544900417 -0.804316461 -0.021260483 -0.593820810 30.714126587
-0.596075058 0.000549166 0.802928567 145.397644043 -0.021301407 0.999636948 -0.016497362 -5.564052105 -0.802646160 -0.026937176 -0.595847011 30.167968750
-0.597888470 0.000863114 0.801578879 146.147811890 -0.016991982 0.999761045 -0.013750634 -5.586639404 -0.801399231 -0.021841759 -0.597730875 29.619430542
-0.597921610 -0.002020478 0.801552057 146.903701782 -0.015857343 0.999830961 -0.009308579 -5.605344772 -0.801397741 -0.018276285 -0.597852588 29.060531616
-0.598227024 -0.007308589 0.801293433 147.656158447 -0.016831217 0.999852419 -0.003446151 -5.624450207 -0.801149964 -0.015548323 -0.598261833 28.508804321
-0.598245621 -0.002671199 0.801308334 148.405822754 -0.012047333 0.999911427 -0.005661118 -5.644169807 -0.801222205 -0.013040368 -0.598224759 27.957595825
-0.597421646 -0.001348483 0.801926315 149.144180298 -0.014720174 0.999848545 -0.009284980 -5.660401344 -0.801792383 -0.017351542 -0.597350955 27.417999268
-0.596736431 0.003856745 0.802428305 149.882019043 -0.014616990 0.999770284 -0.015675355 -5.682729244 -0.802304387 -0.021083135 -0.596542954 26.874618530
-0.596551895 0.001217826 0.802573621 150.619186401 -0.018433383 0.999714255 -0.015218474 -5.705252171 -0.802362859 -0.023872755 -0.596358895 26.339385986
-0.596693516 -0.004023083 0.802459359 151.358108521 -0.021041308 0.999722064 -0.010633864 -5.727625370 -0.802193522 -0.023229947 -0.596612334 25.805603027
-0.597525120 -0.007520935 0.801815093 152.078002930 -0.018139374 0.999826908 -0.004139476 -5.746861458 -0.801645160 -0.017017864 -0.597558022 25.275192261
-0.598495483 -0.006598095 0.801099062 152.776184082 -0.015504990 0.999874175 -0.003348402 -5.769909382 -0.800976217 -0.014425035 -0.598522544 24.759078979
-0.600054502 0.000865475 0.799958825 153.437103271 -0.014575226 0.999821603 -0.012014681 -5.794243336 -0.799826503 -0.018869041 -0.599934816 24.256942749
-0.602349877 0.012068812 0.798141241 154.106536865 -0.012875970 0.999608696 -0.024832606 -5.814580917 -0.798128605 -0.025234751 -0.601958752 23.758483887
-0.606852889 0.013980744 0.794691443 154.762588501 -0.009255073 0.999653220 -0.024654051 -5.840206623 -0.794760525 -0.022316305 -0.606513023 23.281539917
-0.610921264 0.008570687 0.791644871 155.399581909 -0.006152761 0.999859810 -0.015573066 -5.864037514 -0.791667342 -0.014384720 -0.610782981 22.789154053
-0.615591884 -0.000818321 0.788064599 156.023635864 -0.004329712 0.999987900 -0.002343748 -5.889297962 -0.788053155 -0.004854885 -0.615587950 22.304229736
-0.618849397 -0.005758514 0.785488665 156.618896484 -0.005990327 0.999978662 0.002611472 -5.908622265 -0.785486937 -0.003089226 -0.618870735 21.835464478
-0.623620629 -0.002120664 0.781724334 157.199707031 -0.005510997 0.999983370 -0.001683640 -5.923615456 -0.781707823 -0.005358033 -0.623621941 21.388961792
-0.625735521 0.008657256 0.779987335 157.736831665 -0.000793491 0.999930799 -0.011735029 -5.941444874 -0.780034959 -0.007961937 -0.625685453 20.950119019
-0.628080964 0.015724484 0.777989209 158.261108398 0.000497921 0.999803722 -0.019805754 -5.957221508 -0.778147936 -0.012052239 -0.627965569 20.523864746
-0.629205704 0.020026179 0.776981056 158.766418457 0.004729008 0.999748170 -0.021938270 -5.978404045 -0.777224720 -0.010129331 -0.629141927 20.118103027
-0.626498818 0.022560496 0.779096067 159.258850098 0.011288956 0.999738812 -0.019871863 -5.986435413 -0.779340863 -0.003654514 -0.626589775 19.719009399
-0.622049212 0.026427468 0.782532036 159.754989624 0.020304738 0.999638557 -0.017618921 -6.008799076 -0.782714844 0.004929272 -0.622361064 19.357666016
-0.610338449 0.027870411 0.791650474 160.226135254 0.025355557 0.999556124 -0.015641464 -6.028299809 -0.791734993 0.010526153 -0.610774159 19.001312256
-0.592282414 0.033448324 0.805036068 160.697540283 0.033393636 0.999298513 -0.016951291 -6.051989555 -0.805038333 0.016843127 -0.592983842 18.654098511
-0.568763256 0.039427578 0.821555972 161.184524536 0.041864157 0.998943448 -0.018958092 -6.069764137 -0.821435392 0.023611082 -0.569812894 18.333679199
-0.538015485 0.042667970 0.841854632 161.672225952 0.047850817 0.998653531 -0.020034399 -6.104006767 -0.841575980 0.029504616 -0.539332867 18.026199341
-0.502693534 0.041922394 0.863447547 162.162460327 0.050164457 0.998554945 -0.019276751 -6.105361938 -0.863007963 0.033624079 -0.504070163 17.739517212
-0.465268612 0.037258159 0.884385109 162.694931030 0.043933246 0.998854399 -0.018967660 -6.124000549 -0.884078622 0.030028850 -0.466372490 17.480361938
-0.425675750 0.035114467 0.904194176 163.213012695 0.038545780 0.999043405 -0.020651396 -6.143530846 -0.904054403 0.026062073 -0.426622033 17.269622803
-0.386383653 0.038574308 0.921531379 163.729461670 0.037499711 0.998955965 -0.026092185 -6.167987823 -0.921575725 0.024475567 -0.387426734 17.076995850
-0.345846653 0.043341927 0.937289536 164.253326416 0.038182504 0.998755217 -0.032095410 -6.192786217 -0.937513888 0.024687978 -0.347071052 16.896270752
-0.305590391 0.049068477 0.950897992 164.801895142 0.036543313 0.998539865 -0.039782975 -6.209393024 -0.951461673 0.022591671 -0.306937337 16.754379272
-0.264628291 0.049141165 0.963097751 165.360046387 0.034921486 0.998534083 -0.041353982 -6.239665985 -0.963718176 0.022689374 -0.265956402 16.624130249
-0.223426104 0.046720773 0.973600507 165.930618286 0.030645989 0.998693466 -0.040892150 -6.260908127 -0.974238932 0.020700576 -0.224565983 16.528350830
-0.181470275 0.041963860 0.982500732 166.466140747 0.028481007 0.998894274 -0.037403543 -6.285990715 -0.982983947 0.021194978 -0.182464838 16.436920166
-0.145135999 0.035039753 0.988791049 167.052886963 0.021412630 0.999249876 -0.032267410 -6.316903114 -0.989179969 0.016489454 -0.145777464 16.388137817
-0.111988187 0.027742678 0.993322253 167.651245117 0.016139047 0.999529123 -0.026096500 -6.341995716 -0.993578494 0.013108775 -0.112383246 16.350845337
-0.082881331 0.025218224 0.996240497 168.248291016 0.010938568 0.999642551 -0.024394324 -6.363522530 -0.996499598 0.008875611 -0.083127618 16.333114624
-0.058667541 0.023151254 0.998009145 168.837234497 0.005716180 0.999722421 -0.022854978 -6.378775120 -0.998261213 0.004363955 -0.058783650 16.311782837
-0.041334867 0.019442311 0.998956263 169.455764771 -0.003747472 0.999800622 -0.019613808 -6.402517319 -0.999138415 -0.004554292 -0.041253805 16.318191528
-0.028698683 0.017722679 0.999431133 170.082611084 -0.016415279 0.999699652 -0.018198805 -6.423913956 -0.999453485 -0.016928216 -0.028399110 16.335311890
-0.020773172 0.020186696 0.999580443 170.702789307 -0.023675356 0.999505818 -0.020677209 -6.443008423 -0.999503911 -0.024094954 -0.020285010 16.340820312
-0.016034842 0.022902817 0.999609053 171.352432251 -0.028592434 0.999318302 -0.023354808 -6.456278801 -0.999462485 -0.028955748 -0.015369058 16.334503174
-0.014870405 0.024784679 0.999582231 171.997497559 -0.029584328 0.999244153 -0.025216412 -6.474948883 -0.999451697 -0.029946946 -0.014125943 16.332641602
-0.016692519 0.023118211 0.999593496 172.650039673 -0.030600427 0.999252558 -0.023621328 -6.493295670 -0.999392390 -0.030982278 -0.015972614 16.327316284
-0.019901395 0.021441873 0.999572098 173.296264648 -0.029520087 0.999321520 -0.022024240 -6.514267921 -0.999366105 -0.029945765 -0.019254923 16.314285278
-0.024658203 0.016452409 0.999560654 173.946395874 -0.030542402 0.999385417 -0.017202973 -6.540265083 -0.999229372 -0.030953173 -0.024140596 16.296829224
-0.030188441 0.017917022 0.999383628 174.645965576 -0.029835306 0.999377668 -0.018818153 -6.562859535 -0.999098837 -0.030385008 -0.029635072 16.279159546
-0.035951734 0.024799390 0.999045849 175.316116333 -0.031168822 0.999177873 -0.025924310 -6.589175224 -0.998867393 -0.032071102 -0.035149217 16.261230469
-0.042548418 0.035343949 0.998469174 175.996856689 -0.031247325 0.998838127 -0.036688574 -6.612609386 -0.998605788 -0.032760523 -0.041394591 16.240386963
-0.048839331 0.040359277 0.997991025 176.682830811 -0.030128410 0.998669088 -0.041861113 -6.639822483 -0.998352230 -0.032112341 -0.047558427 16.196090698
-0.054978967 0.037817355 0.997771144 177.383392334 -0.029709177 0.998778105 -0.039492548 -6.664736271 -0.998045444 -0.031814218 -0.053788304 16.154983521
-0.062470317 0.030340847 0.997585654 178.093811035 -0.031509336 0.998979568 -0.032356404 -6.695038795 -0.997549415 -0.033454567 -0.061450601 16.122222900
-0.069647789 0.024305163 0.997275531 178.832214355 -0.035964295 0.998992085 -0.026858672 -6.729035378 -0.996923149 -0.037736960 -0.068703532 16.084243774
-0.075890899 0.022884823 0.996853530 179.551971436 -0.039265044 0.998892546 -0.025920898 -6.755829811 -0.996342778 -0.041108653 -0.074908376 16.037445068
-0.081362605 0.026347319 0.996336222 180.271972656 -0.042705622 0.998640299 -0.029895667 -6.785788059 -0.995769203 -0.044981550 -0.080126882 15.991287231
-0.084711552 0.029161079 0.995978832 180.995437622 -0.040549990 0.998642683 -0.032687992 -6.811279774 -0.995580137 -0.043155976 -0.083414078 15.929702759
-0.086323023 0.031578593 0.995766580 181.722930908 -0.032552551 0.998874426 -0.034499131 -6.841715813 -0.995735228 -0.035392813 -0.085197926 15.852127075
-0.087806106 0.030337118 0.995675623 182.465789795 -0.029325299 0.999024212 -0.033025268 -6.870153427 -0.995705903 -0.032098297 -0.086830735 15.784820557
-0.087915182 0.027893854 0.995737374 183.208190918 -0.035679851 0.998878241 -0.031132068 -6.899258614 -0.995488822 -0.038264740 -0.086821318 15.730438232
-0.086281419 0.024062898 0.995980144 183.961502075 -0.040582504 0.998793662 -0.027646523 -6.928741455 -0.995443881 -0.042804752 -0.085200787 15.681335449
-0.083619237 0.024003359 0.996208668 184.707550049 -0.036189884 0.998977184 -0.027107757 -6.953702927 -0.995840430 -0.038319405 -0.082665086 15.610366821
-0.082776666 0.024415245 0.996269107 185.457687378 -0.031622190 0.999132097 -0.027112789 -6.983467102 -0.996066391 -0.033748511 -0.081932783 15.544906616
-0.082418561 0.022962052 0.996333420 186.227050781 -0.035063002 0.999048769 -0.025925109 -7.012546539 -0.995980978 -0.037071142 -0.081535101 15.489669800
-0.082123280 0.020273279 0.996416032 186.988311768 -0.038430691 0.998985052 -0.023492955 -7.034729004 -0.995881021 -0.040222272 -0.081260800 15.436126709
-0.080696702 0.017046224 0.996593058 187.762756348 -0.041073430 0.998947620 -0.020412315 -7.062385559 -0.995892227 -0.042580690 -0.079911590 15.386856079
-0.079284668 0.014647705 0.996744454 188.533233643 -0.041821908 0.998962820 -0.018006967 -7.085499763 -0.995974362 -0.043113425 -0.078589797 15.332443237
-0.078198075 0.016405581 0.996802986 189.316055298 -0.039753288 0.999018073 -0.019560637 -7.111997128 -0.996145070 -0.041155796 -0.077469110 15.265899658
-0.077754617 0.021501184 0.996740758 190.088775635 -0.035004899 0.999092102 -0.024282595 -7.136294365 -0.996357918 -0.036778886 -0.076931357 15.203552246
-0.077865362 0.025076814 0.996648669 190.854614258 -0.036099415 0.998957098 -0.027955240 -7.164256096 -0.996310294 -0.038155165 -0.076878905 15.151428223
-0.078713655 0.026724016 0.996538997 191.645111084 -0.040430486 0.998732567 -0.029976327 -7.186998844 -0.996077061 -0.042650107 -0.077533484 15.091461182
-0.079783082 0.024108594 0.996520758 192.434997559 -0.040796548 0.998790920 -0.027429750 -7.206779957 -0.995977163 -0.042843029 -0.078703046 15.034378052
-0.080994248 0.021643039 0.996479630 193.209442139 -0.037262842 0.998999536 -0.024726503 -7.243406296 -0.996017873 -0.039134361 -0.080106735 14.970535278
-0.082311869 0.023280729 0.996334672 193.991989136 -0.039837670 0.998851240 -0.026630709 -7.269649982 -0.995810091 -0.041883674 -0.081289887 14.914230347
-0.084563017 0.027979000 0.996025264 194.781143188 -0.043454841 0.998551071 -0.031739283 -7.299602032 -0.995470166 -0.045966085 -0.083224654 14.861679077
-0.087403655 0.032636009 0.995638371 195.569396973 -0.043488260 0.998385370 -0.036543734 -7.331555843 -0.995223463 -0.046492629 -0.085843205 14.800354004
-0.090004086 0.033362981 0.995382488 196.327682495 -0.044440944 0.998308718 -0.037479483 -7.364361286 -0.994949460 -0.047609039 -0.088369131 14.719833374
-0.093086720 0.034013558 0.995076895 197.140319824 -0.042646829 0.998362899 -0.038115367 -7.404054165 -0.994744301 -0.045984901 -0.091483712 14.649490356
-0.094005704 0.032556608 0.995039344 197.959030151 -0.042362638 0.998429120 -0.036669705 -7.441692829 -0.994670093 -0.045599643 -0.092478871 14.573883057
-0.095615625 0.032455169 0.994889259 198.770523071 -0.037002090 0.998661697 -0.036134385 -7.473683357 -0.994730532 -0.040267982 -0.094286799 14.494308472
-0.095801473 0.028464910 0.994993508 199.585983276 -0.034152292 0.998908520 -0.031865213 -7.513958931 -0.994814575 -0.037034031 -0.094724774 14.416320801
-0.096196651 0.025478190 0.995036364 200.406433105 -0.032722954 0.999051034 -0.028744526 -7.543105125 -0.994824469 -0.035325646 -0.095271587 14.342376709
-0.096651793 0.024393329 0.995019436 201.242980957 -0.028543275 0.999220550 -0.027268887 -7.575014591 -0.994909048 -0.031036690 -0.095880151 14.261947632
-0.095728278 0.025338564 0.995084941 202.069396973 -0.026819222 0.999247372 -0.028024593 -7.607965946 -0.995046139 -0.029370150 -0.094976664 14.180694580
-0.095757604 0.026054189 0.995063663 202.899841309 -0.023918444 0.999308527 -0.028467068 -7.633223534 -0.995117307 -0.026526311 -0.095068216 14.105804443
-0.094586968 0.027851762 0.995127082 203.732620239 -0.017769340 0.999402106 -0.029660391 -7.665914536 -0.995358169 -0.020488231 -0.094035506 14.022048950
-0.092777610 0.028489165 0.995279253 204.577377319 -0.015680637 0.999424815 -0.030069541 -7.701972961 -0.995563388 -0.018396392 -0.092277527 13.948181152
-0.090365410 0.027420871 0.995531082 205.397552490 -0.019241165 0.999386251 -0.029273598 -7.734106064 -0.995722771 -0.021800498 -0.089782357 13.874359131
-0.086296320 0.024510050 0.995968044 206.229843140 -0.023788031 0.999361634 -0.026654692 -7.763756752 -0.995985508 -0.025992317 -0.085658193 13.809661865
-0.084192634 0.023133742 0.996181071 207.065093994 -0.020712882 0.999473810 -0.024960766 -7.801511288 -0.996234357 -0.022735288 -0.083669186 13.747009277
-0.082039833 0.029885653 0.996180952 207.889663696 -0.019383444 0.999313414 -0.031575937 -7.841613770 -0.996440589 -0.021899898 -0.081404209 13.680740356
-0.080927134 0.040644035 0.995890975 208.724945068 -0.022201583 0.998846829 -0.042568795 -7.874830723 -0.996472716 -0.025555328 -0.079931498 13.628570557
-0.079518795 0.041002549 0.995989859 209.547439575 -0.024753414 0.998764336 -0.043093059 -7.905032158 -0.996526122 -0.028080849 -0.078405499 13.572296143
-0.078444123 0.029844958 0.996471763 210.385101318 -0.028231854 0.999084413 -0.032145672 -7.946544170 -0.996518791 -0.030653877 -0.077529669 13.515899658
-0.079421997 0.018582560 0.996667981 211.215850830 -0.028168039 0.999385178 -0.020877862 -7.988875389 -0.996443152 -0.029732341 -0.078849792 13.458938599
-0.080450296 0.018494114 0.996586978 212.070892334 -0.027847232 0.999395907 -0.020794230 -8.021925926 -0.996369541 -0.029425094 -0.079886675 13.391159058
-0.082413554 0.025963863 0.996259987 212.906097412 -0.031007776 0.999109805 -0.028603189 -8.050093651 -0.996115804 -0.033249095 -0.081535101 13.335083008
-0.083790779 0.030432252 0.996018648 213.741348267 -0.039741434 0.998636305 -0.033855509 -8.076410294 -0.995690644 -0.042419981 -0.082467079 13.279541016
-0.084586501 0.030421821 0.995951772 214.557403564 -0.041097913 0.998576701 -0.033992458 -8.110028267 -0.995568335 -0.043806832 -0.083215833 13.200820923
-0.085325241 0.025112553 0.996036649 215.414169312 -0.037495483 0.998893261 -0.028396614 -8.147444725 -0.995647371 -0.039769821 -0.084289193 13.135070801
-0.085856795 0.019612895 0.996114433 216.271118164 -0.036335893 0.999079466 -0.022803126 -8.177390099 -0.995644689 -0.038152508 -0.085065126 13.063613892
-0.086255431 0.017763233 0.996114731 217.121582031 -0.032938477 0.999243617 -0.020671235 -8.206813812 -0.995728433 -0.034593508 -0.085605145 12.993957520
-0.085704327 0.021949118 0.996078849 217.971267700 -0.029046612 0.999277294 -0.024518820 -8.240157127 -0.995897114 -0.031034084 -0.085004807 12.922836304
-0.084619761 0.027353704 0.996037841 218.830352783 -0.025970295 0.999222994 -0.029647520 -8.272073746 -0.996074855 -0.028376160 -0.083843708 12.840850830
-0.083198071 0.031319059 0.996040881 219.694000244 -0.022794167 0.999184728 -0.033321884 -8.301957130 -0.996272385 -0.025476232 -0.082416415 12.765243530
-0.082487941 0.028527902 0.996183693 220.579925537 -0.021113491 0.999315858 -0.030365879 -8.334515572 -0.996368408 -0.023537731 -0.081829190 12.695755005
-0.081560254 0.024112349 0.996376634 221.457092285 -0.017037531 0.999527514 -0.025583236 -8.369012833 -0.996522725 -0.019062372 -0.081110835 12.622833252
-0.081391692 0.022567719 0.996426761 222.343688965 -0.016723022 0.999571979 -0.024004951 -8.400173187 -0.996542037 -0.018617067 -0.080979466 12.555465698
-0.081145525 0.022506613 0.996448159 223.224563599 -0.024572508 0.999395967 -0.024574248 -8.432703018 -0.996399343 -0.026479317 -0.080543399 12.497299194
-0.081272244 0.022416048 0.996439815 224.114898682 -0.027821140 0.999306500 -0.024749702 -8.464925766 -0.996303558 -0.029733555 -0.080592275 12.437057495
-0.081557393 0.021479463 0.996437311 225.001342773 -0.029316751 0.999283433 -0.023940362 -8.493395805 -0.996237516 -0.031164810 -0.080869198 12.369400024
-0.083324313 0.022620723 0.996265829 225.894836426 -0.032151312 0.999160826 -0.025375484 -8.535324097 -0.996003807 -0.034145646 -0.082527161 12.306930542
-0.085294008 0.023156028 0.996086776 226.817703247 -0.034231178 0.999071598 -0.026156599 -8.559358597 -0.995767713 -0.036328223 -0.084422112 12.241195679
-0.087013364 0.020795142 0.995990098 227.671234131 -0.031464290 0.999225974 -0.023611540 -8.585393906 -0.995710135 -0.033392638 -0.086291790 12.156814575
-0.088296890 0.017823108 0.995934784 228.569519043 -0.026628250 0.999440372 -0.020246631 -8.619233131 -0.995738268 -0.028307712 -0.087772846 12.071899414
-0.089647293 0.021060571 0.995750904 229.453399658 -0.028528353 0.999311864 -0.023704289 -8.657831192 -0.995564938 -0.030532157 -0.088984728 11.997817993
-0.091170669 0.028514333 0.995427012 230.338226318 -0.021331800 0.999304712 -0.030579181 -8.693147659 -0.995606840 -0.024022171 -0.090499043 11.912734985
-0.091475606 0.030523933 0.995339513 231.247665405 -0.019214805 0.999289930 -0.032410998 -8.724748611 -0.995622039 -0.022090062 -0.090824127 11.827514648
-0.093996406 0.023278469 0.995300531 232.151458740 -0.024853878 0.999360144 -0.025720624 -8.760076523 -0.995262384 -0.027154716 -0.093357682 11.761337280
-0.094847918 0.014590592 0.995384932 233.047882080 -0.031494927 0.999348044 -0.017649762 -8.794714928 -0.994993508 -0.033023614 -0.094326615 11.685119629
-0.096418262 0.012398699 0.995263875 233.936233521 -0.035697114 0.999236047 -0.015906410 -8.829572678 -0.994700789 -0.037061706 -0.095901966 11.609207153
-0.099527478 0.013373204 0.994944990 234.863677979 -0.036425713 0.999190509 -0.017074049 -8.857749939 -0.994367898 -0.037940916 -0.098959804 11.549530029
-0.100508690 0.019821474 0.994738758 235.758605957 -0.040975526 0.998870790 -0.024043988 -8.885292053 -0.994092107 -0.043176573 -0.099583030 11.479431152
-0.099372864 0.025199087 0.994731307 236.635986328 -0.037746895 0.998864293 -0.029074667 -8.925040245 -0.994334221 -0.040437240 -0.098308802 11.381164551
-0.098646283 0.031636294 0.994619548 237.518737793 -0.032555964 0.998856902 -0.034999974 -8.959436417 -0.994589865 -0.035833418 -0.097503662 11.289978027
-0.097982168 0.027872527 0.994797945 238.408721924 -0.029839888 0.999076009 -0.030931452 -8.997030258 -0.994740903 -0.032715376 -0.097059846 11.206756592
-0.096007824 0.023886062 0.995093942 239.307098389 -0.027968464 0.999252558 -0.026684318 -9.034282684 -0.994987547 -0.030393153 -0.095268011 11.120483398
-0.092853308 0.023658250 0.995398879 240.185668945 -0.030214764 0.999190331 -0.026566867 -9.076080322 -0.995221436 -0.032542553 -0.092063308 11.043884277
-0.091187239 0.031115882 0.995347500 241.056640625 -0.030068578 0.998969972 -0.033983815 -9.113138199 -0.995379686 -0.033027578 -0.090157747 10.970886230
-0.089029312 0.034255262 0.995439887 241.930221558 -0.029497974 0.998879373 -0.037011836 -9.147302628 -0.995592177 -0.032658588 -0.087919116 10.901092529
-0.086355448 0.028373819 0.995860279 242.813446045 -0.030157845 0.999061823 -0.031080157 -9.182971954 -0.995807827 -0.032716937 -0.085418701 10.829864502
-0.085138321 0.020837318 0.996151209 243.695266724 -0.026812011 0.999371350 -0.023196222 -9.237134933 -0.996008337 -0.028683705 -0.084526062 10.761077881
-0.083593369 0.022582548 0.996244192 244.559020996 -0.027035037 0.999323785 -0.024920825 -9.271533966 -0.996133327 -0.029016707 -0.082926273 10.699432373
-0.081374049 0.031680495 0.996180058 245.417663574 -0.029542329 0.998978853 -0.034182701 -9.310423851 -0.996245801 -0.032211062 -0.080355048 10.638305664
-0.078551531 0.035485104 0.996278286 246.237396240 -0.029192086 0.998855889 -0.037878562 -9.339834213 -0.996482551 -0.032058861 -0.077425718 10.550079346
-0.077824116 0.032205407 0.996446848 247.108001709 -0.027087301 0.999040842 -0.034404807 -9.377056122 -0.996599138 -0.029668575 -0.076877117 10.491363525
-0.077162862 0.024155878 0.996725976 247.975402832 -0.029829530 0.999202967 -0.026525199 -9.420656204 -0.996572316 -0.031778619 -0.076380849 10.437835693
-0.074739099 0.021277454 0.996976137 248.825256348 -0.031410526 0.999226034 -0.023680188 -9.456473351 -0.996708333 -0.033085380 -0.074012876 10.376953125
-0.072823882 0.021278311 0.997117937 249.679168701 -0.028151589 0.999330163 -0.023381550 -9.488794327 -0.996947587 -0.029773179 -0.072175980 10.338653564
-0.070524216 0.024050701 0.997220278 250.503387451 -0.022688560 0.999412000 -0.025708113 -9.521952629 -0.997252226 -0.024438526 -0.069937110 10.277465820
-0.069249034 0.025612686 0.997270644 251.314437866 -0.023392497 0.999353826 -0.027290529 -9.560273170 -0.997325182 -0.025218489 -0.068605185 10.225616455
-0.067980766 0.026071206 0.997345924 252.106994629 -0.024171136 0.999322057 -0.027770407 -9.586162567 -0.997393787 -0.025994837 -0.067304492 10.179565430
-0.066312551 0.022341665 0.997548759 252.894577026 -0.025124744 0.999394894 -0.024053190 -9.617769241 -0.997482538 -0.026658181 -0.065711021 10.135314941
-0.066249967 0.015718721 0.997679412 253.682083130 -0.025090721 0.999533474 -0.017414058 -9.643939018 -0.997487724 -0.026186170 -0.065824628 10.089416504
-0.065785408 0.012289332 0.997758210 254.430313110 -0.023234462 0.999634206 -0.013844359 -9.662597656 -0.997563362 -0.024093129 -0.065475821 10.030670166
-0.066343904 0.015657384 0.997674108 255.171035767 -0.023181118 0.999582827 -0.017228849 -9.693258286 -0.997527659 -0.024270225 -0.065953255 9.989440918
-0.066851735 0.021351878 0.997534573 255.895446777 -0.024544584 0.999433279 -0.023037421 -9.720727921 -0.997461140 -0.026024157 -0.066289783 9.946502686
-0.068362236 0.027131839 0.997291684 256.612060547 -0.023096608 0.999319196 -0.028770221 -9.742524147 -0.997393310 -0.025000846 -0.067689061 9.904113770
-0.069243789 0.029066922 0.997176349 257.316101074 -0.022808999 0.999267995 -0.030711746 -9.769714355 -0.997339129 -0.024871184 -0.068530083 9.852050781
-0.072597384 0.028140999 0.996964395 258.018737793 -0.020278489 0.999353588 -0.029685086 -9.804410934 -0.997155309 -0.022371983 -0.071979761 9.800567627
-0.077829719 0.027231285 0.996594906 258.701141357 -0.018990124 0.999405026 -0.028791118 -9.835216522 -0.996785998 -0.021166254 -0.077266216 9.750396729
-0.084356427 0.027481565 0.996056795 259.379760742 -0.019009363 0.999393284 -0.029183533 -9.866180420 -0.996254504 -0.021396216 -0.083782911 9.693878174
-0.092660427 0.029059231 0.995273650 260.040588379 -0.018438835 0.999352574 -0.030894985 -9.897878647 -0.995527089 -0.021214427 -0.092064619 9.635467529
-0.102374792 0.029054765 0.994321644 260.681243896 -0.018627660 0.999342084 -0.031119360 -9.930038452 -0.994571626 -0.021707715 -0.101766229 9.563201904
-0.113713384 0.029677657 0.993070304 261.312347412 -0.016653262 0.999356389 -0.031772431 -9.958361626 -0.993374109 -0.020150809 -0.113146067 9.483123779
-0.125822067 0.027031090 0.991684496 261.942108154 -0.013598029 0.999487817 -0.028969070 -9.981758118 -0.991959631 -0.017129904 -0.125390053 9.402069092
-0.137948036 0.023976147 0.990149260 262.559539795 -0.008077931 0.999646485 -0.025331540 -10.010330200 -0.990406513 -0.011492791 -0.137705564 9.307006836
-0.149456978 0.020541124 0.988555014 263.154937744 -0.002614826 0.999772489 -0.021169543 -10.029866219 -0.988764942 -0.005748832 -0.149369240 9.200286865
-0.161136389 0.015740110 0.986806691 263.738281250 0.001134537 0.999875128 -0.015763300 -10.051790237 -0.986931562 -0.001420471 -0.161134124 9.093322754
-0.171746731 0.013779213 0.985044897 264.302520752 0.004780892 0.999902070 -0.013153474 -10.070811272 -0.985129654 0.002450328 -0.171795845 8.982452393
-0.182760477 0.015168631 0.983040452 264.843200684 0.009638503 0.999860585 -0.013636244 -10.094008446 -0.983110249 0.006982872 -0.182881236 8.877227783
-0.192528605 0.018182488 0.981123030 265.363037109 0.014308089 0.999774039 -0.015720421 -10.112373352 -0.981187165 0.011011365 -0.192745209 8.759552002
-0.203019857 0.021814741 0.978931665 265.853698730 0.017323483 0.999675333 -0.018684298 -10.129265785 -0.979021490 0.013165224 -0.203331828 8.655731201
-0.212563992 0.024705380 0.976834953 266.331207275 0.020371940 0.999575078 -0.020847481 -10.146751404 -0.976934969 0.015468600 -0.212976933 8.547393799
-0.220741272 0.025024576 0.975011468 266.791351318 0.023862092 0.999510109 -0.020251019 -10.163213730 -0.975040615 0.018795578 -0.221230268 8.437438965
-0.227156401 0.024006488 0.973562360 267.230560303 0.026798779 0.999471605 -0.018392544 -10.179494858 -0.973489463 0.021912297 -0.227679729 8.320068359
-0.231923938 0.023702662 0.972445250 267.638702393 0.029544476 0.999413490 -0.017313773 -10.197469711 -0.972285271 0.024714908 -0.232488275 8.213165283
-0.234479427 0.025092134 0.971797287 268.031738281 0.032433189 0.999312222 -0.017976966 -10.213466644 -0.971580029 0.027303256 -0.235131979 8.110443115
-0.235002637 0.025399283 0.971662879 268.404113770 0.034149598 0.999257088 -0.017861309 -10.228616714 -0.971394718 0.028984440 -0.235695481 8.021820068
-0.231889486 0.025200412 0.972415686 268.757171631 0.036376506 0.999189794 -0.017219657 -10.237627983 -0.972061753 0.031380028 -0.232618332 7.938140869
-0.226790190 0.025793983 0.973601937 269.079376221 0.037252225 0.999147475 -0.017793257 -10.248033524 -0.973230898 0.032233503 -0.227557778 7.863891602
-0.219214082 0.026539380 0.975315809 269.394714355 0.035846218 0.999174178 -0.019131720 -10.262792587 -0.975018084 0.030767439 -0.219984412 7.806335449
-0.207428694 0.027963782 0.977850378 269.697937012 0.034328040 0.999183774 -0.021291943 -10.275338173 -0.977647662 0.029151125 -0.208219409 7.740600586
-0.192801595 0.031684320 0.980726123 269.969543457 0.032073800 0.999147952 -0.025974063 -10.273463249 -0.980713487 0.026447769 -0.193653584 7.691314697
-0.177961588 0.033767343 0.983458042 270.233276367 0.031553440 0.999092937 -0.028594431 -10.302232742 -0.983531594 0.025942774 -0.178865552 7.676605225
-0.157981157 0.035157323 0.986816287 270.495239258 0.031194674 0.999044836 -0.030598991 -10.312984467 -0.986949444 0.025949346 -0.158926964 7.651489258
-0.134804606 0.033776715 0.990296483 270.758361816 0.032044426 0.999044716 -0.029713038 -10.323254585 -0.990354002 0.027728023 -0.135758162 7.622406006
-0.109257579 0.032251608 0.993490160 271.019500732 0.031094376 0.999095261 -0.029014008 -10.335060120 -0.993527055 0.027721953 -0.110161543 7.617767334
-0.078545809 0.031905606 0.996399820 271.275787354 0.027978271 0.999164581 -0.029788619 -10.340726852 -0.996517837 0.025537772 -0.079372883 7.622589111
-0.045576572 0.030583050 0.998492658 271.524688721 0.025311615 0.999245703 -0.029450761 -10.348269463 -0.998640180 0.023931196 -0.046316266 7.640533447
-0.010001540 0.026647402 0.999594867 271.773437500 0.022554850 0.999396563 -0.026416441 -10.355220795 -0.999695599 0.022281509 -0.010596514 7.657989502
0.026193142 0.021862749 0.999417841 272.013488770 0.021044809 0.999527216 -0.022416694 -10.366985321 -0.999435425 0.021619720 0.025720656 7.694396973
0.064528167 0.019076938 0.997733653 272.239746094 0.014826902 0.999688566 -0.020073248 -10.378372192 -0.997805834 0.016088590 0.064225197 7.747344971
0.106910110 0.017911734 0.994107366 272.476867676 0.009436565 0.999774396 -0.019028688 -10.388899803 -0.994223952 0.011415319 0.106716931 7.811050415
0.152193189 0.018884910 0.988170385 272.713775635 0.000238805 0.999816716 -0.019144265 -10.394454002 -0.988350809 0.003149608 0.152160823 7.900604248
0.200521171 0.019958826 0.979486108 272.953369141 -0.003216893 0.999800503 -0.019714205 -10.406164169 -0.979684174 0.000802216 0.200545371 7.988220215
0.250290096 0.021478033 0.967932761 273.192810059 -0.007041595 0.999767840 -0.020363612 -10.421498299 -0.968145430 -0.001718976 0.250383258 8.097579956
0.301776528 0.023813346 0.953081191 273.444488525 -0.009595273 0.999713242 -0.021940302 -10.425106049 -0.953330338 -0.002524007 0.301918447 8.225402832
0.354807615 0.024553968 0.934616864 273.695495605 -0.006670848 0.999696136 -0.023731261 -10.436423302 -0.934915543 0.002185347 0.354863584 8.378952026
0.411440313 0.024435457 0.911109030 273.931732178 0.003019952 0.999598503 -0.028172450 -10.446190834 -0.911431670 0.014342787 0.411201298 8.507537842
0.466483831 0.022097111 0.884253621 274.157714844 0.009645559 0.999501407 -0.030065572 -10.449329376 -0.884477139 0.022554224 0.466038108 8.658843994
0.521087766 0.022239149 0.853213310 274.404479980 0.004286362 0.999579668 -0.028672047 -10.457285881 -0.853492320 0.018597832 0.520773411 8.867057800
0.574356973 0.026544755 0.818174481 274.638031006 -0.002273258 0.999521971 -0.030832550 -10.462080956 -0.818601847 0.015848970 0.574142754 9.097030640
0.625485897 0.032700926 0.779549956 274.865905762 -0.012413427 0.999411941 -0.031963665 -10.480502129 -0.780136764 0.010315936 0.625523984 9.358825684
0.675005496 0.036664668 0.736901104 275.090393066 -0.020429388 0.999310374 -0.031007465 -10.477622032 -0.737529814 0.005875771 0.675289035 9.647605896
0.723193169 0.034251828 0.689795971 275.325775146 -0.018526899 0.999372184 -0.030199941 -10.487887383 -0.690397322 0.009060609 0.723373652 9.957550049
0.767562509 0.033193938 0.640114009 275.511291504 -0.019333806 0.999402761 -0.028642099 -10.487027168 -0.640682459 0.009608762 0.767745852 10.252578735
0.805753410 0.033478651 0.591304243 275.707641602 -0.025267679 0.999435186 -0.022154793 -10.498439789 -0.591711938 0.002910417 0.806144238 10.604869843
0.838675976 0.036761716 0.543388665 275.889007568 -0.033365931 0.999313354 -0.016108675 -10.509798050 -0.543607771 -0.004620710 0.839326680 10.984457016
0.867798269 0.041411765 0.495188117 276.061462402 -0.039434299 0.999117732 -0.014447463 -10.520621300 -0.495349497 -0.006989911 0.868665636 11.355686188
0.892073989 0.044639390 0.449679226 276.223388672 -0.042923443 0.998980045 -0.014016598 -10.520776749 -0.449846268 -0.006797935 0.893080175 11.765008926
0.911971390 0.050479554 0.407136291 276.374694824 -0.049471539 0.998690784 -0.013009982 -10.532552719 -0.407260031 -0.008276924 0.913274765 12.203319550
0.927448928 0.059722003 0.369150132 276.515045166 -0.058347140 0.998185158 -0.014898086 -10.531630516 -0.369369924 -0.007721641 0.929250360 12.658375740
0.939316630 0.067734815 0.336297959 276.643859863 -0.066146679 0.997678518 -0.016190683 -10.536634445 -0.336613923 -0.007036815 0.941616476 13.143484116
0.948802352 0.068072811 0.308448017 276.786651611 -0.066841319 0.997657239 -0.014570133 -10.541031837 -0.308717221 -0.006792893 0.951129615 13.655374527
0.957092524 0.063205071 0.282805711 276.935302734 -0.061905656 0.997990191 -0.013537928 -10.545213699 -0.283092976 -0.004550223 0.959081650 14.186651230
0.963653684 0.061739910 0.259922624 277.067810059 -0.060372740 0.998088002 -0.013247968 -10.551956177 -0.260243565 -0.002925786 0.965538561 14.739685059
0.969553530 0.063380226 0.236535087 277.186706543 -0.062146056 0.997986555 -0.012677553 -10.561842918 -0.236862347 -0.002408155 0.971540213 15.322745323
0.975420713 0.062320750 0.211354136 277.301727295 -0.061737455 0.998048484 -0.009364091 -10.568354607 -0.211525261 -0.003914538 0.977364719 15.918581963
0.980838537 0.061154012 0.184975520 277.403686523 -0.061068449 0.998114526 -0.006165239 -10.563736916 -0.185003787 -0.005249063 0.982723773 16.546665192
0.984924138 0.061055262 0.161853865 277.489776611 -0.060641229 0.998131454 -0.007501622 -10.572912216 -0.162009448 -0.002426487 0.986786246 17.186866760
0.987859428 0.064886458 0.141150445 277.560638428 -0.063692093 0.997885346 -0.012967763 -10.584590912 -0.141693398 0.003820159 0.989903212 17.858493805
0.990040421 0.069498874 0.122432917 277.637725830 -0.067644507 0.997523904 -0.019243114 -10.593424797 -0.123467140 0.010769548 0.992290199 18.534160614
0.991459966 0.073796205 0.107523277 277.695678711 -0.071510300 0.997127295 -0.024967717 -10.587758064 -0.109056920 0.017065471 0.993889034 19.239437103
0.992784560 0.075032078 0.093535833 277.746765137 -0.073647588 0.997118771 -0.018171687 -10.593017578 -0.094629794 0.011151882 0.995450079 19.976810455
0.994287431 0.070056036 0.080527127 277.810546875 -0.069817521 0.997543037 -0.005777328 -10.613001823 -0.080734015 0.000122121 0.996735692 20.709671021
0.995358527 0.065474831 0.070529677 277.861053467 -0.065736584 0.997836053 0.001394121 -10.624019623 -0.070285775 -0.006024029 0.997508705 21.477073669
0.995855868 0.066086009 0.062479738 277.896636963 -0.066211350 0.997805595 -0.000064516 -10.628695488 -0.062346898 -0.004072618 0.998046219 22.260370255
0.995908678 0.070634693 0.056361895 277.932983398 -0.070522241 0.997502267 -0.003984058 -10.628082275 -0.056502528 -0.000007010 0.998402476 23.046800613
0.995834827 0.074468456 0.052606821 277.962829590 -0.074165747 0.997216284 -0.007685818 -10.627766609 -0.053032730 0.003752182 0.998585701 23.856698990
0.995817304 0.076445788 0.050039601 278.004882812 -0.076200381 0.997069359 -0.006796559 -10.635912895 -0.050412521 0.002955095 0.998724103 24.681491852
0.995540082 0.080151558 0.049756479 278.028228760 -0.079981230 0.996781707 -0.005408152 -10.645704269 -0.050029822 0.001404448 0.998746753 25.553125381
0.995741069 0.077248544 0.050322495 278.069702148 -0.076965913 0.997005284 -0.007532989 -10.655500412 -0.050753705 0.003627790 0.998704612 26.423013687
0.995980382 0.072809331 0.052172091 278.121185303 -0.072392456 0.997327685 -0.009838563 -10.662600517 -0.052749012 0.006022150 0.998589635 27.305521011
0.995707452 0.074926242 0.054339036 278.161926270 -0.074423149 0.997163534 -0.011226374 -10.672898293 -0.055026054 0.007134102 0.998459458 28.199657440
0.995593190 0.074368820 0.057127174 278.210998535 -0.074065708 0.997225821 -0.007407994 -10.682442665 -0.057519618 0.003144183 0.998339415 29.118799210
0.995886981 0.067381233 0.060571417 278.271087646 -0.067427814 0.997723341 -0.001276989 -10.688287735 -0.060519565 -0.002812461 0.998163044 30.048624039
0.995785415 0.066135943 0.063541032 278.333740234 -0.066448942 0.997785807 0.002823117 -10.704312325 -0.063213639 -0.007033454 0.997975230 30.973352432
0.995725930 0.064183101 0.066410713 278.391693115 -0.064406767 0.997922957 0.001230154 -10.707483292 -0.066193826 -0.005502195 0.997791588 31.912574768
0.995732069 0.061225619 0.069058880 278.455657959 -0.061224706 0.998121738 -0.002131775 -10.713044167 -0.069059692 -0.002105433 0.997610331 32.850780487
0.995690465 0.058897574 0.071634665 278.523345947 -0.058484185 0.998257399 -0.007856397 -10.734217644 -0.071972564 0.003633044 0.997399986 33.782466888
0.995548666 0.059019644 0.073481359 278.595764160 -0.058085110 0.998202026 -0.014792496 -10.748250961 -0.074222289 0.010458477 0.997186899 34.731288910
0.995360672 0.059636291 0.075502835 278.664123535 -0.058688667 0.998167932 -0.014709977 -10.760315895 -0.076241754 0.010210572 0.997037053 35.699977875
0.995461524 0.055660121 0.077189758 278.742614746 -0.055245429 0.998444617 -0.007499009 -10.777775764 -0.077487104 0.003200594 0.996988237 36.676483154
0.995628834 0.050590497 0.078510150 278.818115234 -0.050780404 0.998709738 0.000423025 -10.792420387 -0.078387454 -0.004407953 0.996913195 37.672740936
0.995575130 0.049982522 0.079573199 278.888244629 -0.050428655 0.998721182 0.003605641 -10.797993660 -0.079291217 -0.007602456 0.996822476 38.661731720
0.995465577 0.052149586 0.079553157 278.957397461 -0.052423839 0.998624027 0.001361351 -10.808298111 -0.079372697 -0.005525660 0.996829689 39.648967743
0.995633185 0.050163623 0.078728750 279.044311523 -0.049796652 0.998737454 -0.006618799 -10.826485634 -0.078961372 0.002669468 0.996874094 40.635311127
0.995536804 0.052338813 0.078530759 279.109466553 -0.051457372 0.998587847 -0.013207475 -10.842762947 -0.079111122 0.009107541 0.996824205 41.635459900
0.995352983 0.055666272 0.078572974 279.177185059 -0.054958455 0.998426437 -0.011143969 -10.861084938 -0.079069674 0.006773935 0.996846080 42.640426636
0.995354235 0.056177545 0.078191973 279.249664307 -0.056015469 0.998420775 -0.004266337 -10.878225327 -0.078308165 -0.000133443 0.996929169 43.652076721
0.995258868 0.058101874 0.077999696 279.320922852 -0.058280736 0.998300254 0.000016699 -10.892700195 -0.077866144 -0.004562500 0.996953368 44.638160706
0.995016754 0.062395480 0.077771887 279.386505127 -0.062595353 0.998039007 0.000132494 -10.905937195 -0.077611111 -0.004999992 0.996971190 45.665191650
0.994904697 0.064808123 0.077230863 279.456420898 -0.065087281 0.997878969 0.001100307 -10.913627625 -0.076995745 -0.006121446 0.997012615 46.674640656
0.994557619 0.070713699 0.076516069 279.511474609 -0.071537234 0.997405291 0.008072685 -10.919438362 -0.075746685 -0.013502498 0.997035682 47.706092834
0.994541347 0.071344815 0.076141074 279.586456299 -0.072550379 0.997277617 0.013182919 -10.919931412 -0.074993260 -0.018635022 0.997009933 48.714908600
0.994495749 0.073184803 0.074981481 279.649261475 -0.074238785 0.997175753 0.011363366 -10.921867371 -0.073938094 -0.016867353 0.997120202 49.727424622
0.994674265 0.072687656 0.073072821 279.714782715 -0.073380783 0.997280538 0.006842475 -10.916788101 -0.072376743 -0.012168176 0.997303128 50.733303070
0.994865417 0.071064316 0.072060011 279.782562256 -0.071734406 0.997400939 0.006750843 -10.917537689 -0.071392976 -0.011885362 0.997377455 51.748203278
0.994811416 0.072091997 0.071784213 279.852691650 -0.072485618 0.997365296 0.002890146 -10.929957390 -0.071386725 -0.008078473 0.997416019 52.745388031
0.994722128 0.073402345 0.071693331 279.912994385 -0.073187992 0.997302353 -0.005615830 -10.936828613 -0.071912140 0.000339101 0.997410893 53.752162933
0.995069623 0.067902058 0.072289176 279.991821289 -0.067597479 0.997690499 -0.006654456 -10.947915077 -0.072574079 0.001735081 0.997361541 54.758041382
0.995097220 0.065648682 0.073971346 280.063079834 -0.065694317 0.997838140 -0.001818687 -10.957859993 -0.073930830 -0.003049727 0.997258723 55.783905029
0.994506061 0.072025791 0.075960316 280.130401611 -0.072492801 0.997363150 0.003405171 -10.976963997 -0.075514756 -0.008893039 0.997105002 56.793582916
0.994396150 0.071585938 0.077792846 280.203094482 -0.071951702 0.997406304 0.001905543 -10.991866112 -0.077454664 -0.007492193 0.996967733 57.796459198
0.993716717 0.078887634 0.079396479 280.271331787 -0.078899361 0.996878088 -0.002994336 -10.999067307 -0.079384826 -0.003288809 0.996838629 58.813835144
0.993313968 0.080216102 0.083022356 280.349304199 -0.080229260 0.996771336 -0.003183017 -11.006772041 -0.083009638 -0.003499088 0.996542573 59.798088074
0.992637753 0.085403293 0.085886799 280.422241211 -0.085857056 0.996306181 0.001596621 -11.016151428 -0.085433193 -0.008958854 0.996303618 60.812175751
0.992335618 0.084994130 0.089699455 280.503570557 -0.086130328 0.996244431 0.008865924 -11.024316788 -0.088609032 -0.016523814 0.995929420 61.827514648
0.992387176 0.082947917 0.091034569 280.591217041 -0.084332004 0.996371865 0.011457590 -11.031232834 -0.089753896 -0.019047493 0.995781839 62.846420288
0.992850661 0.077531442 0.090755008 280.683685303 -0.078565083 0.996877968 0.007867374 -11.039379120 -0.089861698 -0.014941302 0.995842159 63.853965759
0.993721068 0.067890204 0.088934675 280.778900146 -0.068131626 0.997676313 -0.000321723 -11.043245316 -0.088749856 -0.005739561 0.996037424 64.869789124
0.993838847 0.068682157 0.086988822 280.855499268 -0.068828918 0.997627616 -0.001314717 -11.050018311 -0.086872749 -0.004680729 0.996208429 65.897117615
0.994130492 0.067814291 0.084295630 280.948486328 -0.068601787 0.997623086 0.006477465 -11.060242653 -0.083656006 -0.012222277 0.996419728 66.890907288
0.994333565 0.068509169 0.081285171 281.023803711 -0.069609925 0.997516036 0.010782901 -11.063108444 -0.080344528 -0.016380055 0.996632576 67.906623840
0.994324863 0.071476161 0.078798912 281.092651367 -0.072418816 0.997332156 0.009167074 -11.070448875 -0.077933468 -0.014821574 0.996848404 68.913955688
0.994173050 0.076863080 0.075577855 281.154724121 -0.076850697 0.997037888 -0.003076368 -11.074512482 -0.075590439 -0.002749769 0.997135162 69.913330078
0.994168639 0.080146722 0.072147496 281.220245361 -0.079491079 0.996764302 -0.011918006 -11.085425377 -0.072869234 0.006113426 0.997322738 70.916130066
0.994369388 0.078927465 0.070710614 281.284149170 -0.078370012 0.996867716 -0.010627872 -11.102188110 -0.071327962 0.005026440 0.997440279 71.931655884
0.994525254 0.078420028 0.069063947 281.346588135 -0.078436226 0.996916056 -0.002481437 -11.125857353 -0.069045551 -0.002949263 0.997609138 72.963821411
0.994379997 0.080147080 0.069172665 281.398590088 -0.080449797 0.996757388 0.001597132 -11.139686584 -0.068820365 -0.007153083 0.997603416 73.982994080
0.994179189 0.084216878 0.067195691 281.461608887 -0.084417887 0.996430457 0.000152498 -11.143281937 -0.066942990 -0.005824129 0.997739792 75.000373840
0.994131148 0.084478684 0.067576788 281.521087646 -0.084463708 0.996421814 -0.003083835 -11.157151222 -0.067595497 -0.002642050 0.997709334 76.005722046
0.993914068 0.086192578 0.068597645 281.583618164 -0.086013302 0.996278405 -0.005568261 -11.168848038 -0.068822294 -0.000365937 0.997628868 77.007369995
0.993788838 0.086271778 0.070291504 281.642089844 -0.086052865 0.996271610 -0.006142247 -11.190727234 -0.070559338 0.000055311 0.997507572 78.011604309
0.993979275 0.083194681 0.071301289 281.719940186 -0.083210699 0.996528208 -0.002750730 -11.206552505 -0.071282588 -0.003198861 0.997451007 79.019027710
0.993979335 0.081632003 0.073084272 281.788299561 -0.081878416 0.996642232 0.000377002 -11.214056969 -0.072808094 -0.006358756 0.997325718 80.027259827
0.994047284 0.078760423 0.075277917 281.855895996 -0.079022594 0.996872723 0.000505895 -11.234376907 -0.075002655 -0.006451540 0.997162461 81.029022217
0.994238853 0.076618090 0.074958459 281.930786133 -0.076258846 0.997058749 -0.007647287 -11.254641533 -0.075323910 0.001886984 0.997157335 82.012138367
0.994321644 0.074922144 0.075572081 282.002990723 -0.074159391 0.997163594 -0.012853226 -11.272735596 -0.076320723 0.007175861 0.997057498 83.008819580
0.994213939 0.073913746 0.077944741 282.074157715 -0.073682815 0.997264624 -0.005838579 -11.286053658 -0.078163087 0.000061609 0.996940613 84.022735596
0.994316220 0.070263423 0.079989076 282.158813477 -0.071062960 0.997445941 0.007189597 -11.298212051 -0.079279609 -0.012832994 0.996769786 85.038185120
0.994376004 0.068099372 0.081109978 282.238555908 -0.069273777 0.997528493 0.011750927 -11.308556557 -0.080109283 -0.017303634 0.996635914 86.042274475
0.994122982 0.071129635 0.081609443 282.315399170 -0.071427003 0.997445583 0.000726436 -11.316038132 -0.081349306 -0.006551285 0.996664107 87.029464722
0.993908703 0.073377505 0.082226597 282.386993408 -0.072426714 0.997268438 -0.014490786 -11.330616951 -0.083065286 0.008447116 0.996508300 88.019882202
0.993745387 0.073102474 0.084416278 282.462768555 -0.071534999 0.997207403 -0.021450294 -11.346730232 -0.085748605 0.015277414 0.996199667 89.009696960
0.993536234 0.072485320 0.087359071 282.547882080 -0.071451381 0.997332633 -0.014908984 -11.375515938 -0.088206738 0.008570690 0.996065319 90.019287109
0.993253291 0.071173377 0.091554813 282.636932373 -0.071176901 0.997458458 -0.003230851 -11.402099609 -0.091552071 -0.003307534 0.995794773 91.036102295
0.993105650 0.068624899 0.095035553 282.729583740 -0.069370382 0.997580528 0.004558910 -11.414772034 -0.094492763 -0.011120131 0.995463431 92.041076660
0.992977440 0.065386452 0.098592371 282.825958252 -0.066289894 0.997782886 0.005912101 -11.423268318 -0.097987205 -0.012406261 0.995110333 93.048965454
0.992647827 0.065169290 0.101996139 282.925323486 -0.065568440 0.997847915 0.000562063 -11.436394691 -0.101740003 -0.007245657 0.994784653 94.039665222
0.992182732 0.066177428 0.105801702 283.024444580 -0.065813556 0.997807860 -0.006930745 -11.450795174 -0.106028430 -0.000086620 0.994363070 95.037925720
0.991432190 0.069436654 0.110637918 283.123718262 -0.068893239 0.997585833 -0.008731631 -11.466239929 -0.110977121 0.001034616 0.993822396 96.036804199
0.990937948 0.065372705 0.117338851 283.240722656 -0.064877369 0.997860849 -0.008040068 -11.484154701 -0.117613450 0.000354572 0.993059397 97.041099548
0.990274251 0.064315252 0.123371065 283.364746094 -0.064232595 0.997924089 -0.004651444 -11.501961708 -0.123414122 -0.003318238 0.992349684 98.039428711
0.989390135 0.064921357 0.129970670 283.482269287 -0.064901136 0.997882009 -0.004395720 -11.517637253 -0.129980758 -0.004086161 0.991508126 99.048049927
0.989179909 0.055839155 0.135665223 283.630523682 -0.056239367 0.998416901 -0.000883814 -11.533542633 -0.135499805 -0.006755475 0.990754366 100.018119812
0.988655329 0.053013984 0.140535295 283.773284912 -0.053753652 0.998553157 0.001469768 -11.547372818 -0.140254050 -0.009007378 0.990074575 101.006202698
0.988167346 0.047162376 0.145948678 283.922607422 -0.047707170 0.998861313 0.000232921 -11.562622070 -0.145771503 -0.007192962 0.989292145 101.987243652
0.987525642 0.044421978 0.151062101 284.062438965 -0.044707298 0.998999000 -0.001508697 -11.577595711 -0.150977910 -0.005263701 0.988523126 102.952308655
0.986797452 0.050458435 0.153898448 284.214843750 -0.050899651 0.998703182 -0.001074437 -11.589894295 -0.153753087 -0.006773124 0.988086104 103.910446167
0.985874355 0.055291407 0.158096761 284.355133057 -0.055343851 0.998459041 -0.004074208 -11.604839325 -0.158078402 -0.004733024 0.987415195 104.885925293
0.985409021 0.055826634 0.160786927 284.504547119 -0.055375881 0.998439014 -0.007286614 -11.624034882 -0.160942718 -0.001723421 0.986962259 105.861618042
0.984940946 0.058934670 0.162536114 284.648864746 -0.058363765 0.998260975 -0.008289332 -11.637510300 -0.162741989 -0.001321717 0.986667752 106.823890686
0.984876573 0.058498710 0.163082764 284.799621582 -0.058326665 0.998280406 -0.005847015 -11.655637741 -0.163144380 -0.003753485 0.986595094 107.780784607
0.985255837 0.054347314 0.162225917 284.955780029 -0.054438371 0.998509586 -0.003887102 -11.676454544 -0.162195385 -0.005001524 0.986746013 108.727043152
0.985941410 0.048522808 0.159890875 285.120574951 -0.048456434 0.998815954 -0.004316384 -11.702526093 -0.159910992 -0.003492040 0.987125278 109.680656433
0.986671388 0.042737000 0.157013014 285.277984619 -0.042892613 0.999076784 -0.002398720 -11.719734192 -0.156970575 -0.004367949 0.987593651 110.630264282
0.987277091 0.039590102 0.154002011 285.418212891 -0.040134739 0.999194205 0.000427967 -11.734406471 -0.153860971 -0.006603352 0.988070428 111.587295532
0.987827659 0.040981885 0.150056660 285.559020996 -0.041604042 0.999133646 0.001007919 -11.741305351 -0.149885356 -0.007238614 0.988676906 112.539367676
0.988513291 0.039949656 0.145758197 285.698913574 -0.040190190 0.999191225 -0.001295348 -11.758484840 -0.145692050 -0.004577581 0.989319384 113.465339661
0.989034593 0.039005283 0.142440170 285.827545166 -0.038278315 0.999236345 -0.007841329 -11.769290924 -0.142637253 0.002302977 0.989772379 114.395629883
0.989519477 0.036199510 0.139788494 285.961425781 -0.034810662 0.999317408 -0.012368471 -11.789116859 -0.140140802 0.007372713 0.990104139 115.320785522
0.990016758 0.033365812 0.136943623 286.101470947 -0.032344799 0.999429941 -0.009674761 -11.801509857 -0.137188375 0.005148762 0.990531623 116.243721008
0.990472853 0.027021080 0.135031030 286.235168457 -0.026985981 0.999633610 -0.002090627 -11.820919037 -0.135038048 -0.001573235 0.990839183 117.170982361
0.990758240 0.016429804 0.134640709 286.368591309 -0.017511278 0.999823213 0.006851899 -11.834917068 -0.134504333 -0.009146307 0.990870774 118.085601807
0.990971267 0.006842114 0.133899838 286.509063721 -0.008494049 0.999894679 0.011769732 -11.848602295 -0.133805215 -0.012800818 0.990924954 118.986663818
0.990974307 0.002953147 0.134019271 286.635955811 -0.004537551 0.999923348 0.011518312 -11.858286858 -0.133974984 -0.012022470 0.990911782 119.880401611
0.990842998 0.004619739 0.134939894 286.749694824 -0.005388970 0.999971271 0.005335840 -11.869474411 -0.134911358 -0.006014166 0.990839422 120.752807617
0.990632355 0.006161667 0.136416882 286.865966797 -0.005894630 0.999979854 -0.002361380 -11.857116699 -0.136428684 0.001535132 0.990648687 121.606483459
0.990319550 0.006325061 0.138662264 286.986846924 -0.005878444 0.999976158 -0.003630196 -11.867208481 -0.138681918 0.002779935 0.990333080 122.464630127
0.989842474 0.006575934 0.142016485 287.116088867 -0.006902042 0.999974549 0.001803790 -11.878642082 -0.142001003 -0.002765671 0.989862621 123.298545837
0.989204586 0.006552264 0.146394387 287.235260010 -0.007614365 0.999948621 0.006695873 -11.891385078 -0.146342978 -0.007738288 0.989203632 124.137145996
0.988402128 0.005581243 0.151756689 287.363403320 -0.006799300 0.999948680 0.007508635 -11.897489548 -0.151707008 -0.008453390 0.988389373 124.954299927
0.987387300 0.004857471 0.158248782 287.495727539 -0.005980472 0.999960184 0.006620992 -11.908882141 -0.158210322 -0.007483885 0.987377048 125.750434875
0.986156583 0.003697323 0.165775508 287.633728027 -0.004474547 0.999980688 0.004315188 -11.912602425 -0.165756360 -0.004997221 0.986154079 126.543380737
0.984746873 0.001300814 0.173988312 287.777709961 -0.001541510 0.999998033 0.001248276 -11.926087379 -0.173986346 -0.001497440 0.984746933 127.314659119
0.983066499 0.002418383 0.183233291 287.919006348 -0.002352402 0.999997079 -0.000577449 -11.936686516 -0.183234140 0.000136632 0.983069301 128.051544189
0.981148303 0.005718966 0.193171740 288.059783936 -0.005869532 0.999982774 0.000207139 -11.944014549 -0.193167225 -0.001337062 0.981164932 128.786666870
0.979044914 0.008345596 0.203473374 288.199981689 -0.009239242 0.999951363 0.003442435 -11.957933426 -0.203434765 -0.005250238 0.979074419 129.514144897
0.977260470 0.010265009 0.211793900 288.357971191 -0.010876270 0.999939382 0.001721307 -11.976244926 -0.211763397 -0.003985693 0.977312863 130.197174072
0.975182056 0.014415245 0.220934838 288.504150391 -0.013466032 0.999892473 -0.005801993 -11.991260529 -0.220994726 0.002682884 0.975271344 130.860076904
0.973025739 0.020287214 0.229802772 288.653106689 -0.017647659 0.999752641 -0.013535818 -12.010251045 -0.230020538 0.009115218 0.973143101 131.494720459
0.971063316 0.024356598 0.237576976 288.801879883 -0.021142257 0.999647319 -0.016068641 -12.017340660 -0.237884566 0.010580754 0.971235812 132.119262695
0.969382107 0.026212357 0.244154140 288.949554443 -0.024292108 0.999645770 -0.010873196 -12.033102989 -0.244352654 0.004609264 0.969675481 132.721557617
0.967980504 0.023244664 0.249946967 289.101654053 -0.024082219 0.999709964 0.000292845 -12.049963951 -0.249867648 -0.006302745 0.968259513 133.311172485
0.966970921 0.018257368 0.254232019 289.250152588 -0.020721780 0.999760628 0.007018629 -12.071305275 -0.254043013 -0.012054949 0.967117786 133.873703003
0.966521323 0.010840504 0.256357193 289.408569336 -0.012986384 0.999893367 0.006679235 -12.082936287 -0.256257445 -0.009784776 0.966559052 134.421173096
0.966468275 0.007791376 0.256667823 289.557006836 -0.009334635 0.999944925 0.004794843 -12.092726707 -0.256616324 -0.007029964 0.966487765 134.956848145
0.966806650 0.010996848 0.255272448 289.693450928 -0.011324063 0.999935865 -0.000187893 -12.099231720 -0.255258143 -0.002709065 0.966869116 135.488281250
0.967725635 0.016212109 0.251484156 289.818969727 -0.014703124 0.999860883 -0.007878283 -12.107655525 -0.251576900 0.003926415 0.967829347 136.009689331
0.969396174 0.011436681 0.245235011 289.961578369 -0.009051174 0.999900162 -0.010852306 -12.116968155 -0.245334625 0.008300520 0.969402909 136.541091919
0.971779406 0.001354536 0.235887647 290.099090576 0.000791943 0.999959171 -0.009004603 -12.124984741 -0.235890210 0.008937297 0.971738636 137.067947388
0.974800229 -0.003937787 0.223044857 290.218780518 0.005009309 0.999978483 -0.004238491 -12.128481865 -0.223023370 0.005248982 0.974798977 137.600036621
0.978259563 -0.001936126 0.207375124 290.308044434 0.001780749 0.999997973 0.000935925 -12.139008522 -0.207376525 -0.000546295 0.978261054 138.138092041
0.982601166 0.001807343 0.185719505 290.404846191 -0.002892778 0.999980271 0.005573678 -12.152620316 -0.185705781 -0.006013948 0.982586980 138.663223267
0.987314701 -0.000031658 0.158775494 290.479980469 -0.001047448 0.999976933 0.006712738 -12.159633636 -0.158772051 -0.006793894 0.987291873 139.192337036
0.991732538 -0.002402295 0.128299579 290.530212402 0.001937343 0.999991119 0.003748630 -12.167879105 -0.128307432 -0.003469078 0.991728365 139.716003418
0.995557189 -0.002477033 0.094126470 290.558105469 0.002620478 0.999995589 -0.001400391 -12.167281151 -0.094122581 0.001640826 0.995559275 140.241744995
0.998526216 -0.001117592 0.054260284 290.581787109 0.001399702 0.999985695 -0.005161469 -12.183705330 -0.054253738 0.005229810 0.998513460 140.770965576
0.999930441 0.000325931 0.011790938 290.558135986 -0.000224057 0.999962628 -0.008640366 -12.178494453 -0.011793314 0.008637123 0.999893129 141.284576416
0.999377549 -0.001089045 -0.035261635 290.518157959 0.000799936 0.999965966 -0.008212022 -12.189289093 0.035269380 0.008178703 0.999344349 141.819061279
0.996419728 -0.001125759 -0.084536500 290.449127197 0.000696431 0.999986708 -0.005107927 -12.191129684 0.084541127 0.005030765 0.996407270 142.352890015
0.990664124 -0.000037278 -0.136325195 290.353881836 0.000076684 0.999999940 0.000283811 -12.205826759 0.136325181 -0.000291615 0.990664124 142.885070801
0.981700778 0.001408321 -0.190424666 290.234832764 -0.000863119 0.999995291 0.002945990 -12.209036827 0.190427914 -0.002727722 0.981697381 143.387893677
0.969321251 0.003668116 -0.245770067 290.070343018 -0.002635590 0.999986291 0.004529973 -12.208926201 0.245783299 -0.003743250 0.969317555 143.910369873
0.953303695 0.006872430 -0.301935226 289.876617432 -0.005002175 0.999963224 0.006967009 -12.205293655 0.301972002 -0.005131342 0.953302979 144.428161621
0.933401465 0.010603217 -0.358677179 289.648193359 -0.007428147 0.999920070 0.010229050 -12.202626228 0.358756989 -0.006883503 0.933405638 144.929489136
0.910343707 0.011745253 -0.413686335 289.385437012 -0.006455345 0.999878585 0.014182834 -12.204044342 0.413802683 -0.010240766 0.910309017 145.412033081
0.883524299 0.013657940 -0.468186200 289.114410400 -0.005673409 0.999813497 0.018460175 -12.197807312 0.468351007 -0.013653801 0.883436978 145.857788086
0.852744997 0.018250350 -0.522008538 288.787567139 -0.006306283 0.999676287 0.024648624 -12.191767693 0.522289395 -0.017727057 0.852584004 146.338088989
0.818741083 0.025094511 -0.573614240 288.419769287 -0.009925126 0.999513745 0.029560285 -12.182291985 0.574077129 -0.018509027 0.818592012 146.790618896
0.782005131 0.031054171 -0.622497916 288.014129639 -0.013962555 0.999380171 0.032315187 -12.166976929 0.623115599 -0.016578984 0.781954050 147.225234985
0.741949558 0.036795124 -0.669445276 287.618255615 -0.016906098 0.999202192 0.036182642 -12.150278091 0.670242488 -0.015527991 0.741979718 147.610626221
0.701773822 0.039230507 -0.711318910 287.158630371 -0.013010647 0.999021828 0.042261783 -12.126239777 0.712281048 -0.020403495 0.701597810 148.013916016
0.660285354 0.043267753 -0.749767423 286.669250488 -0.014559124 0.998888850 0.044822566 -12.105376244 0.750873685 -0.018679725 0.660181642 148.394378662
0.618334413 0.042888839 -0.784744024 286.160430908 -0.013299000 0.998937905 0.044116374 -12.087774277 0.785802603 -0.016842362 0.618248105 148.754669189
0.579002261 0.041379806 -0.814275265 285.616699219 -0.014657645 0.999078155 0.040348582 -12.069589615 0.815194249 -0.011426564 0.579074979 149.084777832
0.540204346 0.034753885 -0.840815961 285.118591309 -0.014156217 0.999380767 0.032212898 -12.042851448 0.841414869 -0.005498775 0.540361822 149.402069092
0.506387591 0.031943444 -0.861714244 284.538818359 -0.019620270 0.999481738 0.025520563 -12.020022392 0.862082839 0.003983764 0.506751895 149.709106445
0.480114400 0.035314534 -0.876494884 283.920043945 -0.025252923 0.999331594 0.026431004 -11.995435715 0.876842439 0.009444145 0.480685294 150.008529663
0.460854948 0.043127339 -0.886426985 283.286590576 -0.030984957 0.998991489 0.032494809 -11.978602409 0.886934459 0.012490503 0.461726487 150.309509277
0.447157800 0.049574945 -0.893080175 282.657653809 -0.032844003 0.998699546 0.038993165 -11.961351395 0.893851876 0.011896229 0.448204577 150.611450195
0.438302934 0.055159930 -0.897133231 282.001281738 -0.036104336 0.998390079 0.043746561 -11.939401627 0.898101926 0.013216150 0.439588845 150.915527344
0.433973312 0.058501597 -0.899024427 281.329956055 -0.040021285 0.998156250 0.045633428 -11.911842346 0.900036454 0.016176408 0.435514510 151.223861694
0.432817936 0.058416214 -0.899586678 280.663818359 -0.043259896 0.998094499 0.043999363 -11.886577606 0.900442779 0.019872310 0.434520304 151.540710449
0.433436573 0.058381937 -0.899291039 279.980377197 -0.045649223 0.998040617 0.042790934 -11.858083725 0.900027215 0.022504775 0.435252428 151.861801147
0.434544861 0.057736166 -0.898797691 279.293701172 -0.045780279 0.998069108 0.041979518 -11.827911377 0.899485886 0.022905225 0.436348975 152.189971924
0.436645150 0.058005527 -0.897761941 278.587280273 -0.048366401 0.997989595 0.040957358 -11.799329758 0.898332775 0.025537679 0.438572824 152.524047852
0.439175308 0.058606084 -0.896487772 277.875427246 -0.052167185 0.997849882 0.039676540 -11.778020859 0.896885514 0.029342286 0.441288352 152.861846924
0.442078829 0.057974756 -0.895100713 277.154541016 -0.055802822 0.997753680 0.037063178 -11.751092911 0.895238698 0.033564296 0.444320917 153.210403442
0.444927633 0.056311466 -0.893794477 276.411010742 -0.061188821 0.997600496 0.032391950 -11.725933075 0.893473804 0.040278144 0.447305620 153.563537598
0.448320270 0.055330854 -0.892158926 275.673522949 -0.063318856 0.997540891 0.030048080 -11.702692032 0.891627610 0.043019310 0.450721323 153.926544189
0.451627374 0.055720866 -0.890465021 274.926635742 -0.063427977 0.997527838 0.030250825 -11.681095123 0.889949262 0.042818286 0.454045177 154.313995361
0.455307007 0.058208261 -0.888429701 274.158691406 -0.064446509 0.997397661 0.032319762 -11.657708168 0.887998998 0.042540774 0.457873464 154.704040527
0.459132135 0.060308028 -0.886318684 273.377349854 -0.064959079 0.997301400 0.034209453 -11.637715340 0.885989964 0.041867770 0.461810648 155.096740723
0.461365223 0.060316388 -0.885157764 272.577087402 -0.064879179 0.997308910 0.034142017 -11.611459732 0.884835064 0.041676357 0.464036882 155.518646240
0.462669551 0.057982795 -0.884632587 271.791809082 -0.062096655 0.997527540 0.032905415 -11.584473610 0.884353340 0.039708391 0.465126157 155.930679321
0.463389516 0.055495098 -0.884415388 270.982727051 -0.060181167 0.997703731 0.031071763 -11.560875893 0.884108901 0.038826812 0.465665221 156.359252930
0.464121103 0.053940408 -0.884127915 270.155273438 -0.059120022 0.997804761 0.029840868 -11.533352852 0.883796692 0.038419876 0.466291189 156.789825439
0.464920759 0.057493433 -0.883483589 269.319885254 -0.060168900 0.997633994 0.033258829 -11.510778427 0.883305430 0.037695508 0.467280090 157.222122192
0.466023803 0.062870264 -0.882535696 268.471496582 -0.060321346 0.997408986 0.039200891 -11.485488892 0.882713556 0.034967188 0.468608737 157.671218872
0.468205571 0.066500798 -0.881113648 267.625122070 -0.060749616 0.997227132 0.042983204 -11.455186844 0.881528854 0.033402331 0.470947206 158.115142822
0.471419930 0.062459469 -0.879694402 266.779632568 -0.059977658 0.997450054 0.038678814 -11.432000160 0.879867077 0.034528036 0.473964036 158.563156128
0.474587619 0.055397063 -0.878463328 265.945373535 -0.059711818 0.997744679 0.030659946 -11.405191422 0.878180563 0.037903808 0.476825178 159.014114380
0.478020608 0.051632386 -0.876829863 265.089904785 -0.061534256 0.997786582 0.025208380 -11.384940147 0.876190603 0.041904937 0.480139732 159.473037720
0.482041955 0.052755933 -0.874558449 264.239868164 -0.062422317 0.997716844 0.025779074 -11.362997055 0.873921692 0.042165365 0.484234512 159.938644409
0.488096356 0.057519104 -0.870892465 263.388732910 -0.062022846 0.997589290 0.031125907 -11.349437714 0.870583296 0.038822781 0.490487158 160.410232544
0.495714307 0.061999697 -0.866269827 262.547668457 -0.062817141 0.997395694 0.035438001 -11.322114944 0.866210938 0.036849461 0.498317957 160.888427734
0.504378319 0.063792989 -0.861123085 261.706054688 -0.063984931 0.997286677 0.036402792 -11.308864594 0.861108840 0.036738120 0.507091641 161.373291016
0.513497591 0.060956489 -0.855923295 260.876098633 -0.063300192 0.997446835 0.033059463 -11.288032532 0.855753124 0.037204146 0.516045094 161.869857788
0.522607327 0.057282835 -0.850647032 260.049835205 -0.060780026 0.997704923 0.029844670 -11.263631821 0.850404322 0.036105298 0.524889529 162.377334595
0.531730115 0.055795562 -0.845073938 259.232940674 -0.058077779 0.997880757 0.029341355 -11.245378494 0.844920158 0.033478335 0.533843756 162.890502930
0.540297806 0.056532577 -0.839572787 258.424316406 -0.057005744 0.997907579 0.030508623 -11.233409882 0.839540780 0.031376723 0.542389989 163.415023804
0.549149036 0.056421515 -0.833817720 257.618713379 -0.053364098 0.998049736 0.032389130 -11.214346886 0.834019005 0.026709463 0.551088929 163.943634033
0.557025552 0.054893423 -0.828679264 256.821746826 -0.047710955 0.998280406 0.034057576 -11.194919586 0.829123795 0.020566136 0.558686733 164.488906860
0.563419998 0.055636164 -0.824295104 256.028350830 -0.045032665 0.998314798 0.036601089 -11.173666000 0.824942350 0.016498424 0.564975977 165.037399292
0.567916512 0.052731685 -0.821395338 255.251220703 -0.040140916 0.998532593 0.036349878 -11.156347275 0.822106838 0.012327860 0.569199800 165.586822510
0.570828080 0.045739911 -0.819794536 254.468566895 -0.031012308 0.998935759 0.034140911 -11.130683899 0.820483685 0.005935132 0.571639061 166.144989014
0.571398973 0.041081563 -0.819643617 253.685928345 -0.024176393 0.999155462 0.033224810 -11.109929085 0.820316315 0.000831400 0.571909606 166.699951172
0.570029497 0.040086072 -0.820645809 252.896636963 -0.019980686 0.999190032 0.034928620 -11.085338593 0.821381271 -0.003513276 0.570368707 167.258514404
0.566535234 0.042530272 -0.822939336 252.091613770 -0.018115096 0.999068677 0.039161846 -11.060814857 0.823838472 -0.007278947 0.566778004 167.807128906
0.561903596 0.040697560 -0.826201022 251.282165527 -0.014154793 0.999115825 0.039588369 -11.029770851 0.827081621 -0.010550146 0.561982870 168.356704712
0.556452215 0.037694000 -0.830024123 250.464767456 -0.006781792 0.999143183 0.040827677 -10.999200821 0.830851912 -0.017089600 0.556231081 168.918045044
0.549894929 0.039518822 -0.834298432 249.635345459 -0.010243527 0.999123991 0.040574618 -10.971631050 0.835171044 -0.013765619 0.549818039 169.456192017
0.543459415 0.040141657 -0.838475108 248.799255371 -0.011534192 0.999118745 0.040356498 -10.945003510 0.839356184 -0.012260989 0.543443561 169.979873657
0.535888314 0.033550296 -0.843622029 247.972595215 -0.007100054 0.999353886 0.035233531 -10.920179367 0.844259024 -0.012891477 0.535780251 170.508056641
0.528912306 0.027708275 -0.848224103 247.136138916 -0.003522490 0.999529958 0.030454412 -10.895293236 0.848669231 -0.013119853 0.528761268 171.030944824
0.523229003 0.024163997 -0.851849496 246.282638550 0.001072733 0.999578416 0.029013455 -10.870704651 0.852191448 -0.016094489 0.522982538 171.551483154
0.516242743 0.028787728 -0.855958343 245.428863525 0.003604836 0.999353051 0.035784539 -10.854219437 0.856434762 -0.021559099 0.515805006 172.068252563
0.508959293 0.031100431 -0.860228658 244.578063965 0.010865888 0.999035358 0.042547677 -10.830530167 0.860722065 -0.031002183 0.508130312 172.581680298
0.502398968 0.029839462 -0.864120901 243.722045898 0.017561076 0.998845994 0.044701729 -10.798746109 0.864457607 -0.037632998 0.501295209 173.086334229
0.495735943 0.029070221 -0.867986619 242.856536865 0.019948415 0.998794794 0.044844393 -10.767454147 0.868244112 -0.039545938 0.494558632 173.582321167
0.489128053 0.027509537 -0.871778071 241.980422974 0.021887567 0.998800576 0.043798264 -10.735703468 0.871937335 -0.040504061 0.487939298 174.069046021
0.482393622 0.022490893 -0.875665784 241.113800049 0.027586423 0.998784363 0.040850136 -10.709659576 0.875520051 -0.043862332 0.481186807 174.549163818
0.475968361 0.018270545 -0.879272640 240.249694824 0.030887064 0.998820126 0.037474450 -10.681190491 0.878919899 -0.044994801 0.474842489 175.016326904
0.470341623 0.017127063 -0.882318258 239.379806519 0.032397758 0.998802543 0.036658626 -10.648643494 0.881889582 -0.045827210 0.469223559 175.485351562
0.465662539 0.017733069 -0.884784758 238.496246338 0.035327014 0.998629808 0.038607404 -10.623657227 0.884257078 -0.049234822 0.464398026 175.956146240
0.461319804 0.022273609 -0.886954367 237.616470337 0.035631407 0.998413265 0.043605119 -10.597734451 0.886518240 -0.051719338 0.459794164 176.413055420
0.457270741 0.026374806 -0.888936520 236.727081299 0.031405367 0.998457789 0.045779310 -10.568037987 0.888773024 -0.048850916 0.455737233 176.855178833
0.455688059 0.027931247 -0.889701247 235.828643799 0.032342985 0.998328030 0.047906935 -10.537096977 0.889551818 -0.050606210 0.454022765 177.308807373
0.454315186 0.029194482 -0.890362620 234.951354980 0.029825922 0.998404026 0.047956046 -10.501148224 0.890341699 -0.048343044 0.452719331 177.748626709
0.454515219 0.029315548 -0.890256524 234.071060181 0.025142802 0.998637795 0.045720991 -10.474531174 0.890384138 -0.043164428 0.453158975 178.180816650
0.454236567 0.023443354 -0.890572548 233.192443848 0.025644442 0.998895407 0.039374780 -10.448200226 0.890511930 -0.040723700 0.453133643 178.622924805
0.454311788 0.020022582 -0.890617669 232.322494507 0.025305573 0.999053895 0.035369005 -10.415477753 0.890483260 -0.038606148 0.453375280 179.061981201
0.455128431 0.018309219 -0.890237570 231.455093384 0.028598195 0.998972237 0.035166174 -10.392457008 0.889966428 -0.041464310 0.454137027 179.506713867
0.456852198 0.018161047 -0.889357328 230.582122803 0.025288194 0.999122322 0.033392742 -10.381095886 0.889183164 -0.037745789 0.455991924 179.949493408
0.459519804 0.016952487 -0.888005674 229.718688965 0.019353675 0.999389291 0.029093878 -10.360885620 0.887956560 -0.030555388 0.458911121 180.384078979
0.462775826 0.015486948 -0.886340141 228.864089966 0.015611628 0.999549925 0.025616199 -10.340501785 0.886337996 -0.025691770 0.462325752 180.818298340
0.465471327 0.019832525 -0.884840786 228.009887695 0.013676018 0.999468386 0.029596034 -10.324871063 0.884957314 -0.025877204 0.464952648 181.264953613
0.467793524 0.025142984 -0.883480132 227.163635254 0.011218043 0.999345839 0.034380250 -10.310023308 0.883766651 -0.025993776 0.467205465 181.704864502
0.469560087 0.027737921 -0.882464767 226.324600220 0.012236284 0.999205947 0.037918307 -10.288829803 0.882815778 -0.028603014 0.468847811 182.145965576
0.469702423 0.028959123 -0.882349670 225.484085083 0.014702921 0.999066591 0.040616650 -10.266205788 0.882702351 -0.032050855 0.468838215 182.604766846
0.469051480 0.029368008 -0.882682502 224.654067993 0.017280346 0.998950481 0.042419057 -10.240326881 0.883001864 -0.035149783 0.468051672 183.046463013
0.467841148 0.029036762 -0.883335531 223.826919556 0.017248848 0.998969853 0.041973379 -10.213943481 0.883644283 -0.034873392 0.466858327 183.481903076
0.467120230 0.026643919 -0.883792400 223.005905151 0.016603788 0.999105334 0.038896073 -10.195259094 0.884037971 -0.032843444 0.466259897 183.906921387
0.466528118 0.024405830 -0.884169638 222.182922363 0.013714138 0.999299526 0.034819979 -10.173515320 0.884400129 -0.028370125 0.465866625 184.338134766
0.465797007 0.025385465 -0.884527504 221.370361328 0.010324576 0.999364495 0.034118205 -10.150721550 0.884831488 -0.025024528 0.465238869 184.753707886
0.464716494 0.029006111 -0.884984434 220.559570312 0.009392345 0.999245584 0.037683163 -10.129392624 0.885409832 -0.025824066 0.464093447 185.163757324
0.463014781 0.031369917 -0.885795355 219.768630981 0.014153724 0.998984396 0.042776749 -10.110315323 0.886237621 -0.032343570 0.462100506 185.586929321
0.461992025 0.032435577 -0.886290789 218.983566284 0.018471444 0.998762310 0.046180211 -10.085929871 0.886691749 -0.037705962 0.460821092 186.007293701
0.460485458 0.034793820 -0.886985123 218.212219238 0.015511126 0.998763561 0.047231290 -10.062032700 0.887531757 -0.035507463 0.459376395 186.400772095
0.459247887 0.029756650 -0.887809694 217.439178467 0.014164202 0.999066412 0.040812522 -10.042764664 0.888195336 -0.031318180 0.458397627 186.790588379
0.457313716 0.019129338 -0.889099717 216.703582764 0.017668514 0.999375820 0.030589879 -10.026187897 0.889129937 -0.029698242 0.456690311 187.173248291
0.456076384 0.014971513 -0.889814675 215.960144043 0.021513794 0.999380827 0.027841950 -10.004364014 0.889680564 -0.031841345 0.455471873 187.555343628
0.454703510 0.021592502 -0.890381157 215.223114014 0.019705787 0.999217451 0.034295309 -9.990569115 0.890424907 -0.033139858 0.453922153 187.926300049
0.452573895 0.031452533 -0.891172051 214.492279053 0.018563109 0.998828888 0.044679228 -9.973621368 0.891533673 -0.036763579 0.451460004 188.291748047
0.450292170 0.033610370 -0.892248511 213.782760620 0.019060930 0.998701692 0.047239896 -9.959217072 0.892677844 -0.038278844 0.449066937 188.649887085
0.448316038 0.029422788 -0.893390715 213.108795166 0.019046677 0.998916745 0.042456057 -9.941417694 0.893672168 -0.036049858 0.447269976 188.983489990
0.447047830 0.025782017 -0.894138455 212.438598633 0.016353348 0.999181926 0.036987178 -9.920097351 0.894360602 -0.031157197 0.446260512 189.315689087
0.446372986 0.026312165 -0.894460082 211.778533936 0.012235314 0.999294698 0.035501998 -9.904821396 0.894763350 -0.026791133 0.445736229 189.628372192
0.445207894 0.028655924 -0.894968629 211.136260986 0.012038072 0.999205887 0.037981909 -9.891300201 0.895346344 -0.027683541 0.444509387 189.939941406
0.443966508 0.031004930 -0.895506799 210.508575439 0.010399428 0.999155581 0.039749276 -9.877042770 0.895983040 -0.026960105 0.443269193 190.246170044
0.442706168 0.035497416 -0.895963848 209.893035889 0.005948030 0.999077857 0.042521704 -9.853180885 0.896646976 -0.024153840 0.442086816 190.542358398
0.441663623 0.040451191 -0.896268368 209.289688110 0.003959215 0.998885453 0.047033627 -9.834369659 0.897171974 -0.024321564 0.441011250 190.830291748
0.440771818 0.041683491 -0.896650851 208.713714600 0.006597888 0.998743773 0.049672946 -9.818317413 0.897594988 -0.027810436 0.439943075 191.113464355
0.439995944 0.038694553 -0.897165716 208.165176392 0.010105272 0.998794615 0.048033699 -9.808740616 0.897942901 -0.030200735 0.439074516 191.388275146
0.440692544 0.034450240 -0.896996856 207.636871338 0.009664899 0.999023259 0.043117031 -9.794748306 0.897606134 -0.027670739 0.439929187 191.642105103
0.441872418 0.031891588 -0.896510959 207.126861572 0.007611914 0.999198616 0.039296269 -9.774575233 0.897045732 -0.024188105 0.441275597 191.888671875
0.443326473 0.032610189 -0.895766914 206.632095337 0.006193954 0.999202669 0.039441217 -9.753383636 0.896338880 -0.023033680 0.442771018 192.123794556
0.446230233 0.033571538 -0.894288301 206.161727905 0.007833979 0.999111295 0.041415572 -9.745038986 0.894883931 -0.025486715 0.445570648 192.366149902
0.450499892 0.035690609 -0.892062783 205.707824707 0.008225293 0.998992264 0.044122607 -9.738831520 0.892738581 -0.027214710 0.449752390 192.598068237
0.455154479 0.036139410 -0.889678836 205.288192749 0.007104356 0.998996794 0.044214536 -9.729799271 0.890384197 -0.026445042 0.454441071 192.814392090
0.460219800 0.033333212 -0.887179017 204.892410278 0.009228860 0.999061286 0.042324293 -9.711185455 0.887757063 -0.027666129 0.459480166 193.022888184
0.466527998 0.031938002 -0.883929610 204.508926392 0.009783744 0.999100387 0.041263085 -9.702583313 0.884452283 -0.027898528 0.465795875 193.228057861
0.473889828 0.033138268 -0.879960418 204.156738281 0.010097577 0.999021471 0.043059871 -9.690059662 0.880526245 -0.029291103 0.473091543 193.422164917
0.480721056 0.038561538 -0.876025319 203.824813843 0.008250598 0.998789430 0.048493002 -9.679676056 0.876834810 -0.030539343 0.479820967 193.611053467
0.488944173 0.043132760 -0.871248126 203.522949219 0.006956536 0.998552203 0.053339198 -9.665361404 0.872287393 -0.032140758 0.487936258 193.785507202
0.497580051 0.045665134 -0.866215169 203.250885010 0.005238455 0.998436868 0.055644725 -9.660887718 0.867402256 -0.032225337 0.496563077 193.953063965
0.506495476 0.046106111 -0.861009061 203.001800537 0.003243877 0.998460352 0.055374723 -9.655361176 0.862236500 -0.030840054 0.505566120 194.099975586
0.516112089 0.045690730 -0.855301559 202.772735596 0.001858011 0.998514116 0.054462414 -9.644054413 0.856519103 -0.029697875 0.515260339 194.245544434
0.524633765 0.044569850 -0.850160539 202.579223633 0.002358222 0.998548687 0.053804383 -9.644542694 0.851324737 -0.030232461 0.523767233 194.378509521
0.532974303 0.041342113 -0.845120847 202.382446289 0.003799240 0.998678625 0.051249929 -9.639373779 0.846122921 -0.030525712 0.532112956 194.516448975
0.541048229 0.038200926 -0.840123534 202.188842773 0.003078043 0.998871148 0.047401574 -9.632343292 0.840986013 -0.028232474 0.540319920 194.652130127
0.549224019 0.036707226 -0.834868610 201.993774414 0.000364661 0.999024212 0.044164661 -9.626003265 0.835675061 -0.024560733 0.548674703 194.788528442
0.557682633 0.035736755 -0.829284668 201.797134399 -0.002403053 0.999138117 0.041440312 -9.619268417 0.830050826 -0.021117732 0.557287872 194.921524048
0.565448284 0.033973746 -0.824083745 201.610549927 -0.003677655 0.999245226 0.038671531 -9.609449387 0.824775577 -0.018836059 0.565146446 195.060333252
0.573042750 0.030409614 -0.818961084 201.423782349 -0.002778946 0.999377668 0.035164353 -9.603439331 0.819520772 -0.017874829 0.572770655 195.204940796
0.580720544 0.028077913 -0.813618720 201.233139038 -0.001801946 0.999446929 0.033204693 -9.596745491 0.814101040 -0.017816553 0.580449939 195.347656250
0.588207722 0.027597215 -0.808238864 201.046707153 -0.003330015 0.999491751 0.031704053 -9.589386940 0.808703005 -0.015957121 0.588000655 195.489624023
0.595203638 0.029690230 -0.803026199 200.858245850 -0.008359448 0.999491870 0.030758115 -9.583892822 0.803531408 -0.011594487 0.595149457 195.630371094
0.601799607 0.033395536 -0.797948599 200.669219971 -0.013988160 0.999412835 0.031277530 -9.580459595 0.798524618 -0.007660974 0.601913452 195.766387939
0.607998669 0.035841659 -0.793128669 200.475372314 -0.017672053 0.999343932 0.031613488 -9.570398331 0.793741405 -0.005204750 0.608233154 195.916809082
0.614288092 0.031387243 -0.788457453 200.281356812 -0.016656898 0.999501705 0.026811177 -9.566676140 0.788906097 -0.003336537 0.614504814 196.078887939
0.620512486 0.021858146 -0.783891916 200.076141357 -0.013070552 0.999760866 0.017531089 -9.565354347 0.784087658 -0.000632363 0.620649815 196.256912231
0.626166344 0.014325880 -0.779557884 199.844177246 -0.010440894 0.999895632 0.009988545 -9.557893753 0.779619575 0.001884791 0.626250505 196.453399658
0.631585002 0.012598845 -0.775204301 199.583221436 -0.011323650 0.999911189 0.007025089 -9.559756279 0.775223970 0.004341202 0.631671548 196.666351318
0.635206103 0.015748845 -0.772182167 199.299285889 -0.014309389 0.999860466 0.008621330 -9.557284355 0.772210181 0.005573132 0.635342777 196.898986816
0.636669755 0.017924409 -0.770928264 198.992218018 -0.015527151 0.999825120 0.010423288 -9.552746773 0.770980239 0.005334127 0.636836708 197.151779175
0.636429906 0.020304672 -0.771067321 198.658370972 -0.020298444 0.999748111 0.009572474 -9.542809486 0.771067500 0.009559255 0.636681795 197.413681030
0.634240746 0.021245090 -0.772843659 198.307006836 -0.024485391 0.999672890 0.007386371 -9.535866737 0.772747815 0.014238642 0.634553492 197.684112549
0.630708098 0.022815846 -0.775684714 197.936859131 -0.025189672 0.999642849 0.008921626 -9.523561478 0.775611281 0.013912301 0.631057560 197.972183228
0.626745224 0.022603147 -0.778896332 197.550994873 -0.020724338 0.999709129 0.012335008 -9.521055222 0.778948605 0.008411201 0.627031446 198.283630371
0.621535182 0.024566891 -0.783001006 197.139450073 -0.018537058 0.999689519 0.016651103 -9.515726089 0.783166945 0.004165286 0.621797562 198.611648560
0.615154862 0.028996903 -0.787872851 196.706680298 -0.017611532 0.999579430 0.023037842 -9.507047653 0.788209558 -0.000296192 0.615406871 198.934417725
0.607451677 0.036751661 -0.793506026 196.254470825 -0.019678202 0.999318838 0.031219766 -9.491272926 0.794112861 -0.003349732 0.607761145 199.270431519
0.598364472 0.042237237 -0.800110042 195.785919189 -0.021272309 0.999095023 0.036832958 -9.473523140 0.800941646 -0.005019350 0.598721445 199.607391357
0.589188337 0.044797443 -0.806752980 195.307708740 -0.019790316 0.998962402 0.041017190 -9.459367752 0.807753384 -0.008200954 0.589463532 199.946716309
0.580631375 0.043627147 -0.812996924 194.814849854 -0.012869759 0.998930335 0.044413328 -9.442670822 0.814064920 -0.015324702 0.580571771 200.294769287
0.571145058 0.039042488 -0.819920182 194.305877686 -0.008367679 0.999093235 0.041745443 -9.415933609 0.820806563 -0.016981877 0.570953846 200.658126831
0.561511874 0.032657705 -0.826824009 193.779418945 -0.004594203 0.999328494 0.036351241 -9.391004562 0.827455938 -0.016613059 0.561284900 201.009475708
0.550942659 0.029723318 -0.834013641 193.232360840 -0.002972758 0.999429107 0.033654764 -9.367320061 0.834537864 -0.016062528 0.550716519 201.362777710
0.540372014 0.024239847 -0.841077030 192.664382935 0.002425960 0.999535918 0.030365257 -9.348937988 0.841422737 -0.018448954 0.540062428 201.720977783
0.529733181 0.019183161 -0.847947419 192.092422485 0.008182774 0.999582052 0.027725577 -9.330985069 0.848124921 -0.021625720 0.529354811 202.084747314
0.520204782 0.015508559 -0.853900731 191.497787476 0.016966023 0.999450147 0.028487902 -9.313138962 0.853873014 -0.029306844 0.519655704 202.454528809
0.510845065 0.013457495 -0.859567523 190.884002686 0.022056878 0.999343097 0.028754352 -9.297624588 0.859389842 -0.033648394 0.510212660 202.825042725
0.502653003 0.013687183 -0.864379883 190.261215210 0.024009457 0.999267936 0.029785043 -9.277093887 0.864154816 -0.035724837 0.501956463 203.179840088
0.495314300 0.016633635 -0.868554652 189.617767334 0.025129111 0.999123931 0.033464648 -9.257165909 0.868350327 -0.038401522 0.494462430 203.541549683
0.489979982 0.020226059 -0.871499062 188.963592529 0.030971540 0.998695731 0.040591117 -9.234470367 0.871183395 -0.046880502 0.488714457 203.900726318
0.485501945 0.023340307 -0.873923957 188.296493530 0.035940588 0.998265564 0.046627682 -9.206442833 0.873496473 -0.054047171 0.483821034 204.284271240
0.482750297 0.024734709 -0.875408709 187.632583618 0.037719492 0.998086214 0.049001656 -9.189455986 0.874945402 -0.056675538 0.480893433 204.655303955
0.481009126 0.022393296 -0.876429617 186.956451416 0.037734624 0.998218536 0.046214901 -9.159671783 0.875903249 -0.055301532 0.479307234 205.021652222
0.479594827 0.017704606 -0.877311468 186.278457642 0.038995687 0.998378694 0.041465357 -9.129989624 0.876623154 -0.054097932 0.478126824 205.393127441
0.478544831 0.018239828 -0.877873719 185.579406738 0.037756853 0.998432040 0.041326649 -9.099611282 0.877251029 -0.052922402 0.477105856 205.768951416
0.477956712 0.021711439 -0.878114998 184.873947144 0.035172552 0.998419642 0.043830346 -9.073253632 0.877678871 -0.051834553 0.476437747 206.147277832
0.477029026 0.025070295 -0.878529906 184.158309937 0.031046543 0.998488545 0.045351334 -9.044727325 0.878339052 -0.048909221 0.475529671 206.527450562
0.476332784 0.025061835 -0.878907919 183.432632446 0.026074074 0.998751462 0.042610250 -9.018404007 0.878878415 -0.043213371 0.475084603 206.911300659
0.476162255 0.021981422 -0.879082680 182.703567505 0.024083685 0.998986542 0.038024738 -8.989803314 0.879027605 -0.039277494 0.475150287 207.298751831
0.475408614 0.017901821 -0.879582942 181.963882446 0.022357767 0.999224186 0.032421056 -8.963705063 0.879480958 -0.035078760 0.474639535 207.693374634
0.475415945 0.016926805 -0.879598379 181.214904785 0.021644240 0.999287248 0.030928614 -8.941144943 0.879494965 -0.033742193 0.474710703 208.094650269
0.475823641 0.018510219 -0.879346013 180.454803467 0.022379592 0.999200046 0.033142991 -8.919686317 0.879256010 -0.035449624 0.475028753 208.493164062
0.475829363 0.022633605 -0.879246354 179.690612793 0.024120167 0.998957038 0.038768522 -8.897903442 0.879206836 -0.039654769 0.474787176 208.916625977
0.475951850 0.026925607 -0.879059076 178.922332764 0.025925824 0.998667300 0.044626314 -8.871435165 0.879089117 -0.044030309 0.474619508 209.337158203
0.476727068 0.030610245 -0.878518343 178.152328491 0.025776427 0.998476982 0.048777524 -8.841562271 0.878673434 -0.045898627 0.475211978 209.742065430
0.477042615 0.032074451 -0.878294706 177.366409302 0.021916108 0.998588979 0.048371132 -8.819226265 0.878606856 -0.042323891 0.475666523 210.162368774
0.477815866 0.032188017 -0.877870083 176.591690063 0.016731367 0.998813748 0.045729257 -8.786633492 0.878300667 -0.036538135 0.476710558 210.571807861
0.478505373 0.028724506 -0.877614737 175.819519043 0.016791720 0.998982668 0.041852321 -8.756192207 0.877924085 -0.034763221 0.477536261 210.987167358
0.478561223 0.028687147 -0.877585471 175.045257568 0.016935976 0.998978674 0.041890796 -8.729239464 0.877890825 -0.034910075 0.477586627 211.410781860
0.478486240 0.029161707 -0.877610743 174.275650024 0.017290145 0.998941720 0.042620201 -8.704530716 0.877924860 -0.035567198 0.477475643 211.825485229
0.478035808 0.030874671 -0.877797604 173.500717163 0.018548818 0.998804271 0.045232244 -8.682134628 0.878144562 -0.037904739 0.476891518 212.251251221
0.477706313 0.030237483 -0.877999067 172.731719971 0.018660692 0.998832762 0.044551894 -8.648103714 0.878321409 -0.037666794 0.476584494 212.671478271
0.477247655 0.032499481 -0.878167748 171.963394165 0.016239358 0.998819053 0.045790002 -8.620004654 0.878618836 -0.036114052 0.476156294 213.084259033
0.477532566 0.033562396 -0.877972901 171.197235107 0.017715534 0.998699188 0.047812968 -8.590418816 0.878435552 -0.038386006 0.476316810 213.496963501
0.477359891 0.031677634 -0.878136694 170.425323486 0.022760127 0.998568952 0.048394598 -8.564001083 0.878413081 -0.043088142 0.475955784 213.924362183
0.476899505 0.027498266 -0.878527582 169.673599243 0.023414167 0.998758376 0.043971673 -8.540223122 0.878645957 -0.041540060 0.475663483 214.329925537
0.476040483 0.019202270 -0.879213810 168.918014526 0.023736317 0.999116778 0.034672756 -8.515105247 0.879103124 -0.037374932 0.475164235 214.738082886
0.474479795 0.014736056 -0.880143046 168.170684814 0.026673984 0.999160051 0.031108517 -8.495985031 0.879862189 -0.038237285 0.473688185 215.142410278
0.473542869 0.016066620 -0.880624294 167.422531128 0.030691555 0.998925388 0.034728918 -8.471437454 0.880235970 -0.043473359 0.472540855 215.549041748
0.472946465 0.022838894 -0.880795181 166.677169800 0.028549753 0.998741806 0.041227143 -8.458185196 0.880628586 -0.044644717 0.471699357 215.944305420
0.472642422 0.024825014 -0.880904555 165.932464600 0.024623096 0.998840868 0.041359935 -8.441251755 0.880910218 -0.041239057 0.471483290 216.330535889
0.471868634 0.021432798 -0.881408393 165.212646484 0.025739197 0.998943508 0.038070526 -8.415149689 0.881293118 -0.040651031 0.470818460 216.712097168
0.470874488 0.018309765 -0.882010221 164.508941650 0.030743867 0.998836756 0.037148062 -8.395565033 0.881664395 -0.044608478 0.469763815 217.092727661
0.469669402 0.020524047 -0.882603765 163.825592041 0.030501593 0.998755634 0.039456178 -8.381034851 0.882315338 -0.045452181 0.468458951 217.454956055
0.468307078 0.022864351 -0.883269966 163.140701294 0.031433962 0.998601198 0.042516019 -8.367555618 0.883006513 -0.047675230 0.466933250 217.818695068
0.465634406 0.020995930 -0.884728193 162.494064331 0.034169722 0.998546541 0.041680619 -8.352330208 0.884317338 -0.049638845 0.464240193 218.161010742
0.462413847 0.020742886 -0.886421561 161.858901978 0.035069201 0.998516202 0.041660305 -8.336148262 0.885970473 -0.050350398 0.461000264 218.489807129
0.458189785 0.023554638 -0.888542295 161.243423462 0.032015879 0.998562813 0.042980663 -8.319192886 0.888277650 -0.048140764 0.456777155 218.794494629
0.452201128 0.024219934 -0.891587198 160.636718750 0.031060573 0.998597264 0.042880375 -8.300462723 0.891375065 -0.047083762 0.450814486 219.096633911
0.445190430 0.028424807 -0.894984663 160.055007935 0.027753171 0.998577833 0.045520145 -8.284406662 0.895005763 -0.045103796 0.443768382 219.374618530
0.437419474 0.030388189 -0.898743927 159.488616943 0.025873700 0.998589814 0.046356913 -8.266923904 0.898885250 -0.043531250 0.436016381 219.633056641
0.427700579 0.029042155 -0.903453887 158.936721802 0.023716010 0.998779118 0.043333761 -8.256548882 0.903609395 -0.039960198 0.426489592 219.884323120
0.416123211 0.022750068 -0.909023643 158.406295776 0.026644707 0.998952627 0.037197851 -8.251015663 0.908917785 -0.039699558 0.415081203 220.119873047
0.401024342 0.014223794 -0.915957093 157.862594604 0.032486156 0.999029696 0.029736916 -8.236138344 0.915491343 -0.041681148 0.400173128 220.357543945
0.381078780 0.010215840 -0.924486220 157.326110840 0.035719182 0.999029756 0.025763236 -8.223255157 0.923852384 -0.042839713 0.380344152 220.570785522
0.355324745 0.012006546 -0.934665859 156.780715942 0.035196461 0.999036551 0.026213814 -8.211204529 0.934080064 -0.042211346 0.354559779 220.766021729
0.326081276 0.018117411 -0.945168197 156.226043701 0.031813797 0.999039710 0.030125756 -8.197044373 0.944806337 -0.039892834 0.325191796 220.936019897
0.295168579 0.024372280 -0.955134332 155.668197632 0.028552417 0.999003112 0.034315344 -8.191100121 0.955018461 -0.037400205 0.294178486 221.090408325
0.261520684 0.029115397 -0.964758694 155.113983154 0.026149496 0.998964310 0.037236132 -8.177392006 0.964843631 -0.034965973 0.260488451 221.219558716
0.226508081 0.033982262 -0.973416448 154.552658081 0.021723308 0.998966336 0.039929111 -8.165722847 0.973767161 -0.030190092 0.225535750 221.319366455
0.190925717 0.036912795 -0.980910242 154.004562378 0.019564379 0.998951077 0.041399736 -8.151185989 0.981409550 -0.027095176 0.190003276 221.395843506
0.156318545 0.038998712 -0.986936510 153.470031738 0.017699951 0.998949111 0.042276844 -8.139354706 0.987548172 -0.024077384 0.155463994 221.452713013
0.121470392 0.040601093 -0.991764367 152.914886475 0.016580882 0.998940647 0.042925693 -8.123478889 0.992456555 -0.021658529 0.120668530 221.492034912
0.086106241 0.042475354 -0.995380104 152.358795166 0.013622451 0.998947203 0.043805994 -8.110092163 0.996192813 -0.017331483 0.085436940 221.515563965
0.051543295 0.040760610 -0.997838616 151.798995972 0.008915834 0.999108136 0.041273016 -8.085271835 0.998630941 -0.011023909 0.051133871 221.510650635
0.019748569 0.041106924 -0.998959601 151.246353149 0.002035786 0.999150693 0.041155033 -8.069489479 0.999802947 -0.002846424 0.019648135 221.497390747
-0.008140206 0.042769991 -0.999051988 150.664520264 -0.002452805 0.999081016 0.042791225 -8.040744781 0.999964058 0.002798798 -0.008027792 221.472000122
-0.030177832 0.047277566 -0.998425901 150.072998047 -0.002358235 0.998874605 0.047370095 -8.015225410 0.999541819 0.003784049 -0.030032396 221.428771973
-0.048029184 0.054154843 -0.997376800 149.473999023 -0.003509081 0.998513818 0.054385565 -7.990398407 0.998839796 0.006111966 -0.047767758 221.381134033
-0.061390281 0.061412569 -0.996222913 148.847534180 -0.005500482 0.998069346 0.061865363 -7.970586300 0.998098850 0.009277624 -0.060933948 221.337921143
-0.073186874 0.062423162 -0.995362818 148.215621948 -0.010872185 0.997929990 0.063383572 -7.938037872 0.997259080 0.015460610 -0.072356701 221.272415161
-0.082749367 0.063237891 -0.994562030 147.580322266 -0.015463244 0.997783065 0.064729266 -7.901589394 0.996450484 0.020735461 -0.081588149 221.204498291
-0.086910844 0.063502379 -0.994190156 146.925079346 -0.014653638 0.997776866 0.065012477 -7.862350464 0.996108353 0.020218788 -0.085787058 221.129760742
-0.089496374 0.063246794 -0.993977070 146.251098633 -0.010370054 0.997868478 0.064428113 -7.817160130 0.995933235 0.016073676 -0.088649750 221.074203491
-0.091465116 0.063284434 -0.993795455 145.565750122 -0.004991788 0.997936904 0.064007595 -7.779203415 0.995795846 0.010815270 -0.090960503 221.013793945
-0.092491269 0.060777634 -0.993856907 144.860733032 -0.003033115 0.998113513 0.061320215 -7.737879276 0.995708942 0.008686065 -0.092132449 220.944961548
-0.092723012 0.056122769 -0.994109094 144.143493652 0.000826904 0.998414218 0.056288689 -7.696740150 0.995691717 0.004397219 -0.092622399 220.884140015
-0.092859149 0.051969469 -0.994322062 143.403671265 0.005796813 0.998648226 0.051654220 -7.660582542 0.995662391 -0.000967333 -0.093034863 220.813720703
-0.092505932 0.049810596 -0.994465530 142.646209717 0.008392210 0.998751462 0.049244627 -7.617497444 0.995676816 -0.003790347 -0.092808485 220.746551514
-0.091354251 0.052005257 -0.994459629 141.878417969 0.008415128 0.998640060 0.051450837 -7.578832150 0.995782971 -0.003668252 -0.091667652 220.666412354
-0.090370059 0.057741240 -0.994233131 141.085571289 0.008711531 0.998325467 0.057187092 -7.539460182 0.995870352 -0.003493301 -0.090721846 220.600753784
-0.088684201 0.060694803 -0.994208932 140.278320312 0.009792674 0.998146653 0.060061682 -7.501027107 0.996011734 -0.004409441 -0.089114189 220.530349731
-0.085939288 0.056161724 -0.994716287 139.462677002 0.006977880 0.998419344 0.055767946 -7.458514214 0.996276021 -0.002148364 -0.086195350 220.452011108
-0.082029939 0.047488052 -0.995497882 138.632385254 0.005220871 0.998870909 0.047218755 -7.415938854 0.996616244 -0.001324016 -0.082185268 220.375015259
-0.078079820 0.041483879 -0.996083677 137.794952393 0.009213421 0.999121249 0.040888179 -7.371730804 0.996904552 -0.005984792 -0.078393459 220.313201904
-0.073598623 0.042438116 -0.996384680 136.929885864 0.014753586 0.999031186 0.041461058 -7.335894108 0.997178912 -0.011648771 -0.074153543 220.250747681
-0.068605900 0.045664001 -0.996598244 136.035140991 0.019699913 0.998819172 0.044409618 -7.311125755 0.997449338 -0.016586140 -0.069424391 220.197967529
-0.064256907 0.048443049 -0.996757090 135.138305664 0.020446628 0.998675287 0.047218177 -7.270919323 0.997724056 -0.017346231 -0.065162301 220.137130737
-0.059977770 0.050561901 -0.996918380 134.224029541 0.021885304 0.998542845 0.049327604 -7.228227139 0.997959852 -0.018859301 -0.060996890 220.089752197
-0.055910826 0.054977518 -0.996921182 133.308334351 0.024842704 0.998250306 0.053657565 -7.193219662 0.998126805 -0.021766178 -0.057178855 220.043121338
-0.053180933 0.056494739 -0.996985555 132.377563477 0.022976231 0.998203278 0.055338152 -7.150840759 0.998320580 -0.019964036 -0.054383516 219.991409302
-0.050270677 0.052232958 -0.997368813 131.421478271 0.030356778 0.998249948 0.050749026 -7.099559307 0.998274148 -0.027725719 -0.051768303 219.946044922
-0.048189044 0.048024260 -0.997683048 130.442337036 0.039161883 0.998166323 0.046155959 -7.057060242 0.998070180 -0.036846932 -0.049981475 219.906890869
-0.047871113 0.039535433 -0.998070896 129.469299316 0.038549915 0.998545051 0.037705228 -7.016213417 0.998109400 -0.036670554 -0.049325585 219.856872559
-0.047820807 0.034279890 -0.998267531 128.478149414 0.041874915 0.998601079 0.032285377 -6.986315727 0.997977793 -0.040258452 -0.049189448 219.809799194
-0.047800303 0.032696411 -0.998321712 127.480453491 0.044305399 0.998549819 0.030582512 -6.953408241 0.997873902 -0.042769186 -0.049179673 219.769805908
-0.047780991 0.040251236 -0.998046637 126.471939087 0.038044032 0.998536050 0.038449649 -6.925960541 0.998133183 -0.036132559 -0.049242377 219.712554932
-0.047205448 0.052499872 -0.997504592 125.432052612 0.035631772 0.998070776 0.050843451 -6.896743774 0.998249471 -0.033142764 -0.048985124 219.643615723
-0.048819542 0.061940119 -0.996885359 124.397796631 0.033708207 0.997608900 0.060334329 -6.850880623 0.998238802 -0.030657718 -0.050790787 219.584167480
-0.050997019 0.062082920 -0.996767402 123.375640869 0.034225512 0.997588336 0.060383003 -6.806165695 0.998112261 -0.031035526 -0.052998900 219.521789551
-0.054324269 0.052063361 -0.997165143 122.338119507 0.038798705 0.997995675 0.049993020 -6.760341644 0.997769296 -0.035972875 -0.056235433 219.480468750
-0.056985974 0.042907543 -0.997452617 121.328628540 0.039843336 0.998377860 0.040671043 -6.721923828 0.997579753 -0.037424166 -0.058603048 219.419952393
-0.059633255 0.039569810 -0.997435927 120.293823242 0.041558437 0.998446107 0.037125263 -6.691730499 0.997355044 -0.039237984 -0.061185002 219.358886719
-0.062411427 0.041767314 -0.997176290 119.267898560 0.042467237 0.998330235 0.039157711 -6.663859367 0.997146726 -0.039903432 -0.064080954 219.292739868
-0.065063834 0.045638382 -0.996836960 118.233184814 0.039647117 0.998283029 0.043116812 -6.633241653 0.997093201 -0.036716364 -0.066761494 219.217895508
-0.066605449 0.052756801 -0.996383727 117.212219238 0.040136568 0.997934580 0.050155904 -6.594574928 0.996971846 -0.036650769 -0.068585277 219.144210815
-0.067784905 0.060656402 -0.995854437 116.186477661 0.039411213 0.997533917 0.058076091 -6.551760674 0.996921241 -0.035311151 -0.070008278 219.068634033
-0.068986416 0.060832698 -0.995761275 115.176544189 0.036391158 0.997628272 0.058425587 -6.506573677 0.996953785 -0.032206342 -0.071036577 218.989166260
-0.069886684 0.054602426 -0.996059477 114.182815552 0.035120551 0.998016536 0.052245542 -6.475926399 0.996936500 -0.031330895 -0.071665645 218.913116455
-0.070817232 0.047323383 -0.996366203 113.188385010 0.037314124 0.998300493 0.044763144 -6.435984612 0.996791244 -0.034008533 -0.072462678 218.844299316
-0.071190834 0.046174947 -0.996393383 112.192642212 0.036684375 0.998373330 0.043645661 -6.401846886 0.996787906 -0.033444900 -0.072768927 218.766174316
-0.070381522 0.050558098 -0.996238053 111.179534912 0.038277820 0.998116076 0.047949176 -6.367321014 0.996785402 -0.034759082 -0.072184205 218.686325073
-0.070271969 0.057490457 -0.995869935 110.181182861 0.037948657 0.997769237 0.054922324 -6.326859474 0.996805906 -0.033932429 -0.072296977 218.610687256
-0.069926023 0.059732877 -0.995762289 109.186813354 0.040036947 0.997569382 0.057029746 -6.293510437 0.996748507 -0.035879415 -0.072147608 218.541442871
-0.068678617 0.056483466 -0.996038735 108.204299927 0.039296184 0.997774303 0.053872362 -6.248956680 0.996864736 -0.035440642 -0.070745349 218.468048096
-0.067408323 0.051139433 -0.996414006 107.233169556 0.039508369 0.998039067 0.048550062 -6.214007378 0.996942937 -0.036094017 -0.069296598 218.400543213
-0.066882253 0.047393721 -0.996634603 106.261383057 0.041769575 0.998128593 0.044661678 -6.181120872 0.996886194 -0.038641930 -0.068736672 218.339141846
-0.065588713 0.039713878 -0.997056127 105.296447754 0.044715714 0.998320878 0.036822751 -6.157311440 0.996844351 -0.042168923 -0.067254424 218.272888184
-0.065037966 0.038447261 -0.997141898 104.322769165 0.046281360 0.998298407 0.035473183 -6.129044533 0.996809006 -0.043841977 -0.066706657 218.215270996
-0.063243508 0.044110749 -0.997022808 103.338806152 0.049092937 0.997950792 0.041037723 -6.099962234 0.996789932 -0.046351414 -0.065279365 218.149597168
-0.062042713 0.051591698 -0.996739209 102.364318848 0.053309638 0.997408867 0.048308071 -6.071922302 0.996648788 -0.050138645 -0.064632297 218.091125488
-0.060492873 0.051549859 -0.996836662 101.404113770 0.052060127 0.997469246 0.048423324 -6.038553238 0.996810138 -0.048966181 -0.063023448 218.029632568
-0.059593201 0.050420079 -0.996948600 100.444076538 0.052201774 0.997514427 0.047328304 -6.002028465 0.996856928 -0.049222037 -0.062077165 217.963470459
-0.059848070 0.049037833 -0.997002244 99.489471436 0.057198916 0.997319937 0.045619924 -5.968135834 0.996567369 -0.054297183 -0.062492609 217.917114258
-0.060106754 0.047321029 -0.997069716 98.541168213 0.059544869 0.997266829 0.043740824 -5.937357903 0.996414423 -0.056741267 -0.062760234 217.856933594
-0.060778022 0.045865819 -0.997096956 97.591506958 0.059963651 0.997307301 0.042220410 -5.910544395 0.996348560 -0.057223499 -0.063364625 217.794982910
-0.061319828 0.050037969 -0.996863127 96.632736206 0.064328261 0.996864319 0.046081018 -5.879521370 0.996043026 -0.061300788 -0.064346313 217.732452393
-0.062808514 0.055958036 -0.996455729 95.694641113 0.067161955 0.996400595 0.051721610 -5.846898079 0.995763302 -0.063675359 -0.066340685 217.670501709
-0.065088749 0.057183497 -0.996239722 94.762710571 0.066042207 0.996414721 0.052878719 -5.818609238 0.995691717 -0.062352061 -0.068631887 217.602508545
-0.068140507 0.055706620 -0.996119320 93.814498901 0.066416465 0.996478379 0.051183414 -5.775344849 0.995462596 -0.062671058 -0.071600437 217.549453735
-0.071538687 0.056793444 -0.995819628 92.894882202 0.065705843 0.996477425 0.052110717 -5.735544205 0.995271325 -0.061703235 -0.075018406 217.481048584
-0.074825287 0.060874924 -0.995336890 91.964782715 0.063747250 0.996385396 0.056146804 -5.700448036 0.995157063 -0.059248794 -0.078435421 217.410400391
-0.077749133 0.061573491 -0.995069802 91.069137573 0.060736999 0.996529639 0.056918189 -5.664332390 0.995121241 -0.056012221 -0.081219077 217.324737549
-0.080681443 0.059793450 -0.994944930 90.186401367 0.059280448 0.996719897 0.055093002 -5.634897232 0.994975626 -0.054535799 -0.083961368 217.239837646
-0.083936572 0.057355575 -0.994819164 89.299102783 0.059937276 0.996825099 0.052414104 -5.586650848 0.994666994 -0.055227287 -0.087107897 217.179351807
-0.085858226 0.056069218 -0.994728565 88.438583374 0.059473664 0.996923149 0.051059578 -5.554200172 0.994530857 -0.054776270 -0.088928699 217.097534180
-0.087577224 0.055966862 -0.994584322 87.587188721 0.057293452 0.997050762 0.051060729 -5.527708054 0.994508803 -0.052511413 -0.090525508 217.026123047
-0.088221431 0.054610953 -0.994602799 86.773864746 0.055740103 0.997202098 0.049809527 -5.497757912 0.994540155 -0.051044997 -0.091018558 216.947082520
-0.088801622 0.056119580 -0.994467080 85.951782227 0.055359963 0.997146308 0.051327366 -5.475720406 0.994509697 -0.050495710 -0.091655016 216.879974365
-0.088500142 0.058355730 -0.994365394 85.166885376 0.052577291 0.997164369 0.053840533 -5.447096825 0.994687676 -0.047516137 -0.091317415 216.806503296
-0.087253809 0.059384197 -0.994414568 84.402450562 0.049588613 0.997243047 0.055202011 -5.421188354 0.994951129 -0.044495054 -0.089958072 216.739456177
-0.084530950 0.060203679 -0.994600594 83.666366577 0.048262767 0.997248828 0.056262154 -5.392992973 0.995251477 -0.043246288 -0.087203979 216.673309326
-0.079969645 0.061781619 -0.994880855 82.951248169 0.049510475 0.997091651 0.057939202 -5.368203163 0.995566964 -0.044623643 -0.082795978 216.619964600
-0.074586391 0.062751606 -0.995238185 82.229125977 0.048487987 0.997065902 0.059232995 -5.333086967 0.996035039 -0.043839119 -0.077410340 216.586944580
-0.066832185 0.063067675 -0.995769083 81.551086426 0.046896189 0.997095883 0.060004227 -5.306035042 0.996661603 -0.042687565 -0.069595695 216.543945312
-0.055899143 0.062521137 -0.996477127 80.892684937 0.044800211 0.997189343 0.060052689 -5.281416893 0.997430921 -0.041285492 -0.058542967 216.503112793
-0.042069912 0.060159609 -0.997301877 80.250274658 0.044206142 0.997320116 0.058295935 -5.256390572 0.998136282 -0.041634362 -0.044616580 216.484008789
-0.026598334 0.056733314 -0.998035192 79.634460449 0.045253802 0.997433007 0.055493057 -5.219537735 0.998621523 -0.043688864 -0.029097438 216.500671387
-0.006004214 0.055664163 -0.998431623 79.029342651 0.047522310 0.997337282 0.055317380 -5.194499969 0.998852253 -0.047115643 -0.008633494 216.505096436
0.016440749 0.055385042 -0.998329818 78.432434082 0.047008019 0.997317731 0.056103043 -5.166194916 0.998759329 -0.047851883 0.013793111 216.527557373
0.042476237 0.054952588 -0.997585177 77.840469360 0.044999119 0.997367740 0.056856643 -5.127583504 0.998083711 -0.047305513 0.039891660 216.554077148
0.071826994 0.058012288 -0.995728612 77.252578735 0.041221682 0.997281551 0.061076298 -5.126436234 0.996564925 -0.045432538 0.069240391 216.586273193
0.102407694 0.058853328 -0.992999971 76.672302246 0.038262039 0.997276485 0.063052736 -5.108326912 0.994006336 -0.044451289 0.099876940 216.663970947
0.136385024 0.056573451 -0.989039361 76.099975586 0.037605189 0.997352839 0.062234625 -5.075386047 0.989942074 -0.045680888 0.133896530 216.765792847
0.170728385 0.052329149 -0.983927667 75.564468384 0.032755960 0.997735322 0.058747228 -5.035904884 0.984773576 -0.042259313 0.168627620 216.916748047
0.210259736 0.048259079 -0.976453841 75.000198364 0.024826281 0.998195291 0.054679453 -5.002810478 0.977330387 -0.035738610 0.208682179 217.044784546
0.251920581 0.044925559 -0.966704607 74.445831299 0.018223163 0.998524547 0.051153235 -4.969043732 0.967576385 -0.030502971 0.250730157 217.197708130
0.296777248 0.043714982 -0.953945696 73.899642944 0.010566879 0.998740196 0.049055122 -4.949494362 0.954888344 -0.024638677 0.295941412 217.374923706
0.344235957 0.042847797 -0.937905014 73.365753174 0.001082049 0.998939335 0.046033267 -4.924739838 0.938882589 -0.016861167 0.343824506 217.587081909
0.394682646 0.043151241 -0.917803705 72.843765259 -0.011249758 0.999048650 0.042133309 -4.903714180 0.918748617 -0.006304215 0.394792616 217.816207886
0.447501183 0.045252416 -0.893137753 72.336235046 -0.012387250 0.998936772 0.044406358 -4.898248672 0.894197583 -0.008808382 0.447585940 218.081512451
0.498422205 0.046689715 -0.865676284 71.902015686 -0.014496483 0.998857975 0.045526288 -4.877023220 0.866813242 -0.010142056 0.498529851 218.388488770
0.551561475 0.051031921 -0.832571805 71.435112000 -0.018247822 0.998626113 0.049121313 -4.855371475 0.833934724 -0.011900804 0.551734924 218.724243164
0.602203488 0.051658649 -0.796669602 70.988227844 -0.018523142 0.998539746 0.050746907 -4.833632946 0.798127770 -0.015803147 0.602280974 219.098815918
0.649905920 0.049822453 -0.758379936 70.570930481 -0.017859539 0.998574615 0.050297242 -4.818711281 0.759804904 -0.019144161 0.649869323 219.495483398
0.692849278 0.045764718 -0.719628692 70.185577393 -0.018220054 0.998776436 0.045975059 -4.811427116 0.720852196 -0.018742114 0.692835391 219.922698975
0.733755946 0.042475604 -0.678084135 69.806549072 -0.023760419 0.999037564 0.036869138 -4.789380550 0.678997576 -0.010941387 0.734058976 220.345977783
0.770667195 0.041073743 -0.635912716 69.454040527 -0.033258341 0.999153078 0.024229489 -4.770450592 0.636369348 0.002476532 0.771380544 220.801101685
0.804814696 0.034522116 -0.592521310 69.125587463 -0.032339387 0.999374628 0.014300432 -4.755618572 0.592644453 0.007652577 0.805427849 221.290267944
0.836340785 0.025360933 -0.547623038 68.837135315 -0.023915704 0.999666214 0.009770934 -4.747590542 0.547688067 0.004924959 0.836668134 221.815155029
0.865328789 0.020079713 -0.500802338 68.570571899 -0.018021377 0.999797583 0.008948107 -4.745685577 0.500880599 0.001282092 0.865515471 222.365722656
0.892157674 0.020400733 -0.451263219 68.275810242 -0.017958097 0.999791741 0.009695073 -4.740118027 0.451367050 -0.000545706 0.892338216 222.937744141
0.914254487 0.020918606 -0.404599935 68.048728943 -0.019117042 0.999781191 0.008492799 -4.741808414 0.404689074 -0.000029826 0.914454341 223.520935059
0.933282673 0.018175457 -0.358682483 67.847869873 -0.016148185 0.999832213 0.008647161 -4.741466522 0.358779460 -0.002278174 0.933419585 224.123306274
0.949272156 0.016803641 -0.314006448 67.670593262 -0.014882080 0.999853015 0.008515832 -4.744698524 0.314103395 -0.003410773 0.949382663 224.750976562
0.962843418 0.020542230 -0.269277900 67.510444641 -0.019474046 0.999788344 0.006637847 -4.748052120 0.269357264 -0.001147278 0.963039637 225.386062622
0.973793983 0.019951465 -0.226555184 67.335731506 -0.020096632 0.999796629 0.001665952 -4.743280888 0.226542354 0.002930702 0.973996878 226.083526611
0.981859326 0.008992121 -0.189397529 67.236419678 -0.010664284 0.999912620 -0.007811574 -4.750360012 0.189310744 0.009689655 0.981869400 226.753234863
0.987275600 0.003336145 -0.158983558 67.145164490 -0.006031793 0.999846041 -0.016475985 -4.760803223 0.158904120 0.017225293 0.987143755 227.444198608
0.991301954 0.001655277 -0.131596521 67.065475464 -0.004262415 0.999800146 -0.019532388 -4.768184662 0.131537884 0.019923413 0.991110921 228.136978149
0.994053364 0.002345798 -0.108868778 66.992942810 -0.004009271 0.999878526 -0.015063239 -4.775064945 0.108820215 0.015410148 0.993942022 228.848205566
0.995846868 0.002789118 -0.091001227 66.945892334 -0.003219058 0.999984324 -0.004578122 -4.792956829 0.090987034 0.004852047 0.995840251 229.591369629
0.997155249 0.005900623 -0.075143591 66.889984131 -0.005514355 0.999970496 0.005346847 -4.807781219 0.075172924 -0.004917269 0.997158408 230.334213257
0.998101652 0.002665373 -0.061530050 66.833244324 -0.002114685 0.999957144 0.009013293 -4.809591293 0.061551437 -0.008866067 0.998064518 231.067871094
0.998517096 -0.006818252 -0.054010168 66.811347961 0.007285972 0.999937594 0.008467681 -4.807892799 0.053949062 -0.008848641 0.998504460 231.842758179
0.998692274 -0.012579138 -0.049553216 66.790405273 0.012836289 0.999905705 0.004874558 -4.813259602 0.049487229 -0.005504263 0.998759568 232.601455688
0.998835862 -0.015300779 -0.045746628 66.753616333 0.015360768 0.999881566 0.000960082 -4.815564632 0.045726523 -0.001661668 0.998952627 233.367279053
0.998846292 -0.017015751 -0.044906195 66.727104187 0.016921509 0.999853730 -0.002477956 -4.819066048 0.044941790 0.001715217 0.998988152 234.151840210
0.998824656 -0.018444110 -0.044822805 66.688888550 0.018409191 0.999829829 -0.001191753 -4.825885296 0.044837158 0.000365201 0.998994231 234.929443359
0.998848140 -0.019325238 -0.043919880 66.658752441 0.019437538 0.999808788 0.002131310 -4.828560829 0.043870293 -0.002982549 0.999032795 235.738647461
0.998719335 -0.024652660 -0.044180892 66.631568909 0.024848299 0.999683678 0.003884335 -4.834307194 0.044071160 -0.004977181 0.999015987 236.558486938
0.998591065 -0.027046600 -0.045654457 66.603813171 0.026988279 0.999633968 -0.001893468 -4.844651222 0.045688957 0.000658665 0.998955488 237.379806519
0.998514235 -0.029726796 -0.045668356 66.562255859 0.029321797 0.999524772 -0.009512875 -4.857717991 0.045929439 0.008159663 0.998911381 238.144760132
0.998121560 -0.039742723 -0.046625026 66.528938293 0.039034698 0.999109745 -0.015999390 -4.864999294 0.047219377 0.014149342 0.998784304 238.963241577
0.997617781 -0.049061038 -0.048494540 66.505599976 0.048203524 0.998662531 -0.018697444 -4.887608051 0.049346995 0.016315296 0.998648405 239.790847778
0.997054040 -0.058140207 -0.050029818 66.471405029 0.057264742 0.998182774 -0.018759070 -4.904532433 0.051029559 0.015838861 0.998571515 240.650497437
0.996670723 -0.062641725 -0.052186839 66.434104919 0.061970439 0.997974336 -0.014385067 -4.916646481 0.052982230 0.011103134 0.998533726 241.499649048
0.996496916 -0.062992677 -0.055007357 66.385467529 0.062715597 0.998008609 -0.006750663 -4.932187557 0.055323057 0.003277196 0.998463154 242.358032227
0.996481240 -0.060255766 -0.058261745 66.343246460 0.060473643 0.998167813 0.001982160 -4.948750496 0.058035564 -0.005498485 0.998299360 243.238754272
0.996830463 -0.052608062 -0.059677918 66.271186829 0.053050086 0.998574734 0.005845650 -4.952502728 0.059285335 -0.008993040 0.998200595 244.112701416
0.997071564 -0.046371326 -0.060811441 66.210845947 0.047036164 0.998847544 0.009546502 -4.951512337 0.060298678 -0.012378884 0.998103619 244.994018555
0.997285366 -0.039620120 -0.062066063 66.137748718 0.040353380 0.999129176 0.010605064 -4.952809811 0.061591841 -0.013080850 0.998015702 245.913070679
0.997357368 -0.037547134 -0.062196851 66.075027466 0.037932049 0.999267697 0.005019120 -4.957635403 0.061962850 -0.007365111 0.998051286 246.804748535
0.997369111 -0.036200177 -0.062804587 66.010978699 0.035974562 0.999341547 -0.004719778 -4.961277485 0.062934086 0.002447994 0.998014688 247.712768555
0.997447491 -0.034247231 -0.062655315 65.960281372 0.033674259 0.999381006 -0.010178339 -4.975241184 0.062965117 0.008042486 0.997983336 248.614028931
0.997501016 -0.033227891 -0.062350668 65.899925232 0.032641854 0.999413073 -0.010394513 -4.985881805 0.062659457 0.008333296 0.998000145 249.539764404
0.997659624 -0.028955396 -0.061942380 65.843353271 0.028740402 0.999577403 -0.004359221 -5.004519939 0.062042426 0.002568770 0.998070180 250.485076904
0.997858822 -0.025625436 -0.060176082 65.777114868 0.025678080 0.999670267 0.000101568 -5.008643150 0.060153637 -0.001646557 0.998187780 251.437942505
0.998037219 -0.021649426 -0.058762394 65.708091736 0.022003053 0.999743462 0.005377511 -5.017791748 0.058630899 -0.006659908 0.998257518 252.416061401
0.998206973 -0.017487895 -0.057245258 65.657341003 0.018091261 0.999785960 0.010038755 -5.023626804 0.057057448 -0.011056394 0.998309672 253.354309082
0.998292267 -0.016793909 -0.055950943 65.588844299 0.017417511 0.999791324 0.010676567 -5.015973091 0.055759966 -0.011632860 0.998376429 254.359878540
0.998313308 -0.017923197 -0.055220541 65.536247253 0.018154467 0.999828398 0.003689309 -5.021679878 0.055144940 -0.004685585 0.998467386 255.342620850
0.998296082 -0.018942654 -0.055191826 65.475509644 0.018568249 0.999801040 -0.007288660 -5.023046494 0.055318911 0.006251425 0.998449147 256.338409424
0.998200238 -0.021428009 -0.056009833 65.419517517 0.020914555 0.999733865 -0.009737440 -5.029970646 0.056203578 0.008548495 0.998382747 257.342681885
0.998106182 -0.019847203 -0.058224913 65.367851257 0.019903993 0.999801815 0.000395519 -5.044991970 0.058205523 -0.001553678 0.998303413 258.368347168
0.998050869 -0.019434977 -0.059302542 65.304756165 0.020083247 0.999744713 0.010355148 -5.055258751 0.059086148 -0.011525952 0.998186350 259.410491943
0.997979581 -0.019675009 -0.060412366 65.235145569 0.020410854 0.999724507 0.011587483 -5.054382801 0.060167741 -0.012797140 0.998106241 260.461151123
0.997888863 -0.020204274 -0.061721656 65.173004150 0.020606594 0.999770343 0.005888661 -5.048573971 0.061588503 -0.007148103 0.998076022 261.492614746
0.997764587 -0.023125987 -0.062698089 65.108306885 0.023221765 0.999729991 0.000799246 -5.053119183 0.062662676 -0.002253419 0.998032212 262.540466309
0.997735739 -0.021451283 -0.063743643 65.036743164 0.021440841 0.999769747 -0.000847939 -5.059909821 0.063747160 -0.000520698 0.997965932 263.572723389
0.997697413 -0.021462917 -0.064336739 64.963783264 0.021586284 0.999766231 0.001222912 -5.073709011 0.064295456 -0.002608888 0.997927487 264.637969971
0.997681737 -0.021279531 -0.064640000 64.881156921 0.021550432 0.999761641 0.003496500 -5.078514099 0.064550184 -0.004881414 0.997902513 265.708221436
0.997690797 -0.017932691 -0.065509722 64.816322327 0.018342411 0.999815762 0.005658211 -5.085493088 0.065396182 -0.006846751 0.997835875 266.748413086
0.997679889 -0.016820885 -0.065968774 64.737358093 0.017459353 0.999806046 0.009113763 -5.091601849 0.065802678 -0.010244390 0.997780085 267.816436768
0.997636676 -0.016966293 -0.066582464 64.666107178 0.017778922 0.999774277 0.011631333 -5.094838619 0.066370092 -0.012787609 0.997713149 268.873809814
0.997656882 -0.016832460 -0.066312946 64.599838257 0.017595574 0.999785304 0.010940558 -5.105477333 0.066114552 -0.012081738 0.997738898 269.910980225
0.997582853 -0.020524533 -0.066386461 64.530792236 0.020995505 0.999759078 0.006404445 -5.109160900 0.066239014 -0.007782781 0.997773409 270.974090576
0.997534215 -0.021032948 -0.066956207 64.456687927 0.021154709 0.999775589 0.001109946 -5.107356071 0.066917837 -0.002523648 0.997755289 272.029632568
0.997474790 -0.020839727 -0.067895517 64.385742188 0.021002095 0.999778032 0.001678436 -5.130376816 0.067845464 -0.003100145 0.997691035 273.076904297
0.997315049 -0.023313921 -0.069420487 64.319206238 0.023371924 0.999726832 0.000023302 -5.144405842 0.069400981 -0.001645730 0.997587502 274.133331299
0.997242093 -0.023661144 -0.070344359 64.230369568 0.023364885 0.999714315 -0.005031509 -5.152126312 0.070443310 0.003374045 0.997510076 275.185729980
0.997181058 -0.022034390 -0.071725003 64.155052185 0.021658659 0.999747336 -0.006012118 -5.171138763 0.071839355 0.004441703 0.997406304 276.244659424
0.997145534 -0.020865304 -0.072562903 64.084831238 0.021043682 0.999777138 0.001694549 -5.183053017 0.072511375 -0.003216703 0.997362375 277.266174316
0.997141123 -0.020355325 -0.072768494 63.999862671 0.021183446 0.999719143 0.010626548 -5.193506241 0.072531745 -0.012137655 0.997292221 278.317962646
0.997182965 -0.018808220 -0.072611451 63.916534424 0.019641673 0.999748945 0.010781275 -5.198333740 0.072390445 -0.012177114 0.997302055 279.361419678
0.997258008 -0.017304514 -0.071951173 63.851245880 0.017672801 0.999833763 0.004485077 -5.202976227 0.071861602 -0.005744358 0.997398078 280.377166748
0.997390270 -0.014382738 -0.070751540 63.766845703 0.014464747 0.999895155 0.000646889 -5.209235191 0.070734821 -0.001668604 0.997493744 281.418701172
0.997511387 -0.012193634 -0.069442704 63.683662415 0.012156946 0.999925673 -0.000950927 -5.219982147 0.069449134 0.000104350 0.997585475 282.459838867
0.997620881 -0.009083921 -0.068338111 63.611061096 0.009257833 0.999954641 0.002228581 -5.235124111 0.068314768 -0.002855942 0.997659743 283.490997314
0.997673869 -0.007284731 -0.067777112 63.538417816 0.007550044 0.999964774 0.003659159 -5.244540215 0.067748070 -0.004162367 0.997693777 284.537170410
0.997728407 -0.004077838 -0.067241088 63.466262817 0.004504397 0.999970675 0.006193328 -5.251872063 0.067213863 -0.006482140 0.997717559 285.565063477
0.997768581 -0.003684654 -0.066665687 63.390155792 0.003961248 0.999984086 0.004017265 -5.266731739 0.066649824 -0.004272380 0.997767270 286.583648682
0.997740448 -0.003287000 -0.067105979 63.319194794 0.003332892 0.999994278 0.000571930 -5.274806023 0.067103714 -0.000794294 0.997745693 287.608886719
0.997746050 -0.001628718 -0.067083515 63.245121002 0.001515430 0.999997318 -0.001739617 -5.289340019 0.067086168 0.001634035 0.997745872 288.625366211
0.997758925 0.000731844 -0.066907510 63.164279938 -0.000674468 0.999999404 0.000880123 -5.303369999 0.066908114 -0.000833024 0.997758806 289.655822754
0.997807145 0.001718579 -0.066165738 63.105861664 -0.001443082 0.999990106 0.004211315 -5.313182831 0.066172317 -0.004106598 0.997799754 290.642486572
0.997820675 0.004152143 -0.065852888 63.031837463 -0.003597694 0.999957085 0.008535865 -5.320551872 0.065885507 -0.008280343 0.997792840 291.666992188
0.997776568 0.005619091 -0.066410236 62.955738068 -0.005068028 0.999951363 0.008463424 -5.329204559 0.066454560 -0.008108037 0.997756481 292.691772461
0.997788846 0.002334267 -0.066422865 62.876056671 -0.001823863 0.999968350 0.007743759 -5.334099770 0.066438839 -0.007605490 0.997761488 293.709655762
0.997669280 -0.004660185 -0.068075486 62.824848175 0.005065535 0.999970436 0.005783005 -5.342024326 0.068046518 -0.006114366 0.997663438 294.714172363
0.997544169 -0.004523585 -0.069894120 62.749557495 0.004863930 0.999977112 0.004700018 -5.346909046 0.069871254 -0.005028436 0.997543335 295.718658447
0.997364163 -0.001525787 -0.072542362 62.663204193 0.001619352 0.999997914 0.001230996 -5.359611988 0.072540335 -0.001345222 0.997364581 296.709991455
0.997201622 -0.006171396 -0.074503861 62.596065521 0.006441188 0.999973536 0.003381450 -5.363795280 0.074481018 -0.003851881 0.997214973 297.719085693
0.996953964 -0.001660100 -0.077974819 62.524574280 0.002669098 0.999914050 0.012837613 -5.370515823 0.077946804 -0.013006631 0.996872663 298.713165283
0.996732950 0.002995015 -0.080712534 62.428916931 -0.001406353 0.999804318 0.019732626 -5.374144554 0.080755837 -0.019554647 0.996542096 299.717834473
0.996483028 0.003940662 -0.083701842 62.338474274 -0.002304034 0.999804437 0.019640671 -5.367757320 0.083762869 -0.019378744 0.996297240 300.722167969
0.996216297 0.001178118 -0.086900376 62.256580353 0.000158243 0.999881864 0.015369594 -5.366858482 0.086908214 -0.015325191 0.996098459 301.713012695
0.995919943 -0.004001250 -0.090152562 62.170227051 0.004643681 0.999965310 0.006917420 -5.372164726 0.090121754 -0.007307836 0.995903969 302.707000732
0.995596349 -0.006928195 -0.093487173 62.077060699 0.006955079 0.999975801 -0.000038243 -5.375788212 0.093485177 -0.000612136 0.995620489 303.698089600
0.995217979 -0.010208824 -0.097143926 61.983757019 0.010345175 0.999946058 0.000900011 -5.382281303 0.097129494 -0.001900677 0.995269954 304.683990479
0.994772017 -0.011351778 -0.101487525 61.884189606 0.011816693 0.999922276 0.003980989 -5.399667263 0.101434447 -0.005159424 0.994828820 305.672760010
0.994210899 -0.010542055 -0.106927596 61.774509430 0.010575380 0.999944031 -0.000255369 -5.413662434 0.106924303 -0.000876910 0.994266748 306.657409668
0.993673801 -0.012009836 -0.111660920 61.660236359 0.011467501 0.999919116 -0.005497983 -5.424884796 0.111717917 0.004182730 0.993731141 307.634735107
0.993151724 -0.008614096 -0.116513960 61.539855957 0.008099864 0.999955237 -0.004886252 -5.434983253 0.116550840 0.003909042 0.993177056 308.632781982
0.992628992 -0.007116811 -0.120983854 61.412769318 0.007558988 0.999966323 0.003196289 -5.450752258 0.120957032 -0.004087244 0.992649317 309.629699707
0.991949618 -0.004188414 -0.126563996 61.284645081 0.004928402 0.999972522 0.005534175 -5.458802700 0.126537338 -0.006113381 0.991943002 310.628723145
0.991299987 -0.003404514 -0.131577745 61.141857147 0.004484681 0.999958634 0.007913887 -5.464774609 0.131545365 -0.008435120 0.991274238 311.618286133
0.990782797 -0.000542716 -0.135458842 61.006736755 0.001429654 0.999978185 0.006450460 -5.468018055 0.135452390 -0.006584664 0.990761995 312.584716797
0.990370870 0.009652388 -0.138102710 60.850772858 -0.008659150 0.999932170 0.007791036 -5.468679428 0.138168544 -0.006520163 0.990387261 313.552185059
0.990032852 0.021495756 -0.139186442 60.689590454 -0.020704748 0.999760211 0.007128711 -5.479602814 0.139306292 -0.004175839 0.990240514 314.524353027
0.989722311 0.030923232 -0.139619231 60.526870728 -0.030005129 0.999512076 0.008676444 -5.486176014 0.139819413 -0.004397978 0.990167260 315.499053955
0.989774466 0.035642702 -0.138116211 60.368698120 -0.035426877 0.999364197 0.004021400 -5.489251137 0.138171718 0.000912747 0.990407884 316.459350586
0.989832759 0.037463106 -0.137213811 60.251823425 -0.037646808 0.999290287 0.001256971 -5.497794151 0.137163520 0.003921471 0.990540683 317.431030273
0.990195274 0.037804447 -0.134477124 60.107536316 -0.038283944 0.999266446 -0.000980569 -5.505660057 0.134341404 0.006119270 0.990916193 318.403686523
0.990629435 0.040588461 -0.130406648 59.970462799 -0.040513214 0.999173760 0.003230993 -5.515245438 0.130430043 0.002082475 0.991455317 319.391723633
0.991383672 0.038955484 -0.125063613 59.842395782 -0.038540661 0.999240577 0.005735604 -5.521770477 0.125192076 -0.000866150 0.992132127 320.378356934
0.992079854 0.040829144 -0.118787698 59.725437164 -0.039893020 0.999151409 0.010248829 -5.529732704 0.119105347 -0.005428857 0.992866755 321.357604980
0.992718339 0.043757163 -0.112230122 59.606105804 -0.042351708 0.998991966 0.014877809 -5.529676437 0.112768002 -0.010016337 0.993570864 322.350280762
0.993026316 0.051227838 -0.106180981 59.487861633 -0.049650703 0.998614252 0.017445626 -5.531074047 0.106927544 -0.012052006 0.994193792 323.332366943
0.993416369 0.055403709 -0.100271426 59.378669739 -0.054515898 0.998445809 0.011574735 -5.527956009 0.100756869 -0.006032145 0.994892776 324.312957764
0.993839800 0.057937812 -0.094475612 59.273193359 -0.057866275 0.998318195 0.003498970 -5.528614044 0.094519451 0.001989536 0.995521009 325.295623779
0.994285882 0.058510214 -0.089287095 59.177246094 -0.058867399 0.998264849 -0.001370072 -5.534300804 0.089052007 0.006618342 0.996004999 326.291748047
0.995024800 0.053579606 -0.083993137 59.090507507 -0.053705316 0.998556554 0.000763719 -5.540812969 0.083912812 0.003750958 0.996466041 327.298126221
0.995625675 0.048113074 -0.080091670 59.014820099 -0.047808278 0.998840153 0.005719971 -5.554950237 0.080273986 -0.001865905 0.996771097 328.315032959
0.996263087 0.040628970 -0.076217748 58.941982269 -0.040317602 0.999171138 0.005620154 -5.562199593 0.076382913 -0.002526236 0.997075379 329.318511963
0.996504784 0.038533844 -0.074117146 58.867542267 -0.038491216 0.999256909 0.002003969 -5.570707798 0.074139297 0.000855894 0.997247517 330.326904297
0.996703446 0.040505148 -0.070296533 58.792331696 -0.040478997 0.999178767 0.001797093 -5.572309017 0.070311598 0.001054364 0.997524500 331.332305908
0.996934175 0.041818943 -0.066132277 58.714038849 -0.041645229 0.999124467 0.004003723 -5.579552650 0.066241808 -0.001237354 0.997802854 332.343414307
0.996975720 0.045686003 -0.062866323 58.641273499 -0.045666281 0.998955190 0.001751315 -5.591157913 0.062880650 0.001124853 0.998020411 333.355712891
0.996935487 0.049924493 -0.060226209 58.565483093 -0.050115354 0.998742044 -0.001661796 -5.597712994 0.060067486 0.004674961 0.998183370 334.365417480
0.997076869 0.048919130 -0.058691215 58.504116058 -0.048847191 0.998802722 0.002660665 -5.608447075 0.058751103 0.000214013 0.998272657 335.369323730
0.997211993 0.047202364 -0.057794198 58.451782227 -0.046639230 0.998850644 0.011054944 -5.619928837 0.058249589 -0.008328645 0.998267293 336.399688721
0.997223258 0.048545707 -0.056471698 58.378562927 -0.047875583 0.998766601 0.013160292 -5.621145248 0.057040922 -0.010420134 0.998317480 337.411651611
0.997097433 0.050924983 -0.056597773 58.317333221 -0.050593231 0.998692811 0.007280011 -5.629313946 0.056894526 -0.004395416 0.998370528 338.410583496
0.997101128 0.051463388 -0.056043305 58.248851776 -0.051579997 0.998668671 -0.000635256 -5.633363247 0.055936001 0.003524127 0.998428166 339.403930664
0.997191310 0.049451433 -0.056249395 58.203491211 -0.049632557 0.998765886 -0.001826737 -5.642503262 0.056089643 0.004613407 0.998415053 340.407287598
0.997348547 0.047057137 -0.055510823 58.145095825 -0.046902288 0.998891115 0.004089782 -5.655408382 0.055641718 -0.001475353 0.998449683 341.413085938
0.997557402 0.043204624 -0.054886773 58.086582184 -0.042839717 0.999051452 0.007808181 -5.669323444 0.055172060 -0.005437776 0.998462081 342.421508789
0.997687459 0.039696567 -0.055171974 58.033683777 -0.039439581 0.999205470 0.005739342 -5.672889709 0.055355970 -0.003550110 0.998460352 343.412567139
0.997731745 0.038639612 -0.055120833 57.982463837 -0.038371406 0.999246061 0.005916273 -5.679254532 0.055307876 -0.003787790 0.998462141 344.404663086
0.997781873 0.038168803 -0.054538429 57.922790527 -0.037668247 0.999238491 0.010177068 -5.684942245 0.054885343 -0.008100128 0.998459816 345.385040283
0.997882366 0.037473802 -0.053164780 57.860260010 -0.036837075 0.999237955 0.012906643 -5.689108372 0.053607926 -0.010920877 0.998502314 346.349639893
0.998005629 0.035267793 -0.052353870 57.800079346 -0.034807902 0.999347210 0.009670545 -5.703047752 0.052660752 -0.007828930 0.998581767 347.311126709
0.998146176 0.031236749 -0.052235138 57.772106171 -0.030937741 0.999500036 0.006523299 -5.704084396 0.052412786 -0.004895168 0.998613536 348.236114502
0.998319209 0.026387824 -0.051599085 57.731781006 -0.026164414 0.999645174 0.005000533 -5.709198952 0.051712729 -0.003642068 0.998655379 349.162628174
0.998461664 0.024183599 -0.049894180 57.680114746 -0.023971599 0.999700904 0.004843121 -5.716884136 0.049996383 -0.003639628 0.998742759 350.084716797
0.998614132 0.023357382 -0.047161702 57.638988495 -0.023204183 0.999723554 0.003793335 -5.728798389 0.047237266 -0.002693729 0.998880088 350.989562988
0.998606026 0.029467192 -0.043791130 57.584667206 -0.029315619 0.999561787 0.004099586 -5.740527153 0.043892745 -0.002810108 0.999032319 351.879638672
0.998681426 0.033189859 -0.039163541 57.544902802 -0.032983761 0.999438465 0.005897155 -5.748108864 0.039337274 -0.004597618 0.999215424 352.756195068
0.998718143 0.037502054 -0.033994697 57.505077362 -0.037354834 0.999289751 0.004955736 -5.753688335 0.034156404 -0.003679517 0.999409735 353.619934082
0.998799801 0.040094081 -0.028131235 57.476604462 -0.040100735 0.999195576 0.000327879 -5.766390800 0.028121753 0.000800598 0.999604166 354.463470459
0.998920500 0.040736753 -0.022322705 57.445747375 -0.040803734 0.999163926 -0.002553214 -5.778982639 0.022200031 0.003461307 0.999747574 355.303070068
0.999084413 0.039287582 -0.016935153 57.436969757 -0.039290756 0.999227822 0.000145363 -5.790257454 0.016927786 0.000520165 0.999856591 356.117156982
0.999270678 0.036458671 -0.011351434 57.429016113 -0.036373459 0.999309182 0.007624916 -5.804131985 0.011621587 -0.007206464 0.999906480 356.926849365
0.999473631 0.031810973 -0.006362014 57.432483673 -0.031710245 0.999379218 0.015352335 -5.810220242 0.006846437 -0.015142513 0.999861896 357.709075928
0.999604881 0.028021997 -0.002189056 57.428432465 -0.027980819 0.999463916 0.016998677 -5.817583084 0.002664220 -0.016930709 0.999853134 358.491699219
0.999573231 0.029208614 -0.000512275 57.423660278 -0.029199710 0.999492228 0.012755171 -5.822251320 0.000884576 -0.012734769 0.999918520 359.232635498
0.999591589 0.028572313 0.000579268 57.422889709 -0.028575985 0.999560714 0.007857237 -5.829135418 -0.000354514 -0.007870581 0.999968946 359.946075439
0.999688566 0.024948703 0.000618782 57.427211761 -0.024951324 0.999677777 0.004665421 -5.831077099 -0.000502186 -0.004679407 0.999988914 360.642211914
0.999804854 0.019737300 0.000811619 57.434856415 -0.019738143 0.999804616 0.001046685 -5.842033386 -0.000790801 -0.001062501 0.999999106 361.322662354
0.999812782 0.019337388 0.000706417 57.430835724 -0.019334083 0.999803305 -0.004418408 -5.857467175 -0.000791718 0.004403923 0.999989986 362.002105713
0.999791563 0.020410253 -0.000469977 57.425792694 -0.020413771 0.999747396 -0.009403824 -5.867804527 0.000277924 0.009411458 0.999955654 362.675140381
0.999777615 0.020955998 -0.002357321 57.417434692 -0.020980561 0.999720156 -0.010928819 -5.879333496 0.002127637 0.010975847 0.999937475 363.349243164
0.999854565 0.016228244 -0.005243560 57.415454865 -0.016264111 0.999844134 -0.006871538 -5.885868073 0.005131229 0.006955820 0.999962628 364.021118164
0.999892712 0.010992277 -0.009683255 57.413013458 -0.010979351 0.999938786 0.001387141 -5.900520325 0.009697909 -0.001280677 0.999952137 364.699127197
0.999854088 0.007512632 -0.015340028 57.400981903 -0.007417147 0.999952853 0.006271983 -5.910547733 0.015386424 -0.006157289 0.999862671 365.366912842
0.999689162 0.005501658 -0.024317073 57.383956909 -0.005382060 0.999973118 0.004980994 -5.914899349 0.024343822 -0.004848570 0.999691904 366.027282715
0.999346852 0.005601673 -0.035699580 57.351425171 -0.005510619 0.999981284 0.002648461 -5.922606468 0.035713747 -0.002450005 0.999359071 366.678283691
0.998787463 0.006390085 -0.048814092 57.314987183 -0.006376536 0.999979556 0.000433289 -5.928483009 0.048815861 -0.000121499 0.998807788 367.330200195
0.997989714 0.003197531 -0.063295186 57.267704010 -0.003280691 0.999993861 -0.001209967 -5.933029652 0.063290931 0.001415186 0.997994125 367.976257324
0.996903121 0.002642260 -0.078594945 57.201778412 -0.002662357 0.999996424 -0.000150918 -5.936492443 0.078594267 0.000359699 0.996906638 368.634063721
0.995634556 0.008106621 -0.092984706 57.118843079 -0.008012265 0.999966919 0.001388034 -5.948466778 0.092992887 -0.000636957 0.995666564 369.299377441
0.994086266 0.015973512 -0.107411884 57.022937775 -0.015742278 0.999871552 0.003000396 -5.952882767 0.107446015 -0.001291745 0.994210064 369.975769043
0.992425621 0.019835128 -0.121235296 56.916213989 -0.019614248 0.999803066 0.003015134 -5.958937645 0.121271230 -0.000614358 0.992619216 370.652526855
0.990886211 0.021002257 -0.133054405 56.807952881 -0.021067619 0.999777615 0.000916726 -5.959258556 0.133044064 0.001894768 0.991108298 371.343811035
0.989447892 0.026608784 -0.142424941 56.695804596 -0.027015420 0.999634564 -0.000921817 -5.962928772 0.142348379 0.004759760 0.989805162 372.066589355
0.988376439 0.034892429 -0.147967845 56.565464020 -0.035862811 0.999349117 -0.003894360 -5.966673374 0.147735655 0.009155637 0.988984525 372.779571533
0.987586737 0.041556239 -0.151477948 56.432723999 -0.043014288 0.999054193 -0.006360033 -5.975657940 0.151070386 0.012796800 0.988440156 373.510070801
0.987627804 0.038125850 -0.152110770 56.319999695 -0.039490681 0.999202132 -0.005960559 -5.981794834 0.151762158 0.011893773 0.988345504 374.251708984
0.987785637 0.041198134 -0.150273860 56.197593689 -0.041887823 0.999121308 -0.001425789 -5.982679367 0.150083065 0.007703019 0.988643408 375.021759033
0.988167048 0.048403390 -0.145543903 56.067226410 -0.048036207 0.998827338 0.006038268 -5.987291336 0.145665497 0.001024559 0.989333391 375.802276611
0.988873601 0.051297091 -0.139633909 55.945892334 -0.050299361 0.998677194 0.010667354 -5.986895084 0.139996409 -0.003525168 0.990145743 376.603027344
0.990128875 0.044057172 -0.133055478 55.848213196 -0.043630835 0.999028981 0.006119571 -5.987010479 0.133195892 -0.000253842 0.991089702 377.412322998
0.991492867 0.041468300 -0.123378351 55.751132965 -0.041988794 0.999116778 -0.001620367 -5.998396397 0.123202182 0.006787090 0.992358387 378.222259521
0.992540479 0.043813460 -0.113770686 55.648117065 -0.044769309 0.998980165 -0.005858921 -5.996511459 0.113397963 0.010908651 0.993489742 379.055694580
0.993624091 0.045224804 -0.103276022 55.555145264 -0.045847584 0.998941720 -0.003663181 -5.997198582 0.103001058 0.008374780 0.994646013 379.903625488
0.994706333 0.045688439 -0.092042752 55.477313995 -0.045753792 0.998951793 0.001401082 -6.004607677 0.092010282 0.002817640 0.995754063 380.773681641
0.995711386 0.047023818 -0.079672076 55.407562256 -0.046912849 0.998893678 0.003265089 -6.016244411 0.079737470 0.000486558 0.996815801 381.667724609
0.996512592 0.048264973 -0.068067171 55.342449188 -0.048555914 0.998817027 -0.002625412 -6.021459579 0.067859933 0.005921320 0.997677267 382.559844971
0.997270226 0.046007250 -0.057752825 55.290683746 -0.046726283 0.998845398 -0.011161460 -6.031690121 0.057172634 0.013829567 0.998268545 383.462615967
0.997902513 0.042159609 -0.049123820 55.242843628 -0.043085281 0.998910308 -0.017939223 -6.040984631 0.048313979 0.020018110 0.998631597 384.382507324
0.998303533 0.040927537 -0.041411780 55.193286896 -0.041689221 0.998973846 -0.017699338 -6.059081078 0.040644895 0.019395737 0.998985410 385.329925537
0.998633623 0.037553534 -0.036340889 55.172996521 -0.038004279 0.999207973 -0.011792705 -6.085119247 0.035869248 0.013157701 0.999269843 386.285278320
0.998939514 0.034164857 -0.030864181 55.145786285 -0.034373719 0.999389410 -0.006261885 -6.100077629 0.030631399 0.007316161 0.999503970 387.259948730
0.999173701 0.031530600 -0.025646562 55.121692657 -0.031601463 0.999497771 -0.002362374 -6.114603519 0.025559194 0.003170890 0.999668300 388.241912842
0.999272645 0.031264473 -0.021834347 55.092399597 -0.031351630 0.999501705 -0.003660840 -6.125332832 0.021709014 0.004342719 0.999754906 389.247772217
0.999372482 0.028347759 -0.021239165 55.077468872 -0.028478291 0.999577165 -0.005868695 -6.131555557 0.021063820 0.006469867 0.999757171 390.254516602
0.999467611 0.023894951 -0.022215042 55.058372498 -0.023992745 0.999703526 -0.004146010 -6.138266087 0.022109387 0.004676802 0.999744594 391.274444580
0.999444127 0.023083005 -0.024054281 55.030509949 -0.023096107 0.999733210 -0.000266943 -6.152753353 0.024041701 0.000822355 0.999710619 392.309997559
0.999369562 0.024300044 -0.025885034 54.991916656 -0.024293432 0.999704719 0.000569903 -6.165922642 0.025891239 0.000059293 0.999664783 393.355407715
0.999230027 0.026591290 -0.028848790 54.953502655 -0.026634404 0.999644637 -0.001111211 -6.173967361 0.028808989 0.001878726 0.999583185 394.413848877
0.999188185 0.023805493 -0.032500282 54.917484283 -0.023823703 0.999716163 -0.000173112 -6.177261353 0.032486934 0.000947249 0.999471724 395.480102539
0.999129653 0.020796439 -0.036159404 54.864597321 -0.020672953 0.999779105 0.003785616 -6.184288025 0.036230147 -0.003034800 0.999338865 396.562103271
0.999044776 0.017615961 -0.039989911 54.829761505 -0.017452806 0.999837875 0.004425376 -6.192351341 0.040061384 -0.003723213 0.999190271 397.644317627
0.998898447 0.014542264 -0.044614673 54.784015656 -0.014607849 0.999892652 -0.001144341 -6.203568935 0.044593241 0.001794805 0.999003589 398.704467773
0.998754561 0.010492927 -0.048777759 54.729522705 -0.010853879 0.999915600 -0.007140943 -6.217725754 0.048698712 0.007661477 0.998784125 399.770629883
0.998576045 0.010340322 -0.052334636 54.671718597 -0.010640269 0.999928534 -0.005455960 -6.235879898 0.052274480 0.006005046 0.998614728 400.828155518
0.998445690 0.012381021 -0.054340862 54.612651825 -0.012308863 0.999922872 0.001662381 -6.250353336 0.054357249 -0.000990923 0.998521090 401.895263672
0.998284221 0.015776310 -0.056388699 54.546802521 -0.015296326 0.999843121 0.008933603 -6.259354115 0.056520790 -0.008055734 0.998368919 402.962310791
0.998176634 0.018105650 -0.057581205 54.470302582 -0.017635208 0.999806941 0.008667806 -6.266123772 0.057727024 -0.007636545 0.998303175 404.027038574
0.998047233 0.018924249 -0.059528496 54.404567719 -0.018625015 0.999810994 0.005577624 -6.268879414 0.059622798 -0.004458013 0.998211026 405.081359863
0.997915685 0.020047404 -0.061337978 54.333377838 -0.019785671 0.999792397 0.004871552 -6.275236130 0.061422903 -0.003647785 0.998105168 406.139984131
0.997814953 0.020508818 -0.062807061 54.256641388 -0.020179406 0.999779105 0.005874741 -6.283348560 0.062913671 -0.004594495 0.998008370 407.193756104
0.997634947 0.022989301 -0.064776190 54.189517975 -0.022868879 0.999735117 0.002599974 -6.299248695 0.064818799 -0.001112466 0.997896433 408.253936768
0.997583389 0.023976216 -0.065211415 54.112377167 -0.024183394 0.999704659 -0.002389411 -6.305940628 0.065134868 0.003960670 0.997868598 409.300140381
0.997593224 0.024469903 -0.064876743 54.031623840 -0.024713350 0.999690235 -0.002952521 -6.321785927 0.064784393 0.004548736 0.997888923 410.347137451
0.997646034 0.024058990 -0.064215057 53.962894440 -0.024052471 0.999710321 0.000874683 -6.330914021 0.064217493 0.000671907 0.997935712 411.397064209
0.997703731 0.023244753 -0.063615389 53.890319824 -0.022785196 0.999708831 0.007940084 -6.339875221 0.063781433 -0.006472362 0.997942924 412.444519043
0.997692287 0.022785144 -0.063960426 53.824695587 -0.021950075 0.999664783 0.013728573 -6.345418930 0.064251788 -0.012292955 0.997857988 413.483642578
0.997757852 0.021755658 -0.063292906 53.755626678 -0.020910313 0.999683499 0.013988052 -6.349051476 0.063577197 -0.012633213 0.997896969 414.517486572
0.997780383 0.021757182 -0.062936172 53.688747406 -0.021280769 0.999739647 0.008230280 -6.345977783 0.063098855 -0.006872682 0.997983634 415.542572021
0.997754633 0.024604734 -0.062292241 53.617950439 -0.024451237 0.999695837 0.003225376 -6.352249622 0.062352654 -0.001695012 0.998052716 416.548645020
0.997629344 0.029362783 -0.062237434 53.545619965 -0.029448412 0.999566197 -0.000458820 -6.367111683 0.062196963 0.002290525 0.998061240 417.559661865
0.997712076 0.027269529 -0.061862227 53.482067108 -0.027557828 0.999612927 -0.003811751 -6.381266594 0.061734337 0.005507819 0.998077393 418.598175049
0.997820139 0.025102148 -0.061031826 53.414138794 -0.025548005 0.999652207 -0.006535842 -6.397362709 0.060846537 0.008080836 0.998114407 419.609527588
0.997996867 0.020609898 -0.059812121 53.355461121 -0.020865714 0.999775589 -0.003655524 -6.416192532 0.059723362 0.004896224 0.998202980 420.615234375
0.998008609 0.018818622 -0.060205009 53.302639008 -0.018633988 0.999819815 0.003626785 -6.434448719 0.060262412 -0.002497704 0.998179436 421.616363525
0.998099029 0.015158015 -0.059737459 53.247509003 -0.014702821 0.999859512 0.008052126 -6.447137356 0.059851117 -0.007158510 0.998181641 422.622589111
0.998102069 0.015266952 -0.059659265 53.191120148 -0.014921052 0.999869227 0.006239139 -6.459204197 0.059746712 -0.005337119 0.998199284 423.597839355
0.998133123 0.016682575 -0.058753524 53.120948792 -0.016591294 0.999860287 0.002041139 -6.474018574 0.058779366 -0.001062531 0.998270452 424.559448242
0.997940421 0.021881053 -0.060299981 53.050525665 -0.021980772 0.999757886 -0.000990793 -6.483998775 0.060263701 0.002314193 0.998179793 425.503234863
0.997733712 0.023209356 -0.063156232 52.989345551 -0.023289837 0.999728620 -0.000538328 -6.497801781 0.063126594 0.002008006 0.998003483 426.440063477
0.997444510 0.022482919 -0.067815766 52.923290253 -0.022440283 0.999747217 0.001390518 -6.512992382 0.067829885 0.000134841 0.997696877 427.357788086
0.997060537 0.023818500 -0.072821371 52.849952698 -0.023715682 0.999716163 0.002276361 -6.529222012 0.072854921 -0.000542662 0.997342408 428.257537842
0.996659577 0.021988653 -0.078652650 52.780746460 -0.021768188 0.999756336 0.003659413 -6.542387962 0.078713953 -0.001935064 0.996895373 429.138580322
0.996147156 0.019620923 -0.085474201 52.705196381 -0.019106481 0.999794126 0.006832660 -6.550049305 0.085590668 -0.005173224 0.996316969 430.010528564
0.995519578 0.021556407 -0.092065848 52.613239288 -0.020577284 0.999721289 0.011571188 -6.562854290 0.092289627 -0.009624880 0.995685697 430.873382568
0.994830728 0.022676762 -0.098982900 52.523639679 -0.021424145 0.999676585 0.013699656 -6.559501648 0.099261552 -0.011508215 0.994994819 431.719696045
0.994060874 0.024109522 -0.106120989 52.429645538 -0.022847001 0.999653161 0.013096836 -6.560983181 0.106399938 -0.010594507 0.994266987 432.536010742
0.993304729 0.024703091 -0.112851605 52.335277557 -0.023644835 0.999663115 0.010706478 -6.568221569 0.113078065 -0.007966437 0.993554175 433.335021973
0.992592990 0.024897322 -0.118908904 52.232173920 -0.024206251 0.999680698 0.007252749 -6.574285507 0.119051509 -0.004320689 0.992878675 434.113037109
0.991695166 0.025070293 -0.126143411 52.123565674 -0.024698708 0.999684751 0.004509167 -6.581407547 0.126216695 -0.001356140 0.992001772 434.885711670
0.990521967 0.026766965 -0.134720936 52.020530701 -0.026719427 0.999640644 0.002161265 -6.592568398 0.134730384 0.001458886 0.990881205 435.660614014
0.989196002 0.028163729 -0.143868133 51.898021698 -0.028279612 0.999599278 0.001239777 -6.599415302 0.143845394 0.002842152 0.989596069 436.403839111
0.987739027 0.027202791 -0.153725669 51.786903381 -0.027022185 0.999629498 0.003264547 -6.609224319 0.153757513 0.000929483 0.988108158 437.120635986
0.986326754 0.029213849 -0.162191525 51.648601532 -0.028665081 0.999572694 0.005723049 -6.618279457 0.162289411 -0.000995564 0.986742675 437.831909180
0.984851003 0.033106722 -0.170213044 51.518177032 -0.032161109 0.999448121 0.008310462 -6.630655289 0.170394242 -0.002710327 0.985372245 438.512878418
0.983342528 0.037683956 -0.177812800 51.394184113 -0.036363035 0.999281526 0.010682943 -6.639469147 0.178087637 -0.004039180 0.984006345 439.175079346
0.982100189 0.047128901 -0.182367980 51.252765656 -0.045408230 0.998875916 0.013601562 -6.645186424 0.182804003 -0.005077090 0.983136296 439.808776855
0.981737018 0.055775661 -0.181883156 51.122421265 -0.053828862 0.998427927 0.015626466 -6.640119553 0.182468802 -0.005550517 0.983195961 440.417785645
0.982512951 0.063554123 -0.175011888 50.993774414 -0.061376236 0.997955382 0.017834384 -6.641677856 0.175787508 -0.006780943 0.984404802 441.009643555
0.984144092 0.067502707 -0.164023697 50.898838043 -0.065325662 0.997689962 0.018636974 -6.642989159 0.164902836 -0.007626512 0.986280322 441.570861816
0.986514926 0.070358485 -0.147776991 50.823139191 -0.068659745 0.997502506 0.016571628 -6.653201103 0.148573875 -0.006201827 0.988881886 442.123107910
0.989349425 0.074104272 -0.125284985 50.759609222 -0.073121607 0.997245550 0.012430369 -6.655686378 0.125861034 -0.003136939 0.992042899 442.658294678
0.992262363 0.079241656 -0.095583566 50.715103149 -0.078638330 0.996852338 0.010068505 -6.660527229 0.096080549 -0.002474067 0.995370507 443.185485840
0.994965017 0.081543408 -0.058269285 50.697078705 -0.081121236 0.996658206 0.009578116 -6.665677071 0.058855593 -0.004803014 0.998254955 443.698547363
0.996607006 0.081154190 -0.013729903 50.720142365 -0.081053101 0.996679544 0.007766094 -6.669014454 0.014314564 -0.006626892 0.999875605 444.196014404
0.996193171 0.078586832 0.037725847 50.777935028 -0.078818858 0.996877849 0.004700600 -6.689432621 -0.037238657 -0.007656214 0.999277055 444.664001465
0.992411435 0.079417348 0.093874827 50.855052948 -0.079732060 0.996816278 -0.000399430 -6.702376842 -0.093607679 -0.007088434 0.995583951 445.136108398
0.984556973 0.081911616 0.154719114 50.961044312 -0.081944548 0.996617734 -0.006175699 -6.711053848 -0.154701665 -0.006598059 0.987939179 445.595245361
0.972840428 0.076432705 0.218493685 51.103534698 -0.075870208 0.997057319 -0.010975969 -6.727282524 -0.218689650 -0.005899293 0.975776613 446.028900146
0.956493795 0.064730592 0.284481287 51.262481689 -0.062917732 0.997898102 -0.015516370 -6.740917683 -0.284887701 -0.003057603 0.958555996 446.409057617
0.934350133 0.056718849 0.351813585 51.455528259 -0.053412788 0.998389721 -0.019104641 -6.765769005 -0.352330655 -0.000940920 0.935875118 446.768493652
0.906279206 0.052587133 0.419395536 51.685741425 -0.046598498 0.998612761 -0.024518466 -6.781517029 -0.420103073 0.002677375 0.907472432 447.143310547
0.873287559 0.051376216 0.484488696 51.936965942 -0.043904599 0.998677135 -0.026764112 -6.804317951 -0.485222846 0.002101484 0.874387980 447.493286133
0.835934758 0.045135837 0.546969712 52.204109192 -0.037404660 0.998980641 -0.025270086 -6.827854156 -0.547552705 0.000664932 0.836770952 447.835632324
0.796072125 0.038463883 0.603978336 52.513336182 -0.031350762 0.999259293 -0.022315253 -6.847907066 -0.604389250 -0.001170627 0.796688318 448.149658203
0.752692997 0.030521665 0.657663822 52.832744598 -0.023435231 0.999533892 -0.019566080 -6.861157417 -0.657954454 -0.000685254 0.753057420 448.411315918
0.705000520 0.023345802 0.708822429 53.168788910 -0.016670665 0.999727428 -0.016346281 -6.875349522 -0.709010839 -0.000292403 0.705197573 448.678833008
0.655994654 0.019122012 0.754523396 53.523105621 -0.009765281 0.999810398 -0.016848272 -6.885943890 -0.754702508 0.003684244 0.656056941 448.911193848
0.603433490 0.016819021 0.797235966 53.889427185 -0.003109541 0.999819577 -0.018739227 -6.905075550 -0.797407329 0.008828839 0.603376925 449.125183105
0.549840808 0.013941710 0.835153162 54.261291504 0.002619070 0.999827027 -0.018415030 -6.921671867 -0.835265398 0.012312661 0.549709201 449.292999268
0.493490040 0.012898286 0.869655907 54.607910156 0.000393944 0.999886632 -0.015053348 -6.931275368 -0.869751453 0.007771274 0.493429005 449.449951172
0.435525775 0.011994559 0.900096416 54.995986938 -0.004034253 0.999927163 -0.011372855 -6.939076424 -0.900167286 0.001321957 0.435542464 449.608398438
0.378241897 0.015417946 0.925578535 55.393218994 -0.007090078 0.999880195 -0.013758245 -6.944876671 -0.925679743 -0.001358476 0.378305912 449.729187012
0.322537065 0.016219079 0.946417987 55.812774658 0.001336962 0.999844372 -0.017590301 -6.957136631 -0.946555972 0.006938850 0.322465181 449.821563721
0.271284759 0.014977300 0.962382615 56.224014282 0.013268928 0.999725699 -0.019298822 -6.975058079 -0.962407649 0.018005263 0.271011651 449.871917725
0.224517047 0.016996253 0.974322021 56.673309326 0.016076326 0.999647200 -0.021142570 -6.993370056 -0.974337637 0.020410387 0.224164605 449.936920166
0.182554245 0.022137394 0.982946515 57.136047363 0.012338613 0.999616206 -0.024804365 -7.004040718 -0.983118355 0.016656339 0.182211041 450.001831055
0.144640863 0.028124101 0.989084542 57.620056152 0.007170178 0.999539971 -0.029469945 -7.012763500 -0.989458323 0.011354470 0.144372642 450.060363770
0.112363994 0.030331627 0.993204176 58.112579346 0.007571689 0.999478877 -0.031379864 -7.026398659 -0.993638337 0.011046204 0.112075806 450.090209961
0.085838854 0.028788401 0.995893002 58.628906250 0.012771607 0.999468505 -0.029992580 -7.041272163 -0.996227205 0.015293684 0.085425556 450.125091553
0.066302955 0.028318748 0.997397721 59.161254883 0.017343417 0.999413431 -0.029528905 -7.064917564 -0.997648895 0.019256137 0.065772891 450.137756348
0.052084029 0.029517168 0.998206437 59.703979492 0.021740207 0.999292672 -0.030683644 -7.082810402 -0.998406053 0.023299342 0.051405489 450.153015137
0.045437515 0.029823152 0.998521984 60.272186279 0.024058623 0.999231696 -0.030939136 -7.096584320 -0.998677492 0.025428861 0.044685066 450.175415039
0.045370817 0.028419970 0.998565853 60.859375000 0.023742238 0.999282181 -0.029519109 -7.111694336 -0.998688042 0.025047498 0.044663489 450.197021484
0.047839999 0.026357593 0.998507202 61.453613281 0.022643274 0.999366283 -0.027465142 -7.131205559 -0.998598337 0.023923405 0.047212839 450.229217529
0.050316036 0.024350973 0.998436511 62.066467285 0.021147775 0.999452591 -0.025441496 -7.155327797 -0.998509467 0.022394825 0.049773514 450.267639160
0.052824855 0.024076756 0.998313546 62.693145752 0.022890825 0.999417424 -0.025314627 -7.177827835 -0.998341441 0.024189461 0.052242994 450.307006836
0.055573165 0.024793575 0.998146832 63.346313477 0.023443764 0.999383628 -0.026129564 -7.196438313 -0.998179436 0.024852421 0.054957628 450.338745117
0.057950616 0.024831854 0.998010695 64.005584717 0.024011057 0.999366760 -0.026259830 -7.211508751 -0.998030782 0.025485067 0.057317674 450.380004883
0.060594499 0.023815591 0.997878432 64.682403564 0.023661535 0.999400139 -0.025288722 -7.230841160 -0.997882068 0.025143694 0.059994638 450.427612305
0.063673496 0.024889674 0.997660458 65.378448486 0.024027776 0.999360919 -0.026465623 -7.257041454 -0.997681618 0.025656722 0.063034773 450.472320557
0.066267371 0.028899109 0.997383475 66.079864502 0.022560006 0.999281585 -0.030453028 -7.282227039 -0.997546971 0.024519021 0.065567791 450.524810791
0.068867803 0.035301387 0.997001052 66.797821045 0.022832735 0.999056160 -0.036951330 -7.307315350 -0.997364521 0.025309021 0.067996800 450.575988770
0.071387529 0.039443668 0.996668577 67.535949707 0.021415375 0.998926878 -0.041066948 -7.328517437 -0.997218847 0.024275703 0.070466220 450.636322021
0.073624432 0.037040040 0.996598005 68.290802002 0.019300675 0.999069929 -0.038557772 -7.360641479 -0.997099280 0.022073809 0.072841048 450.692108154
0.075167656 0.032287762 0.996648073 69.049713135 0.015587657 0.999315500 -0.033549804 -7.394500732 -0.997049093 0.018057268 0.074612916 450.755096436
0.076795816 0.026300633 0.996700048 69.837402344 0.014859940 0.999510825 -0.027519768 -7.423609734 -0.996936262 0.016924307 0.076367438 450.822235107
0.078620911 0.025817949 0.996570349 70.629669189 0.014194389 0.999534249 -0.027014557 -7.452076912 -0.996803641 0.016269619 0.078217864 450.887573242
0.080201268 0.025926959 0.996441543 71.445709229 0.013710015 0.999538422 -0.027111029 -7.477736473 -0.996684492 0.015835566 0.079808831 450.955810547
0.081699789 0.023965817 0.996368766 72.271423340 0.013500373 0.999592543 -0.025150355 -7.506191730 -0.996565521 0.015506129 0.081342936 451.031555176
0.083234906 0.020486703 0.996319354 73.113433838 0.015554340 0.999640167 -0.021854434 -7.532468796 -0.996408582 0.017316142 0.082886279 451.096069336
0.083574712 0.018581454 0.996328354 73.957855225 0.017372791 0.999647021 -0.020100627 -7.561777115 -0.996350169 0.018988909 0.083222449 451.173095703
0.083943009 0.022332024 0.996220291 74.817321777 0.018400040 0.999543667 -0.023956938 -7.586481094 -0.996300697 0.020341512 0.083493829 451.250457764
0.084019721 0.032191467 0.995944142 75.676391602 0.014618021 0.999330640 -0.033534139 -7.612117767 -0.996357024 0.017376265 0.083492935 451.329589844
0.083359420 0.041521862 0.995654166 76.552673340 0.013814600 0.998987377 -0.042817470 -7.647782326 -0.996423781 0.017323803 0.082701385 451.403015137
0.081654608 0.044788878 0.995653808 77.446899414 0.011693609 0.998877943 -0.045892917 -7.685277939 -0.996592104 0.015390158 0.081039250 451.484069824
0.078837812 0.040195927 0.996076763 78.356658936 0.008273492 0.999125957 -0.040973809 -7.731029510 -0.996853173 0.011471319 0.078436315 451.564697266
0.075851262 0.032521941 0.996588767 79.278961182 0.004813736 0.999444366 -0.032981507 -7.775352478 -0.997107625 0.007299006 0.075652540 451.644927979
0.072822809 0.026688645 0.996987760 80.199798584 0.005809066 0.999613583 -0.027183250 -7.809968948 -0.997327983 0.007771130 0.072639644 451.712219238
0.070373535 0.024943227 0.997208834 81.131408691 0.009116639 0.999629498 -0.025647143 -7.852276802 -0.997479081 0.010896074 0.070120096 451.773437500
0.068417251 0.024772070 0.997349322 82.069061279 0.010997347 0.999612212 -0.025582690 -7.884939671 -0.997596264 0.012718497 0.068118274 451.838592529
0.066981494 0.027649945 0.997371078 83.010528564 0.015943689 0.999458671 -0.028778568 -7.915894032 -0.997626841 0.017829405 0.066504419 451.898681641
0.066998780 0.027399197 0.997376859 83.954101562 0.016878080 0.999448717 -0.028589902 -7.950648785 -0.997610331 0.018749293 0.066499352 451.956329346
0.066822588 0.027161084 0.997395217 84.911499023 0.013623114 0.999511421 -0.028131427 -7.985797882 -0.997672021 0.015467446 0.066419899 452.030548096
0.067197084 0.027351661 0.997364879 85.873443604 0.010802827 0.999545634 -0.028139306 -8.022044182 -0.997681320 0.012665242 0.066871107 452.106445312
0.068013608 0.027057596 0.997317493 86.834594727 0.009545282 0.999568760 -0.027769631 -8.056809425 -0.997638822 0.011408392 0.067726016 452.169982910
0.068830431 0.025501657 0.997302532 87.802215576 0.007452528 0.999632180 -0.026075583 -8.091303825 -0.997600675 0.009227221 0.068615079 452.242706299
0.069069266 0.026705448 0.997254372 88.767242432 0.004715730 0.999621749 -0.027095452 -8.128717422 -0.997600734 0.006574246 0.068917215 452.322479248
0.069530904 0.029969716 0.997129679 89.727661133 0.003783225 0.999533534 -0.030305779 -8.165296555 -0.997572780 0.005879557 0.069385111 452.397399902
0.070271611 0.033701599 0.996958494 90.694671631 0.003765583 0.999413013 -0.034049995 -8.206505775 -0.997520864 0.006146880 0.070103467 452.467956543
0.071012199 0.033607561 0.996909320 91.665100098 0.003237191 0.999419212 -0.033922777 -8.242762566 -0.997470379 0.005636122 0.070862114 452.540802002
0.071568966 0.032905191 0.996892750 92.628143311 0.004990930 0.999431372 -0.033347294 -8.288744926 -0.997423172 0.007362053 0.071364045 452.601776123
0.072165072 0.029742002 0.996949136 93.603179932 0.004891020 0.999532700 -0.030173119 -8.327616692 -0.997380733 0.007053545 0.071985900 452.675811768
0.071263671 0.025799161 0.997123897 94.572296143 0.007465964 0.999623656 -0.026397429 -8.363677979 -0.997429609 0.009325669 0.071044207 452.748138428
0.071190953 0.019460348 0.997272849 95.556945801 0.008900908 0.999757469 -0.020144230 -8.405614853 -0.997422993 0.010310722 0.071000516 452.811370850
0.069600523 0.017873665 0.997414887 96.528900146 0.007565938 0.999801278 -0.018444389 -8.440611839 -0.997546315 0.008830119 0.069451451 452.885345459
0.068421721 0.018826583 0.997478962 97.493225098 0.006841961 0.999789536 -0.019339520 -8.468667984 -0.997633159 0.008147958 0.068278491 452.959106445
0.066591978 0.022784770 0.997520268 98.463958740 0.008139441 0.999693573 -0.023377785 -8.499020576 -0.997747242 0.009676033 0.066386163 453.026977539
0.064647555 0.025500236 0.997582376 99.429504395 0.009916813 0.999607682 -0.026194664 -8.533658981 -0.997859001 0.011586261 0.064369321 453.095153809
0.063013792 0.026607081 0.997657955 100.399597168 0.010682378 0.999569297 -0.027332775 -8.564674377 -0.997955501 0.012379700 0.062702417 453.157836914
0.062321842 0.024490220 0.997755706 101.387329102 0.014751329 0.999567091 -0.025456084 -8.599065781 -0.997947216 0.016304696 0.061933637 453.216949463
0.062466919 0.021884009 0.997807086 102.345764160 0.017521832 0.999581456 -0.023019865 -8.640257835 -0.997893214 0.018921386 0.062057316 453.273956299
0.063064218 0.022845505 0.997748077 103.311004639 0.017406201 0.999560714 -0.023987202 -8.677626610 -0.997857809 0.018879740 0.062638879 453.337493896
0.063821912 0.027920492 0.997570693 104.257141113 0.015572476 0.999458969 -0.028969629 -8.713742256 -0.997839868 0.017383542 0.063352585 453.401214600
0.064537168 0.034627508 0.997314394 105.208221436 0.011897218 0.999300063 -0.035466336 -8.754913330 -0.997844398 0.014154166 0.064080060 453.472595215
0.065451324 0.042618118 0.996945262 106.149993896 0.007155657 0.999041796 -0.043177526 -8.800055504 -0.997830093 0.009959826 0.065083683 453.535888672
0.065456867 0.044460889 0.996864438 107.090576172 0.005609790 0.998974681 -0.044923365 -8.851259232 -0.997839689 0.008532749 0.065140367 453.611083984
0.065688729 0.038068391 0.997113764 108.041687012 0.007921162 0.999220610 -0.038670667 -8.899299622 -0.997808754 0.010438529 0.065335989 453.679260254
0.066141009 0.028047042 0.997416079 108.987030029 0.006150416 0.999574423 -0.028515583 -8.939751625 -0.997791409 0.008020575 0.065940380 453.736389160
0.066196084 0.019343151 0.997619152 109.917694092 0.009298290 0.999756694 -0.020001577 -8.982961655 -0.997763336 0.010600179 0.066000104 453.802947998
0.068024874 0.021360286 0.997455060 110.841796875 0.012683791 0.999671459 -0.022272767 -9.013199806 -0.997603118 0.014166615 0.067731619 453.863891602
0.067939341 0.023460330 0.997413635 111.758087158 0.016444059 0.999561369 -0.024630945 -9.049857140 -0.997553945 0.018074939 0.067523718 453.926025391
0.068151355 0.029209640 0.997247458 112.671783447 0.015386771 0.999421656 -0.030324854 -9.087551117 -0.997556448 0.017411102 0.067662537 453.997375488
0.068882942 0.034115579 0.997041285 113.579467773 0.012780993 0.999302924 -0.035075974 -9.126291275 -0.997542918 0.015159314 0.068398893 454.078186035
0.070828259 0.038459036 0.996746778 114.519500732 0.011442380 0.999159396 -0.039365213 -9.170679092 -0.997422874 0.014193324 0.070328653 454.125000000
0.071761310 0.041786719 0.996546268 115.433715820 0.009550557 0.999047458 -0.042579342 -9.217509270 -0.997376204 0.012573123 0.071293831 454.193603516
0.072730958 0.042287640 0.996454775 116.337036133 0.005701055 0.999066770 -0.042814612 -9.269845009 -0.997335374 0.008794794 0.072422028 454.273071289
0.075429201 0.040057324 0.996346354 117.246215820 0.003049950 0.999178827 -0.040402107 -9.313452721 -0.997146606 0.006086309 0.075245082 454.356628418
0.080387652 0.033117466 0.996213436 118.147094727 0.003477779 0.999432504 -0.033505116 -9.359354973 -0.996757686 0.006158011 0.080226898 454.414123535
0.086422503 0.026844392 0.995896876 119.050445557 0.005182295 0.999611259 -0.027394226 -9.399639130 -0.996245146 0.007528510 0.086249769 454.497253418
0.094122052 0.023935605 0.995272994 119.947998047 0.005094196 0.999686301 -0.024523498 -9.435944557 -0.995547771 0.007378320 0.093970597 454.587310791
0.102698028 0.020430574 0.994502783 120.843994141 0.009439571 0.999724030 -0.021512622 -9.469625473 -0.994667828 0.011596983 0.102476835 454.685363770
0.113096178 0.018844355 0.993405282 121.729461670 0.011296210 0.999731123 -0.020250391 -9.503347397 -0.993519783 0.013511957 0.112852931 454.771057129
0.123348355 0.021135062 0.992138386 122.612335205 0.006675573 0.999732912 -0.022126790 -9.537500381 -0.992341042 0.009352396 0.123174310 454.896667480
0.133932948 0.025917346 0.990651488 123.478591919 0.004241663 0.999633789 -0.026725801 -9.569950104 -0.990981400 0.007781476 0.133773983 455.026000977
0.144235849 0.030091699 0.989085734 124.345626831 0.002188768 0.999525368 -0.030728497 -9.602683067 -0.989540994 0.006597030 0.144101560 455.162414551
0.154092073 0.029232632 0.987624109 125.207946777 -0.000749376 0.999565423 -0.029469168 -9.637623787 -0.988056362 0.003800869 0.154047012 455.306915283
0.163605452 0.024129009 0.986230791 126.069396973 -0.003853367 0.999708831 -0.023819529 -9.666390419 -0.986518383 0.000096696 0.163650811 455.469818115
0.173133969 0.020259183 0.984690011 126.953720093 -0.003930012 0.999794662 -0.019878954 -9.706952095 -0.984890521 -0.000428119 0.173178017 455.626586914
0.182228148 0.022290757 0.983003676 127.813644409 -0.005647830 0.999750257 -0.021623518 -9.733882904 -0.983240128 -0.001611422 0.182308495 455.792419434
0.190527022 0.029956020 0.981224895 128.665740967 -0.006495458 0.999550879 -0.029254260 -9.764469147 -0.981660545 -0.000799776 0.190636039 455.959899902
0.196876526 0.032509152 0.979889095 129.506958008 -0.006799991 0.999471366 -0.031792581 -9.799700737 -0.980404675 -0.000404025 0.196993530 456.140991211
0.204452515 0.030537019 0.978400111 130.358139038 -0.006254314 0.999533653 -0.029889684 -9.828980446 -0.978856564 -0.000008198 0.204548120 456.325195312
0.211855233 0.022920104 0.977032304 131.205596924 -0.006598445 0.999735713 -0.022021925 -9.863799095 -0.977278829 -0.001781432 0.211950481 456.513854980
0.220072150 0.014728130 0.975372493 132.049194336 -0.004246701 0.999890983 -0.014140182 -9.896890640 -0.975474417 -0.001030254 0.220110714 456.704711914
0.229471743 0.016913904 0.973168373 132.901641846 -0.005656977 0.999855280 -0.016043821 -9.926386833 -0.973298907 -0.001823587 0.229534209 456.907958984
0.239169121 0.025204912 0.970650792 133.731048584 -0.007184781 0.999681592 -0.024188422 -9.949599266 -0.970951378 -0.001188789 0.239274025 457.118469238
0.248540521 0.029837385 0.968161941 134.560195923 -0.005398102 0.999552608 -0.029419037 -9.981200218 -0.968606532 0.002085587 0.248590350 457.342742920
0.258556545 0.025264444 0.965665698 135.394256592 -0.002530927 0.999672234 -0.025476493 -10.004106522 -0.965992808 0.004143085 0.258535743 457.552856445
0.269222736 0.016686119 0.962933421 136.222473145 0.000407415 0.999847829 -0.017439695 -10.039411545 -0.963077903 0.005087478 0.269174993 457.790832520
0.281205714 0.011231770 0.959581912 137.039016724 0.004851314 0.999902070 -0.013125394 -10.067981720 -0.959635377 0.008346170 0.281123698 458.037780762
0.293349028 0.013784816 0.955906034 137.856552124 0.008453099 0.999819577 -0.017012171 -10.089706421 -0.955968082 0.013070872 0.293179572 458.274230957
0.304322541 0.019946387 0.952360213 138.648406982 0.012635817 0.999608278 -0.024973679 -10.118317604 -0.952485263 0.019633902 0.303951263 458.528198242
0.314067483 0.025718374 0.949052274 139.438873291 0.017789954 0.999298096 -0.032967173 -10.149016380 -0.949234009 0.027237514 0.313389540 458.788299561
0.323192954 0.028394764 0.945906997 140.248168945 0.016817683 0.999219537 -0.035741314 -10.185567856 -0.946183681 0.027459305 0.322463155 459.057861328
0.331177652 0.028757768 0.943130136 141.035156250 0.011753818 0.999332190 -0.034598798 -10.222289085 -0.943495274 0.022543730 0.330618441 459.346679688
0.338303983 0.022947783 0.940757036 141.824203491 0.011801725 0.999520540 -0.028625192 -10.263757706 -0.940962851 0.020786572 0.337870955 459.640136719
0.345501184 0.016006753 0.938281834 142.614379883 0.013791825 0.999659896 -0.022132371 -10.293046951 -0.938317001 0.020587377 0.345162928 459.930664062
0.351577878 0.009452363 0.936110973 143.397338867 0.013052911 0.999802351 -0.014997806 -10.328391075 -0.936067700 0.017491871 0.351384997 460.236389160
0.358404875 0.011063564 0.933500707 144.169418335 0.007966590 0.999857128 -0.014908664 -10.358708382 -0.933532238 0.012780155 0.358265579 460.542358398
0.365261853 0.017349796 0.930743098 144.930664062 0.008090945 0.999729395 -0.021810973 -10.385791779 -0.930869639 0.015497307 0.365022600 460.848449707
0.373425722 0.022023838 0.927398562 145.698654175 0.011885222 0.999522507 -0.028522329 -10.409357071 -0.927583933 0.021673309 0.372985661 461.155456543
0.379779041 0.024603333 0.924750030 146.450668335 0.008208682 0.999517262 -0.029963709 -10.440434456 -0.925040841 0.018970566 0.379393756 461.487792969
0.386604130 0.020852614 0.922010064 147.221252441 0.005977903 0.999666691 -0.025115505 -10.475417137 -0.922226489 0.015221446 0.386350572 461.809387207
0.394035757 0.016143531 0.918953419 147.988037109 0.007896361 0.999749362 -0.020948764 -10.508770943 -0.919061244 0.015510951 0.393809557 462.143127441
0.401424289 0.018142775 0.915712535 148.739364624 0.010760080 0.999641359 -0.024522571 -10.544840813 -0.915829003 0.019697096 0.401085079 462.469329834
0.408112407 0.024998013 0.912589490 149.481170654 0.009481903 0.999455035 -0.031617809 -10.578155518 -0.912882566 0.021556707 0.407652974 462.812561035
0.414953411 0.030739652 0.909323335 150.219085693 0.009479941 0.999228776 -0.038104910 -10.611288071 -0.909793377 0.024432095 0.414341927 463.166198730
0.423111141 0.030677797 0.905558348 150.953491211 0.008288891 0.999253809 -0.037724826 -10.650019646 -0.906039953 0.023467872 0.422541142 463.501831055
0.431693971 0.028782943 0.901560903 151.687759399 0.005416365 0.999390006 -0.034499727 -10.692646980 -0.902003944 0.019776510 0.431274772 463.868316650
0.440389574 0.028945826 0.897340119 152.416107178 0.003350172 0.999420226 -0.033882838 -10.731175423 -0.897800624 0.017927894 0.440037251 464.235992432
0.448861599 0.030654952 0.893075347 153.141159058 -0.000170563 0.999414325 -0.034219332 -10.769426346 -0.893601298 0.015207421 0.448603988 464.623718262
0.457480788 0.031625863 0.888656974 153.836547852 -0.001238698 0.999389052 -0.034928959 -10.805219650 -0.889218688 0.014878551 0.457240462 464.971313477
0.466008663 0.030412842 0.884257376 154.548675537 -0.001961103 0.999442101 -0.033340957 -10.841853142 -0.884778023 0.013803054 0.465808332 465.351745605
0.474283695 0.030342070 0.879849136 155.246856689 -0.004529870 0.999476790 -0.032025669 -10.875631332 -0.880360484 0.011203652 0.474172950 465.734954834
0.482192397 0.031058880 0.875514627 155.942749023 -0.006414990 0.999469757 -0.031923112 -10.911252975 -0.876041889 0.009776666 0.482135952 466.134063721
0.490440667 0.034872685 0.870776594 156.629257202 -0.007887205 0.999335766 -0.035578948 -10.957858086 -0.871438920 0.010581373 0.490389943 466.533050537
0.499050856 0.039421033 0.865675688 157.287521362 -0.006775911 0.999111712 -0.041591208 -10.993079185 -0.866546273 0.014890388 0.498874664 466.915435791
0.507124603 0.042756647 0.860811532 157.956893921 -0.007403294 0.998947978 -0.045256447 -11.031111717 -0.861840963 0.016577817 0.506907642 467.318969727
0.514513612 0.039441019 0.856574714 158.621017456 -0.008593720 0.999128640 -0.040842984 -11.068092346 -0.857439220 0.013653110 0.514404178 467.732666016
0.522745848 0.030882221 0.851929009 159.290908813 -0.008200490 0.999479532 -0.031199051 -11.103378296 -0.852449119 0.009322941 0.522727072 468.142211914
0.530527651 0.020533547 0.847418964 159.943161011 -0.005885644 0.999771714 -0.020540446 -11.139902115 -0.847647250 0.005909669 0.530527353 468.558746338
0.538455665 0.015780624 0.842506051 160.586761475 -0.004078456 0.999861717 -0.016121397 -11.170665741 -0.842643976 0.005244533 0.538445592 468.973449707
0.546596527 0.016057242 0.837242186 161.220367432 -0.002775694 0.999845386 -0.017363643 -11.197872162 -0.837391555 0.007166981 0.546556592 469.385528564
0.554079533 0.021038450 0.832197845 161.820236206 -0.004688990 0.999743640 -0.022152165 -11.223339081 -0.832450509 0.008371894 0.554036140 469.799163818
0.561405659 0.024108909 0.827189505 162.413238525 -0.005654778 0.999663949 -0.025297932 -11.247467041 -0.827521443 0.009524827 0.561353326 470.213714600
0.568688333 0.026695941 0.822119772 162.998596191 -0.007239309 0.999596953 -0.027451314 -11.273698807 -0.822521269 0.009659663 0.568652391 470.616882324
0.574756265 0.027268762 0.817870259 163.556091309 -0.009740997 0.999601841 -0.026482448 -11.302612305 -0.818266749 0.007254083 0.574792981 471.024597168
0.579415798 0.026642669 0.814596534 164.099609375 -0.011355754 0.999632478 -0.024617307 -11.333623886 -0.814953029 0.005013300 0.579505384 471.432434082
0.583968937 0.027291982 0.811317146 164.628005981 -0.012957650 0.999620736 -0.024299704 -11.360547066 -0.811672628 0.003677510 0.584101081 471.805358887
0.586274505 0.027512699 0.809645176 165.146301270 -0.013893024 0.999617636 -0.023908071 -11.384649277 -0.809993386 0.002768274 0.586432576 472.184020996
0.587261200 0.028968794 0.808878958 165.641403198 -0.015462304 0.999578476 -0.024572495 -11.414648056 -0.809249818 0.001923344 0.587461591 472.557617188
0.586923182 0.032566197 0.808987498 166.110702515 -0.017179433 0.999466717 -0.027770298 -11.442579269 -0.809460402 0.002401087 0.587169647 472.897949219
0.584601402 0.037112430 0.810471416 166.575546265 -0.020336242 0.999309659 -0.031090815 -11.472824097 -0.811065793 0.001693796 0.584952593 473.242675781
0.580969453 0.039133083 0.812984049 167.030258179 -0.021350032 0.999232531 -0.032841153 -11.498337746 -0.813645303 0.001722474 0.581359088 473.547729492
0.574151397 0.039852407 0.817778766 167.464614868 -0.022677131 0.999205530 -0.032772485 -11.518021584 -0.818435133 0.000271494 0.574599028 473.856750488
0.564804852 0.036264159 0.824427366 167.883087158 -0.023390399 0.999336064 -0.027933419 -11.541601181 -0.824892998 -0.003506754 0.565278053 474.142028809
0.554077268 0.029571984 0.831939876 168.293365479 -0.023016769 0.999530971 -0.020199833 -11.560415268 -0.832147062 -0.007956301 0.554498017 474.410491943
0.542278409 0.023080390 0.839881778 168.683990479 -0.020172579 0.999692142 -0.014447425 -11.577449799 -0.839956641 -0.009108055 0.542577088 474.652160645
0.529202461 0.017824469 0.848308384 169.049667358 -0.016027356 0.999810934 -0.011009420 -11.592430115 -0.848344207 -0.007769926 0.529388070 474.881652832
0.516983390 0.014257771 0.855876684 169.397186279 -0.010778862 0.999890447 -0.010145990 -11.618439674 -0.855927587 -0.003980068 0.517080426 475.042236328
0.501966357 0.014882764 0.864759147 169.740936279 -0.007826701 0.999889135 -0.012665231 -11.632933617 -0.864851773 -0.000410691 0.502027154 475.231140137
0.485323668 0.018501237 0.874138772 170.089477539 -0.002593470 0.999802172 -0.019721014 -11.647623062 -0.874330699 0.007304022 0.485275626 475.401306152
0.466465056 0.025713332 0.884165823 170.429550171 -0.002987063 0.999617457 -0.027494997 -11.663583755 -0.884534597 0.010184396 0.466363430 475.567138672
0.444598496 0.031448532 0.895177841 170.781723022 -0.005473849 0.999460220 -0.032393448 -11.682017326 -0.895713329 0.009502011 0.444530666 475.721374512
0.418000519 0.034605883 0.907787561 171.134002686 -0.009265273 0.999384582 -0.033831380 -11.693389893 -0.908399642 0.005730639 0.418063939 475.877197266
0.388205528 0.033704441 0.920956314 171.491607666 -0.007919139 0.999416113 -0.033237740 -11.699415207 -0.921538830 0.005609894 0.388245761 476.004730225
0.355390847 0.031692252 0.934180439 171.848358154 -0.006034893 0.999481976 -0.031611767 -11.716741562 -0.934698403 0.005596855 0.355397999 476.116088867
0.320446610 0.029125301 0.946818769 172.178985596 -0.000542899 0.999532700 -0.030563107 -11.727551460 -0.947266519 0.009279821 0.320312679 476.186737061
0.283794105 0.025292041 0.958551705 172.541778564 0.005793765 0.999588609 -0.028090164 -11.746836662 -0.958867848 0.013525448 0.283530772 476.260131836
0.245643198 0.023448003 0.969076812 172.898529053 0.009989631 0.999593079 -0.026718577 -11.766613960 -0.969308972 0.016243959 0.245308995 476.318847656
0.205736637 0.025280902 0.978280902 173.251403809 0.009993904 0.999559879 -0.027932562 -11.790657043 -0.978556514 0.015523599 0.205393434 476.361938477
0.163395882 0.029687852 0.986113906 173.609954834 0.005031101 0.999509037 -0.030924767 -11.809402466 -0.986547887 0.010014221 0.163166285 476.400390625
0.118793905 0.034610994 0.992315710 173.973281860 0.001678765 0.999383867 -0.035058502 -11.822455406 -0.992917657 0.005830607 0.118662596 476.415710449
0.071801245 0.037143856 0.996727228 174.346740723 0.003242166 0.999292374 -0.037473008 -11.836734772 -0.997413814 0.005922169 0.071630061 476.408782959
0.023904800 0.040438477 0.998896062 174.693847656 0.005150178 0.999163330 -0.040572546 -11.841929436 -0.999700963 0.006114374 0.023676574 476.366699219
-0.026976109 0.042318534 0.998740077 175.081542969 0.010504904 0.999060333 -0.042048376 -11.856797218 -0.999581039 0.009357372 -0.027395248 476.319641113
-0.079381347 0.040860645 0.996006489 175.477142334 0.012147704 0.999125004 -0.040020414 -11.871989250 -0.996770263 0.008922315 -0.079808354 476.261444092
-0.131864905 0.035924513 0.990616560 175.876953125 0.010613922 0.999336958 -0.034827895 -11.888088226 -0.991210938 0.005921749 -0.132158875 476.178009033
-0.184473276 0.029779708 0.982386351 176.281951904 0.006737647 0.999555707 -0.029034976 -11.909636497 -0.982814550 0.001262799 -0.184591889 476.076141357
-0.237873316 0.024066133 0.970998228 176.689208984 0.004703319 0.999709785 -0.023625543 -11.943362236 -0.971285045 -0.001052968 -0.237917423 475.943817139
-0.292090058 0.021904897 0.956140101 177.079833984 0.004389588 0.999757826 -0.021563200 -11.946560860 -0.956380963 -0.002101332 -0.292115450 475.787658691
-0.347471356 0.019479953 0.937488496 177.495697021 0.004588936 0.999807537 -0.019074028 -11.960502625 -0.937679648 -0.002325599 -0.347493887 475.602539062
-0.402688146 0.017550860 0.915168941 177.918090820 0.003551116 0.999838591 -0.017612087 -11.977039337 -0.915330350 -0.003842308 -0.402685523 475.382751465
-0.456785202 0.016776090 0.889418900 178.354187012 0.001482586 0.999835134 -0.018097324 -11.984194756 -0.889575899 -0.006947948 -0.456734776 475.126403809
-0.510102630 0.016248908 0.859960079 178.773803711 -0.000124378 0.999820113 -0.018965334 -11.989048958 -0.860113561 -0.009781226 -0.510008812 474.855926514
-0.558793783 0.015028658 0.829170406 179.211425781 -0.000348836 0.999831438 -0.018356966 -11.997034073 -0.829306543 -0.010547005 -0.558694363 474.531555176
-0.601638913 0.015232536 0.798623085 179.645385742 0.002082780 0.999844670 -0.017501485 -12.006341934 -0.798765659 -0.008866217 -0.601577282 474.170288086
-0.637078643 0.016191121 0.770628631 180.098754883 0.005438893 0.999848902 -0.016510768 -12.012871742 -0.770779490 -0.006327293 -0.637070417 473.764892578
-0.666422844 0.016481297 0.745391965 180.547241211 0.007301030 0.999851942 -0.015580107 -12.018914223 -0.745538354 -0.004940809 -0.666444540 473.345092773
-0.689332485 0.016781691 0.724250913 181.006774902 0.009090480 0.999853313 -0.014515506 -12.024641037 -0.724388301 -0.003422221 -0.689383984 472.882202148
-0.707789660 0.016768781 0.706224382 181.465148926 0.010357093 0.999857128 -0.013360829 -12.036907196 -0.706347466 -0.002142225 -0.707862258 472.404266357
-0.722605705 0.017274722 0.691044629 181.939270020 0.011253932 0.999849200 -0.013226300 -12.049922943 -0.691168904 -0.001780431 -0.722691178 471.900115967
-0.734352946 0.018399524 0.678518414 182.427001953 0.012442856 0.999829471 -0.013645818 -12.059524536 -0.678653777 -0.001578139 -0.734456658 471.358459473
-0.744396210 0.019406039 0.667456329 182.917846680 0.013573271 0.999810815 -0.013931217 -12.068487167 -0.667600393 -0.001310778 -0.744518876 470.802825928
-0.753148794 0.019635122 0.657557547 183.417968750 0.013546160 0.999805450 -0.014339480 -12.079468727 -0.657711148 -0.001892379 -0.753268242 470.223388672
-0.760428548 0.020049190 0.649112046 183.921752930 0.014673530 0.999798596 -0.013690981 -12.088427544 -0.649255812 -0.000886249 -0.760569572 469.621429443
-0.766206980 0.019411320 0.642300487 184.446166992 0.015590200 0.999810994 -0.011618126 -12.099922180 -0.642404616 0.001111703 -0.766364813 469.000122070
-0.769943237 0.018983437 0.637830257 184.978210449 0.017435605 0.999810040 -0.008709855 -12.107994080 -0.637874484 0.004414862 -0.770128012 468.349670410
-0.772373796 0.018783649 0.634890914 185.530822754 0.018757725 0.999801219 -0.006760132 -12.117886543 -0.634891689 0.006687759 -0.772572637 467.690490723
-0.774174571 0.020987490 0.632624447 186.099426270 0.019715315 0.999764740 -0.009040851 -12.128267288 -0.632665336 0.005473193 -0.774406195 467.002929688
-0.775270343 0.023101840 0.631207287 186.664245605 0.018837981 0.999732077 -0.013452198 -12.139818192 -0.631348908 0.001461582 -0.775497794 466.310791016
-0.776629329 0.023667727 0.629513443 187.251525879 0.017057259 0.999717653 -0.016542748 -12.148418427 -0.629727244 -0.002109806 -0.776813745 465.601318359
-0.778327584 0.022103058 0.627469599 187.857177734 0.017122166 0.999755681 -0.013978383 -12.160543442 -0.627625287 -0.000136121 -0.778515816 464.876129150
-0.779653311 0.018968660 0.625924349 188.464904785 0.017278098 0.999812186 -0.008777698 -12.176589966 -0.625973284 0.003971221 -0.779834628 464.111328125
-0.780915141 0.017753482 0.624385178 189.077453613 0.017763715 0.999822915 -0.006211531 -12.186800003 -0.624384880 0.006240722 -0.781092167 463.342590332
-0.782268763 0.018063933 0.622679174 189.704223633 0.018380616 0.999813557 -0.005913131 -12.197866440 -0.622669935 0.006819570 -0.782454967 462.575592041
-0.782817721 0.019254753 0.621953130 190.339782715 0.019588539 0.999788284 -0.006296973 -12.208023071 -0.621942699 0.007253772 -0.783029199 461.794128418
-0.782531261 0.022157287 0.622216880 190.949523926 0.022467529 0.999720573 -0.007343987 -12.223155022 -0.622205734 0.008232775 -0.782810450 461.000396729
-0.782288432 0.024911793 0.622417986 191.581054688 0.024798134 0.999653399 -0.008842713 -12.239700317 -0.622422516 0.008517251 -0.782635093 460.213897705
-0.781545162 0.026522323 0.623284578 192.220825195 0.025485713 0.999619186 -0.010579416 -12.258272171 -0.623327851 0.007616560 -0.781923532 459.425384521
-0.780285239 0.027235383 0.624830604 192.864685059 0.025920520 0.999601245 -0.011201637 -12.275991440 -0.624886513 0.007455462 -0.780679941 458.635772705
-0.778704762 0.028576037 0.626739562 193.490356445 0.028272411 0.999545693 -0.010446435 -12.301924706 -0.626753330 0.009584749 -0.779158831 457.850433350
-0.777457237 0.028301142 0.628299177 194.130615234 0.029163457 0.999534726 -0.008936256 -12.323996544 -0.628259718 0.011375818 -0.777920842 457.063995361
-0.776400089 0.027825259 0.629625857 194.772094727 0.029566038 0.999533057 -0.007714410 -12.344128609 -0.629546523 0.012626072 -0.776860237 456.286956787
-0.775222182 0.028180514 0.631060183 195.416015625 0.030457381 0.999509990 -0.007218766 -12.369356155 -0.630954385 0.013624292 -0.775700688 455.501770020
-0.774267912 0.028738441 0.632205129 196.067626953 0.031023683 0.999490976 -0.007439313 -12.388423920 -0.632097125 0.013853311 -0.774765253 454.710662842
-0.773303747 0.028900146 0.633377135 196.708984375 0.031466622 0.999478996 -0.007186620 -12.405506134 -0.633254826 0.014372798 -0.773810267 453.938201904
-0.771984339 0.029007511 0.634979606 197.361022949 0.031982504 0.999465466 -0.006775052 -12.426504135 -0.634836733 0.015078004 -0.772499323 453.153076172
-0.770938993 0.031530395 0.636128068 198.001708984 0.033148363 0.999406576 -0.009363391 -12.448896408 -0.636045814 0.013868002 -0.771526694 452.376464844
-0.769798875 0.033467770 0.637408674 198.647949219 0.033337854 0.999369562 -0.012210738 -12.468482018 -0.637415469 0.011850027 -0.770429254 451.602203369
-0.769475937 0.033006117 0.637822390 199.305358887 0.032187767 0.999398768 -0.012885344 -12.496181488 -0.637864232 0.010615115 -0.770075679 450.828613281
-0.768718362 0.031590801 0.638806760 199.941345215 0.032133911 0.999425709 -0.010755572 -12.520178795 -0.638779700 0.012259354 -0.769291997 450.059387207
-0.768260479 0.029112095 0.639475346 200.585144043 0.031105043 0.999483049 -0.008132100 -12.538586617 -0.639381528 0.013643336 -0.768768907 449.287445068
-0.768305302 0.028044678 0.639469028 201.221496582 0.030373786 0.999511659 -0.007341474 -12.563660622 -0.639362633 0.013782602 -0.768781900 448.534423828
-0.768571258 0.028010964 0.639151037 201.871337891 0.030058917 0.999518812 -0.007658711 -12.587384224 -0.639057994 0.013325921 -0.769043446 447.768127441
-0.768620610 0.026662586 0.639149249 202.525756836 0.027429549 0.999585748 -0.008712564 -12.610634804 -0.639116764 0.010834920 -0.769033551 446.995574951
-0.768786192 0.026490392 0.638956904 203.168884277 0.026568310 0.999602079 -0.009475600 -12.629375458 -0.638953686 0.009691295 -0.769184113 446.238586426
-0.768837690 0.026214723 0.638906717 203.797058105 0.026746038 0.999603271 -0.008829091 -12.658641815 -0.638884664 0.010300087 -0.769233704 445.475708008
-0.769723535 0.027079949 0.637802839 204.438415527 0.028010184 0.999570310 -0.008636240 -12.682427406 -0.637762666 0.011217458 -0.770151258 444.705841064
-0.770065904 0.027656997 0.637364924 205.073852539 0.028912118 0.999546289 -0.008441350 -12.704820633 -0.637309194 0.011927173 -0.770516157 443.945312500
-0.770591259 0.027669026 0.636729181 205.702697754 0.029342165 0.999538004 -0.007923988 -12.728127480 -0.636654258 0.012576858 -0.771047115 443.192077637
-0.770985723 0.029956883 0.636147618 206.329040527 0.030934175 0.999475539 -0.009575398 -12.750001907 -0.636100829 0.012296208 -0.771508098 442.432067871
-0.771007299 0.030372487 0.636101663 206.957092285 0.030460874 0.999477565 -0.010801836 -12.767903328 -0.636097431 0.011047919 -0.771529675 441.675231934
-0.770888329 0.028449392 0.636334836 207.579711914 0.029931096 0.999516428 -0.008426545 -12.791478157 -0.636266828 0.012550274 -0.771367073 440.924499512
-0.770256281 0.025019070 0.637243807 208.208129883 0.029252978 0.999564469 -0.003885308 -12.810072899 -0.637063444 0.015648596 -0.770652652 440.167572021
-0.769742012 0.021745117 0.637984633 208.834350586 0.027638989 0.999617696 -0.000724023 -12.830735207 -0.637756467 0.017075939 -0.770048738 439.429473877
-0.768885255 0.021421410 0.639028311 209.467041016 0.027278602 0.999627650 -0.000687492 -12.842836380 -0.638805091 0.016903194 -0.769183278 438.680053711
-0.767055154 0.022223916 0.641196251 210.087585449 0.028254040 0.999600410 -0.000846279 -12.862079620 -0.640958846 0.017467242 -0.767376542 437.943878174
-0.765022993 0.022387408 0.643613815 210.718017578 0.026254512 0.999648929 -0.003564626 -12.876256943 -0.643467665 0.014170746 -0.765342116 437.200439453
-0.763268948 0.024225406 0.645626605 211.355346680 0.026218440 0.999635041 -0.006512811 -12.891053200 -0.645548761 0.011956298 -0.763625503 436.458251953
-0.761661172 0.024638206 0.647507012 211.997802734 0.026824746 0.999619126 -0.006482484 -12.905568123 -0.647420108 0.012431754 -0.762032032 435.708251953
-0.760408998 0.025392851 0.648947895 212.644531250 0.028036783 0.999587297 -0.006260827 -12.915199280 -0.648839056 0.013433620 -0.760807157 434.950683594
-0.759359479 0.027676776 0.650082588 213.296691895 0.028554697 0.999549866 -0.009200432 -12.936126709 -0.650044620 0.011576476 -0.759807944 434.206390381
-0.758292198 0.032122795 0.651123106 213.950134277 0.031433638 0.999425173 -0.012698751 -12.949315071 -0.651156783 0.010837805 -0.758866072 433.447021484
-0.757687330 0.032103129 0.651827872 214.614868164 0.032306142 0.999409914 -0.011669087 -12.968997002 -0.651817858 0.012216525 -0.758277416 432.679168701
-0.757694364 0.029298939 0.651951849 215.299987793 0.029868495 0.999501765 -0.010204983 -12.995374680 -0.651926041 0.011740562 -0.758191943 431.901947021
-0.757840872 0.028193146 0.651830137 215.976257324 0.026667044 0.999569535 -0.012229626 -13.015103340 -0.651894331 0.008114272 -0.758266568 431.115112305
-0.758725405 0.025949486 0.650893927 216.668212891 0.022484459 0.999654055 -0.013644290 -13.034651756 -0.651022792 0.004282730 -0.759046316 430.328857422
-0.759659529 0.021768436 0.649956822 217.363708496 0.018928148 0.999756277 -0.011361042 -13.059450150 -0.650045753 0.003671955 -0.759886503 429.533874512
-0.760344267 0.018566953 0.649255037 218.067504883 0.017064666 0.999817312 -0.008607624 -13.083617210 -0.649296284 0.004534564 -0.760522246 428.727386475
-0.760553718 0.019736163 0.648974955 218.747863770 0.020398535 0.999770820 -0.006498646 -13.098946571 -0.648954511 0.008295570 -0.760782003 427.925292969
-0.760969639 0.020557133 0.648461819 219.442504883 0.022931756 0.999725580 -0.004782274 -13.116187096 -0.648382187 0.011231204 -0.761232138 427.119323730
-0.761064291 0.022458004 0.648287773 220.134033203 0.025679665 0.999660194 -0.004483348 -13.134666443 -0.648168147 0.013235696 -0.761382341 426.311523438
-0.760730147 0.024456875 0.648607492 220.818725586 0.028242243 0.999590695 -0.004566921 -13.155845642 -0.648453653 0.014843934 -0.761109471 425.498657227
-0.760687947 0.024836738 0.648642421 221.512756348 0.027617216 0.999601245 -0.005887296 -13.176898003 -0.648529947 0.013435302 -0.761070490 424.692810059
-0.759660602 0.025330303 0.649826407 222.200744629 0.028034450 0.999587774 -0.006191188 -13.194924355 -0.649715364 0.013514324 -0.760057569 423.891754150
-0.758696914 0.025708124 0.650936663 222.903137207 0.027598575 0.999592364 -0.007310539 -13.211628914 -0.650859237 0.012418439 -0.759097099 423.090881348
-0.757780671 0.025094008 0.652026951 223.589904785 0.026854670 0.999612987 -0.007260976 -13.242528915 -0.651956856 0.012007741 -0.758161306 422.306884766
-0.756797791 0.025597932 0.653147936 224.275146484 0.026637541 0.999610603 -0.008311648 -13.262675285 -0.653106332 0.011108017 -0.757184982 421.521423340
-0.755441666 0.026250755 0.654690266 224.966491699 0.026977496 0.999595940 -0.008951152 -13.285052299 -0.654660702 0.010899832 -0.755844593 420.729675293
-0.754730940 0.027273422 0.655467331 225.659790039 0.026860772 0.999582291 -0.010663194 -13.313002586 -0.655484378 0.009558516 -0.755148292 419.947509766
-0.753645897 0.028594041 0.656658709 226.339172363 0.026244795 0.999565661 -0.013404751 -13.340294838 -0.656756818 0.007131438 -0.754068971 419.178833008
-0.752653003 0.028643740 0.657793999 227.005737305 0.024942992 0.999576509 -0.014986747 -13.369354248 -0.657944679 0.005127529 -0.753048778 418.414184570
-0.752135873 0.027292905 0.658442736 227.688598633 0.023654671 0.999616265 -0.014414173 -13.394838333 -0.658583462 0.004733829 -0.752492905 417.651794434
-0.751694202 0.024340037 0.659062684 228.379577637 0.021662500 0.999690771 -0.012212705 -13.428772926 -0.659156144 0.005096726 -0.751989007 416.880096436
-0.751541853 0.022982746 0.659284890 229.041931152 0.021363735 0.999716640 -0.010496967 -13.453504562 -0.659339309 0.006195878 -0.751819968 416.126037598
-0.751780033 0.020636516 0.659091413 229.717956543 0.019518422 0.999768615 -0.009040003 -13.479955673 -0.659125447 0.006068332 -0.752008796 415.375305176
-0.751982212 0.020356411 0.658869267 230.374511719 0.020234013 0.999764860 -0.007795189 -13.507314682 -0.658873022 0.007469725 -0.752217293 414.622222900
-0.752805948 0.019897211 0.657941937 231.017028809 0.021398310 0.999754488 -0.005750591 -13.529237747 -0.657894850 0.009749766 -0.753046870 413.897766113
-0.753620386 0.017677529 0.657072365 231.651367188 0.020592662 0.999782562 -0.003279152 -13.553218842 -0.656987488 0.011059632 -0.753820658 413.175598145
-0.754829288 0.018033056 0.655673265 232.270629883 0.021888210 0.999757767 -0.002298131 -13.569242477 -0.655555904 0.012616818 -0.755041242 412.469543457
-0.756916046 0.017927382 0.653266311 232.896972656 0.021728858 0.999761343 -0.002259696 -13.596090317 -0.653150916 0.012484332 -0.757124901 411.763214111
-0.759690642 0.018122887 0.650032282 233.485717773 0.021509254 0.999764919 -0.002735636 -13.614450455 -0.649929047 0.011903470 -0.759901881 411.089294434
-0.762888670 0.017910931 0.646282017 234.056396484 0.021196406 0.999771714 -0.002686672 -13.637537956 -0.646182597 0.011649224 -0.763094068 410.418823242
-0.766887307 0.018485351 0.641515553 234.584777832 0.020968297 0.999773145 -0.003742444 -13.656335831 -0.641439199 0.010581456 -0.767100930 409.788299561
-0.771770239 0.019513007 0.635602355 235.109924316 0.021794055 0.999753535 -0.004229374 -13.674774170 -0.635528266 0.010588247 -0.772005320 409.151367188
-0.778064609 0.020619815 0.627845645 235.607849121 0.023730835 0.999712527 -0.003424034 -13.694138527 -0.627735794 0.012235182 -0.778330207 408.535705566
-0.785864115 0.021058196 0.618040860 236.075378418 0.024433961 0.999696970 -0.002993403 -13.712700844 -0.617916584 0.012748778 -0.786140442 407.940490723
-0.795102239 0.021498170 0.606094241 236.528808594 0.024335898 0.999697566 -0.003534335 -13.727425575 -0.605986953 0.011939690 -0.795384884 407.343048096
-0.806687951 0.021063440 0.590602160 236.945190430 0.022941053 0.999727488 -0.004320048 -13.746670723 -0.590532243 0.010064105 -0.806951404 406.772338867
-0.820485115 0.022933880 0.571207881 237.324829102 0.023592310 0.999702156 -0.006249759 -13.762589455 -0.571181059 0.008348279 -0.820781827 406.211669922
-0.836597085 0.023594186 0.547310352 237.678588867 0.023448531 0.999698758 -0.007253847 -13.781024933 -0.547316611 0.006765075 -0.836898327 405.655548096
-0.854999661 0.024409199 0.518053949 237.994628906 0.024125209 0.999682367 -0.007285736 -13.799112320 -0.518067241 0.006268858 -0.855316997 405.109436035
-0.874982834 0.024732335 0.483521938 238.276611328 0.024244061 0.999679685 -0.007261878 -13.815296173 -0.483546674 0.005368516 -0.875302196 404.563110352
-0.896597505 0.027071055 0.442018986 238.524780273 0.026641287 0.999619246 -0.007181246 -13.833996773 -0.442045093 0.005337268 -0.896977305 404.008392334
-0.918917894 0.028717384 0.393402487 238.739715576 0.028403789 0.999574602 -0.006620244 -13.844980240 -0.393425256 0.005090661 -0.919342637 403.442321777
-0.939863086 0.028867057 0.340329468 238.901031494 0.030173229 0.999543607 -0.001454997 -13.858627319 -0.340216160 0.008901342 -0.940305114 402.902709961
-0.959338307 0.027779341 0.280889243 239.042633057 0.030342255 0.999528170 0.004778566 -13.866971970 -0.280623943 0.013107073 -0.959728599 402.324615479
-0.976191044 0.027751222 0.215130240 239.138946533 0.030851886 0.999462664 0.011067812 -13.877518654 -0.214707509 0.017441472 -0.976522684 401.748443604
-0.988999009 0.028525524 0.145146653 239.175994873 0.031094745 0.999396801 0.015462640 -13.883383751 -0.144618034 0.019805832 -0.989289403 401.175903320
-0.996993423 0.030271765 0.071329996 239.184661865 0.031598348 0.999346673 0.017543146 -13.882100105 -0.070752338 0.019744309 -0.997298598 400.610260010
-0.999467373 0.032536454 -0.002646998 239.141952515 0.032479130 0.999284148 0.019398140 -13.876587868 0.003276250 0.019301830 -0.999808669 400.047424316
-0.996441007 0.034239531 -0.077028304 239.067779541 0.032646112 0.999228060 0.021851487 -13.872999191 0.077717029 0.019259039 -0.996789575 399.517211914
-0.987938404 0.036340624 -0.150524482 238.951171875 0.033009380 0.999152958 0.024571531 -13.866394043 0.151289925 0.019306432 -0.988301158 398.977050781
-0.974089622 0.039777473 -0.222637743 238.786041260 0.034494497 0.999024570 0.027569229 -13.860345840 0.223517209 0.019175118 -0.974511504 398.454620361
-0.955188036 0.042667393 -0.292908847 238.592727661 0.035130564 0.998903513 0.030945867 -13.849441528 0.293908060 0.019269064 -0.955639601 397.952575684
-0.931656122 0.045315851 -0.360504687 238.350692749 0.035196755 0.998781681 0.034588665 -13.833774567 0.361632913 0.019536143 -0.932116032 397.446197510
-0.904295087 0.049637370 -0.424012691 238.077682495 0.036376223 0.998564422 0.039317869 -13.816673279 0.425355613 0.020130973 -0.904802561 396.943664551
-0.875298262 0.051422209 -0.480841845 237.778976440 0.034363702 0.998430610 0.044220407 -13.797319412 0.482361138 0.022182535 -0.875691533 396.499176025
-0.844609141 0.054048471 -0.532648385 237.440124512 0.032736570 0.998243272 0.049383275 -13.775730133 0.534381747 0.024272485 -0.844894767 396.035125732
-0.812787652 0.055119742 -0.579946935 237.078063965 0.029873516 0.998147607 0.052999366 -13.755676270 0.581793964 0.025752168 -0.812928677 395.577301025
-0.780253768 0.055655196 -0.622982323 236.698989868 0.026698707 0.998089015 0.055727232 -13.731925964 0.624893308 0.026848549 -0.780248642 395.123352051
-0.748199940 0.054950751 -0.661194086 236.332595825 0.021749243 0.998060048 0.058335934 -13.715688705 0.663116992 0.029266464 -0.747943640 394.701202393
-0.718952894 0.056393541 -0.692767322 235.900436401 0.019686846 0.997955441 0.060805883 -13.684136391 0.694779992 0.030078162 -0.718593240 394.289306641
-0.692211866 0.056373645 -0.719489336 235.449249268 0.014868576 0.997846901 0.063878730 -13.656291008 0.721541286 0.033519827 -0.691559672 393.874053955
-0.666013718 0.055554908 -0.743868172 234.974044800 0.009249916 0.997761190 0.066234812 -13.619497299 0.745882452 0.037232563 -0.665036559 393.462646484
-0.637905121 0.054653008 -0.768173397 234.478820801 0.003067489 0.997651041 0.068432294 -13.590881348 0.770108998 0.041296937 -0.636574388 393.066894531
-0.607423663 0.051038925 -0.792736828 233.975372314 -0.005281800 0.997652292 0.068279147 -13.552630424 0.794360638 0.045661442 -0.605728030 392.654418945
-0.578049421 0.049291190 -0.814511836 233.436889648 -0.010446301 0.997645080 0.067787342 -13.514017105 0.815935075 0.047693063 -0.576173306 392.287109375
-0.548052907 0.048233140 -0.835052013 232.878875732 -0.014576583 0.997633696 0.067190714 -13.481348038 0.836316824 0.048996259 -0.546052933 391.933105469
-0.519757986 0.046973873 -0.853021383 232.298065186 -0.017501386 0.997692227 0.065604396 -13.441631317 0.854134500 0.049027450 -0.517736316 391.600036621
-0.492987514 0.047457993 -0.868741333 231.674224854 -0.017298648 0.997779131 0.064323656 -13.405305862 0.869864702 0.046738796 -0.491071701 391.288299561
-0.464166880 0.046082288 -0.884548187 231.049499512 -0.017908143 0.997953355 0.061387654 -13.352703094 0.885566652 0.044334736 -0.462391615 390.945251465
-0.437727451 0.047193069 -0.897868395 230.389434814 -0.016797993 0.998017967 0.060646389 -13.312582016 0.898950875 0.041628968 -0.436067104 390.648315430
-0.411768913 0.047450747 -0.910052359 229.709899902 -0.016623637 0.998086154 0.059562545 -13.272523880 0.911136925 0.039654370 -0.410192013 390.358581543
-0.386472940 0.047757134 -0.921063662 229.006195068 -0.013694305 0.998251259 0.057505365 -13.233704567 0.922199249 0.034837585 -0.385143161 390.083374023
-0.362018585 0.048558436 -0.930905223 228.287994385 -0.009052736 0.998412073 0.055600274 -13.190746307 0.932126880 0.028555574 -0.361004114 389.808807373
-0.338739872 0.051369347 -0.939476490 227.539184570 -0.001574498 0.998476088 0.055163063 -13.148368835 0.940878570 0.020165144 -0.338142753 389.562683105
-0.317564607 0.055954639 -0.946584404 226.766326904 0.003139502 0.998314023 0.057959240 -13.106491089 0.948231578 0.015433994 -0.317204952 389.323089600
-0.297789454 0.060967200 -0.952682912 225.960540771 0.007636941 0.998078763 0.061485175 -13.062468529 0.954601169 0.011034045 -0.297682881 389.091644287
-0.279867291 0.062757425 -0.957985401 225.133697510 0.008091427 0.997979879 0.063013621 -13.014250755 0.960004687 0.009883977 -0.279809713 388.853088379
-0.263814688 0.060847189 -0.962652445 224.304901123 0.006415521 0.998096943 0.061329398 -12.966443062 0.964552224 0.010003669 -0.263702989 388.634857178
-0.247476697 0.056796186 -0.967227876 223.455413818 0.004795088 0.998339951 0.057396229 -12.916145325 0.968882084 0.009566279 -0.247338176 388.420410156
-0.229830861 0.054525185 -0.971702039 222.595336914 0.000995937 0.998441994 0.055790085 -12.871744156 0.973230124 0.011854526 -0.229527116 388.208374023
-0.212801337 0.055441916 -0.975521445 221.704071045 -0.001584071 0.998368025 0.057085916 -12.822868347 0.977094352 0.013693250 -0.212366223 388.018615723
-0.196774364 0.057863377 -0.978739917 220.793212891 0.000407543 0.998261690 0.058935579 -12.774205208 0.980448782 0.011198124 -0.196455836 387.842926025
-0.182240725 0.058380879 -0.981519163 219.858032227 0.003148006 0.998265266 0.058792438 -12.730865479 0.983248830 0.007624549 -0.182108402 387.665161133
-0.170840383 0.054909889 -0.983767629 218.912628174 0.007677596 0.998489797 0.054398343 -12.678521156 0.985268950 0.001740457 -0.171003938 387.510437012
-0.161327839 0.048980441 -0.985684812 217.950347900 0.009600389 0.998798251 0.048060779 -12.632754326 0.986854315 -0.001709419 -0.161604285 387.359497070
-0.152093768 0.044627346 -0.987358093 216.967590332 0.012202069 0.998988748 0.043273419 -12.595632553 0.988290787 -0.005466199 -0.152484417 387.212219238
-0.144882321 0.043372076 -0.988497972 215.964477539 0.013354575 0.999033511 0.041876994 -12.555492401 0.989358902 -0.007133741 -0.145321488 387.065307617
-0.141070604 0.045156289 -0.988969326 214.943695068 0.011735401 0.998965323 0.043938730 -12.517336845 0.989930153 -0.005407492 -0.141454577 386.920867920
-0.137569666 0.047820754 -0.989337146 213.870361328 0.012453898 0.998838425 0.046548273 -12.473201752 0.990413904 -0.005917477 -0.138005495 386.784240723
-0.133231878 0.048688289 -0.989888370 212.831726074 0.014440176 0.998781919 0.047182187 -12.437530518 0.990979850 -0.008007995 -0.133772612 386.640502930
-0.129801750 0.048971538 -0.990330100 211.782928467 0.012413931 0.998781562 0.047762387 -12.394176483 0.991462469 -0.006094255 -0.130251527 386.501617432
-0.127169013 0.048546646 -0.990692437 210.723999023 0.010856375 0.998809814 0.047550861 -12.348540306 0.991821826 -0.004708335 -0.127544761 386.349304199
-0.124696970 0.048519835 -0.991007805 209.596740723 0.011859572 0.998805165 0.047409322 -12.298538208 0.992124021 -0.005841129 -0.125123382 386.228881836
-0.121609926 0.047416732 -0.991444886 208.515594482 0.012173256 0.998854399 0.046277944 -12.256538391 0.992503405 -0.006441259 -0.122047901 386.100250244
-0.118496895 0.046519566 -0.991864145 207.439056396 0.008197472 0.998913765 0.045870859 -12.221035004 0.992920637 -0.002695229 -0.118749499 385.957763672
-0.116031289 0.046926543 -0.992136419 206.335144043 0.006137026 0.998898089 0.046528630 -12.178050995 0.993226647 -0.000689989 -0.116191387 385.832122803
-0.113564372 0.047697019 -0.992385209 205.248840332 0.003945818 0.998860717 0.047556713 -12.136986732 0.993522942 0.001484973 -0.113623142 385.693542480
-0.110552788 0.047336083 -0.992742419 204.161315918 0.003289696 0.998877108 0.047262255 -12.098144531 0.993864894 0.001959154 -0.110584378 385.566101074
-0.107713699 0.047494564 -0.993046820 203.048950195 0.000592237 0.998861134 0.047708407 -12.055294037 0.994181752 0.004550734 -0.107619166 385.449096680
-0.104139328 0.048531715 -0.993378043 201.945526123 -0.001688441 0.998798668 0.048973553 -12.015160561 0.994561434 0.006777327 -0.103932261 385.320220947
-0.101641893 0.048087656 -0.993658125 200.832641602 -0.003496166 0.998807609 0.048694488 -11.971718788 0.994814932 0.008423392 -0.101352572 385.200744629
-0.099916577 0.047905181 -0.993841946 199.718170166 -0.003898715 0.998813808 0.048536796 -11.927514076 0.994988203 0.008724336 -0.099611282 385.092224121
-0.097823143 0.048573177 -0.994017720 198.599914551 -0.005002061 0.998771608 0.049297739 -11.880029678 0.995191216 0.009794598 -0.097460032 384.979217529
-0.095070362 0.051529422 -0.994135976 197.476898193 -0.006936537 0.998600841 0.052424196 -11.834925652 0.995446384 0.011879844 -0.094579816 384.855895996
-0.092334270 0.051389638 -0.994401157 196.352996826 -0.008659833 0.998588085 0.052410122 -11.787926674 0.995690465 0.013450597 -0.091758966 384.739440918
-0.089764595 0.049554586 -0.994729400 195.222564697 -0.011274082 0.998646855 0.050767120 -11.742219925 0.995899200 0.015771752 -0.089084506 384.646789551
-0.087078333 0.048967112 -0.994997323 194.102142334 -0.012295463 0.998662293 0.050223529 -11.698811531 0.996125638 0.016607329 -0.086359739 384.543304443
-0.084311604 0.049795426 -0.995194554 192.983612061 -0.014237801 0.998588383 0.051171452 -11.653923988 0.996337831 0.018483719 -0.083483577 384.439300537
-0.081748605 0.049842887 -0.995405853 191.851165771 -0.014559556 0.998582423 0.051197663 -11.616943359 0.996546626 0.018678004 -0.080906987 384.347442627
-0.079378724 0.049954601 -0.995592058 190.740844727 -0.014069593 0.998587966 0.051226694 -11.574256897 0.996745229 0.018073883 -0.078563809 384.254089355
-0.077760696 0.051753480 -0.995627940 189.617401123 -0.014426353 0.998488784 0.053028923 -11.528338432 0.996867716 0.018486846 -0.076896548 384.165344238
-0.076104045 0.053672958 -0.995654225 188.507019043 -0.016097045 0.998353899 0.055048887 -11.489157677 0.996969938 0.020216538 -0.075114846 384.075866699
-0.074315548 0.054134056 -0.995764494 187.397003174 -0.017182887 0.998307765 0.055554710 -11.438683510 0.997086823 0.021238677 -0.073259592 383.985107422
-0.072642684 0.055111159 -0.995834291 186.276123047 -0.017992973 0.998237252 0.056556672 -11.396422386 0.997195780 0.022026444 -0.071522951 383.897125244
-0.071363807 0.056674659 -0.995839000 185.172912598 -0.017062265 0.998169005 0.058029979 -11.348146439 0.997304440 0.021132505 -0.070266128 383.819549561
-0.069343090 0.058908984 -0.995852053 184.064086914 -0.015990324 0.998061061 0.060153097 -11.295028687 0.997464716 0.020095199 -0.068266749 383.734802246
-0.068130136 0.060181942 -0.995859802 182.967620850 -0.015336199 0.997997820 0.061360359 -11.245300293 0.997558713 0.019453183 -0.067070723 383.657653809
-0.066971183 0.060852539 -0.995897651 181.878570557 -0.014707163 0.997969747 0.061968174 -11.190999985 0.997646630 0.018796904 -0.065940261 383.588317871
-0.065333843 0.059795823 -0.996070325 180.781890869 -0.014965321 0.998031974 0.060895186 -11.139982224 0.997751355 0.018885020 -0.064310431 383.511871338
-0.063816428 0.057763245 -0.996288598 179.686767578 -0.015866822 0.998138547 0.058886841 -11.089766502 0.997835517 0.019565880 -0.062781096 383.433715820
-0.063275933 0.056283001 -0.996407807 178.599334717 -0.015720844 0.998228371 0.057384178 -11.040721893 0.997872293 0.019295402 -0.062278986 383.359497070
-0.062750220 0.056564819 -0.996425092 177.517395020 -0.014833594 0.998229444 0.057601407 -10.989300728 0.997919083 0.018395068 -0.061800122 383.282623291
-0.063002110 0.058585882 -0.996292472 176.440277100 -0.013307802 0.998137474 0.059535921 -10.944979668 0.997924805 0.017009342 -0.062105179 383.222106934
-0.063182354 0.060047578 -0.996193945 175.364837646 -0.011282177 0.998081505 0.060876917 -10.895090103 0.997938275 0.015085576 -0.062383652 383.157836914
-0.063119769 0.061080355 -0.996135116 174.288513184 -0.010858421 0.998024285 0.061884236 -10.848493576 0.997946918 0.014722567 -0.062331796 383.084442139
-0.063220739 0.060964305 -0.996135890 173.232604980 -0.011608191 0.998020053 0.061816346 -10.794226646 0.997932136 0.015471402 -0.062387824 383.012695312
-0.063413858 0.060053270 -0.996178925 172.172363281 -0.013017325 0.998053193 0.060994908 -10.738885880 0.997902513 0.016835503 -0.062508702 382.936401367
-0.062901258 0.059672032 -0.996234357 171.124114990 -0.014424539 0.998052359 0.060691677 -10.684628487 0.997915626 0.018187797 -0.061918020 382.860595703
-0.062925220 0.059590664 -0.996237636 170.069152832 -0.015173757 0.998043299 0.060657091 -10.635244370 0.997902930 0.018933525 -0.061897874 382.788696289
-0.062834978 0.059645306 -0.996240139 169.015045166 -0.014547178 0.998051763 0.060671300 -10.591393471 0.997918010 0.018304752 -0.061844945 382.721923828
-0.062292576 0.059854504 -0.996261656 167.970550537 -0.012777700 0.998070478 0.060762122 -10.541287422 0.997976243 0.016514951 -0.061407566 382.653442383
-0.062180161 0.059555482 -0.996286631 166.933624268 -0.011847374 0.998103738 0.060403530 -10.494631767 0.997994781 0.015559275 -0.061356783 382.590270996
-0.061511278 0.059135646 -0.996353209 165.902679443 -0.011886689 0.998129129 0.059974901 -10.444927216 0.998035789 0.015532465 -0.060693264 382.524566650
-0.060358524 0.058797963 -0.996443570 164.873748779 -0.012256237 0.998144686 0.059640754 -10.399178505 0.998101592 0.015812473 -0.059525967 382.457946777
-0.058341861 0.057659723 -0.996630132 163.851776123 -0.012452534 0.998210907 0.058480136 -10.356558800 0.998219013 0.015822409 -0.057519555 382.391387939
-0.056448936 0.054476585 -0.996918142 162.830627441 -0.012876940 0.998387516 0.055286016 -10.313278198 0.998322427 0.015958089 -0.055656433 382.331848145
-0.053781390 0.051385157 -0.997229755 161.821014404 -0.012582527 0.998560905 0.052132338 -10.271485329 0.998473465 0.015351422 -0.053057432 382.270751953
-0.051140904 0.050346229 -0.997421741 160.821350098 -0.010352409 0.998648107 0.050938938 -10.233093262 0.998637915 0.012930777 -0.050550580 382.221649170
-0.048448205 0.051289670 -0.997508049 159.822235107 -0.011264836 0.998589158 0.051892385 -10.195608139 0.998762250 0.013750852 -0.047802091 382.169128418
-0.045160890 0.052736998 -0.997586727 158.843231201 -0.008475645 0.998549402 0.053171583 -10.157381058 0.998943806 0.010856465 -0.044648409 382.114440918
-0.042894006 0.055154253 -0.997556090 157.885864258 -0.007547239 0.998428643 0.055527020 -10.121124268 0.999051094 0.009910570 -0.042410374 382.086059570
-0.039559603 0.055535477 -0.997672737 156.937194824 -0.007026784 0.998414159 0.055855371 -10.085518837 0.999192536 0.009220049 -0.039106727 382.043395996
-0.035515070 0.055410597 -0.997832000 156.000244141 -0.007119901 0.998422325 0.055696800 -10.051381111 0.999343932 0.009082526 -0.035064459 381.996185303
-0.031903028 0.054695509 -0.997993410 155.083709717 -0.006582611 0.998468399 0.054931976 -10.011834145 0.999469459 0.008321890 -0.031494141 381.971191406
-0.028176785 0.054307293 -0.998126745 154.200561523 -0.006036379 0.998495638 0.054497775 -9.979596138 0.999584854 0.007560640 -0.027806640 381.951904297
-0.025515437 0.055189487 -0.998149931 153.323303223 -0.004949453 0.998455703 0.055332918 -9.944749832 0.999662280 0.006352133 -0.025202870 381.929443359
-0.024456859 0.054473616 -0.998215675 152.471801758 -0.002407169 0.998508215 0.054548558 -9.919251442 0.999697983 0.003736961 -0.024289250 381.906097412
-0.025538087 0.053136278 -0.998260736 151.643737793 0.001651050 0.998587251 0.053111419 -9.889684677 0.999672532 -0.000291818 -0.025589705 381.889617920
-0.027691126 0.052137870 -0.998255908 150.822143555 0.004933721 0.998633802 0.052020751 -9.864868164 0.999604344 -0.003484603 -0.027910471 381.863281250
-0.031428695 0.053435192 -0.998076677 150.023071289 0.007050389 0.998556912 0.053238895 -9.829745293 0.999481201 -0.005363600 -0.031760097 381.833923340
-0.036801815 0.056844380 -0.997704625 149.245544434 0.009845320 0.998353004 0.056518167 -9.805631638 0.999274194 -0.007742757 -0.037300825 381.794067383
-0.045283437 0.058623679 -0.997252703 148.481445312 0.013467034 0.998221755 0.058069140 -9.779891968 0.998883545 -0.010800474 -0.045992374 381.761901855
-0.055530548 0.058150571 -0.996762216 147.737548828 0.015708711 0.998229921 0.057361048 -9.751868248 0.998333395 -0.012472555 -0.056345701 381.713684082
-0.068106294 0.057112508 -0.996042073 147.008575439 0.017823949 0.998270452 0.056021538 -9.720328331 0.997518897 -0.013937988 -0.069006443 381.660949707
-0.081522107 0.058057077 -0.994979262 146.308959961 0.019596590 0.998202324 0.056639537 -9.695388794 0.996478915 -0.014880828 -0.082513213 381.587036133
-0.096960664 0.059625413 -0.993500769 145.633117676 0.020836975 0.998106778 0.057868272 -9.668182373 0.995070219 -0.015090615 -0.098019481 381.506042480
-0.115142107 0.062369999 -0.991389215 144.989257812 0.023590995 0.997917116 0.060040779 -9.640480995 0.993068993 -0.016474642 -0.116373658 381.421051025
-0.138288736 0.064985313 -0.988257647 144.414581299 0.027375424 0.997714520 0.061776478 -9.609197617 0.990013540 -0.018510981 -0.139751673 381.341156006
-0.168384075 0.067114212 -0.983434200 143.825683594 0.032657530 0.997511566 0.062483300 -9.581879616 0.985180497 -0.021595351 -0.170156837 381.223815918
-0.205737114 0.069380462 -0.976144731 143.271514893 0.036873750 0.997324884 0.063114166 -9.567401886 0.977912307 -0.023009190 -0.207745075 381.089752197
-0.249521971 0.070282266 -0.965815246 142.739135742 0.039490923 0.997271597 0.062368706 -9.547693253 0.967563510 -0.022578573 -0.251616716 380.930938721
-0.298293710 0.071228750 -0.951812685 142.262268066 0.042455014 0.997214735 0.061321203 -9.525650978 0.953529477 -0.022117492 -0.300486922 380.740844727
-0.351678848 0.071531884 -0.933383703 141.832763672 0.043168489 0.997254729 0.060161825 -9.511500359 0.935124815 -0.019135121 -0.353801370 380.539215088
-0.409395218 0.071838498 -0.909524679 141.401458740 0.046698634 0.997238457 0.057746574 -9.486024857 0.911161423 -0.018832397 -0.411619425 380.317810059
-0.468682885 0.073198237 -0.880328834 140.994628906 0.050163064 0.997158229 0.056205899 -9.472601891 0.881941319 -0.017817255 -0.471022844 380.059661865
-0.529390454 0.076749831 -0.844899654 140.590484619 0.056050032 0.996887743 0.055436902 -9.459458351 0.846524835 -0.018008890 -0.532044649 379.769134521
-0.589978814 0.080215521 -0.803424418 140.219818115 0.060320940 0.996650875 0.055212170 -9.441867828 0.805162549 -0.015889315 -0.592841625 379.455993652
-0.648363471 0.081278726 -0.756980121 139.881835938 0.062288061 0.996614754 0.053658333 -9.427577972 0.758778870 -0.012360726 -0.651231289 379.112976074
-0.703651071 0.078008406 -0.706251025 139.566711426 0.060824625 0.996919632 0.049513306 -9.412166595 0.707938015 -0.008117374 -0.706228375 378.738037109
-0.752912998 0.077789269 -0.653506577 139.301193237 0.062197886 0.996955991 0.047012351 -9.394608498 0.655174375 -0.005250524 -0.755459428 378.336853027
-0.797028542 0.078552298 -0.598811269 139.064880371 0.063237391 0.996909738 0.046604913 -9.369401932 0.600621700 -0.000721809 -0.799533010 377.906707764
-0.839281082 0.081372961 -0.537574172 138.838760376 0.065292358 0.996665895 0.048929092 -9.358951569 0.539763331 0.005965771 -0.841795802 377.510864258
-0.875548244 0.079853773 -0.476485938 138.657684326 0.062548727 0.996681154 0.052098762 -9.346278191 0.479064822 0.015811387 -0.877637267 377.057769775
-0.906442642 0.074890539 -0.415636748 138.498321533 0.058523346 0.996930838 0.051998910 -9.329848289 0.418255299 0.022809561 -0.908043385 376.588806152
-0.931182027 0.072209910 -0.357331604 138.362838745 0.057665836 0.997021854 0.051205866 -9.318361282 0.359964997 0.027076155 -0.932572961 376.107299805
-0.950738668 0.069075130 -0.302200645 138.243469238 0.057461269 0.997232974 0.047165245 -9.303162575 0.304622412 0.027476979 -0.952077150 375.625030518
-0.965264440 0.068199046 -0.252217323 138.149536133 0.059504244 0.997346163 0.041950852 -9.290611267 0.254408985 0.025485663 -0.966760993 375.127593994
-0.976315975 0.062454645 -0.207139716 138.078613281 0.056400064 0.997794151 0.035013091 -9.277378082 0.208869517 0.022501143 -0.977684736 374.611877441
-0.984023452 0.055996671 -0.169004515 138.028015137 0.051905230 0.998244286 0.028534161 -9.260087967 0.170305610 0.019306062 -0.985202193 374.088012695
-0.989521265 0.045546919 -0.137015790 137.992721558 0.042332038 0.998757720 0.026288120 -9.244287491 0.138042927 0.020212492 -0.990220070 373.555236816
-0.993034720 0.041668590 -0.110208422 137.957000732 0.038910996 0.998876333 0.027056010 -9.232676506 0.111211970 0.022579236 -0.993540168 373.013854980
-0.995392561 0.042238113 -0.086081564 137.923431396 0.039847676 0.998776019 0.029301813 -9.222712517 0.087213852 0.025736650 -0.995857358 372.444824219
-0.996785998 0.046423022 -0.065287061 137.892242432 0.044435661 0.998513281 0.031570617 -9.212572098 0.066655599 0.028568080 -0.997366905 371.862152100
-0.997756600 0.046897795 -0.047776278 137.874511719 0.045409132 0.998462737 0.031782497 -9.199338913 0.049193364 0.029541712 -0.998352408 371.256866455
-0.998474836 0.043804128 -0.033608466 137.871597290 0.042843651 0.998667002 0.028785426 -9.182014465 0.034824587 0.027301610 -0.999020576 370.654998779
-0.999045730 0.038205601 -0.021170396 137.878112793 0.037659951 0.998962641 0.025600050 -9.168741226 0.022126500 0.024778340 -0.999448180 370.038024902
-0.999112844 0.040440489 -0.011784214 137.878509521 0.040161628 0.998928189 0.023010673 -9.158065796 0.012702146 0.022516975 -0.999666095 369.407196045
-0.998986602 0.044828184 -0.004107743 137.881530762 0.044727042 0.998755276 0.022076987 -9.145320892 0.005092300 0.021870878 -0.999748111 368.756774902
-0.998895764 0.046941455 0.001953492 137.880187988 0.046972636 0.998665094 0.021483742 -9.131517410 -0.000942406 0.021551780 -0.999767303 368.090179443
-0.998891115 0.046816915 0.004960394 137.885192871 0.046910472 0.998682261 0.020812131 -9.122013092 -0.003979499 0.021021750 -0.999771118 367.403503418
-0.998844147 0.047592245 0.006742222 137.901733398 0.047713652 0.998677194 0.019164905 -9.114307404 -0.005821203 0.019464448 -0.999793649 366.705169678
-0.998735070 0.049127009 0.010721254 137.917312622 0.049302127 0.998643756 0.016731255 -9.099512100 -0.009884757 0.017238669 -0.999802589 365.993652344
-0.998317003 0.055741884 0.016001325 137.918273926 0.055988044 0.998313129 0.015371309 -9.089342117 -0.015117507 0.016241321 -0.999753833 365.244567871
-0.997928143 0.060542814 0.021770801 137.933380127 0.060843349 0.998057127 0.013417301 -9.079650879 -0.020916183 0.014714112 -0.999672890 364.497283936
-0.997757673 0.060842030 0.027894298 137.960845947 0.061251320 0.998023331 0.014060331 -9.075590134 -0.026983703 0.015737364 -0.999512076 363.724975586
-0.997699380 0.059002168 0.033397168 138.003814697 0.059490226 0.998133302 0.013812795 -9.066490173 -0.032519843 0.015767816 -0.999346972 362.941986084
-0.997395635 0.060041800 0.039960492 138.026687622 0.060581930 0.998085618 0.012444727 -9.052993774 -0.039136790 0.014833201 -0.999123693 362.132537842
-0.997162938 0.060565155 0.044706631 138.068893433 0.061084222 0.998079121 0.010335890 -9.044544220 -0.043994758 0.013037431 -0.998947024 361.310791016
-0.997123837 0.058882520 0.047720619 138.117950439 0.059325054 0.998207390 0.007909540 -9.039026260 -0.047169343 0.010717819 -0.998829603 360.464996338
-0.996816993 0.061390303 0.050863381 138.169006348 0.061805509 0.998066187 0.006629418 -9.030929565 -0.050358038 0.009751954 -0.998683572 359.607604980
-0.996296287 0.066954717 0.053953722 138.204132080 0.067519054 0.997680008 0.008703638 -9.030382156 -0.053245801 0.012314305 -0.998505592 358.734588623
-0.996054888 0.067783423 0.057277229 138.254592896 0.068565093 0.997576952 0.011791618 -9.023710251 -0.056339167 0.015672313 -0.998288870 357.837585449
-0.995687604 0.070774429 0.059979618 138.310943604 0.071768872 0.997314572 0.014588239 -9.017968178 -0.058786072 0.018829996 -0.998093128 356.928405762
-0.995372534 0.072196200 0.063416764 138.372390747 0.073323458 0.997185767 0.015628649 -9.007278442 -0.062109966 0.020206260 -0.997864962 355.990875244
-0.995555520 0.067702167 0.065466627 138.438735962 0.068933062 0.997481048 0.016726974 -8.994182587 -0.064169273 0.021165445 -0.997714639 355.033935547
-0.995859623 0.060473457 0.067870699 138.515701294 0.061945423 0.997883201 0.019795012 -8.978292465 -0.066529952 0.023917332 -0.997497678 354.067565918
-0.996172309 0.053884190 0.068831369 138.606643677 0.055615824 0.998175800 0.023492655 -8.959076881 -0.067439921 0.027230838 -0.997352004 353.081939697
-0.996374726 0.049680453 0.069061965 138.679061890 0.051465895 0.998378634 0.024317360 -8.950139046 -0.067741893 0.027783534 -0.997316122 352.094879150
-0.996366858 0.051232941 0.068033658 138.752777100 0.052625842 0.998436570 0.018840635 -8.934066772 -0.066962034 0.022352511 -0.997505188 351.102355957
-0.996306300 0.052571863 0.067897633 138.822586060 0.053655736 0.998457968 0.014238351 -8.920091629 -0.067044392 0.017828856 -0.997590780 350.089538574
-0.996113181 0.056165159 0.067854173 138.890609741 0.057280198 0.998251379 0.014599000 -8.911203384 -0.066915564 0.018428955 -0.997588515 349.063385010
-0.996000171 0.058151182 0.067839220 138.956588745 0.059435215 0.998086333 0.017063679 -8.904306412 -0.066717125 0.021027466 -0.997550368 348.047119141
-0.996161580 0.056041338 0.067243196 139.030609131 0.057205029 0.998242021 0.015505302 -8.895726204 -0.066256046 0.019292433 -0.997616291 347.008758545
-0.996433616 0.051632755 0.066740945 139.116790771 0.052804470 0.998478115 0.015911847 -8.886568069 -0.065817803 0.019379318 -0.997643590 345.965148926
-0.996485591 0.050607156 0.066749118 139.194976807 0.051829163 0.998516262 0.016703457 -8.875797272 -0.065804765 0.020104304 -0.997630000 344.916992188
-0.996473312 0.050307021 0.067156203 139.265701294 0.051510088 0.998539388 0.016303662 -8.874078751 -0.066237926 0.019705389 -0.997609138 343.880676270
-0.996232390 0.053892456 0.067945100 139.340164185 0.054881483 0.998411179 0.012773342 -8.866642952 -0.067148760 0.016454145 -0.997607350 342.828308105
-0.995960474 0.057207722 0.069211923 139.421356201 0.058072384 0.998256683 0.010544460 -8.861705780 -0.068488039 0.014521165 -0.997546434 341.772735596
-0.995693326 0.058984760 0.071523413 139.484970093 0.059844796 0.998158216 0.009940019 -8.868786812 -0.070805371 0.014177514 -0.997389436 340.702819824
-0.995613456 0.058139008 0.073310971 139.565460205 0.058942910 0.998222113 0.008848387 -8.863008499 -0.072666198 0.013130731 -0.997270226 339.633331299
-0.995693564 0.054961178 0.074658543 139.655288696 0.056085650 0.998340726 0.013047807 -8.865849495 -0.073817536 0.017178888 -0.997123957 338.571075439
-0.995805144 0.052716430 0.074790888 139.743743896 0.054103468 0.998396635 0.016640889 -8.867988586 -0.073793724 0.020617524 -0.997060657 337.511322021
-0.995939136 0.051111829 0.074115522 139.835540771 0.052292895 0.998532474 0.014082182 -8.868097305 -0.073286995 0.017900709 -0.997150302 336.447631836
-0.995945811 0.051601607 0.073683135 139.915679932 0.052518118 0.998564184 0.010554390 -8.866931915 -0.073032714 0.014381301 -0.997225881 335.397369385
-0.995752335 0.055593699 0.073391587 139.992980957 0.056480207 0.998353064 0.010057960 -8.864166260 -0.072711557 0.014160411 -0.997252345 334.338043213
-0.995523334 0.060364794 0.072731845 140.068130493 0.061720785 0.997956395 0.016540688 -8.863245010 -0.071584731 0.020955700 -0.997214556 333.276794434
-0.995529294 0.060720690 0.072349824 140.138885498 0.062470309 0.997800589 0.022168359 -8.854580879 -0.070844620 0.026588967 -0.997132897 332.209838867
-0.995705605 0.058927029 0.071399286 140.221984863 0.060682029 0.997899830 0.022663588 -8.847063065 -0.069913834 0.026898915 -0.997190237 331.150054932
-0.995819807 0.057642624 0.070852429 140.297515869 0.059090801 0.998080909 0.018514432 -8.838729858 -0.069649234 0.022623766 -0.997314930 330.099243164
-0.996166825 0.053331789 0.069336586 140.384780884 0.054500144 0.998400092 0.015068091 -8.834770203 -0.068422042 0.018789183 -0.997479677 329.031585693
-0.996471286 0.049963914 0.067442551 140.471984863 0.051058963 0.998588741 0.014610789 -8.831701279 -0.066617362 0.018002778 -0.997616172 327.986358643
-0.996548414 0.048932429 0.067063577 140.546981812 0.050355617 0.998537123 0.019696975 -8.821745872 -0.066001646 0.023006009 -0.997554541 326.926727295
-0.996716499 0.046059631 0.066593401 140.627716064 0.047713913 0.998585343 0.023467345 -8.814113617 -0.065418303 0.026567722 -0.997504115 325.863006592
-0.996783376 0.045950986 0.065663144 140.703826904 0.047448471 0.998643756 0.021430239 -8.803506851 -0.064589351 0.024476919 -0.997611761 324.804412842
-0.996685147 0.048392776 0.065403059 140.774520874 0.049597103 0.998626053 0.016916489 -8.787008286 -0.064494565 0.020104209 -0.997715831 323.733856201
-0.996639848 0.050544329 0.064455070 140.849548340 0.051656343 0.998541474 0.015703266 -8.778519630 -0.063567348 0.018980013 -0.997797132 322.671539307
-0.996670961 0.050456371 0.064043678 140.925079346 0.051845748 0.998450398 0.020219903 -8.769191742 -0.062924214 0.023472980 -0.997742534 321.592193604
-0.996516585 0.053069796 0.064332262 140.986160278 0.054783519 0.998180926 0.025172697 -8.762804985 -0.062879324 0.028609352 -0.997611165 320.510650635
-0.996346354 0.056045964 0.064442307 141.054946899 0.057772048 0.998010695 0.025239609 -8.743890762 -0.062899530 0.028870355 -0.997602224 319.418640137
-0.996145129 0.060841016 0.063197926 141.132080078 0.062390774 0.997790337 0.022843512 -8.721981049 -0.061668459 0.026698412 -0.997739911 318.326995850
-0.996051788 0.062743977 0.062801965 141.210052490 0.064359277 0.997637331 0.024034915 -8.707473755 -0.061145537 0.027981909 -0.997736573 317.236694336
-0.995897293 0.064925373 0.063034110 141.267440796 0.066650957 0.997446120 0.025667772 -8.696817398 -0.061206639 0.029763747 -0.997681260 316.109191895
-0.995722055 0.067314789 0.063299626 141.336212158 0.069027796 0.997294545 0.025273537 -8.676475525 -0.061427087 0.029534845 -0.997674823 314.994415283
-0.995551467 0.069154039 0.063993670 141.407592773 0.070635170 0.997277379 0.021176802 -8.657320976 -0.062354978 0.025602797 -0.997725725 313.874877930
-0.995413899 0.071441807 0.063618094 141.483169556 0.072675370 0.997205794 0.017288901 -8.647989273 -0.062205181 0.021833081 -0.997824550 312.775512695
-0.995446563 0.070606172 0.064039618 141.558532715 0.071715295 0.997309506 0.015186387 -8.637097359 -0.062795065 0.019709855 -0.997831821 311.650207520
-0.995681405 0.067565151 0.063666746 141.654708862 0.068773247 0.997487843 0.016976338 -8.628808022 -0.062359799 0.021281593 -0.997826815 310.520843506
-0.995576859 0.068263061 0.064550228 141.715759277 0.069753401 0.997340679 0.021120884 -8.618611336 -0.062936790 0.025530063 -0.997690916 309.367309570
-0.995698452 0.066354118 0.064665675 141.796264648 0.068059601 0.997379541 0.024535542 -8.601119995 -0.062868185 0.028831122 -0.997605324 308.218078613
-0.995702982 0.066858418 0.064075507 141.878585815 0.068751775 0.997246027 0.027811805 -8.579498291 -0.062039591 0.032097600 -0.997557521 307.075317383
-0.995777249 0.067238152 0.062503867 141.965927124 0.069221854 0.997146189 0.030130614 -8.559491158 -0.060299564 0.034330014 -0.997589827 305.897369385
-0.995773673 0.068177551 0.061536063 142.035873413 0.069923818 0.997195423 0.026682908 -8.535778999 -0.059544306 0.030872973 -0.997748137 304.740539551
-0.995810151 0.068840094 0.060197607 142.117172241 0.070302062 0.997271657 0.022512779 -8.522875786 -0.058483586 0.026650462 -0.997932911 303.584899902
-0.995851398 0.068436824 0.059970874 142.188339233 0.069906317 0.997294009 0.022755360 -8.505366325 -0.058251288 0.026853299 -0.997940779 302.424377441
-0.995876193 0.068072543 0.059974995 142.262039185 0.069598049 0.997292995 0.023722466 -8.487103462 -0.058197796 0.027798779 -0.997918010 301.247741699
-0.995906234 0.067584448 0.060030177 142.351867676 0.068904899 0.997418642 0.020203279 -8.476833344 -0.058509789 0.024256939 -0.997992396 300.075897217
-0.995769501 0.068592541 0.061140586 142.412475586 0.069709547 0.997433722 0.016325099 -8.466108322 -0.059863903 0.020518119 -0.997995734 298.897155762
-0.995642662 0.069667324 0.061990362 142.490890503 0.070730180 0.997380912 0.015116764 -8.460983276 -0.060774859 0.019435478 -0.997962594 297.720062256
-0.995612741 0.069508523 0.062642805 142.571914673 0.070686951 0.997357190 0.016793573 -8.455316544 -0.061309956 0.021147924 -0.997894883 296.541503906
-0.995549560 0.068874307 0.064324118 142.647750854 0.070365675 0.997295678 0.021212285 -8.452486992 -0.062689185 0.025644088 -0.997703671 295.347351074
-0.995433569 0.068553418 0.066424355 142.726287842 0.070348322 0.997207463 0.025067737 -8.440476418 -0.064520381 0.029626111 -0.997476459 294.167144775
-0.995551109 0.065537296 0.067699596 142.817138672 0.067247905 0.997464120 0.023303077 -8.432264328 -0.066000700 0.027752053 -0.997433782 293.007080078
-0.995552063 0.065205276 0.068005562 142.889465332 0.066332132 0.997693062 0.014443424 -8.424795151 -0.066906892 0.018890131 -0.997580528 291.835113525
-0.995692372 0.062103663 0.068850614 142.979766846 0.062610812 0.998024285 0.005230528 -8.421537399 -0.068389758 0.009518788 -0.997613549 290.680786133
-0.995581746 0.062627949 0.069966666 143.070785522 0.063147090 0.997990549 0.005230762 -8.432415962 -0.069498479 0.009625841 -0.997535944 289.529998779
-0.995499253 0.062041543 0.071641386 143.160308838 0.062995516 0.997951746 0.011131974 -8.442775726 -0.070804000 0.015594956 -0.997368455 288.367553711
-0.995339870 0.063451760 0.072611295 143.239318848 0.064839654 0.997752309 0.016916754 -8.434352875 -0.071374685 0.021546012 -0.997216821 287.199920654
-0.995390415 0.062000982 0.073171742 143.333557129 0.063841529 0.997692943 0.023086645 -8.428109169 -0.071571544 0.027651615 -0.997052312 286.060852051
-0.995347142 0.062374488 0.073442377 143.420303345 0.064390779 0.997601151 0.025411867 -8.415136337 -0.071681142 0.030022636 -0.996975899 284.903198242
-0.995455384 0.061380383 0.072809607 143.516921997 0.063278794 0.997705877 0.024057822 -8.395064354 -0.071165890 0.028555790 -0.997055769 283.750915527
-0.995531678 0.061715908 0.071470119 143.596633911 0.063615046 0.997671127 0.024606192 -8.384810448 -0.069785081 0.029042816 -0.997139335 282.607696533
-0.995537281 0.062104777 0.071053453 143.678985596 0.064018041 0.997636259 0.024972269 -8.372585297 -0.069334604 0.029409526 -0.997159839 281.463012695
-0.995565295 0.062862344 0.069986112 143.768890381 0.064375855 0.997733593 0.019582441 -8.361469269 -0.068596497 0.024001015 -0.997355819 280.324432373
-0.995725870 0.061702460 0.068723992 143.850296021 0.062522560 0.997995019 0.009844897 -8.354240417 -0.067978747 0.014099618 -0.997587323 279.176025391
-0.995859146 0.060680639 0.067695759 143.940582275 0.061326075 0.998089612 0.007495409 -8.357093811 -0.067111611 0.011615885 -0.997677922 278.034484863
-0.996112466 0.057314932 0.066897139 144.032577515 0.058292933 0.998218000 0.012758628 -8.361069679 -0.066046670 0.016608657 -0.997678399 276.888641357
-0.996554732 0.049322110 0.066678867 144.115203857 0.050835233 0.998482227 0.021188715 -8.357409477 -0.065532595 0.024505349 -0.997549534 275.756439209
-0.996756434 0.046549208 0.065653130 144.202682495 0.048654996 0.998339176 0.030848034 -8.345246315 -0.064108141 0.033942319 -0.997365832 274.614715576
-0.996785760 0.047489990 0.064521179 144.280883789 0.049957220 0.998059094 0.037178829 -8.328383446 -0.062630333 0.040282622 -0.997223616 273.484741211
-0.996901989 0.045826007 0.063924536 144.359710693 0.048260946 0.998146236 0.037080839 -8.302876472 -0.062106766 0.040051021 -0.997265577 272.330139160
-0.996572256 0.053286444 0.063280813 144.427398682 0.055090006 0.998113394 0.027105372 -8.285161018 -0.061717078 0.030498601 -0.997627735 271.216064453
-0.996124983 0.062464491 0.061914217 144.494018555 0.063263178 0.997936010 0.011022760 -8.274616241 -0.061097894 0.014896935 -0.998020649 270.118469238
-0.996001124 0.064564869 0.061750032 144.558517456 0.064933494 0.997881651 0.003979607 -8.273171425 -0.061362281 0.007973339 -0.998083711 269.005523682
-0.995925426 0.065099359 0.062408160 144.630584717 0.065941930 0.997756779 0.011535550 -8.281877518 -0.061517209 0.015603861 -0.997984171 267.894409180
-0.995892525 0.064157337 0.063894302 144.701766968 0.065813780 0.997539282 0.024164507 -8.279821396 -0.062186748 0.028270369 -0.997664452 266.772583008
-0.996017218 0.062502958 0.063586488 144.775604248 0.064696647 0.997357726 0.033044215 -8.265675545 -0.061353114 0.037026439 -0.997429252 265.652618408
-0.996194363 0.059617959 0.063584894 144.856216431 0.062224708 0.997266889 0.039834432 -8.237638474 -0.061036263 0.043639377 -0.997181416 264.538604736
-0.996283174 0.057019617 0.064564183 144.930770874 0.059975725 0.997193456 0.044811442 -8.219099045 -0.061827853 0.048517168 -0.996906877 263.442260742
-0.996416807 0.054566249 0.064622082 145.009109497 0.057357877 0.997463048 0.042161103 -8.191067696 -0.062157564 0.045716617 -0.997018695 262.349853516
-0.996557593 0.051988054 0.064578928 145.084701538 0.054304104 0.997923374 0.034640837 -8.169351578 -0.062643908 0.038028490 -0.997311234 261.262207031
-0.996629357 0.051686671 0.063706130 145.158203125 0.053445090 0.998226702 0.026213054 -8.136085510 -0.062238295 0.029529478 -0.997624397 260.174468994
-0.996709585 0.052183181 0.062026016 145.229919434 0.053506985 0.998369634 0.019875715 -8.117745399 -0.060887717 0.023129137 -0.997876763 259.092895508
-0.996815443 0.052988481 0.059593659 145.296142578 0.053889725 0.998454034 0.013617950 -8.108637810 -0.058779933 0.016786067 -0.998129964 258.011352539
-0.996837854 0.054541405 0.057789095 145.353302002 0.055404212 0.998373628 0.013433616 -8.118659973 -0.056962419 0.016592896 -0.998238444 256.928497314
-0.996892452 0.054763019 0.056625597 145.408813477 0.055890545 0.998265088 0.018522575 -8.110033035 -0.055513006 0.021629851 -0.998223662 255.857315063
-0.996965528 0.053399079 0.056643076 145.468505859 0.055072114 0.998078465 0.028397478 -8.099126816 -0.055017836 0.031430759 -0.997990608 254.785278320
-0.997189641 0.049088273 0.056598548 145.541519165 0.051281516 0.997962117 0.037971873 -8.089825630 -0.054619230 0.040767614 -0.997674704 253.727416992
-0.997393966 0.043876354 0.057277109 145.616134644 0.046286818 0.998067498 0.041458465 -8.064634323 -0.055347376 0.044001587 -0.997497320 252.668853760
-0.997549534 0.039579771 0.057691526 145.685272217 0.041807629 0.998405278 0.037935000 -8.041810989 -0.056098063 0.040253986 -0.997613430 251.647140503
-0.997591019 0.037151050 0.058583941 145.752410889 0.038994227 0.998769581 0.030638929 -8.026069641 -0.057373591 0.032849554 -0.997812271 250.631546021
-0.997410297 0.040151495 0.059671380 145.819915771 0.041423786 0.998936653 0.020239275 -8.007394791 -0.058795292 0.022658676 -0.998013020 249.635787964
-0.997119904 0.043527395 0.062105484 145.871795654 0.044584595 0.998881638 0.015738953 -8.006989479 -0.061350953 0.018462572 -0.997945428 248.651733398
-0.996808887 0.047995508 0.063785724 145.932601929 0.049050778 0.998682439 0.015081436 -8.005174637 -0.062977843 0.018162047 -0.997849703 247.679992676
-0.996536732 0.050797418 0.065836951 145.998428345 0.052287221 0.998409033 0.021105530 -8.007093430 -0.064660102 0.024474865 -0.997607231 246.712966919
-0.996276379 0.053281225 0.067784779 146.058441162 0.055104688 0.998159468 0.025320342 -8.005353928 -0.066310920 0.028961314 -0.997378707 245.780654907
-0.996041417 0.055861782 0.069147900 146.119522095 0.057610478 0.998061180 0.023557207 -8.003063202 -0.067697890 0.027447591 -0.997328401 244.865524292
-0.995860457 0.057179879 0.070658721 146.174499512 0.058486570 0.998150766 0.016562928 -7.997554302 -0.069580995 0.020626947 -0.997363210 243.980529785
-0.995772719 0.058568526 0.070754915 146.238998413 0.059618395 0.998138964 0.012816715 -7.994398594 -0.069872580 0.016980831 -0.997411370 243.099044800
-0.995890498 0.054354783 0.072443068 146.307159424 0.055380609 0.998390436 0.012226361 -8.000183105 -0.071661904 0.016188055 -0.997297764 242.240188599
-0.996001005 0.051531613 0.072983265 146.382385254 0.052612446 0.998530865 0.012963784 -8.004882812 -0.072207995 0.016751770 -0.997248888 241.391952515
-0.995917201 0.051791765 0.073936529 146.445663452 0.052870855 0.998520434 0.012711655 -8.009652138 -0.073168777 0.016568843 -0.997181892 240.557388306
-0.996022701 0.047162265 0.075593732 146.517166138 0.048364989 0.998729348 0.014158502 -8.011060715 -0.074829936 0.017758280 -0.997038126 239.749191284
-0.996279597 0.038838990 0.076931879 146.597335815 0.040404089 0.999004781 0.018892471 -8.007196426 -0.076121554 0.021930546 -0.996857285 238.950225830
-0.996198654 0.036245398 0.079213597 146.667327881 0.038497962 0.998891234 0.027096402 -8.007302284 -0.078143649 0.030042958 -0.996489406 238.172866821
-0.995929718 0.036979761 0.082197942 146.731506348 0.039586540 0.998756230 0.030312723 -8.009025574 -0.080974750 0.033443272 -0.996154904 237.416183472
-0.995816231 0.036384847 0.083823018 146.799850464 0.038844619 0.998855591 0.027902702 -8.000697136 -0.082711853 0.031042034 -0.996089935 236.694107056
-0.995683312 0.034825426 0.086035050 146.868148804 0.036918003 0.999056995 0.022851791 -7.988875389 -0.085158095 0.025929388 -0.996030092 235.995437622
-0.995360851 0.037635814 0.088548683 146.929260254 0.039458733 0.999041915 0.018926412 -7.985306740 -0.087751538 0.022332624 -0.995892286 235.327819824
-0.995092511 0.035976816 0.092179127 146.986129761 0.038117189 0.999040544 0.021564750 -7.983693123 -0.091314852 0.024972526 -0.995509148 234.669586182
-0.995099664 0.034186106 0.092782892 147.052383423 0.036873516 0.998944044 0.027405974 -7.979507923 -0.091748022 0.030692898 -0.995309472 234.040405273
-0.995334268 0.027108651 0.092602126 147.124740601 0.030093737 0.999066472 0.030992592 -7.970335007 -0.091675512 0.033634726 -0.995220900 233.421035767
-0.995484471 0.025093466 0.091549926 147.180664062 0.028107252 0.999099612 0.031780008 -7.962537289 -0.090670019 0.034209717 -0.995293379 232.833862305
-0.995847940 0.020912722 0.088600211 147.236968994 0.023986883 0.999141574 0.033775475 -7.970286369 -0.087817818 0.035760473 -0.995494723 232.273956299
-0.996397853 0.020711169 0.082233332 147.283401489 0.023448274 0.999197960 0.032459509 -7.958754539 -0.081495106 0.034270812 -0.996084332 231.722274780
-0.997041941 0.018883564 0.074505493 147.321166992 0.021117747 0.999347150 0.029313827 -7.948637962 -0.073903300 0.030800497 -0.996789813 231.191741943
-0.997886300 0.015630389 0.063079439 147.361663818 0.017315729 0.999505162 0.026260106 -7.943152905 -0.062637769 0.027296862 -0.997663260 230.682327271
-0.998792410 0.012644101 0.047477115 147.385635376 0.013878331 0.999571860 0.025757277 -7.934520245 -0.047131110 0.026385074 -0.998540282 230.174011230
-0.999536633 0.012152828 0.027915958 147.393096924 0.012897084 0.999561965 0.026637064 -7.923596859 -0.027580015 0.026984749 -0.999255538 229.688186646
-0.999854565 0.016579429 0.004052990 147.376785278 0.016688837 0.999450386 0.028642442 -7.915139675 -0.003575887 0.028705910 -0.999581695 229.221801758
-0.999451637 0.022959301 -0.023863463 147.345352173 0.022257635 0.999323845 0.029264340 -7.913264275 0.024519216 0.028717147 -0.999286890 228.793731689
-0.998064160 0.025078176 -0.056918107 147.302398682 0.023513099 0.999331295 0.028002162 -7.910116196 0.057582285 0.026609622 -0.997986436 228.352371216
-0.995171309 0.025409147 -0.094810255 147.248535156 0.022848062 0.999346733 0.028001389 -7.906313896 0.095459811 0.025699941 -0.995101690 227.914138794
-0.990659595 0.027103301 -0.133637592 147.167922974 0.023433015 0.999305844 0.028961513 -7.899950504 0.134329781 0.025559470 -0.990607023 227.484954834
-0.984202147 0.034223124 -0.173710585 147.062896729 0.029657489 0.999144793 0.028811719 -7.884475708 0.174548060 0.023204729 -0.984375477 227.063140869
-0.975727439 0.041189566 -0.215080097 146.938476562 0.035911493 0.998951554 0.028392008 -7.875837803 0.216024056 0.019979013 -0.976183653 226.641967773
-0.965523362 0.047954991 -0.255861223 146.782165527 0.042298913 0.998724639 0.027566679 -7.859074593 0.256856859 0.015793622 -0.966320395 226.261505127
-0.952864885 0.051253427 -0.299034774 146.655944824 0.044045966 0.998554707 0.030797429 -7.871904850 0.300181061 0.016174510 -0.953745127 225.934997559
-0.938367605 0.052580312 -0.341616154 146.492752075 0.043825947 0.998484075 0.033299822 -7.859616756 0.342849195 0.016275821 -0.939249396 225.541198730
-0.921844840 0.057709061 -0.383239090 146.301910400 0.046887569 0.998194993 0.037527073 -7.845381737 0.384712994 0.016624980 -0.922886729 225.182556152
-0.901990891 0.060980774 -0.427427232 146.085128784 0.047567941 0.997984588 0.042000208 -7.832936764 0.429127008 0.017551966 -0.903073788 224.821075439
-0.877745867 0.063339643 -0.474921882 145.852767944 0.048333745 0.997872412 0.043754894 -7.810355186 0.476682872 0.015450915 -0.878939867 224.464172363
-0.850852847 0.065237790 -0.521338642 145.585647583 0.047959331 0.997762442 0.046582960 -7.789110184 0.523211062 0.014632186 -0.852077842 224.106231689
-0.821189642 0.067912407 -0.566600263 145.302261353 0.046798799 0.997563422 0.051740628 -7.781201839 0.568733513 0.015972648 -0.822366953 223.766204834
-0.787107348 0.066365466 -0.613235831 145.010375977 0.041383602 0.997636735 0.054848894 -7.762605190 0.615426600 0.017794050 -0.787993670 223.415542603
-0.751792908 0.067772463 -0.655907571 144.708221436 0.039534748 0.997547448 0.057758626 -7.748612404 0.658213377 0.017491380 -0.752628446 223.149703979
-0.711931348 0.063711382 -0.699353218 144.363616943 0.033117738 0.997814000 0.057187933 -7.726203442 0.701467991 0.017552879 -0.712485075 222.831527710
-0.670174479 0.059935443 -0.739779949 143.990249634 0.029352842 0.998094618 0.054272532 -7.702831268 0.741623282 0.014657409 -0.670656800 222.535171509
-0.627400041 0.055749591 -0.776699185 143.594421387 0.025995420 0.998377442 0.050662626 -7.681476593 0.778263330 0.011595105 -0.627831221 222.252929688
-0.583378673 0.051948767 -0.810537457 143.169189453 0.022719186 0.998605669 0.047650423 -7.658176422 0.811882675 0.009383484 -0.583745480 221.978942871
-0.538451076 0.049290184 -0.841214001 142.737716675 0.019560331 0.998749912 0.046000525 -7.633817673 0.842429817 0.008314604 -0.538742065 221.734954834
-0.493109584 0.049094893 -0.868580699 142.273788452 0.015086359 0.998738825 0.047887024 -7.613466263 0.869836271 0.010509831 -0.493228316 221.501556396
-0.448747039 0.050310928 -0.892241776 141.783309937 0.011448723 0.998655736 0.050553255 -7.588171005 0.893585742 0.012470587 -0.448719859 221.286621094
-0.404572248 0.052389681 -0.913004339 141.275878906 0.011083389 0.998565316 0.052388020 -7.557609081 0.914439082 0.011075547 -0.404572368 221.091888428
-0.360864639 0.055114783 -0.930988252 140.756454468 0.012184925 0.998445690 0.054385226 -7.531070709 0.932538629 0.008281680 -0.360975266 220.916412354
-0.318320990 0.056682058 -0.946286917 140.211181641 0.009836681 0.998354614 0.056491926 -7.506669998 0.947931945 0.008674243 -0.318354726 220.757217407
-0.280290246 0.053729516 -0.958410382 139.657241821 0.004118238 0.998490393 0.054772053 -7.485893250 0.959906459 0.011405114 -0.280088425 220.614822388
-0.245369196 0.048727024 -0.968204439 139.097366333 0.002274102 0.998762190 0.049688596 -7.454596519 0.969427109 0.009990254 -0.245176315 220.486862183
-0.214282274 0.045705575 -0.975701988 138.505157471 0.004455307 0.998939991 0.045815665 -7.427528858 0.976761758 0.005470424 -0.214258671 220.379379272
-0.187457800 0.044347294 -0.981271207 137.889526367 0.009669253 0.999015212 0.043302044 -7.400984764 0.982225239 -0.001370858 -0.187702060 220.287460327
-0.163303614 0.044899371 -0.985553861 137.238449097 0.012503641 0.998977840 0.043439128 -7.366339684 0.986496806 -0.005229253 -0.163698077 220.193923950
-0.141862631 0.045865595 -0.988823295 136.630065918 0.016329162 0.998898506 0.043990247 -7.344614029 0.989751756 -0.009906083 -0.142455339 220.112548828
-0.124315977 0.045138128 -0.991215527 135.960540771 0.014668418 0.998939216 0.043650176 -7.315892220 0.992134333 -0.009113151 -0.124846220 220.039245605
-0.108911514 0.045580518 -0.993006051 135.269790649 0.016199172 0.998896897 0.044074222 -7.280860901 0.993919611 -0.011285689 -0.109529734 219.972946167
-0.097064614 0.047081664 -0.994163930 134.536239624 0.017830456 0.998802423 0.045560472 -7.245665550 0.995118439 -0.013304088 -0.097787857 219.909362793
-0.087439895 0.049980529 -0.994915247 133.811599731 0.021909581 0.998595476 0.048239850 -7.205204487 0.995928884 -0.017580092 -0.088412166 219.861694336
-0.079665661 0.052765932 -0.995424211 133.092224121 0.023095552 0.998427629 0.051076770 -7.192198277 0.996554196 -0.018920811 -0.080759048 219.808532715
-0.072072148 0.051673908 -0.996060133 132.288452148 0.020093907 0.998529553 0.050348092 -7.153916359 0.997197151 -0.016386049 -0.073004484 219.743911743
-0.064695358 0.047393668 -0.996779144 131.515472412 0.022529172 0.998686314 0.046022121 -7.111935616 0.997650862 -0.019479197 -0.065678120 219.698547363
-0.057186127 0.042944863 -0.997439563 130.683486938 0.026996911 0.998775601 0.041454580 -7.075073242 0.997998595 -0.024557160 -0.058275580 219.667449951
-0.050609112 0.035502426 -0.998087466 129.864105225 0.027624205 0.999035358 0.034135439 -7.038975716 0.998336613 -0.025843808 -0.051541090 219.628112793
-0.046334982 0.030819042 -0.998450458 129.008071899 0.032211546 0.999050260 0.029342717 -7.012528419 0.998406529 -0.030802034 -0.047283769 219.590576172
-0.044214129 0.029348768 -0.998591006 128.120483398 0.035299763 0.998990119 0.027797557 -6.985046387 0.998398364 -0.034020983 -0.045205474 219.559722900
-0.042598128 0.032515965 -0.998563170 127.219955444 0.035693064 0.998881757 0.031003704 -6.955548763 0.998454630 -0.034321077 -0.043711066 219.523025513
-0.042368293 0.039037477 -0.998339236 126.290084839 0.032798577 0.998752117 0.037661698 -6.926709175 0.998563647 -0.031148445 -0.043595791 219.484313965
-0.042681098 0.048493553 -0.997911334 125.336914062 0.030465942 0.998420000 0.047215246 -6.886303902 0.998624265 -0.028387114 -0.044091105 219.431182861
-0.043316245 0.055114198 -0.997540057 124.373001099 0.027851153 0.998155773 0.053938836 -6.855043411 0.998673141 -0.025446214 -0.044771314 219.384338379
-0.042462230 0.053381059 -0.997671068 123.412445068 0.027483832 0.998256147 0.052242618 -6.813117981 0.998720050 -0.025201481 -0.043855309 219.331604004
-0.042876720 0.044796202 -0.998075604 122.426635742 0.031359833 0.998562396 0.043470852 -6.775547504 0.998588145 -0.029435597 -0.044219851 219.296249390
-0.043168902 0.039052431 -0.998304248 121.445449829 0.032422613 0.998764157 0.037668396 -6.732760429 0.998541594 -0.030741528 -0.044381738 219.253021240
-0.043021083 0.037932303 -0.998353899 120.459335327 0.035494264 0.998706162 0.036416177 -6.702024937 0.998443604 -0.033869173 -0.044311762 219.212158203
-0.043638468 0.042093106 -0.998160362 119.459304810 0.038260669 0.998449445 0.040432591 -6.677585602 0.998314619 -0.036425866 -0.045181394 219.172317505
-0.045016766 0.043748803 -0.998027861 118.447738647 0.036589228 0.998442471 0.042116601 -6.642066002 0.998315990 -0.034621116 -0.046547413 219.126022339
-0.047335863 0.049718034 -0.997641087 117.448898315 0.038977716 0.998091757 0.047891095 -6.608362198 0.998118401 -0.036618799 -0.049183488 219.076354980
-0.050670624 0.055827495 -0.997153819 116.445358276 0.039457250 0.997768819 0.053856894 -6.565276146 0.997935653 -0.036615986 -0.052760363 219.020935059
-0.053927422 0.059350651 -0.996779501 115.450027466 0.037285808 0.997655571 0.057385594 -6.525550842 0.997848511 -0.034071077 -0.056013942 218.954254150
-0.057435036 0.053283181 -0.996926367 114.450683594 0.037035715 0.998001099 0.051206920 -6.488985062 0.997662067 -0.033980817 -0.059293509 218.896423340
-0.061173081 0.047251336 -0.997008145 113.454910278 0.038028881 0.998263896 0.044977523 -6.443495750 0.997402549 -0.035163686 -0.062863827 218.829895020
-0.063967347 0.044501368 -0.996959269 112.458251953 0.037456412 0.998408377 0.042162754 -6.409331322 0.997248828 -0.034645479 -0.065532446 218.759323120
-0.066462755 0.049068753 -0.996581674 111.457870483 0.040537436 0.998098195 0.046439949 -6.374938011 0.996965110 -0.037312336 -0.068325400 218.693389893
-0.069025517 0.055567041 -0.996066213 110.457855225 0.040855847 0.997767389 0.052830718 -6.338095665 0.996778011 -0.037048463 -0.071141601 218.616683960
-0.071094632 0.060124721 -0.995655894 109.464569092 0.040727120 0.997524261 0.057329439 -6.304358482 0.996637821 -0.036474381 -0.073367238 218.542892456
-0.072240233 0.057461862 -0.995730639 108.478683472 0.040658128 0.997678816 0.054624546 -6.262136459 0.996558249 -0.036538456 -0.074408770 218.465454102
-0.072530627 0.052252710 -0.995996654 107.505462646 0.040531687 0.997956157 0.049403917 -6.226878166 0.996542454 -0.036786128 -0.074500322 218.391387939
-0.072910666 0.047361229 -0.996213436 106.528244019 0.041129414 0.998164892 0.044443842 -6.194787025 0.996490180 -0.037733242 -0.074724793 218.314025879
-0.072882771 0.041403409 -0.996480823 105.556045532 0.043314423 0.998326600 0.038312081 -6.169667244 0.996399581 -0.040369693 -0.074554205 218.241363525
-0.072496891 0.037023995 -0.996681273 104.586456299 0.042897161 0.998501778 0.033971358 -6.138431549 0.996445715 -0.040291976 -0.073976517 218.172866821
-0.071106672 0.042509865 -0.996562600 103.604705811 0.045181122 0.998203278 0.039356098 -6.109662056 0.996445060 -0.042227332 -0.072899580 218.100158691
-0.070022941 0.050538965 -0.996264398 102.618835449 0.048895262 0.997689247 0.047174621 -6.083586693 0.996346414 -0.045409303 -0.072332263 218.036529541
-0.068531632 0.052515164 -0.996265829 101.645202637 0.048690915 0.997599602 0.049236096 -6.050000191 0.996460021 -0.045134865 -0.070924163 217.969039917
-0.067557335 0.050180577 -0.996452689 100.687149048 0.047095992 0.997781456 0.047054484 -6.009719849 0.996603191 -0.043750048 -0.069770813 217.898468018
-0.066444278 0.049361601 -0.996568441 99.726440430 0.051455855 0.997616112 0.045982778 -5.983319283 0.996462464 -0.048223991 -0.068825841 217.835632324
-0.065408945 0.047477793 -0.996728539 98.768676758 0.053063106 0.997619629 0.044038054 -5.952183723 0.996446788 -0.050009027 -0.067772627 217.770782471
-0.063881993 0.045904670 -0.996901214 97.816635132 0.052699286 0.997702897 0.042564597 -5.924131393 0.996565163 -0.049816873 -0.066154361 217.698669434
-0.064849496 0.047961265 -0.996741831 96.849075317 0.056679241 0.997408867 0.044305731 -5.892661095 0.996284127 -0.053621367 -0.067399859 217.645446777
-0.066186309 0.053987473 -0.996345758 95.896575928 0.060610123 0.996908844 0.049991723 -5.858250618 0.995964825 -0.057079874 -0.069253922 217.585006714
-0.067342043 0.056456182 -0.996131539 94.950775146 0.059475143 0.996849537 0.052476160 -5.827087402 0.995955825 -0.055711213 -0.070487618 217.516510010
-0.068355560 0.054794148 -0.996155322 94.021911621 0.059154965 0.996956468 0.050779052 -5.789355278 0.995905876 -0.055456501 -0.071388841 217.448410034
-0.069632530 0.055733465 -0.996014714 93.083297729 0.059417807 0.996897161 0.051628891 -5.755659103 0.995801747 -0.055585958 -0.072728038 217.379302979
-0.070917964 0.059690624 -0.995694637 92.142623901 0.057249114 0.996806026 0.055679712 -5.718996048 0.995837986 -0.053053945 -0.074108601 217.314941406
-0.071390510 0.061427664 -0.995555282 91.229675293 0.053916980 0.996880233 0.057643089 -5.681886673 0.995990276 -0.049562167 -0.074479818 217.233276367
-0.072525620 0.059305623 -0.995601952 90.319305420 0.053583942 0.997020543 0.055486772 -5.637139320 0.995926321 -0.049324069 -0.075487375 217.166580200
-0.073346019 0.057870440 -0.995626211 89.431289673 0.054217197 0.997070074 0.053960290 -5.600416183 0.995831847 -0.050022289 -0.076268673 217.108612061
-0.074327111 0.057427768 -0.995578945 88.560333252 0.055242930 0.997044623 0.053388026 -5.564815521 0.995702565 -0.051030517 -0.077279925 217.050949097
-0.074075222 0.056163382 -0.995669842 87.715759277 0.054022294 0.997172892 0.052229043 -5.532299042 0.995788336 -0.049919490 -0.076899886 216.982299805
-0.074480414 0.055273820 -0.995689511 86.889816284 0.053616609 0.997240424 0.051349245 -5.506903648 0.995780110 -0.049560979 -0.077238560 216.920104980
-0.075375557 0.056226078 -0.995568752 86.077514648 0.054672111 0.997140229 0.052175544 -5.482654572 0.995655298 -0.050497081 -0.078234076 216.866302490
-0.075195789 0.058643524 -0.995442867 85.294876099 0.052429508 0.997120917 0.054781850 -5.451902390 0.995789468 -0.048071217 -0.078053951 216.805450439
-0.074230909 0.060169753 -0.995424211 84.540374756 0.050056417 0.997144639 0.056540933 -5.425237656 0.995984018 -0.045630280 -0.077030897 216.746215820
-0.071915627 0.061501186 -0.995512962 83.814987183 0.048913132 0.997113705 0.058066621 -5.401806831 0.996210814 -0.044517763 -0.074716330 216.695495605
-0.068874836 0.063347608 -0.995612204 83.116058350 0.050644636 0.996917188 0.059927147 -5.373315811 0.996339142 -0.046294950 -0.071870685 216.656723022
-0.066038489 0.065099038 -0.995691359 82.438598633 0.053042106 0.996687651 0.061646216 -5.341706276 0.996406376 -0.048742548 -0.069272637 216.628433228
-0.062923193 0.066846408 -0.995777309 81.795440674 0.052623544 0.996588647 0.063575603 -5.318830490 0.996630132 -0.048400953 -0.066226244 216.588821411
-0.059149623 0.067632005 -0.995955467 81.190567017 0.052279469 0.996542990 0.064567037 -5.297599792 0.996879280 -0.048248909 -0.062480927 216.566787720
-0.053806067 0.066519223 -0.996333361 80.617309570 0.051656306 0.996628165 0.063749254 -5.276209831 0.997214377 -0.048036799 -0.057060838 216.541534424
-0.047774673 0.063464820 -0.996840000 80.073287964 0.052400045 0.996764541 0.060948696 -5.250044823 0.997482836 -0.049322665 -0.050945640 216.523773193
-0.041783571 0.060143601 -0.997314990 79.557281494 0.054105323 0.996858120 0.057849262 -5.223118782 0.997660816 -0.051542901 -0.044906378 216.521453857
-0.033697128 0.057503864 -0.997776568 79.060638428 0.056108467 0.996877730 0.055557169 -5.197800636 0.997856021 -0.054111589 -0.036818385 216.511383057
-0.024136424 0.057103500 -0.998076558 78.577453613 0.055081852 0.996926725 0.055705681 -5.178263664 0.998190165 -0.053631369 -0.027207613 216.512283325
-0.011334777 0.056934793 -0.998313665 78.113815308 0.050353404 0.997143567 0.056296363 -5.151243210 0.998667240 -0.049630385 -0.014169335 216.519653320
0.005861223 0.056797821 -0.998368621 77.640350342 0.045883458 0.997318804 0.057007484 -5.139412880 0.998929679 -0.046142738 0.003239453 216.518951416
0.025741935 0.056107733 -0.998092949 77.179351807 0.042476114 0.997460604 0.057167701 -5.113247871 0.998765945 -0.043866720 0.023293316 216.543304443
0.049166620 0.055385768 -0.997253776 76.724761963 0.041335650 0.997493029 0.057436988 -5.088384628 0.997934878 -0.044046115 0.046753943 216.584991455
0.075521350 0.055067219 -0.995622516 76.275070190 0.041962892 0.997413874 0.058349330 -5.079494476 0.996260881 -0.046185818 0.073015273 216.650543213
0.106098711 0.052412812 -0.992973328 75.832550049 0.040680040 0.997545004 0.057000767 -5.053029060 0.993523121 -0.046441901 0.103706062 216.712875366
0.139959812 0.048894960 -0.988949299 75.384109497 0.036349941 0.997853041 0.054479562 -5.020448685 0.989489794 -0.043573201 0.137881994 216.790222168
0.175915539 0.046514038 -0.983305752 74.945251465 0.030990979 0.998126268 0.052759457 -5.005292892 0.983917296 -0.039754815 0.174144387 216.889770508
0.215073943 0.045081876 -0.975556791 74.510635376 0.025320238 0.998340726 0.051716935 -4.988021851 0.976269603 -0.035824299 0.213575602 216.998825073
0.256989360 0.044869628 -0.965372145 74.071685791 0.019092793 0.998490930 0.051491611 -4.967671394 0.966225684 -0.031664450 0.255744874 217.117279053
0.299620390 0.044347454 -0.953027308 73.650070190 0.013916688 0.998609662 0.050843790 -4.957283974 0.953957081 -0.028496822 0.298586607 217.261138916
0.341431439 0.041152712 -0.939005315 73.256942749 0.008440016 0.998866498 0.046845049 -4.940007687 0.939868808 -0.023919592 0.340697110 217.436172485
0.384491146 0.039039139 -0.922302842 72.873580933 -0.001792103 0.999135077 0.041544188 -4.923943520 0.923126936 -0.014320511 0.384228587 217.612777710
0.427541673 0.036211573 -0.903270185 72.494735718 -0.004510788 0.999270380 0.037925094 -4.904293537 0.903984487 -0.012140102 0.427393079 217.825942993
0.470938504 0.036045283 -0.881429374 72.097976685 -0.003616421 0.999235392 0.038930643 -4.882809639 0.882158637 -0.015146322 0.470708787 218.068527222
0.514138460 0.036167864 -0.856944323 71.705940247 -0.001269589 0.999141514 0.041407675 -4.870280743 0.857706308 -0.020201314 0.513743043 218.337585449
0.556801438 0.039404217 -0.829710484 71.317527771 -0.004700095 0.999007642 0.044290263 -4.849174023 0.830632329 -0.020761166 0.556434095 218.627578735
0.599013686 0.042481929 -0.799611151 70.930450439 -0.008229937 0.998865545 0.046902664 -4.833551884 0.800696552 -0.021514589 0.598683715 218.937683105
0.639096975 0.043481231 -0.767896175 70.572883606 -0.011810350 0.998837829 0.046728633 -4.817748070 0.769035518 -0.020795008 0.638867736 219.272857666
0.678532720 0.042707618 -0.733327687 70.243202209 -0.014386453 0.998889625 0.044861965 -4.806587219 0.734429300 -0.019890329 0.678393662 219.625061035
0.717508852 0.042825904 -0.695231616 69.909660339 -0.019950418 0.998962164 0.040945861 -4.793803692 0.696263671 -0.015508858 0.717618585 219.997497559
0.753528774 0.040123437 -0.656189382 69.600189209 -0.024471413 0.999155939 0.032993000 -4.779407024 0.656959295 -0.008803293 0.753874660 220.388885498
0.786878109 0.037684560 -0.615956724 69.307708740 -0.029443879 0.999289632 0.023522828 -4.766079426 0.616405606 -0.000373444 0.787428737 220.789123535
0.818325877 0.030215427 -0.573959827 69.038421631 -0.024432987 0.999543250 0.017784316 -4.756458282 0.574235022 -0.000529815 0.818690360 221.216278076
0.846101940 0.019737206 -0.532655597 68.811775208 -0.014261698 0.999794722 0.014392612 -4.748592854 0.532830298 -0.004581044 0.846209705 221.672500610
0.870054960 0.012442886 -0.492797703 68.585205078 -0.007178055 0.999895155 0.012573680 -4.740423203 0.492902488 -0.007402464 0.870053053 222.142532349
0.890879691 0.012350321 -0.454071462 68.373420715 -0.007129336 0.999887347 0.013208383 -4.742494583 0.454183429 -0.008529852 0.890867352 222.608245850
0.909114420 0.016763359 -0.416209072 68.178855896 -0.011981118 0.999828815 0.014099364 -4.745870590 0.416374177 -0.007831286 0.909159660 223.081695557
0.925339580 0.017663350 -0.378727764 68.001014709 -0.013245493 0.999810457 0.014267302 -4.747934341 0.378907979 -0.008185663 0.925398171 223.563232422
0.939490378 0.014308930 -0.342276365 67.850883484 -0.009949842 0.999845564 0.014488115 -4.745120525 0.342430800 -0.010205849 0.939487636 224.061004639
0.951670527 0.008769172 -0.306995690 67.711318970 -0.004735752 0.999892414 0.013880827 -4.741598129 0.307084382 -0.011756117 0.951609671 224.578033447
0.961937129 0.008944733 -0.273124456 67.572380066 -0.006006442 0.999914765 0.011592338 -4.739320755 0.273204863 -0.009510594 0.961908877 225.097015381
0.970428288 0.013016492 -0.241038457 67.460289001 -0.011362690 0.999901414 0.008249862 -4.741831779 0.241122067 -0.005267054 0.970480502 225.594207764
0.977504373 0.011438997 -0.210604683 67.369171143 -0.010917243 0.999933779 0.003639933 -4.747270107 0.210632369 -0.001258828 0.977564514 226.098449707
0.983398497 0.003881194 -0.181417450 67.301422119 -0.004534673 0.999984622 -0.003187435 -4.751544952 0.181402296 0.003957187 0.983401000 226.619018555
0.988066792 -0.000181516 -0.154025838 67.245391846 -0.001249758 0.999956965 -0.009195553 -4.758094311 0.154020876 0.009278315 0.988024056 227.135665894
0.991697252 -0.001956383 -0.128579855 67.194419861 0.000493236 0.999934793 -0.011410145 -4.762638092 0.128593788 0.011251990 0.991633534 227.667053223
0.994231164 -0.000871967 -0.107255258 67.144401550 -0.000225468 0.999947727 -0.010219440 -4.765257835 0.107258566 0.010184668 0.994179010 228.200363159
0.995831609 -0.003662750 -0.091137238 67.108924866 0.003158622 0.999978900 -0.005675138 -4.767875671 0.091156103 0.005363614 0.995822191 228.740615845
0.996768892 -0.006285154 -0.080076531 67.081626892 0.006369885 0.999979377 0.000802713 -4.778109074 0.080069833 -0.001310197 0.996788383 229.280151367
0.997490048 -0.006567094 -0.070501454 67.043640137 0.007004085 0.999957740 0.005952904 -4.789671421 0.070459381 -0.006431761 0.997493923 229.830902100
0.997943223 -0.002545892 -0.064053446 67.004783630 0.003093033 0.999959588 0.008444239 -4.793587685 0.064029358 -0.008624991 0.997910738 230.371368408
0.998218536 -0.002312698 -0.059618469 66.970031738 0.002853521 0.999955535 0.008987851 -4.801454544 0.059595034 -0.009141962 0.998180747 230.909805298
0.998132765 -0.010862837 -0.060107797 66.953193665 0.011476380 0.999885440 0.009871586 -4.804330826 0.059993677 -0.010542974 0.998143077 231.457565308
0.997672856 -0.019837938 -0.065232828 66.921569824 0.020471476 0.999749422 0.009057830 -4.812096119 0.065036789 -0.010372164 0.997828960 231.984527588
0.996943533 -0.023238897 -0.074588925 66.876747131 0.023839643 0.999690056 0.007173775 -4.812690258 0.074399099 -0.008930022 0.997188568 232.517364502
0.995920002 -0.022797789 -0.087313101 66.822746277 0.023438772 0.999705255 0.006322918 -4.812144279 0.087143220 -0.008343632 0.996160865 233.059295654
0.994423687 -0.024208236 -0.102642566 66.755134583 0.024951251 0.999670923 0.005960937 -4.813801765 0.102464482 -0.008488758 0.994700432 233.590347290
0.992089450 -0.027325070 -0.122522905 66.686157227 0.028032769 0.999598801 0.004055634 -4.820078850 0.122362927 -0.007458208 0.992457390 234.134140015
0.988784313 -0.030393610 -0.146225229 66.607093811 0.031416386 0.999495387 0.004689745 -4.824752808 0.146008909 -0.009231014 0.989240229 234.654083252
0.984507859 -0.027686911 -0.173140794 66.495170593 0.029495269 0.999533832 0.007879827 -4.824573994 0.172841907 -0.012864586 0.984865546 235.189697266
0.978652179 -0.024025233 -0.204114392 66.369888306 0.026944879 0.999570370 0.011536450 -4.827126026 0.203749537 -0.016790010 0.978879094 235.700912476
0.970524669 -0.021019485 -0.240083426 66.223724365 0.024366377 0.999642789 0.010980321 -4.842300892 0.239766866 -0.016506635 0.970690131 236.199081421
0.960041225 -0.017066510 -0.279337674 66.058784485 0.020165481 0.999762833 0.008223851 -4.852404594 0.279131055 -0.013528214 0.960157692 236.635894775
0.946464241 -0.013138409 -0.322541267 65.869407654 0.015909843 0.999855697 0.005957642 -4.854887962 0.322416425 -0.010770275 0.946536660 237.097747803
0.929859400 -0.007535177 -0.367837876 65.653327942 0.009785882 0.999943078 0.004253902 -4.856460094 0.367784858 -0.007555149 0.929880202 237.533477783
0.909319103 0.002265156 -0.416093320 65.429084778 -0.001788014 0.999997199 0.001536371 -4.850030899 0.416095644 -0.000653071 0.909320652 237.942535400
0.884746313 0.015639432 -0.465810418 65.143020630 -0.016512942 0.999861240 0.002205825 -4.859241486 0.465780258 0.005740304 0.884881794 238.349777222
0.855390370 0.029602259 -0.517137349 64.848556519 -0.030938320 0.999503076 0.006039414 -4.858510017 0.517059147 0.010833302 0.855881155 238.734558105
0.822285116 0.040040981 -0.567665339 64.533889771 -0.041963667 0.999072194 0.009684808 -4.858080864 0.567526460 0.015857646 0.823202491 239.103088379
0.784480870 0.046804532 -0.618384302 64.215515137 -0.047741733 0.998746634 0.015028505 -4.853470325 0.618312657 0.017733159 0.785732150 239.442947388
0.743198752 0.052077644 -0.667040944 63.849845886 -0.046900649 0.998568773 0.025705479 -4.841634750 0.667424917 0.012180367 0.744577527 239.801345825
0.698449254 0.059692763 -0.713165820 63.468437195 -0.046783902 0.998192191 0.037731297 -4.833234310 0.714128792 0.007011285 0.699979186 240.117767334
0.650563359 0.066840678 -0.756504953 63.073158264 -0.045598932 0.997760117 0.048943467 -4.814314842 0.758081853 0.002654989 0.652153969 240.416473389
0.600404859 0.074897721 -0.796181142 62.657592773 -0.051262628 0.997161448 0.055146739 -4.784769535 0.798051536 0.007703969 0.602540016 240.663452148
0.549514055 0.076408140 -0.831983328 62.227050781 -0.050366394 0.997027814 0.058299251 -4.770409107 0.833965003 0.009867730 0.551729202 240.850677490
0.495719671 0.069838457 -0.865670025 61.794670105 -0.043686185 0.997504890 0.055457737 -4.740481377 0.867383122 0.010326331 0.497533739 241.008178711
0.436865389 0.060018670 -0.897522449 61.352386475 -0.030676994 0.998185277 0.051818244 -4.704630852 0.899003744 0.004895686 0.437913775 241.195220947
0.376561284 0.052305289 -0.924914002 60.877807617 -0.019019300 0.998630881 0.048730742 -4.664537907 0.926196516 -0.000758896 0.377040505 241.356964111
0.317675710 0.053953055 -0.946663260 60.387115479 -0.015789472 0.998542428 0.051611263 -4.641905308 0.948068023 -0.001448336 0.318064570 241.476882935
0.262214720 0.056941323 -0.963328183 59.879180908 -0.016853178 0.998375595 0.054425564 -4.610305786 0.964862406 0.001963956 0.262748361 241.570098877
0.209752977 0.059988655 -0.975912452 59.377410889 -0.017441034 0.998186827 0.057609245 -4.595311642 0.977598906 0.004937209 0.210418940 241.642532349
0.161610365 0.059250575 -0.985074461 58.867630005 -0.017508553 0.998211026 0.057168283 -4.568096161 0.986699402 0.008008234 0.162358642 241.689590454
0.117133260 0.058023799 -0.991419733 58.351104736 -0.014469331 0.998285472 0.056716122 -4.545642853 0.993010819 0.007701837 0.117771983 241.726684570
0.079009652 0.054744054 -0.995369554 57.847183228 -0.013088078 0.998461902 0.053875234 -4.518940449 0.996787965 0.008770806 0.079604626 241.733810425
0.046345055 0.051216111 -0.997611701 57.315368652 -0.013860354 0.998621583 0.050624061 -4.490073204 0.998829365 0.011481072 0.046991050 241.733581543
0.020190120 0.048922367 -0.998598635 56.781341553 -0.017974766 0.998658419 0.048561879 -4.466319561 0.999634683 0.016969098 0.021042407 241.713867188
0.001378477 0.046609834 -0.998912215 56.231384277 -0.022250436 0.998667300 0.046567701 -4.440105438 0.999751449 0.022162043 0.002413750 241.677902222
-0.013414502 0.044730213 -0.998909116 55.666473389 -0.024221428 0.998691261 0.045045730 -4.417346954 0.999616742 0.024799267 -0.012313485 241.653717041
-0.025834560 0.043219380 -0.998731554 55.086166382 -0.022891385 0.998777449 0.043813504 -4.393850327 0.999404132 0.023994246 -0.024813652 241.637130737
-0.035133719 0.041658547 -0.998514116 54.487686157 -0.021771852 0.998861790 0.042439118 -4.379796982 0.999145567 0.023230538 -0.034186721 241.608505249
-0.040618420 0.040276367 -0.998362780 53.851394653 -0.021720290 0.998915553 0.041182362 -4.344106674 0.998938739 0.023357483 -0.039699554 241.572479248
-0.043660879 0.039999109 -0.998245418 53.221252441 -0.023884982 0.998870790 0.041068837 -4.311929703 0.998760939 0.025636172 -0.042656183 241.537109375
-0.044529915 0.040627185 -0.998181701 52.568435669 -0.024365216 0.998831332 0.041740585 -4.292589188 0.998710990 0.026179610 -0.043488026 241.500885010
-0.043023467 0.041266300 -0.998221517 51.894042969 -0.023630207 0.998825073 0.042309713 -4.262985706 0.998794615 0.025408486 -0.041997790 241.460327148
-0.041882634 0.041829351 -0.998246610 51.201995850 -0.022214994 0.998837233 0.042786159 -4.239809036 0.998875558 0.023968033 -0.040904641 241.431854248
-0.041174531 0.040355474 -0.998336613 50.457916260 -0.019467108 0.998961926 0.041183632 -4.218928337 0.998962283 0.021130444 -0.040346265 241.425399780
-0.040248752 0.038029481 -0.998465836 49.724929810 -0.016496722 0.999113977 0.038719162 -4.187315464 0.999053597 0.018029805 -0.039585710 241.398880005
-0.039264441 0.037016228 -0.998543084 48.967163086 -0.015156223 0.999176562 0.037635684 -4.158675671 0.999113977 0.016611882 -0.038671136 241.366653442
-0.038272977 0.036394943 -0.998604417 48.188598633 -0.015661992 0.999191880 0.037016623 -4.129711628 0.999144673 0.017056864 -0.037672043 241.326202393
-0.038101554 0.036707081 -0.998599470 47.349365234 -0.015186960 0.999188423 0.037308190 -4.101645947 0.999158442 0.016587188 -0.037513137 241.309234619
-0.038238764 0.037747763 -0.998555481 46.533584595 -0.013159970 0.999180555 0.038275342 -4.070598602 0.999182045 0.014604556 -0.037710667 241.281158447
-0.037422776 0.037601534 -0.998591959 45.697402954 -0.009780195 0.999230206 0.037992086 -4.039370060 0.999251783 0.011188189 -0.037026286 241.245712280
-0.037633061 0.036589775 -0.998621583 44.847122192 -0.007700440 0.999289155 0.036904428 -4.009552956 0.999262035 0.009078650 -0.037324548 241.218246460
-0.038131118 0.036345311 -0.998611569 43.991943359 -0.006064467 0.999311507 0.036602352 -3.979887724 0.999254346 0.007451734 -0.037884474 241.179565430
-0.040964246 0.038038887 -0.998436391 43.014404297 -0.004616578 0.999257147 0.038259573 -3.946255922 0.999150097 0.006176628 -0.040758133 241.193603516
-0.043754458 0.040778380 -0.998209774 42.111587524 -0.001985255 0.999161124 0.040904265 -3.916178703 0.999040425 0.003771441 -0.043636799 241.153640747
-0.046900272 0.042863902 -0.997979641 41.190032959 -0.000858790 0.999076784 0.042951390 -3.885357141 0.998899400 0.002871481 -0.046820164 241.106033325
-0.050663114 0.040378492 -0.997899294 40.221649170 -0.001043213 0.999179661 0.040483270 -3.852060795 0.998715341 0.003092028 -0.050579429 241.071411133
-0.053386092 0.035548579 -0.997941017 39.236816406 -0.002676748 0.999357462 0.035742234 -3.823159695 0.998570383 0.004579374 -0.053256631 241.031280518
-0.056155682 0.032086615 -0.997906327 38.270965576 -0.001782460 0.999478638 0.032237478 -3.789819956 0.998420477 0.003589045 -0.056069255 240.973510742
-0.058244705 0.035232142 -0.997680485 37.285095215 -0.000892082 0.999374807 0.035344057 -3.760400772 0.998301983 0.002948613 -0.058176875 240.911209106
-0.059109092 0.041274287 -0.997397900 36.258514404 0.000689157 0.999146342 0.041305799 -3.721568346 0.998251319 0.001754184 -0.059087038 240.841979980
-0.062216759 0.046480995 -0.996979713 35.170272827 0.003773120 0.998918772 0.046335932 -3.685873032 0.998055518 -0.000878849 -0.062324882 240.848480225
-0.063021660 0.047417082 -0.996885180 34.138854980 0.006830608 0.998867810 0.047079567 -3.641028881 0.997988880 -0.003842304 -0.063274145 240.781845093
-0.064286947 0.045362826 -0.996899962 33.077819824 0.006401370 0.998964489 0.045043971 -3.598647118 0.997911036 -0.003485786 -0.064510822 240.710922241
-0.065222263 0.043415874 -0.996925950 31.991867065 0.005930058 0.999052286 0.043120515 -3.562887669 0.997853220 -0.003099409 -0.065418005 240.647674561
-0.065834045 0.041774262 -0.996955872 30.890472412 0.004137107 0.999126136 0.041592009 -3.508646011 0.997822165 -0.001386347 -0.065949321 240.626892090
-0.065196753 0.041490264 -0.997009575 29.809539795 -0.000199995 0.999134660 0.041591782 -3.466427326 0.997872472 0.002911040 -0.065132022 240.543762207
-0.064622760 0.039751966 -0.997117758 28.721664429 -0.004377607 0.999185383 0.040118106 -3.436959267 0.997900248 0.006957526 -0.064396024 240.462722778
-0.064981580 0.038571160 -0.997140825 27.604751587 -0.007065512 0.999209881 0.039111644 -3.407698631 0.997861505 0.009586846 -0.064657807 240.441375732
-0.063870192 0.038338158 -0.997221708 26.521820068 -0.009105599 0.999197841 0.038997333 -3.377050400 0.997916818 0.011571058 -0.063469768 240.359512329
-0.063792586 0.038993452 -0.997201145 25.441711426 -0.007760412 0.999186754 0.039567541 -3.358385801 0.997933090 0.010262803 -0.063438058 240.315368652
-0.063530326 0.038703989 -0.997229099 24.368637085 -0.006650623 0.999209046 0.039204523 -3.325029612 0.997957766 0.009122870 -0.063222647 240.246444702
-0.062955141 0.040695712 -0.997186303 23.271972656 -0.003458390 0.999153376 0.040994328 -3.297593355 0.998010397 0.006029460 -0.062761068 240.189041138
-0.062967777 0.042532023 -0.997108877 22.184265137 0.004833206 0.999092758 0.042311430 -3.264586926 0.998003900 -0.002154978 -0.063116193 240.138442993
-0.063403487 0.042123016 -0.997098625 21.110641479 0.006396421 0.999105453 0.041801061 -3.228281021 0.997967482 -0.003727532 -0.063616157 240.079193115
-0.065013647 0.042512022 -0.996978462 20.036193848 0.010344533 0.999067128 0.041926514 -3.194071770 0.997830808 -0.007587484 -0.065392733 240.016342163
-0.067838073 0.044826109 -0.996688902 18.990371704 0.012101444 0.998953640 0.044104304 -3.168679714 0.997623026 -0.009069427 -0.068309546 239.968811035
-0.070915341 0.049030572 -0.996276677 17.912429810 0.008865581 0.998782754 0.048522852 -3.131369591 0.997443020 -0.005391558 -0.071263790 239.887084961
-0.073090196 0.051152878 -0.996012807 16.842437744 0.007142516 0.998685062 0.050765987 -3.089344978 0.997299910 -0.003403546 -0.073359489 239.789505005
-0.075332761 0.050035603 -0.995902419 15.780303955 0.003656951 0.998747408 0.049901925 -3.053364277 0.997151852 0.000117277 -0.075421333 239.679397583
-0.078660250 0.045831647 -0.995847464 14.775970459 0.000339294 0.998943806 0.045947351 -3.012152672 0.996901453 0.003276345 -0.078592777 239.652618408
-0.080376625 0.042458963 -0.995859921 13.727386475 -0.002806286 0.999078751 0.042822696 -2.979291439 0.996760726 0.006236611 -0.080183506 239.559341431
-0.081363320 0.041648868 -0.995814085 12.692687988 -0.003849480 0.999105930 0.042101074 -2.952546120 0.996677220 0.007258840 -0.081130147 239.460678101
-0.083513379 0.042944569 -0.995580912 11.723480225 -0.007201810 0.999018848 0.043696985 -2.919247866 0.996480644 0.010819267 -0.083122134 239.409835815
-0.083815575 0.047105186 -0.995367289 10.701080322 -0.010111019 0.998790443 0.048118591 -2.887694836 0.996429980 0.014097263 -0.083237886 239.307327271
-0.085812807 0.049029313 -0.995104134 9.700469971 -0.014587237 0.998619497 0.050460447 -2.858073711 0.996204436 0.018845972 -0.084979057 239.230361938
-0.086329699 0.048459999 -0.995087385 8.709136963 -0.018970689 0.998555243 0.050274700 -2.824345112 0.996086001 0.023217691 -0.085285664 239.129409790
-0.087628841 0.046253026 -0.995078862 7.738830566 -0.025658587 0.998485267 0.048670910 -2.793292999 0.995822728 0.029797286 -0.086309314 239.043014526
-0.087786198 0.046435494 -0.995056510 6.787139893 -0.028728945 0.998379350 0.049125094 -2.760207176 0.995725036 0.032899428 -0.086309910 238.946502686
-0.088645577 0.045706075 -0.995014131 5.842315674 -0.032037478 0.998298943 0.048711177 -2.733885050 0.995548010 0.036195766 -0.087030411 238.866058350
-0.088421822 0.045547251 -0.995041370 4.913757324 -0.035607230 0.998170972 0.048854660 -2.705730915 0.995446622 0.039750475 -0.086638331 238.773468018
-0.087937832 0.045390695 -0.995091379 4.020568848 -0.037960563 0.998082936 0.048881792 -2.677567959 0.995402515 0.042072773 -0.086046219 238.679901123
-0.088056087 0.047325809 -0.994990647 3.122406006 -0.038585927 0.997959018 0.050881825 -2.648299694 0.995367885 0.042873092 -0.086050272 238.608535767
-0.087646365 0.049224935 -0.994934738 2.258148193 -0.039061513 0.997840345 0.052809723 -2.620463371 0.995385528 0.043492235 -0.085534334 238.526214600
-0.088139772 0.048783552 -0.994912982 1.415710449 -0.040261831 0.997809350 0.052492380 -2.593885660 0.995294273 0.044683672 -0.085982561 238.454071045
-0.087686181 0.047794033 -0.995001078 0.608276367 -0.040041905 0.997871935 0.051460695 -2.567721367 0.995343208 0.044354115 -0.085585833 238.374206543
-0.088529348 0.046792086 -0.994974017 -0.194274902 -0.037960980 0.998011827 0.050312594 -2.538797140 0.995350063 0.042224325 -0.086577177 238.313339233
-0.089111805 0.046524994 -0.994934559 -0.963989258 -0.038082764 0.998018861 0.050080128 -2.511471748 0.995293438 0.042352580 -0.087163448 238.247650146
-0.089254498 0.047538657 -0.994873881 -1.710571289 -0.038758259 0.997937977 0.051162247 -2.488014460 0.995254576 0.043126028 -0.087227941 238.181274414
-0.089169979 0.047026180 -0.994905770 -2.434661865 -0.040232223 0.997899473 0.050773565 -2.465192556 0.995203674 0.044554736 -0.087090731 238.121292114
-0.088424921 0.047566339 -0.994946480 -3.113204956 -0.040543389 0.997859538 0.051308859 -2.448784351 0.995257378 0.044875484 -0.086307168 238.073059082
-0.086049557 0.049549151 -0.995058119 -3.770095825 -0.040488537 0.997763515 0.053185191 -2.426302671 0.995467961 0.044864994 -0.083850980 238.010665894
-0.082667232 0.051796351 -0.995230317 -4.403701782 -0.040163755 0.997663915 0.055259142 -2.408090353 0.995767593 0.044540297 -0.080393791 237.960998535
-0.078456163 0.053477176 -0.995482326 -5.004165649 -0.040988322 0.997542799 0.056818247 -2.388790369 0.996074677 0.045260884 -0.076071501 237.911453247
-0.073076963 0.055675082 -0.995771170 -5.577850342 -0.041157469 0.997421682 0.058787804 -2.378040552 0.996476769 0.045279447 -0.070597172 237.871978760
-0.066716552 0.056454509 -0.996173739 -6.111480713 -0.041493554 0.997377336 0.059301667 -2.354204655 0.996909022 0.045291178 -0.064199090 237.835968018
-0.059708357 0.056037601 -0.996641755 -6.604675293 -0.040543351 0.997463048 0.058512717 -2.332231522 0.997392237 0.043900892 -0.057284951 237.812072754
-0.051846027 0.054606330 -0.997161210 -7.065139771 -0.038832374 0.997638524 0.056651507 -2.321444035 0.997899950 0.041659277 -0.049603105 237.800949097
-0.043000460 0.052641679 -0.997687221 -7.493576050 -0.038096160 0.997798264 0.054289486 -2.299801826 0.998348475 0.040342528 -0.040900350 237.791091919
-0.033637166 0.051073488 -0.998128295 -7.895034790 -0.038026296 0.997904897 0.052343555 -2.288885593 0.998710454 0.039715812 -0.031624556 237.782669067
-0.024623871 0.050235849 -0.998433828 -8.260086060 -0.038059402 0.997965455 0.051150918 -2.275082111 0.998972058 0.039259322 -0.022661805 237.785491943
-0.015513182 0.049549267 -0.998651206 -8.606658936 -0.037789017 0.998028755 0.050105404 -2.265011311 0.999165297 0.038515341 -0.013610125 237.792587280
-0.005912423 0.044673536 -0.998984218 -8.908309937 -0.035842828 0.998350203 0.044857312 -2.264854908 0.999340057 0.036071625 -0.004301429 237.792663574
0.004000604 0.038978320 -0.999232233 -9.199951172 -0.034145344 0.998662710 0.038819395 -2.259768724 0.999409020 0.033963814 0.005326211 237.808380127
0.014648676 0.036319133 -0.999233007 -9.465393066 -0.032430168 0.998831570 0.035829119 -2.249830484 0.999366760 0.031880438 0.015809417 237.824295044
0.025263846 0.036484789 -0.999014974 -9.715240479 -0.032137107 0.998846889 0.035665944 -2.243353844 0.999164283 0.031204380 0.026407242 237.838134766
0.036319971 0.035020314 -0.998726547 -9.950225830 -0.031826675 0.998919368 0.033869658 -2.239593506 0.998833418 0.030555990 0.037395358 237.857772827
0.048269153 0.031849954 -0.998326600 -10.182495117 -0.031336520 0.999047756 0.030357840 -2.239337921 0.998342872 0.029818727 0.049221277 237.887466431
0.062527657 0.028287498 -0.997642338 -10.414581299 -0.031709485 0.999149919 0.026342837 -2.234071970 0.997539461 0.029987564 0.063371539 237.911224365
0.079178214 0.025370801 -0.996537685 -10.637664795 -0.031604242 0.999237418 0.022928473 -2.232078791 0.996359468 0.029679377 0.079919696 237.941619873
0.097611487 0.023691367 -0.994942605 -10.862304688 -0.032325711 0.999264598 0.020622883 -2.227122068 0.994699478 0.030149195 0.098305523 237.977966309
0.117320001 0.022955533 -0.992828906 -11.077941895 -0.033274177 0.999262333 0.019172363 -2.221935272 0.992536664 0.030786261 0.117997289 238.011871338
0.136754036 0.024394501 -0.990304768 -11.296264648 -0.031495515 0.999298394 0.020266736 -2.220678091 0.990104377 0.028418591 0.137426436 238.066192627
0.157921314 0.028265476 -0.987047255 -11.513793945 -0.029967656 0.999266982 0.023820771 -2.220459461 0.986997008 0.025817676 0.158652604 238.123107910
0.180192888 0.031619117 -0.983123124 -11.727783203 -0.029824482 0.999199271 0.026669743 -2.221755505 0.983179212 0.024515430 0.180991650 238.180206299
0.202842832 0.031389553 -0.978708208 -11.935028076 -0.031677768 0.999173284 0.025480522 -2.226093292 0.978698909 0.025834745 0.203669488 238.240661621
0.229729831 0.025417034 -0.972922564 -12.151107788 -0.032078039 0.999313533 0.018532107 -2.218580961 0.972725689 0.026952067 0.230387449 238.308532715
0.258847356 0.019524438 -0.965721011 -12.371200562 -0.029772723 0.999481916 0.012226854 -2.218047857 0.965459406 0.025587248 0.259294510 238.394622803
0.289660752 0.016931901 -0.956979632 -12.610031128 -0.025613956 0.999622583 0.009933492 -2.216291666 0.956786633 0.021634689 0.289985120 238.503723145
0.323338509 0.018420724 -0.946104169 -12.872787476 -0.019795015 0.999723375 0.012699594 -2.221155643 0.946076393 0.014621875 0.323613703 238.633361816
0.360574245 0.022439541 -0.932460606 -13.139236450 -0.018846298 0.999681771 0.016769513 -2.215835571 0.932540178 0.011526771 0.360882401 238.764801025
0.400152326 0.028705729 -0.915998936 -13.418685913 -0.020390382 0.999540746 0.022416277 -2.214859486 0.916221738 0.009707643 0.400553882 238.916320801
0.441621542 0.034505803 -0.896537662 -13.721763611 -0.024980951 0.999345660 0.026157405 -2.210471869 0.896853566 0.010844690 0.442194581 239.090530396
0.484932423 0.038464479 -0.873705328 -14.021316528 -0.029090151 0.999188960 0.027842941 -2.204858541 0.874067664 0.011914278 0.485658050 239.286361694
0.529156744 0.041171726 -0.847524703 -14.332702637 -0.030286836 0.999102116 0.029625423 -2.198144436 0.847983479 0.009992346 0.529928565 239.513793945
0.573060751 0.041499469 -0.818461537 -14.614883423 -0.028139466 0.999124527 0.030957490 -2.195096731 0.819029689 0.005290546 0.573726773 239.778442383
0.619066000 0.039891165 -0.784325242 -14.902667999 -0.026600063 0.999201179 0.029824497 -2.194144726 0.784888446 0.002399764 0.619632602 240.059387207
0.664877653 0.037915003 -0.745989442 -15.182941437 -0.027280251 0.999277174 0.026474327 -2.194368839 0.746454000 0.002748591 0.665431380 240.362762451
0.710705638 0.033536837 -0.702689648 -15.461639404 -0.028070936 0.999419451 0.019307520 -2.180604219 0.702929199 0.006003193 0.711234450 240.695602417
0.755125165 0.031411387 -0.654827774 -15.706943512 -0.030714806 0.999449730 0.012523262 -2.169235945 0.654860854 0.010656273 0.755674422 241.032958984
0.796846688 0.031322248 -0.603369117 -15.970111847 -0.033204161 0.999416351 0.008030475 -2.151354790 0.603268504 0.013635307 0.797421634 241.435684204
0.835448086 0.032526564 -0.548606038 -16.222822189 -0.033593390 0.999402761 0.008096165 -2.155116796 0.548541725 0.011665608 0.836041808 241.870697021
0.869647980 0.029227158 -0.492806435 -16.457094193 -0.029358620 0.999541044 0.007471654 -2.146512032 0.492798626 0.007970406 0.870106936 242.349151611
0.899164915 0.025531992 -0.436864495 -16.634366989 -0.024838362 0.999664843 0.007301236 -2.149017811 0.436904490 0.004285981 0.899497688 242.824844360
0.924176157 0.023063261 -0.381269574 -16.820079803 -0.022712339 0.999727368 0.005420759 -2.149099827 0.381290644 0.003649789 0.924448013 243.358489990
0.944866836 0.022440244 -0.326684982 -16.977167130 -0.023589982 0.999721646 0.000442643 -2.146781445 0.326603979 0.007288254 0.945133209 243.918365479
0.961696744 0.022414485 -0.273197711 -17.097599030 -0.024437340 0.999693334 -0.004003328 -2.142325401 0.273024201 0.010526213 0.961949587 244.467971802
0.974724889 0.023265243 -0.222193986 -17.205636978 -0.025034817 0.999673307 -0.005150528 -2.146907091 0.222001582 0.010582933 0.974988878 245.075546265
0.984282672 0.024116687 -0.174945623 -17.290304184 -0.025374359 0.999665737 -0.004955340 -2.157696009 0.174767643 0.009316588 0.984565616 245.703552246
0.990656555 0.021355838 -0.134697735 -17.357727051 -0.022255214 0.999738932 -0.005174627 -2.162436962 0.134552062 0.008124005 0.990873218 246.358337402
0.994582951 0.017327635 -0.102491312 -17.397228241 -0.017986067 0.999823093 -0.005503565 -2.170191288 0.102377817 0.007317167 0.994718671 247.036117554
0.996926010 0.011972493 -0.077428542 -17.430213928 -0.012459413 0.999905527 -0.005808590 -2.171178341 0.077351682 0.006755448 0.996980965 247.746429443
0.998200357 0.008000944 -0.059431221 -17.457712173 -0.008360852 0.999948144 -0.005809672 -2.177607536 0.059381660 0.006296112 0.998215497 248.475936890
0.998836219 0.006054812 -0.047848955 -17.486705780 -0.006338081 0.999963284 -0.005770558 -2.190511942 0.047812257 0.006067113 0.998837888 249.220550537
0.999144435 0.003056926 -0.041243173 -17.512035370 -0.003324182 0.999973893 -0.006412974 -2.197084427 0.041222494 0.006544588 0.999128580 249.989105225
0.999279499 0.002028040 -0.037899397 -17.541767120 -0.002322145 0.999967515 -0.007717726 -2.202408552 0.037882514 0.007800173 0.999251783 250.784454346
0.999340177 0.002212094 -0.036252968 -17.569698334 -0.002525414 0.999959826 -0.008599084 -2.209589958 0.036232490 0.008684964 0.999305665 251.597702026
0.999365330 0.002642842 -0.035524786 -17.596998215 -0.002937368 0.999961734 -0.008241110 -2.214342117 0.035501648 0.008340229 0.999334812 252.430038452
0.999377787 0.003074319 -0.035137482 -17.637794495 -0.003291623 0.999975801 -0.006128220 -2.224261761 0.035117790 0.006240067 0.999363720 253.283081055
0.999369502 0.002263413 -0.035433050 -17.675710678 -0.002366684 0.999993086 -0.002872854 -2.234208822 0.035426304 0.002954901 0.999367952 254.152191162
0.999309838 0.002755077 -0.037043948 -17.708259583 -0.002789133 0.999995708 -0.000867683 -2.240019083 0.037041400 0.000970405 0.999313235 255.050064087
0.999233067 0.002263366 -0.039092172 -17.745304108 -0.002336190 0.999995649 -0.001817318 -2.243983030 0.039087888 0.001907251 0.999233961 255.973876953
0.999121726 0.001046379 -0.041888695 -17.787757874 -0.001274305 0.999984503 -0.005414896 -2.249965429 0.041882381 0.005463519 0.999107599 256.901275635
0.998989940 0.000703807 -0.044929426 -17.828340530 -0.001259710 0.999922991 -0.012345674 -2.256919384 0.044917278 0.012389801 0.998913884 257.847961426
0.998867750 0.003463162 -0.047447123 -17.887374878 -0.004308265 0.999833703 -0.017720787 -2.270378828 0.047377862 0.017905137 0.998716533 258.825256348
0.998755693 0.005609647 -0.049554251 -17.941795349 -0.006467531 0.999831676 -0.017168682 -2.281980991 0.049449600 0.017467814 0.998623848 259.821472168
0.998717725 0.007262360 -0.050101947 -18.004594803 -0.007679370 0.999937415 -0.008135768 -2.302520990 0.050039727 0.008510087 0.998710990 260.852478027
0.998726010 0.006203943 -0.050079018 -18.065944672 -0.006151996 0.999980390 0.001191383 -2.310321331 0.050085425 -0.000881779 0.998744547 261.904113770
0.998695493 0.003050708 -0.050970789 -18.118577957 -0.002909013 0.999991715 0.002853871 -2.313537121 0.050979070 -0.002701873 0.998696089 262.966705322
0.998650491 -0.000856776 -0.051927909 -18.170879364 0.000661940 0.999992669 -0.003769117 -2.312411070 0.051930759 0.003729658 0.998643696 264.049316406
0.998590708 -0.002922276 -0.052991055 -18.229242325 0.002285358 0.999924481 -0.012075950 -2.320798397 0.053022340 0.011937829 0.998521984 265.141632080
0.998546481 -0.003811004 -0.053762671 -18.288774490 0.002893396 0.999849021 -0.017135268 -2.335628986 0.053819858 0.016954806 0.998406708 266.255218506
0.998530149 -0.001792771 -0.054169279 -18.360313416 0.000914669 0.999867857 -0.016230777 -2.356197834 0.054191221 0.016157374 0.998399854 267.381164551
0.998492241 0.000382070 -0.054891370 -18.425886154 -0.000874442 0.999959588 -0.008946186 -2.377460480 0.054885734 0.008980697 0.998452246 268.538330078
0.998456359 0.001441294 -0.055522896 -18.498870850 -0.001405230 0.999998748 0.000688562 -2.392718077 0.055523820 -0.000609477 0.998457193 269.694274902
0.998425901 0.001947734 -0.056052957 -18.569448471 -0.001654805 0.999984741 0.005271861 -2.397961140 0.056062371 -0.005170805 0.998413861 270.869934082
0.998399496 0.000006349 -0.056554537 -18.638351440 0.000157523 0.999995828 0.002893134 -2.400472879 0.056554321 -0.002897412 0.998395324 272.049896240
0.998338163 -0.001241661 -0.057614487 -18.705329895 0.001087929 0.999995768 -0.002699578 -2.406916857 0.057617594 0.002632411 0.998335242 273.232421875
0.998269737 -0.002976475 -0.058725368 -18.776536942 0.002551474 0.999970019 -0.007310742 -2.416028976 0.058745369 0.007148256 0.998247385 274.425354004
0.998203397 -0.002417008 -0.059868112 -18.850383759 0.001868674 0.999955833 -0.009213325 -2.432802439 0.059887737 0.009084898 0.998163760 275.636932373
0.998179615 -0.003314012 -0.060220342 -18.928131104 0.002954463 0.999977291 -0.006058615 -2.455242157 0.060239054 0.005869667 0.998166740 276.854614258
0.998126984 -0.001745883 -0.061151329 -19.003692627 0.001638865 0.999997020 -0.001800175 -2.470380306 0.061154291 0.001696584 0.998126864 278.072753906
0.998073578 -0.003540719 -0.061940040 -19.076578140 0.003378347 0.999990582 -0.002725961 -2.492473602 0.061949108 0.002511455 0.998076141 279.298614502
0.998000860 -0.004692717 -0.063026056 -19.155744553 0.004204539 0.999960124 -0.007876039 -2.505792618 0.063060507 0.007595299 0.997980833 280.528289795
0.997961581 -0.005026474 -0.063619345 -19.234764099 0.004321667 0.999927819 -0.011211259 -2.526636362 0.063671112 0.010913464 0.997911274 281.746276855
0.997888565 -0.004011566 -0.064824954 -19.321201324 0.003260826 0.999926448 -0.011682676 -2.553592682 0.064867049 0.011446626 0.997828245 282.982574463
0.997893989 -0.001657861 -0.064844847 -19.414817810 0.001051499 0.999955416 -0.009383968 -2.581724405 0.064857513 0.009296020 0.997851253 284.211242676
0.997907400 0.000689324 -0.064655989 -19.498445511 -0.001014684 0.999987006 -0.004999466 -2.607430220 0.064651705 0.005054610 0.997895062 285.438995361
0.997956574 0.004021066 -0.063769400 -19.593025208 -0.004098294 0.999991000 -0.001080298 -2.624812126 0.063764483 0.001339436 0.997964084 286.694519043
0.998021543 0.005736779 -0.062610462 -19.677898407 -0.005735774 0.999983549 0.000195801 -2.638903618 0.062610559 0.000163705 0.998037994 287.938262939
0.998132050 0.004294435 -0.060941990 -19.762275696 -0.004375823 0.999989688 -0.001202093 -2.652630329 0.060936201 0.001466519 0.998140574 289.168060303
0.998188853 0.004081083 -0.060019616 -19.839683533 -0.004382408 0.999978423 -0.004889657 -2.673953056 0.059998367 0.005143832 0.998185217 290.424072266
0.998235524 0.002837413 -0.059310548 -19.908946991 -0.003428997 0.999945343 -0.009874948 -2.697981119 0.059279285 0.010060900 0.998190761 291.670135498
0.998288572 0.002681833 -0.058418255 -19.984506607 -0.003398021 0.999920249 -0.012163768 -2.719136477 0.058380976 0.012341456 0.998218060 292.926879883
0.998377919 0.003067567 -0.056851331 -20.068426132 -0.003648689 0.999942124 -0.010120803 -2.746222258 0.056816991 0.010311820 0.998331368 294.177795410
0.998417020 0.006016335 -0.055922106 -20.149570465 -0.006407366 0.999956250 -0.006815751 -2.768314838 0.055878650 0.007163275 0.998411894 295.431518555
0.998434484 0.007647508 -0.055408385 -20.226398468 -0.007882146 0.999960840 -0.004017410 -2.791093111 0.055375494 0.004447857 0.998455703 296.691131592
0.998449206 0.009955566 -0.054772656 -20.307815552 -0.009923190 0.999950409 0.000863045 -2.806925058 0.054778531 -0.000318187 0.998498499 297.961730957
0.998444319 0.012434632 -0.054353841 -20.379426956 -0.012154112 0.999911070 0.005488519 -2.820317984 0.054417256 -0.004819358 0.998506665 299.223602295
0.998410463 0.015972495 -0.054049823 -20.459491730 -0.015798671 0.999868572 0.003641758 -2.828664064 0.054100886 -0.002782054 0.998531580 300.477783203
0.998350501 0.018686209 -0.054287042 -20.533744812 -0.018788746 0.999822497 -0.001378999 -2.842020035 0.054251641 0.002396710 0.998524427 301.737945557
0.998285711 0.021402802 -0.054475684 -20.615528107 -0.021762794 0.999745011 -0.006023638 -2.857387543 0.054332867 0.007198855 0.998496950 302.996856689
0.998162270 0.025173511 -0.055121403 -20.687705994 -0.025697093 0.999630928 -0.008810504 -2.878968239 0.054879270 0.010210773 0.998440802 304.265747070
0.998116672 0.026414404 -0.055365533 -20.771348953 -0.026949305 0.999596834 -0.008936900 -2.902257919 0.055107150 0.010412131 0.998426139 305.529998779
0.998017967 0.027923403 -0.056394987 -20.839704514 -0.028272757 0.999585629 -0.005406287 -2.934610605 0.056220658 0.006990014 0.998393893 306.793762207
0.998085678 0.026485099 -0.055888925 -20.929115295 -0.026647666 0.999642551 -0.002165395 -2.950850964 0.055811595 0.003650559 0.998434663 308.068115234
0.998043358 0.026855210 -0.056465104 -21.010309219 -0.026929371 0.999637187 -0.000552781 -2.965256453 0.056429774 0.002072269 0.998404443 309.334472656
0.998010576 0.025934720 -0.057465244 -21.073677063 -0.025977554 0.999662519 0.000001645 -2.980240107 0.057445895 0.001491164 0.998347521 310.599090576
0.997979105 0.025436435 -0.058229856 -21.152851105 -0.025447061 0.999675989 0.000559148 -2.995409966 0.058225211 0.000923761 0.998303056 311.874114990
0.997961402 0.024570532 -0.058900688 -21.228363037 -0.024590971 0.999697506 0.000377918 -3.015614748 0.058892157 0.001071277 0.998263776 313.145874023
0.997858703 0.025866071 -0.060074132 -21.305059433 -0.025849910 0.999665260 0.001046276 -3.024354696 0.060081087 0.000508875 0.998193383 314.410034180
0.997840405 0.025468776 -0.060546715 -21.388921738 -0.025423460 0.999675632 0.001518813 -3.036625147 0.060565758 0.000023774 0.998164237 315.690277100
0.997798264 0.026051562 -0.060991336 -21.471618652 -0.026143299 0.999657929 -0.000706472 -3.058385611 0.060952071 0.002299431 0.998138070 316.954833984
0.997753799 0.027019501 -0.061296400 -21.556236267 -0.027400583 0.999610007 -0.005384853 -3.072721958 0.061127000 0.007052315 0.998105109 318.227447510
0.997812331 0.025449023 -0.061015174 -21.641405106 -0.025751730 0.999659657 -0.004179834 -3.092566490 0.060888033 0.005741937 0.998128116 319.493652344
0.997778714 0.027559184 -0.060647395 -21.724096298 -0.027638154 0.999617875 -0.000463478 -3.112934113 0.060611445 0.002138630 0.998159170 320.759674072
0.997864187 0.026015054 -0.059918679 -21.808092117 -0.025903612 0.999660969 0.002636016 -3.130826712 0.059966940 -0.001078275 0.998199761 322.033264160
0.997898459 0.026451671 -0.059151791 -21.889373779 -0.026223551 0.999645412 0.004629603 -3.140042782 0.059253275 -0.003068703 0.998238266 323.296813965
0.997931421 0.026041955 -0.058776192 -21.969017029 -0.025762470 0.999652922 0.005507973 -3.157661438 0.058899231 -0.003982360 0.998255968 324.553894043
0.998008251 0.022148926 -0.059067525 -22.043390274 -0.021969171 0.999751806 0.003690945 -3.168215036 0.059134614 -0.002385929 0.998247147 325.825103760
0.998049915 0.020075105 -0.059105065 -22.116847992 -0.020068567 0.999798357 0.000704265 -3.176161289 0.059107285 0.000483263 0.998251498 327.074218750
0.998093784 0.016730538 -0.059404925 -22.192810059 -0.016786341 0.999858975 -0.000440416 -3.193671465 0.059389178 0.001436768 0.998233855 328.334960938
0.998100698 0.014981917 -0.059754122 -22.276645660 -0.014971497 0.999887705 0.000622115 -3.207391262 0.059756733 0.000273675 0.998212934 329.581085205
0.998095751 0.011753210 -0.060553230 -22.348526001 -0.011518123 0.999924719 0.004229921 -3.220039845 0.060598388 -0.003524407 0.998156011 330.835510254
0.998069584 0.008210292 -0.061560884 -22.417554855 -0.007747446 0.999939919 0.007753449 -3.227708340 0.061620843 -0.007261542 0.998073220 332.079956055
0.998036206 0.004411123 -0.062484149 -22.496322632 -0.004037126 0.999973178 0.006110462 -3.238378048 0.062509425 -0.005846206 0.998027265 333.309204102
0.997986197 0.000551013 -0.063428946 -22.572565079 -0.000416608 0.999997616 0.002132186 -3.250628710 0.063429974 -0.002101467 0.997984052 334.545135498
0.997924447 -0.001155123 -0.064385228 -22.648672104 0.001204858 0.999998987 0.000733642 -3.265824556 0.064384319 -0.000809694 0.997924864 335.766021729
0.997868180 -0.002484777 -0.065214723 -22.730354309 0.002637593 0.999993980 0.002257279 -3.281743526 0.065208718 -0.002424477 0.997868717 336.969390869
0.997809589 -0.004240169 -0.066015884 -22.808738708 0.004606078 0.999974847 0.005391531 -3.297677755 0.065991364 -0.005683796 0.997803986 338.167633057
0.997780085 -0.006067275 -0.066318519 -22.895286560 0.006680994 0.999936879 0.009036262 -3.306614161 0.066259503 -0.009459276 0.997757614 339.347229004
0.997713506 -0.008296733 -0.067074388 -22.966951370 0.009122731 0.999886155 0.012017764 -3.326171875 0.066967048 -0.012602187 0.997675598 340.508392334
0.997644424 -0.011110885 -0.067691378 -23.046642303 0.011912806 0.999863446 0.011454585 -3.331202984 0.067554861 -0.012233997 0.997640550 341.653991699
0.997588098 -0.011935489 -0.068377949 -23.117767334 0.012610020 0.999875903 0.009441604 -3.336374760 0.068256773 -0.010281079 0.997614801 342.768829346
0.997572899 -0.010177974 -0.068882249 -23.203161240 0.010660860 0.999921083 0.006646334 -3.345094681 0.068809167 -0.007364546 0.997602642 343.873535156
0.997571051 -0.009638920 -0.068985738 -23.283752441 0.009957421 0.999941289 0.004274508 -3.358196259 0.068940490 -0.004951045 0.997608483 344.959533691
0.997598052 -0.008466339 -0.068749249 -23.361019135 0.008753625 0.999954164 0.003878556 -3.371637106 0.068713255 -0.004471045 0.997626424 346.038238525
0.997715473 -0.005874294 -0.067300573 -23.442535400 0.006221041 0.999968410 0.004943787 -3.382566452 0.067269407 -0.005351173 0.997720480 347.103485107
0.997858465 -0.003324346 -0.065325513 -23.517061234 0.003658677 0.999980807 0.004998961 -3.394654512 0.065307640 -0.005227261 0.997851491 348.162567139
0.997992992 -0.003512407 -0.063227206 -23.584369659 0.003716646 0.999988258 0.003112927 -3.408095837 0.063215531 -0.003341672 0.997994304 349.194091797
0.998149157 -0.004656672 -0.060634501 -23.648481369 0.004855076 0.999983311 0.003125218 -3.425980330 0.060618937 -0.003413819 0.998155117 350.207244873
0.998301804 -0.004146771 -0.058105953 -23.711357117 0.004354659 0.999984562 0.003451585 -3.436227798 0.058090743 -0.003698756 0.998304427 351.212554932
0.998444617 -0.006395626 -0.055384863 -23.770111084 0.006658275 0.999967456 0.004559013 -3.453413010 0.055353902 -0.004920689 0.998454690 352.187744141
0.998549044 -0.007853340 -0.053274613 -23.820924759 0.008146033 0.999952912 0.005279111 -3.463699818 0.053230643 -0.005705428 0.998565972 353.153381348
0.998667598 -0.008727925 -0.050860964 -23.873226166 0.009056905 0.999939501 0.006241347 -3.477458954 0.050803412 -0.006693674 0.998686254 354.095306396
0.998734176 -0.012348569 -0.048759725 -23.909481049 0.012781934 0.999881446 0.008585972 -3.490176678 0.048647918 -0.009198347 0.998773634 355.020935059
0.998834193 -0.011567094 -0.046866514 -23.952440262 0.012092593 0.999866962 0.010944699 -3.498479605 0.046733681 -0.011498677 0.998841226 355.915649414
0.998944402 -0.010964392 -0.044607338 -23.988554001 0.011507195 0.999862611 0.011929944 -3.508399010 0.044470403 -0.012430657 0.998933375 356.787445068
0.999034584 -0.010303770 -0.042704795 -24.027471542 0.010715433 0.999898195 0.009422057 -3.517529249 0.042603362 -0.009870562 0.999043286 357.623352051
0.999125361 -0.009618163 -0.040693719 -24.063154221 0.009785685 0.999944448 0.003919460 -3.525018215 0.040653761 -0.004314248 0.999163985 358.438720703
0.999209344 -0.008534353 -0.038830966 -24.094408035 0.008568519 0.999963045 0.000713518 -3.537006378 0.038823441 -0.001045678 0.999245524 359.220367432
0.999273360 -0.008364082 -0.037186056 -24.127796173 0.008438949 0.999962687 0.001856801 -3.545528889 0.037169136 -0.002169263 0.999306619 359.990417480
0.999334753 -0.007610074 -0.035666641 -24.157941818 0.007830037 0.999951184 0.006031577 -3.560966015 0.035618994 -0.006306835 0.999345541 360.733032227
0.999359906 -0.007361467 -0.035007820 -24.183839798 0.007627993 0.999942899 0.007485868 -3.572574854 0.034950715 -0.007748116 0.999359012 361.442413330
0.999312639 -0.005806518 -0.036613878 -24.217039108 0.005974906 0.999972045 0.004491271 -3.582187414 0.036586776 -0.004706949 0.999319375 362.126770020
0.999145150 -0.004853706 -0.041053392 -24.248096466 0.004891157 0.999987721 0.000811850 -3.595561743 0.041048948 -0.001011955 0.999156654 362.776794434
0.998888135 -0.003481244 -0.047015045 -24.275962830 0.003445874 0.999993742 -0.000833335 -3.600924492 0.047017649 0.000670400 0.998893857 363.400054932
0.998559356 0.000667241 -0.053654104 -24.323242188 -0.000698028 0.999999583 -0.000555062 -3.615913391 0.053653713 0.000591715 0.998559415 363.993774414
0.998135209 0.004494402 -0.060876265 -24.379714966 -0.004516050 0.999989808 -0.000218023 -3.628504515 0.060874663 0.000492537 0.998145282 364.565490723
0.997333109 0.007797474 -0.072566368 -24.425504684 -0.007773090 0.999969602 0.000618418 -3.640571594 0.072568990 -0.000052704 0.997363389 365.114440918
0.996050715 0.006635841 -0.088537656 -24.486865997 -0.006470857 0.999976754 0.002150324 -3.649330854 0.088549867 -0.001568917 0.996070504 365.646789551
0.994018972 0.006146363 -0.109034419 -24.562501907 -0.005941826 0.999979913 0.002200704 -3.659447432 0.109045751 -0.001539678 0.994035542 366.155914307
0.990620673 0.003759315 -0.136588946 -24.650909424 -0.003430999 0.999990642 0.002639019 -3.668473482 0.136597589 -0.002145631 0.990624309 366.655578613
0.984774590 0.003292275 -0.173804894 -24.756309509 -0.002564407 0.999987006 0.004412241 -3.674129009 0.173817158 -0.003899356 0.984770238 367.138031006
0.975950420 0.004278924 -0.217950568 -24.906030655 -0.002546182 0.999962866 0.008230388 -3.676060438 0.217977703 -0.007477509 0.975925088 367.613433838
0.963424444 0.004964623 -0.267934173 -25.080907822 -0.001814618 0.999926329 0.012002986 -3.675696850 0.267974019 -0.011077772 0.963362455 368.066040039
0.945689976 0.006231846 -0.325010300 -25.275363922 -0.000879653 0.999861598 0.016612109 -3.675102234 0.325068831 -0.015424008 0.945564568 368.513458252
0.922768593 0.008610438 -0.385258347 -25.519142151 0.000074579 0.999746323 0.022522738 -3.672481775 0.385354549 -0.020812009 0.922533870 368.939361572
0.894438267 0.013594958 -0.446984798 -25.786125183 -0.000792747 0.999584436 0.028815849 -3.664366722 0.447190791 -0.025419651 0.894077301 369.342590332
0.860813081 0.021690227 -0.508458853 -26.024950027 -0.003126561 0.999297917 0.037335593 -3.667191505 0.508911669 -0.030549241 0.860276520 369.693603516
0.822567046 0.027630311 -0.567996502 -26.316091537 -0.003062543 0.999019682 0.044162381 -3.656978607 0.568659902 -0.034587007 0.821845293 370.044555664
0.780042231 0.031705216 -0.624923170 -26.640539169 -0.002385349 0.998858869 0.047699250 -3.650877476 0.625722349 -0.035716772 0.779227734 370.372436523
0.731135607 0.032347668 -0.681464911 -26.987178802 0.003794134 0.998667061 0.051475253 -3.637371540 0.682221711 -0.040220961 0.730038285 370.699432373
0.675547302 0.035486773 -0.736462235 -27.342678070 0.005968289 0.998545170 0.053590000 -3.607396603 0.737292588 -0.040598001 0.674352705 370.988952637
0.615656674 0.040391635 -0.786978662 -27.753585815 0.005310036 0.998450160 0.055399463 -3.586717606 0.787996650 -0.038285937 0.614488006 371.245269775
0.550821662 0.047280870 -0.833282709 -28.194183350 0.004279519 0.998221040 0.059468430 -3.560729027 0.834612012 -0.036322549 0.549639404 371.476776123
0.482328176 0.047017146 -0.874727964 -28.649734497 0.015756618 0.997931361 0.062327664 -3.533591270 0.875848949 -0.043845147 0.480589628 371.682373047
0.409037828 0.041654579 -0.911566317 -29.125671387 0.028460674 0.997889221 0.058370039 -3.504254341 0.912073553 -0.049819347 0.406988919 371.860595703
0.331500709 0.036792614 -0.942737341 -29.620529175 0.035625100 0.998038530 0.051477958 -3.487462044 0.942782164 -0.050650086 0.329539716 372.004730225
0.253253996 0.030550243 -0.966917396 -30.130661011 0.038906865 0.998370945 0.041734487 -3.469429016 0.966617167 -0.048189148 0.251652837 372.089508057
0.175991416 0.026512489 -0.984034777 -30.668914795 0.040147357 0.998612225 0.034085479 -3.445460320 0.983572841 -0.045505144 0.174682796 372.153259277
0.103361487 0.023783835 -0.994359553 -31.210449219 0.043580651 0.998645723 0.028416479 -3.409151077 0.993688762 -0.046272006 0.102185011 372.184509277
0.038150966 0.027509186 -0.998893321 -31.761474609 0.041758109 0.998703897 0.029098852 -3.398652077 0.998399198 -0.042822044 0.036952794 372.156616211
-0.018629789 0.036583267 -0.999157012 -32.323150635 0.039142646 0.998590946 0.035832711 -3.389663696 0.999060035 -0.038442090 -0.020035505 372.104217529
-0.065969467 0.044116788 -0.996845901 -32.895568848 0.035388522 0.998497069 0.041847914 -3.382795334 0.997193933 -0.032516215 -0.067431569 372.024139404
-0.104228377 0.044863198 -0.993541002 -33.474731445 0.033582043 0.998571157 0.041567378 -3.367176056 0.993986249 -0.029032636 -0.105586052 371.943420410
-0.133745909 0.040476277 -0.990188658 -34.046234131 0.028747702 0.998903573 0.036949527 -3.345047951 0.990598559 -0.023523798 -0.134762883 371.831207275
-0.154692888 0.041415550 -0.987094164 -34.616760254 0.024000868 0.998983622 0.038153086 -3.326479912 0.987671018 -0.017789101 -0.155529737 371.702911377
-0.168823481 0.046889693 -0.984530330 -35.215911865 0.021722252 0.998802185 0.043844558 -3.302572250 0.985406876 -0.013984220 -0.169639826 371.579254150
-0.176355124 0.051222544 -0.982993066 -35.843414307 0.019725690 0.998628438 0.048498381 -3.274775505 0.984129071 -0.010837280 -0.177123666 371.454406738
-0.179136395 0.052450329 -0.982425034 -36.471954346 0.018842235 0.998577595 0.049876977 -3.258269310 0.983643711 -0.009576300 -0.179869890 371.333618164
-0.180140138 0.046394870 -0.982546329 -37.111419678 0.017121270 0.998883605 0.044027291 -3.233883858 0.983492076 -0.008891365 -0.180733442 371.209320068
-0.180546165 0.035163473 -0.982937813 -37.763671875 0.018064193 0.999310732 0.032431163 -3.201967239 0.983400702 -0.011900657 -0.181056857 371.086181641
-0.179947972 0.028246952 -0.983270586 -38.436187744 0.022145269 0.999450624 0.024658972 -3.178408623 0.983426929 -0.017337460 -0.180474639 370.966735840
-0.179245114 0.027939016 -0.983407795 -39.148406982 0.026319074 0.999375105 0.023595497 -3.154059410 0.983452499 -0.021653004 -0.179868340 370.843627930
-0.177621484 0.031766843 -0.983586013 -39.880737305 0.029358814 0.999205053 0.026969509 -3.138741493 0.983660817 -0.024086554 -0.178412914 370.716735840
-0.174830198 0.032337230 -0.984067559 -40.629089355 0.025806876 0.999267638 0.028251849 -3.116685867 0.984260440 -0.020456430 -0.175536752 370.575958252
-0.170957446 0.033063330 -0.984723568 -41.396148682 0.022334265 0.999310017 0.029675648 -3.096496582 0.985025346 -0.016919803 -0.171577930 370.442321777
-0.164897919 0.032484721 -0.985775530 -42.182403564 0.017204979 0.999400139 0.030055698 -3.077400208 0.986160576 -0.012004128 -0.165357828 370.301055908
-0.157393456 0.030088572 -0.987077534 -42.980926514 0.009624762 0.999535024 0.028933601 -3.055736542 0.987489104 -0.004946429 -0.157609820 370.163543701
-0.147780061 0.029059755 -0.988593221 -43.803405762 0.005392661 0.999577045 0.028576503 -3.032664776 0.989005506 -0.001108110 -0.147874236 370.031921387
-0.137989044 0.031594731 -0.989929736 -44.648681641 0.001066160 0.999495208 0.031751409 -3.008034229 0.990433216 0.003325922 -0.137953043 369.912933350
-0.127951264 0.035201874 -0.991155565 -45.517517090 -0.004595745 0.999338150 0.036085762 -2.981607914 0.991769850 0.009172317 -0.127704740 369.790191650
-0.117809296 0.037878491 -0.992313623 -46.400329590 -0.008509326 0.999197066 0.039151493 -2.957769871 0.992999852 0.013056329 -0.117392421 369.683410645
-0.108104467 0.036566570 -0.993466973 -47.298370361 -0.011034483 0.999217629 0.037978958 -2.923942089 0.994078457 0.015068084 -0.107616305 369.578521729
-0.098972440 0.035045423 -0.994472861 -48.217681885 -0.008666740 0.999311388 0.036078468 -2.889892578 0.995052457 0.012189612 -0.098600507 369.487823486
-0.092084765 0.037148893 -0.995058000 -49.150543213 -0.006284278 0.999262273 0.037887413 -2.857269287 0.995731354 0.009742075 -0.091783404 369.404235840
-0.087162018 0.040758751 -0.995360076 -50.107513428 -0.004285994 0.999138057 0.041288774 -2.823785305 0.996185064 0.007864914 -0.086912155 369.326538086
-0.083832622 0.046247877 -0.995406091 -51.093109131 -0.002887305 0.998906970 0.046653699 -2.791299820 0.996475697 0.006785142 -0.083607435 369.240417480
-0.081622839 0.048991688 -0.995458484 -52.077331543 -0.000919700 0.998786986 0.049230915 -2.746771812 0.996662915 0.004933887 -0.081478715 369.155456543
-0.080184937 0.048945278 -0.995577574 -53.078033447 -0.000979757 0.998789370 0.049182083 -2.702959061 0.996779561 0.004919088 -0.080039978 369.071746826
-0.078925848 0.045662202 -0.995834231 -54.076965332 -0.005881700 0.998911679 0.046269476 -2.661894798 0.996863246 0.009509054 -0.078571439 368.979309082
-0.078178287 0.041746385 -0.996065021 -55.092864990 -0.008396942 0.999059856 0.042530954 -2.618366241 0.996904075 0.011688894 -0.077754259 368.892913818
-0.077240109 0.040229145 -0.996200562 -56.128723145 -0.009093129 0.999115646 0.041051898 -2.581770897 0.996971071 0.012229435 -0.076805949 368.814300537
-0.075916648 0.039814275 -0.996319056 -57.172882080 -0.010521662 0.999114871 0.040727723 -2.548487663 0.997058749 0.013574845 -0.075430632 368.729736328
-0.073872685 0.040888574 -0.996429205 -58.229187012 -0.010551921 0.999071121 0.041779283 -2.512700558 0.997211933 0.013600589 -0.073372602 368.645629883
-0.072000742 0.040996358 -0.996561706 -59.299865723 -0.011890188 0.999048650 0.041957721 -2.475562572 0.997333765 0.014870293 -0.071444750 368.565826416
-0.070185423 0.042780306 -0.996616364 -60.369628906 -0.014732396 0.998926580 0.043916985 -2.438863754 0.997425318 0.017764868 -0.069479823 368.484680176
-0.068081737 0.043725759 -0.996721148 -61.451812744 -0.016422709 0.998854637 0.044941120 -2.399692059 0.997544587 0.019428529 -0.067285657 368.404052734
-0.066370249 0.045160536 -0.996772587 -62.529052734 -0.015588054 0.998806357 0.046290614 -2.362477303 0.997673333 0.018610060 -0.065587044 368.330200195
-0.065563917 0.044532478 -0.996854186 -63.606109619 -0.017392967 0.998800874 0.045763388 -2.326011181 0.997696757 0.020338675 -0.064710736 368.251861572
-0.065430522 0.042230148 -0.996963263 -64.678558350 -0.016855516 0.998914778 0.043419041 -2.287282944 0.997714877 0.019645253 -0.064647675 368.171569824
-0.065954685 0.041989643 -0.996938705 -65.768096924 -0.017112762 0.998919666 0.043205209 -2.251432896 0.997675836 0.019909963 -0.065164924 368.093902588
-0.066279292 0.045840960 -0.996747553 -66.856079102 -0.017678523 0.998733342 0.047107834 -2.214240551 0.997644484 0.020743301 -0.065384865 368.016113281
-0.066709876 0.049414385 -0.996548057 -67.963256836 -0.018710591 0.998535335 0.050765432 -2.176375389 0.997596979 0.022032561 -0.065687656 367.937622070
-0.067833900 0.049334195 -0.996476173 -69.057373047 -0.022438889 0.998448610 0.050959349 -2.134449482 0.997444332 0.025816590 -0.066621661 367.856292725
-0.068773746 0.047710232 -0.996490836 -70.142181396 -0.021724822 0.998547316 0.049308050 -2.091285706 0.997395694 0.025039682 -0.067637444 367.774200439
-0.070639610 0.043571595 -0.996549845 -71.231597900 -0.018559288 0.998815179 0.044986203 -2.050087929 0.997329235 0.021673067 -0.069747329 367.697875977
-0.072813153 0.041648906 -0.996475637 -72.306365967 -0.018369697 0.998902202 0.043092608 -2.010723114 0.997176468 0.021442657 -0.071968079 367.610595703
-0.074500799 0.045310177 -0.996191025 -73.389770508 -0.017646212 0.998750925 0.046746287 -1.975090981 0.997064829 0.021061631 -0.073608160 367.529174805
-0.075663447 0.046984136 -0.996025920 -74.486816406 -0.015781129 0.998707712 0.048309460 -1.943026066 0.997008562 0.019373668 -0.074824214 367.448791504
-0.076870203 0.044754736 -0.996036232 -75.558959961 -0.015607640 0.998815596 0.046084162 -1.902678490 0.996919036 0.019088272 -0.076080680 367.363769531
-0.077716351 0.043751363 -0.996015012 -76.639160156 -0.018668102 0.998797596 0.045330212 -1.863819122 0.996800721 0.022116609 -0.076806188 367.275146484
-0.077221274 0.044520713 -0.996019483 -77.720794678 -0.021031694 0.998707473 0.046271447 -1.833002567 0.996792138 0.024521116 -0.076185107 367.178588867
-0.076175332 0.046830412 -0.995994091 -78.793792725 -0.022834519 0.998552561 0.048697129 -1.796048164 0.996832967 0.026452564 -0.074995637 367.094940186
-0.074341774 0.048993610 -0.996028543 -79.875213623 -0.023460897 0.998430073 0.050862819 -1.758252144 0.996956766 0.027148962 -0.073075652 367.015686035
-0.071854711 0.050282169 -0.996146858 -80.951629639 -0.022834361 0.998383820 0.052042186 -1.718696117 0.997153699 0.026485853 -0.070590377 366.934753418
-0.068950534 0.049643051 -0.996384203 -82.026947021 -0.023306120 0.998408377 0.051356707 -1.678189754 0.997347832 0.026762921 -0.067683816 366.856292725
-0.065277338 0.047315598 -0.996744812 -83.078033447 -0.023372872 0.998528659 0.048930980 -1.639387131 0.997593462 0.026490867 -0.064075351 366.779937744
-0.061456323 0.044844147 -0.997101843 -84.142242432 -0.025357055 0.998597622 0.046474297 -1.604085445 0.997787595 0.028139707 -0.060232997 366.703491211
-0.057890773 0.043883026 -0.997358024 -85.189910889 -0.026352862 0.998618126 0.045468099 -1.570130825 0.997975051 0.028915418 -0.056654334 366.638305664
-0.053986073 0.045188632 -0.997518837 -86.238769531 -0.028123265 0.998510361 0.046755593 -1.534224033 0.998145759 0.030577620 -0.052634716 366.573547363
-0.050116539 0.047883246 -0.997594953 -87.297180176 -0.029588409 0.998340428 0.049405474 -1.497268200 0.998305082 0.031993274 -0.048616529 366.523712158
-0.046372652 0.052308012 -0.997553825 -88.317779541 -0.029663961 0.998115540 0.053716436 -1.462770462 0.998483777 0.032082364 -0.044733524 366.469940186
-0.042419076 0.054476254 -0.997613788 -89.323760986 -0.028881112 0.998028278 0.055726927 -1.425454140 0.998682559 0.031176064 -0.040762067 366.416442871
-0.038844585 0.053438235 -0.997815371 -90.334075928 -0.027840771 0.998123467 0.054538563 -1.388350487 0.998857379 0.029898470 -0.037283897 366.384094238
-0.035576463 0.049351063 -0.998147786 -91.313446045 -0.026000842 0.998396158 0.050290082 -1.353343487 0.999028802 0.027741823 -0.034236312 366.348876953
-0.033113122 0.047216013 -0.998335838 -92.278137207 -0.023232358 0.998577237 0.047998011 -1.316971302 0.999181688 0.024783053 -0.031969070 366.320465088
-0.030998111 0.046174463 -0.998452485 -93.222229004 -0.019736204 0.998709321 0.046799075 -1.290197849 0.999324739 0.021156330 -0.030046701 366.291961670
-0.029708862 0.044437744 -0.998570263 -94.153045654 -0.017194565 0.998840749 0.044961341 -1.263627052 0.999410629 0.018505730 -0.028910279 366.267333984
-0.028671861 0.042794425 -0.998672545 -95.062500000 -0.014773787 0.998955846 0.043230724 -1.237349510 0.999479830 0.015993673 -0.028009653 366.244537354
-0.028112888 0.043234717 -0.998669505 -95.962097168 -0.013141250 0.998961866 0.043617312 -1.209903717 0.999518514 0.014349963 -0.027515531 366.220581055
-0.027978301 0.044093147 -0.998635530 -96.835266113 -0.009805297 0.998966515 0.044382472 -1.194295883 0.999560416 0.011033663 -0.027516961 366.193084717
-0.030170798 0.042612620 -0.998636067 -97.715789795 -0.007122685 0.999056339 0.042845745 -1.169604301 0.999519408 0.008405656 -0.029838800 366.167022705
-0.033787489 0.042213868 -0.998537302 -98.596679688 -0.001986249 0.999102771 0.042304985 -1.141814232 0.999427259 0.003412715 -0.033673286 366.136535645
-0.040904760 0.043684360 -0.998207688 -99.469970703 0.001901807 0.999045372 0.043643091 -1.115232468 0.999161303 -0.000113189 -0.040948868 366.098297119
-0.050502419 0.046424929 -0.997644544 -100.352416992 0.006009548 0.998915076 0.046179850 -1.086164474 0.998706043 -0.003663206 -0.050726652 366.059143066
-0.062187672 0.046790000 -0.996967196 -101.222320557 0.005866730 0.998900354 0.046514783 -1.053257942 0.998047352 -0.002956301 -0.062393785 365.991668701
-0.074961066 0.043427922 -0.996240377 -102.082275391 0.005494377 0.999054074 0.043137155 -1.031630516 0.997171342 -0.002240111 -0.075128794 365.917266846
-0.088421583 0.037402235 -0.995380700 -102.935363770 0.005290219 0.999298334 0.037079502 -1.006476402 0.996069074 -0.001987151 -0.088557482 365.832244873
-0.101030588 0.031596530 -0.994381607 -103.795928955 0.003741603 0.999500573 0.031379037 -0.977906227 0.994876444 -0.000550345 -0.101098299 365.728149414
-0.112173676 0.028475961 -0.993280590 -104.649749756 -0.000299734 0.999588311 0.028690647 -0.963718891 0.993688643 0.003516056 -0.112118959 365.618225098
-0.120690346 0.027349155 -0.992313445 -105.518432617 -0.003478311 0.999602616 0.027973102 -0.949071407 0.992684186 0.006827654 -0.120547295 365.501220703
-0.126484871 0.027505323 -0.991587162 -106.395568848 -0.005100376 0.999584258 0.028377745 -0.931012630 0.991955459 0.008646820 -0.126291990 365.385345459
-0.129637480 0.026481224 -0.991207898 -107.276977539 -0.009254350 0.999567449 0.027914915 -0.917030334 0.991518378 0.012791802 -0.129336357 365.257080078
-0.130495548 0.024954636 -0.991134822 -108.162506104 -0.013011606 0.999553978 0.026879756 -0.900514841 0.991363525 0.016403941 -0.130112648 365.134948730
-0.129670620 0.023653517 -0.991275012 -109.058197021 -0.015271391 0.999549210 0.025848636 -0.885621071 0.991439581 0.018489955 -0.129250884 365.006256104
-0.127785325 0.023864470 -0.991514742 -109.967498779 -0.013790700 0.999571085 0.025835708 -0.864907980 0.991706014 0.016975105 -0.127401471 364.890838623
-0.125652552 0.027944362 -0.991680861 -110.886230469 -0.013052416 0.999470115 0.029817682 -0.845803261 0.991988659 0.016690489 -0.125221133 364.773834229
-0.123756409 0.037031937 -0.991621494 -111.830047607 -0.014969483 0.999119997 0.039180193 -0.819891453 0.992199838 0.019692855 -0.123093128 364.650024414
-0.120732069 0.051758833 -0.991334975 -112.777618408 -0.019361870 0.998327017 0.054481935 -0.782103539 0.992496431 0.025771813 -0.119528055 364.520935059
-0.115799665 0.056615856 -0.991657794 -113.746185303 -0.022260459 0.997975528 0.059575986 -0.735762596 0.993023157 0.028973626 -0.114304900 364.404541016
-0.110163689 0.048088435 -0.992749631 -114.720794678 -0.030895064 0.998180509 0.051779877 -0.692783356 0.993433356 0.036375310 -0.108477473 364.284118652
-0.102668047 0.036136743 -0.994059205 -115.707397461 -0.033313192 0.998654425 0.039744426 -0.637545586 0.994157791 0.037195753 -0.101325989 364.174713135
-0.097488046 0.037837356 -0.994517326 -116.728210449 -0.034793995 0.998536587 0.041400976 -0.593346596 0.994628429 0.038639322 -0.096028924 364.069213867
-0.091287732 0.048816457 -0.994627416 -117.784149170 -0.031422615 0.998159170 0.051873792 -0.552402020 0.995328784 0.035989229 -0.089585662 363.973114014
-0.086153626 0.052130353 -0.994917274 -118.841827393 -0.028346617 0.998097539 0.054751635 -0.506138802 0.995878756 0.032919571 -0.084511995 363.881835938
-0.082036614 0.041950222 -0.995746076 -119.902038574 -0.027091380 0.998650670 0.044304572 -0.455504417 0.996261060 0.030610731 -0.080789328 363.798156738
-0.078460932 0.032537781 -0.996385992 -120.976776123 -0.030371916 0.998925269 0.035012357 -0.409091711 0.996454358 0.033009261 -0.077388406 363.708801270
-0.074254513 0.033865422 -0.996664286 -122.073669434 -0.037079860 0.998638332 0.036695059 -0.373942614 0.996549904 0.039680939 -0.072897673 363.612274170
-0.069351554 0.039963432 -0.996791661 -123.194213867 -0.043002635 0.998148739 0.043009739 -0.339952946 0.996665180 0.045847449 -0.067504644 363.518096924
-0.063831806 0.035053927 -0.997344911 -124.321838379 -0.046870120 0.998174787 0.038082860 -0.303196907 0.996859491 0.049176566 -0.062072396 363.434631348
-0.058293700 0.022575142 -0.998044252 -125.444732666 -0.042762972 0.998770177 0.025089256 -0.270526052 0.997383237 0.044141881 -0.057256579 363.369842529
-0.053398132 0.016222924 -0.998441637 -126.595428467 -0.036091011 0.999183416 0.018165169 -0.248504519 0.997921050 0.037004746 -0.052768946 363.316406250
-0.047914863 0.022560515 -0.998596787 -127.760101318 -0.030389329 0.999249160 0.024033399 -0.224844575 0.998389184 0.031498235 -0.047193289 363.269317627
-0.041873932 0.034964286 -0.998510957 -128.952316284 -0.027223352 0.998976529 0.036122240 -0.200704575 0.998751998 0.028695397 -0.040879250 363.222717285
-0.035211444 0.041165475 -0.998531818 -130.132369995 -0.027453972 0.998734355 0.042141940 -0.166342258 0.999002814 0.028897535 -0.034036636 363.169036865
-0.030198932 0.040295955 -0.998731554 -131.319473267 -0.028782876 0.998737633 0.041166518 -0.124689579 0.999129593 0.029989537 -0.029000998 363.123199463
-0.026222348 0.038431458 -0.998917341 -132.503967285 -0.028731190 0.998818934 0.039181892 -0.084070206 0.999243379 0.029727507 -0.025087237 363.090911865
-0.023610950 0.036828268 -0.999042749 -133.691833496 -0.025320418 0.998978615 0.037424318 -0.050689697 0.999400616 0.026179800 -0.022654414 363.069122314
-0.021832585 0.036655299 -0.999089479 -134.871963501 -0.023550518 0.999031484 0.037167806 -0.021268368 0.999484241 0.024340540 -0.020948172 363.048217773
-0.020949125 0.040450741 -0.998962045 -136.051498413 -0.024727678 0.998854578 0.040964954 0.006174564 0.999474883 0.025560185 -0.019924879 363.014038086
-0.021108389 0.044960152 -0.998765767 -137.244583130 -0.024935149 0.998653889 0.045482110 0.037491798 0.999466240 0.025864426 -0.019958973 362.985382080
-0.022151709 0.042865694 -0.998835325 -138.412612915 -0.022562137 0.998804510 0.043364748 0.069830894 0.999500096 0.023496456 -0.021158099 362.954040527
-0.025193095 0.034731414 -0.999079108 -139.570907593 -0.015334914 0.999265254 0.035124578 0.102530956 0.999564946 0.016205687 -0.024641991 362.933044434
-0.030752659 0.029613579 -0.999088347 -140.730010986 -0.007137826 0.999529004 0.029846350 0.132688046 0.999501646 0.008049169 -0.030526757 362.905334473
-0.037720561 0.032756194 -0.998751462 -141.897735596 -0.000710928 0.999461472 0.032806337 0.155186176 0.999288201 0.001947509 -0.037676930 362.866821289
-0.045096040 0.039049953 -0.998219311 -143.062728882 0.001636179 0.999237239 0.039015863 0.183913231 0.998981476 0.000126190 -0.045125604 362.820587158
-0.051933885 0.040275373 -0.997838080 -144.223800659 -0.002196204 0.999179423 0.040443819 0.208586693 0.998648107 0.004291859 -0.051802754 362.751647949
-0.056970596 0.037586655 -0.997668147 -145.386093140 -0.008480340 0.999236822 0.038130011 0.242358208 0.998339951 0.010632853 -0.056608438 362.670166016
-0.061268687 0.033492338 -0.997559249 -146.525634766 -0.014015605 0.999309480 0.034411918 0.275089741 0.998022914 0.016089767 -0.060756922 362.588500977
-0.064146757 0.031008001 -0.997458816 -147.679260254 -0.016537433 0.999346852 0.032130226 0.306308270 0.997803628 0.018556451 -0.063592076 362.506408691
-0.066305518 0.033226550 -0.997246027 -148.833618164 -0.015866676 0.999283910 0.034349404 0.330313206 0.997673213 0.018100534 -0.065730810 362.426696777
-0.067841172 0.040155597 -0.996887684 -149.995574951 -0.012102465 0.999083042 0.041067638 0.360628128 0.997622728 0.014850874 -0.067293048 362.349365234
-0.069931269 0.047227897 -0.996433258 -151.151489258 -0.008691291 0.998811901 0.047950607 0.394214630 0.997514009 0.012013537 -0.069437742 362.277343750
-0.070955276 0.049043160 -0.996273220 -152.298690796 -0.010224000 0.998702347 0.049890898 0.433853149 0.997427166 0.013725912 -0.070361733 362.187561035
-0.071093082 0.043708574 -0.996511698 -153.438522339 -0.013463192 0.998906434 0.044774104 0.471868515 0.997378945 0.016599350 -0.070426941 362.098144531
-0.071769357 0.035560109 -0.996787250 -154.572662354 -0.015634906 0.999201357 0.036771961 0.505990028 0.997298777 0.018223770 -0.071156025 362.010253906
-0.071782112 0.034673721 -0.996817529 -155.708953857 -0.012443339 0.999286652 0.035655670 0.547364712 0.997342825 0.014963175 -0.071299553 361.926757812
-0.073881149 0.039524443 -0.996483684 -156.847122192 -0.009672963 0.999138892 0.040346939 0.568926811 0.997220278 0.012619820 -0.073435187 361.845520020
-0.077234030 0.045060720 -0.995994210 -157.977722168 -0.005619904 0.998942614 0.045629904 0.606635094 0.996997178 0.009121574 -0.076899052 361.762145996
-0.080224156 0.049391631 -0.995552480 -159.120819092 -0.001778927 0.998762906 0.049694262 0.640716553 0.996775389 0.005757690 -0.080036998 361.675994873
-0.082284212 0.051540274 -0.995275438 -160.252563477 -0.002449215 0.998648405 0.051917437 0.686630249 0.996606052 0.006709618 -0.082046747 361.573913574
-0.084854960 0.050049502 -0.995135546 -161.371292114 -0.005253825 0.998701274 0.050676834 0.729174614 0.996379495 0.009528449 -0.084481835 361.469482422
-0.087524176 0.047668241 -0.995021343 -162.482421875 -0.010551419 0.998754025 0.048775192 0.766732216 0.996106625 0.014767891 -0.086912155 361.359527588
-0.089849353 0.043392081 -0.995009780 -163.594207764 -0.012926565 0.998915493 0.044729680 0.799343109 0.995871603 0.016880985 -0.089190960 361.248657227
-0.091300368 0.040113948 -0.995015144 -164.684310913 -0.011125495 0.999084890 0.041298870 0.826790810 0.995761275 0.014840635 -0.090770483 361.135742188
-0.092494488 0.039265230 -0.994938791 -165.789901733 -0.010903195 0.999122322 0.040443949 0.863446236 0.995653570 0.014588853 -0.091985226 361.031646729
-0.094315052 0.044962730 -0.994526684 -166.899078369 -0.009398617 0.998894870 0.046051528 0.896186829 0.995498180 0.013690518 -0.093788266 360.922698975
-0.095147252 0.052074715 -0.994100332 -167.993469238 -0.007085382 0.998570085 0.052987013 0.929473877 0.995438159 0.012085142 -0.094642162 360.819213867
-0.095715404 0.053612571 -0.993963957 -169.100158691 -0.008154252 0.998472750 0.054641001 0.972999573 0.995375395 0.013335020 -0.095132113 360.707733154
-0.095491529 0.051503006 -0.994097173 -170.192871094 -0.008766055 0.998578370 0.052577235 1.011530876 0.995391846 0.013734975 -0.094904304 360.600372314
-0.095495224 0.047722850 -0.994285285 -171.269317627 -0.010723361 0.998742819 0.048966717 1.054717064 0.995372176 0.015338164 -0.094863415 360.491577148
-0.095728874 0.047923937 -0.994253099 -172.362808228 -0.012862249 0.998697400 0.049376562 1.091933250 0.995324314 0.017515093 -0.094987750 360.381774902
-0.096117020 0.050138026 -0.994106472 -173.440734863 -0.012690991 0.998587668 0.051591087 1.130654335 0.995289147 0.017574977 -0.095345020 360.270446777
-0.095738530 0.048375316 -0.994230509 -174.506454468 -0.008354641 0.998744130 0.049399443 1.166464806 0.995371580 0.013035862 -0.095214128 360.163879395
-0.096363068 0.040272325 -0.994531333 -175.572265625 -0.007673472 0.999121368 0.041201703 1.202703476 0.995316803 0.011601824 -0.095969439 360.066894531
-0.096202254 0.037018396 -0.994673133 -176.639221191 -0.003941177 0.999286175 0.037571255 1.236639977 0.995353937 0.007534623 -0.095987678 359.967437744
-0.097170830 0.042102341 -0.994376898 -177.705139160 -0.002314709 0.999092579 0.042528201 1.267999649 0.995265126 0.006434190 -0.096985102 359.862304688
-0.096830130 0.045228612 -0.994272709 -178.771636963 -0.003916149 0.998941898 0.045822393 1.298212051 0.995293200 0.008330708 -0.096550465 359.753387451
-0.095395446 0.040937304 -0.994597495 -179.823150635 -0.006715500 0.999104798 0.041766938 1.328692436 0.995416939 0.010663585 -0.095035076 359.637725830
-0.093235612 0.033971138 -0.995064497 -180.881378174 -0.014729228 0.999261320 0.035494518 1.359035969 0.995535254 0.017965877 -0.092666388 359.517761230
-0.090441108 0.032675192 -0.995365679 -181.943664551 -0.021311967 0.999169230 0.034736503 1.389636040 0.995673835 0.024354806 -0.089669704 359.415466309
-0.087083340 0.036031593 -0.995549321 -183.019165039 -0.024926908 0.998953998 0.038335238 1.415114880 0.995889246 0.028154317 -0.086094022 359.313964844
-0.082934022 0.038238388 -0.995821178 -184.083557129 -0.024954060 0.998870552 0.040433709 1.448633194 0.996242583 0.028203111 -0.081886172 359.218139648
-0.078574896 0.037529204 -0.996201694 -185.155899048 -0.022268610 0.998975754 0.039390136 1.482686520 0.996659636 0.025279094 -0.077658653 359.138000488
-0.073587298 0.036735803 -0.996611953 -186.225158691 -0.019679798 0.999073267 0.038279634 1.509449005 0.997094572 0.022430016 -0.072796226 359.053466797
-0.069119811 0.034857281 -0.996999264 -187.301956177 -0.014702446 0.999245226 0.035955094 1.535283566 0.997500062 0.017143533 -0.068555117 358.981628418
-0.064972639 0.032564849 -0.997355521 -188.375167847 -0.009848542 0.999397755 0.033273112 1.562522411 0.997838438 0.011984341 -0.064612865 358.913513184
-0.061092615 0.031170005 -0.997645438 -189.452941895 -0.004901631 0.999490857 0.031527825 1.592185974 0.998120248 0.006816200 -0.060908675 358.853454590
-0.057539344 0.036838040 -0.997663379 -190.539230347 0.000388745 0.999319732 0.036876779 1.617873192 0.998343170 0.001734028 -0.057514548 358.795867920
-0.055250645 0.043102209 -0.997541845 -191.629058838 0.006137469 0.999063611 0.042828031 1.646726608 0.998453736 -0.003756109 -0.055463433 358.738616943
-0.054043651 0.044518311 -0.997545600 -192.721282959 0.007207214 0.998997033 0.044192620 1.685953140 0.998512506 -0.004801190 -0.054310322 358.679992676
-0.051971078 0.042968705 -0.997723877 -193.822952271 0.009658638 0.999048829 0.042522658 1.726585388 0.998601973 -0.007426709 -0.052336693 358.621826172
-0.051144719 0.043069422 -0.997762144 -194.914337158 0.007288804 0.999059141 0.042751789 1.757140160 0.998664677 -0.005085962 -0.051410556 358.566162109
-0.048496723 0.045595042 -0.997782111 -196.005722046 0.002552802 0.998959959 0.045524791 1.792014122 0.998820066 -0.000339339 -0.048562646 358.500823975
-0.045372844 0.045150194 -0.997949302 -197.101730347 -0.004436111 0.998959124 0.045397580 1.831291199 0.998960316 0.006486827 -0.045125246 358.434570312
-0.041214228 0.042306174 -0.998254240 -198.214965820 -0.011126001 0.999021769 0.042798053 1.870694160 0.999088347 0.012870471 -0.040703297 358.376586914
-0.036712766 0.040762268 -0.998494208 -199.321411133 -0.015899476 0.999017477 0.041368224 1.908903122 0.999199390 0.017394271 -0.036028504 358.321594238
-0.032112598 0.041531716 -0.998621047 -200.440856934 -0.019011913 0.998930156 0.042155940 1.945923805 0.999303460 0.020339433 -0.031288624 358.277557373
-0.027500272 0.043025456 -0.998695433 -201.579330444 -0.019929787 0.998851120 0.043580957 1.981445312 0.999423087 0.021102274 -0.026611209 358.241333008
-0.023581266 0.044704314 -0.998721898 -202.702560425 -0.020072868 0.998777151 0.045180734 2.020301819 0.999520421 0.021112630 -0.022655010 358.207946777
-0.020172954 0.046495259 -0.998714864 -203.847854614 -0.019062538 0.998718619 0.046880480 2.061380386 0.999614835 0.019983757 -0.019260883 358.184997559
-0.017431259 0.048224032 -0.998684585 -204.999328613 -0.017803844 0.998662829 0.048533741 2.102849007 0.999689639 0.018626420 -0.016549468 358.164306641
-0.015778780 0.048370112 -0.998704910 -206.137252808 -0.016848342 0.998674512 0.048634831 2.143151283 0.999733627 0.017593917 -0.014943004 358.144317627
-0.014201522 0.047293890 -0.998780131 -207.277786255 -0.017003248 0.998724937 0.047533046 2.185802460 0.999754608 0.017657539 -0.013379216 358.125000000
-0.012726068 0.049164228 -0.998709619 -208.412353516 -0.016504506 0.998644114 0.049371313 2.222116470 0.999782741 0.017111512 -0.011897326 358.105926514
-0.011073232 0.051095795 -0.998632491 -209.548019409 -0.016933067 0.998540819 0.051278867 2.263546944 0.999795437 0.017477727 -0.010191917 358.085693359
-0.009820580 0.051631194 -0.998617887 -210.689056396 -0.016803470 0.998516560 0.051791199 2.303450584 0.999810576 0.017288864 -0.008938432 358.074707031
-0.008685350 0.049235053 -0.998749495 -211.817947388 -0.015224087 0.998664856 0.049363270 2.348000526 0.999846399 0.015633782 -0.007924080 358.063171387
-0.007076383 0.049070735 -0.998770237 -212.956802368 -0.013725813 0.998696387 0.049164355 2.388722420 0.999880791 0.014056839 -0.006393671 358.056823730
-0.005610704 0.049316790 -0.998767376 -214.085205078 -0.014374557 0.998676002 0.049393024 2.428997993 0.999880910 0.014633966 -0.004894376 358.044982910
-0.003386021 0.047252402 -0.998877227 -215.217544556 -0.012851129 0.998798430 0.047292236 2.466488838 0.999911726 0.012996831 -0.002774715 358.043212891
-0.000419259 0.044521429 -0.999008358 -216.348678589 -0.011817554 0.998938441 0.044523273 2.507648468 0.999930084 0.011824502 0.000107288 358.041625977
0.002305567 0.044977225 -0.998985529 -217.471755981 -0.012587440 0.998910189 0.044944789 2.544194221 0.999918282 0.012471039 0.002869189 358.046722412
0.006817102 0.048107903 -0.998818994 -218.588836670 -0.012364988 0.998769760 0.048021145 2.581308365 0.999900401 0.012023016 0.007403553 358.038909912
0.011220396 0.051578876 -0.998606026 -219.684280396 -0.012567275 0.998597145 0.051437218 2.613475800 0.999858201 0.011972603 0.011852860 358.053588867
0.016840160 0.053346645 -0.998434186 -220.786560059 -0.014503367 0.998483598 0.053104669 2.653504372 0.999753177 0.013586356 0.017588317 358.061950684
0.022510827 0.053596165 -0.998309016 -221.871032715 -0.017324921 0.998432934 0.053212162 2.696714401 0.999596536 0.016097767 0.023404121 358.082275391
0.029199958 0.052578874 -0.998189807 -222.950286865 -0.017954364 0.998482049 0.052069053 2.730884552 0.999412358 0.016401447 0.030099630 358.109649658
0.036611855 0.050658595 -0.998044789 -224.001647949 -0.019601349 0.998558581 0.049965627 2.768694878 0.999137342 0.017733686 0.037552059 358.140106201
0.042885721 0.050163712 -0.997819901 -225.044937134 -0.018788602 0.998602569 0.049395539 2.803582191 0.998903394 0.016629273 0.043768287 358.184753418
0.048212647 0.050595894 -0.997554958 -226.073165894 -0.017161654 0.998610735 0.049820017 2.837088585 0.998689830 0.014717726 0.049013972 358.229736328
0.051662982 0.049934942 -0.997415364 -227.060195923 -0.014713315 0.998678803 0.049236093 2.864420891 0.998556197 0.012131603 0.052329421 358.284851074
0.054192722 0.048599750 -0.997347176 -228.054412842 -0.012401805 0.998770595 0.047995239 2.900236130 0.998453557 0.009767910 0.054728806 358.345886230
0.057068586 0.050522830 -0.997091115 -229.038162231 -0.011826221 0.998682857 0.049926613 2.928601265 0.998300195 0.008942581 0.057590902 358.394653320
0.059207082 0.055892851 -0.996679962 -230.014984131 -0.008468240 0.998423457 0.055487584 2.963468552 0.998210013 0.005154855 0.059587061 358.458465576
0.061201215 0.057915181 -0.996443808 -230.965698242 -0.006024041 0.998318434 0.057654146 2.995251656 0.998107255 0.002474119 0.061447144 358.515258789
0.063085079 0.049853314 -0.996762335 -231.908111572 -0.004686193 0.998755395 0.049656413 3.027978897 0.997997284 0.001538433 0.063240170 358.579711914
0.065887034 0.039368745 -0.997050345 -232.811370850 -0.003747293 0.999224067 0.039206956 3.056913376 0.997820258 0.001153001 0.065983474 358.637145996
0.068849683 0.041060936 -0.996781766 -233.716430664 -0.008586946 0.999140024 0.040564965 3.090403557 0.997590184 0.005766422 0.069143057 358.688964844
0.073798537 0.053473771 -0.995838523 -234.593750000 -0.011904262 0.998537481 0.052736510 3.109319687 0.997202158 0.007962842 0.074327171 358.747314453
0.079341352 0.062246297 -0.994902253 -235.454208374 -0.016379332 0.997995198 0.061133593 3.131904602 0.996712983 0.011445409 0.080201864 358.808349609
0.088066876 0.059460949 -0.994338393 -236.284164429 -0.020094985 0.998119712 0.057907298 3.162919044 0.995912015 0.014881492 0.089096129 358.870635986
0.096921802 0.057380479 -0.993636668 -237.091217041 -0.022358069 0.998210371 0.055463742 3.198855400 0.995040953 0.016840141 0.098031282 358.945434570
0.106970549 0.057411093 -0.992603421 -237.869628906 -0.020740099 0.998243153 0.055502180 3.230552673 0.994045973 0.014649580 0.107973337 359.035400391
0.119724870 0.055618200 -0.991247952 -238.628311157 -0.019641906 0.998366833 0.053645246 3.249418259 0.992612779 0.013047330 0.120621800 359.125457764
0.134842873 0.046716526 -0.989765048 -239.336303711 -0.019049766 0.998825550 0.044548888 3.266685486 0.990683794 0.012847695 0.135574460 359.226684570
0.151668549 0.038485039 -0.987681925 -240.027465820 -0.017393623 0.999190927 0.036262523 3.290541649 0.988278389 0.011679483 0.152215242 359.341491699
0.167694688 0.035502046 -0.985199571 -240.709869385 -0.012799514 0.999345541 0.033833146 3.311561108 0.985755920 0.006936434 0.168039322 359.471496582
0.183258235 0.040962111 -0.982211053 -241.363723755 -0.006229947 0.999159873 0.040506575 3.314789772 0.983045101 -0.001304043 0.183359444 359.608245850
0.198335886 0.045337796 -0.979085028 -241.994720459 0.000228245 0.998927414 0.046302862 3.328413010 0.980134189 -0.009406997 0.198112786 359.749145508
0.211477816 0.046167947 -0.976291835 -242.592056274 0.006850061 0.998789191 0.048715644 3.338296890 0.977358818 -0.016989939 0.210905492 359.890014648
0.221290767 0.044711530 -0.974182427 -243.178115845 0.013526144 0.998711586 0.048909873 3.354778290 0.975114107 -0.024000235 0.220400870 360.038879395
0.227912724 0.042645775 -0.972747266 -243.746551514 0.018236265 0.998678207 0.048055325 3.371731758 0.973510861 -0.028691698 0.226833761 360.179260254
0.231565058 0.039762799 -0.972006559 -244.300567627 0.021855962 0.998699486 0.046061594 3.386722565 0.972573936 -0.031910397 0.230394840 360.319580078
0.233147383 0.038247608 -0.971688926 -244.837570190 0.025815988 0.998630583 0.045502380 3.399042606 0.972098649 -0.035693869 0.231840670 360.457092285
0.232951581 0.038271811 -0.971735001 -245.374435425 0.027836304 0.998553455 0.046001188 3.426550388 0.972089887 -0.037765563 0.231549263 360.593444824
0.230128646 0.039254975 -0.972368181 -245.882446289 0.029606069 0.998441219 0.047314372 3.443429470 0.972709775 -0.039676391 0.228607774 360.710449219
0.224303484 0.040628467 -0.973672032 -246.385513306 0.030222196 0.998359978 0.048620865 3.459445953 0.974050581 -0.040332336 0.222707689 360.830871582
0.217217982 0.042216819 -0.975209832 -246.860763550 0.028960306 0.998345792 0.049668986 3.467401505 0.975693464 -0.039031371 0.215636015 360.926818848
0.209021628 0.043015316 -0.976964593 -247.319412231 0.028501421 0.998339713 0.050054342 3.477048874 0.977495670 -0.038307320 0.207448602 361.017303467
0.199251473 0.041755445 -0.979058444 -247.763717651 0.028203890 0.998433530 0.048321638 3.494207382 0.979542494 -0.037241410 0.197761655 361.100708008
0.187597692 0.040343445 -0.981417239 -248.184494019 0.030732419 0.998425901 0.046917133 3.507290840 0.981765211 -0.038962871 0.186062574 361.174804688
0.172785044 0.039121520 -0.984182358 -248.594253540 0.032898929 0.998424113 0.045463443 3.518075943 0.984409988 -0.040233955 0.171225727 361.236022949
0.153477788 0.037826739 -0.987427890 -249.006500244 0.033840738 0.998479664 0.043510057 3.530915260 0.987572551 -0.040093120 0.151964366 361.284912109
0.131489277 0.038835313 -0.990556657 -249.414688110 0.033363383 0.998492897 0.043575212 3.541764259 0.990756035 -0.038777996 0.129995406 361.323425293
0.110207081 0.040109348 -0.993099153 -249.826034546 0.030461555 0.998579681 0.043711111 3.553893089 0.993441880 -0.035068620 0.108828783 361.344238281
0.089347661 0.042136263 -0.995109022 -250.227325439 0.027850399 0.998608351 0.044785053 3.561773300 0.995611250 -0.031715624 0.088049829 361.356933594
0.068610132 0.043093894 -0.996712387 -250.618515015 0.027010741 0.998620152 0.045035705 3.573731422 0.997277856 -0.030011849 0.067351460 361.372924805
0.048264980 0.043975461 -0.997866094 -251.022109985 0.025958491 0.998637676 0.045265034 3.586826324 0.998497248 -0.028087813 0.047057688 361.374755859
0.029331505 0.044192526 -0.998592496 -251.418029785 0.024711436 0.998684824 0.044922464 3.601691246 0.999264359 -0.025994297 0.028200865 361.367218018
0.011534929 0.044353813 -0.998949349 -251.817840576 0.022382446 0.998754025 0.044603594 3.612974167 0.999683022 -0.022873431 0.010527790 361.350311279
-0.003884077 0.043937121 -0.999026775 -252.206253052 0.019185070 0.998853683 0.043854918 3.625492096 0.999808431 -0.018996058 -0.004722595 361.335510254
-0.015163302 0.042448048 -0.998983622 -252.605255127 0.015483100 0.998988628 0.042213250 3.636968613 0.999765158 -0.014827274 -0.015805125 361.310607910
-0.022888184 0.041201334 -0.998888731 -253.011993408 0.010097442 0.999108970 0.040979050 3.651113510 0.999687076 -0.009148284 -0.023283839 361.288696289
-0.027263880 0.041476306 -0.998767614 -253.426635742 0.005725043 0.999128938 0.041335039 3.664971352 0.999612033 -0.004591035 -0.027477622 361.264739990
-0.029257417 0.042260833 -0.998678207 -253.852661133 0.003219582 0.999104619 0.042184561 3.677996635 0.999566793 -0.001981119 -0.029367208 361.247436523
-0.028166533 0.042970598 -0.998679221 -254.281280518 0.001006772 0.999076307 0.042959288 3.691952705 0.999602735 0.000204570 -0.028183818 361.231445312
-0.025138021 0.043529931 -0.998735785 -254.711303711 -0.002375200 0.999046087 0.043603238 3.704706192 0.999681175 0.003468300 -0.025010705 361.216613770
-0.021673918 0.043539360 -0.998816669 -255.142852783 -0.004308420 0.999037921 0.043642499 3.716351509 0.999755919 0.005249221 -0.021465540 361.206665039
-0.017568588 0.043636199 -0.998893023 -255.570678711 -0.008062361 0.999008536 0.043783050 3.727002144 0.999813199 0.008822642 -0.017199397 361.199462891
-0.009740114 0.042576183 -0.999045849 -256.001190186 -0.012278409 0.999012709 0.042694483 3.743320465 0.999877274 0.012682538 -0.009207726 361.192749023
0.000589609 0.041924763 -0.999120712 -256.433166504 -0.015838981 0.998995841 0.041910179 3.759158134 0.999874473 0.015800336 0.001253068 361.188385010
0.011638761 0.042409398 -0.999032617 -256.860351562 -0.018493610 0.998938441 0.042189952 3.770116806 0.999761343 0.017984673 0.012410760 361.194427490
0.022452772 0.043408010 -0.998805225 -257.292449951 -0.019979699 0.998876929 0.042961992 3.788206100 0.999548376 0.018991202 0.023294866 361.212402344
0.033163607 0.045142125 -0.998430073 -257.712371826 -0.020303361 0.998803735 0.044484630 3.797063828 0.999243796 0.018796206 0.034040511 361.230590820
0.043599069 0.047663733 -0.997911572 -258.142517090 -0.023882931 0.998625517 0.046654385 3.806957245 0.998763680 0.021798959 0.044677496 361.252319336
0.055777848 0.052178018 -0.997079074 -258.562011719 -0.027250677 0.998341084 0.050719630 3.819581985 0.998071432 0.024342036 0.057107151 361.267395020
0.067458391 0.054027013 -0.996258199 -258.983642578 -0.029388273 0.998207152 0.052142769 3.833404541 0.997289181 0.025760842 0.068925202 361.294921875
0.078741908 0.051989246 -0.995538533 -259.394470215 -0.027014630 0.998383760 0.050001115 3.847687721 0.996528983 0.022956915 0.080019116 361.339263916
0.089324236 0.050171193 -0.994738162 -259.792144775 -0.024294250 0.998543084 0.048181556 3.855460167 0.995706260 0.019862637 0.090412974 361.390289307
0.099028409 0.049413119 -0.993857145 -260.173309326 -0.024156684 0.998591363 0.047241516 3.861263275 0.994791448 0.019330030 0.100082576 361.443511963
0.108806074 0.047993157 -0.992903769 -260.532348633 -0.027123634 0.998605311 0.045296442 3.874807358 0.993692875 0.022002634 0.109956026 361.476135254
0.117032290 0.045458276 -0.992087185 -260.884033203 -0.029619319 0.998667240 0.042265717 3.895531654 0.992686331 0.024438495 0.118222773 361.515441895
0.122779369 0.042233475 -0.991535008 -261.217010498 -0.029583311 0.998805881 0.038879942 3.898815155 0.991993010 0.024559231 0.123882174 361.568511963
0.126779974 0.037972752 -0.991203785 -261.543090820 -0.024890877 0.999074101 0.035090592 3.911933899 0.991618574 0.020223144 0.127607763 361.630859375
0.131206930 0.037994727 -0.990626752 -261.855468750 -0.018032596 0.999191403 0.035934836 3.901462078 0.991191089 0.013148666 0.131785989 361.658599854
0.130320489 0.038263179 -0.990733445 -262.177703857 -0.014282571 0.999223828 0.036712367 3.910625935 0.991369188 0.009365841 0.130765855 361.708770752
0.125453532 0.038665660 -0.991345823 -262.501190186 -0.013052340 0.999218106 0.037320945 3.915985107 0.992013693 0.008257332 0.125860095 361.751495361
0.114933550 0.037885956 -0.992650568 -262.815673828 -0.013090679 0.999243438 0.036621887 3.934174538 0.993287027 0.008785381 0.115342557 361.790557861
0.099701643 0.039039616 -0.994251311 -263.133361816 -0.014910677 0.999176443 0.037737790 3.936290741 0.994905770 0.011062436 0.100201666 361.813903809
0.080439627 0.039307721 -0.995984316 -263.446350098 -0.015381903 0.999152064 0.038190443 3.937825680 0.996640980 0.012248100 0.080976069 361.829925537
0.057698429 0.037337821 -0.997635782 -263.763031006 -0.015163749 0.999217868 0.036520042 3.956563950 0.998219132 0.013020741 0.058219492 361.830780029
0.030044973 0.034003433 -0.998970091 -264.068908691 -0.012962231 0.999350429 0.033626527 3.970293522 0.999464571 0.011938570 0.030466199 361.834503174
-0.000376582 0.032039978 -0.999486506 -264.391479492 -0.011902122 0.999415636 0.032042190 3.965342999 0.999929130 0.011908077 0.000005007 361.824279785
-0.031550765 0.032521300 -0.998972893 -264.705505371 -0.011386443 0.999393940 0.032894626 3.955373764 0.999437273 0.012412602 -0.031161427 361.780700684
-0.067349315 0.033886235 -0.997153878 -265.046691895 -0.013300851 0.999303758 0.034857657 3.966446877 0.997640789 0.015610636 -0.066851735 361.727844238
-0.107242584 0.034844808 -0.993622243 -265.398132324 -0.015194310 0.999211490 0.036680754 3.994738102 0.994116962 0.019031135 -0.106628656 361.662780762
-0.151170373 0.039319236 -0.987725496 -265.771179199 -0.012216653 0.999058008 0.041640107 3.985797882 0.988432288 0.018361447 -0.150547624 361.602600098
-0.196393251 0.038434338 -0.979771733 -266.141662598 -0.009056099 0.999117732 0.041008521 4.003696442 0.980483472 0.016926702 -0.195871949 361.511535645
-0.243680596 0.038293947 -0.969099283 -266.513732910 -0.005987557 0.999141753 0.040986650 4.022395611 0.969837070 0.015790185 -0.243242145 361.399230957
-0.285898685 0.040142193 -0.957418799 -266.840972900 -0.004701387 0.999051392 0.043291647 4.030516624 0.958248436 0.016878216 -0.285438776 361.205505371
-0.335430264 0.039299585 -0.941245079 -267.231933594 -0.004526524 0.999050736 0.043326247 4.052081108 0.942054272 0.018793501 -0.334933996 361.040130615
-0.385829568 0.037789933 -0.921795905 -267.624267578 -0.000896510 0.999144912 0.041336183 4.062718868 0.922569752 0.016775118 -0.385465860 360.853759766
-0.437844634 0.034091949 -0.898404181 -268.032073975 0.002386759 0.999321342 0.036758274 4.091583729 0.899047673 0.013950130 -0.437628746 360.642181396
-0.487707019 0.033888437 -0.872349560 -268.403137207 0.008715883 0.999385476 0.033950634 4.104852676 0.872964025 0.008954660 -0.487702608 360.401123047
-0.538304806 0.037528954 -0.841914415 -268.780822754 0.013893555 0.999267399 0.035659801 4.105016708 0.842635930 0.007498652 -0.538431883 360.124389648
-0.587698340 0.044332296 -0.807864726 -269.164215088 0.021964213 0.999003887 0.038842898 4.098962784 0.808781981 0.005083791 -0.588086724 359.810455322
-0.637429833 0.045332015 -0.769173801 -269.552490234 0.024156353 0.998952806 0.038855415 4.127876282 0.770129681 0.006187167 -0.637857318 359.458068848
-0.684944510 0.047937263 -0.727016687 -269.927185059 0.027393969 0.998822093 0.040050600 4.139571190 0.728080213 0.007516560 -0.685450792 359.066345215
-0.730046988 0.049497504 -0.681602120 -270.289306641 0.030931730 0.998744726 0.039397996 4.166295052 0.682696581 0.007679255 -0.730661631 358.645324707
-0.771178722 0.056226730 -0.634131014 -270.624176025 0.038456425 0.998387456 0.041756812 4.165875435 0.635456324 0.007815551 -0.772097468 358.192291260
-0.808183789 0.056881025 -0.586176991 -270.929718018 0.041467309 0.998350620 0.039704729 4.201244354 0.587468624 0.007781538 -0.809209466 357.697509766
-0.842281461 0.058620971 -0.535841107 -271.235565186 0.044464994 0.998237133 0.039313130 4.220202446 0.537201107 0.009286546 -0.843403220 357.170562744
-0.870831490 0.058917373 -0.488037944 -271.504730225 0.045952946 0.998201072 0.038509522 4.250382423 0.489428878 0.011108525 -0.871972322 356.613830566
-0.894366622 0.058369033 -0.443510354 -271.756256104 0.045712486 0.998185754 0.039186038 4.274024010 0.444992989 0.014772721 -0.895412207 356.019287109
-0.914194345 0.057972431 -0.401108265 -271.994842529 0.046158820 0.998170078 0.039062299 4.295943260 0.402638793 0.017195849 -0.915197372 355.438598633
-0.929898143 0.058047727 -0.363207966 -272.211761475 0.047097690 0.998131037 0.038939640 4.323859215 0.364789516 0.019103639 -0.930894017 354.794128418
-0.943431497 0.059502903 -0.326184928 -272.414550781 0.048888858 0.997976720 0.040649429 4.340704918 0.327943712 0.022403141 -0.944431663 354.122070312
-0.954978228 0.060945064 -0.290348202 -272.623474121 0.051639706 0.997879922 0.039611254 4.366660118 0.292146742 0.022834394 -0.956100821 353.437194824
-0.963770866 0.062338710 -0.259345412 -272.794372559 0.054679342 0.997831106 0.036650579 4.390153885 0.261067659 0.021141917 -0.965089083 352.717742920
-0.970899701 0.066055268 -0.230196759 -272.974639893 0.060746148 0.997699797 0.030082604 4.411033630 0.231654376 0.015223625 -0.972679138 351.970153809
-0.976587415 0.068069018 -0.204068825 -273.125091553 0.064675219 0.997635186 0.023262044 4.434020996 0.205169678 0.009519220 -0.978680372 351.204406738
-0.981432319 0.071763061 -0.177879021 -273.262207031 0.069272600 0.997393608 0.020180356 4.450431824 0.178863600 0.007483510 -0.983845592 350.413269043
-0.985242963 0.078120291 -0.152296573 -273.384490967 0.075744048 0.996898651 0.021351436 4.466900826 0.153492227 0.009500788 -0.988104463 349.597351074
-0.988292456 0.082913227 -0.128078654 -273.484466553 0.080499150 0.996467590 0.023920221 4.479487419 0.129609525 0.013329945 -0.991475821 348.756195068
-0.990955353 0.082343347 -0.105958804 -273.577911377 0.079997115 0.996450365 0.026213039 4.497464180 0.107741155 0.017499551 -0.994025111 347.888031006
-0.992706180 0.081954598 -0.088421166 -273.640960693 0.080086246 0.996487260 0.024480741 4.512795448 0.090116881 0.017220858 -0.995782614 347.005706787
-0.994277358 0.074848004 -0.076228000 -273.689788818 0.073439173 0.997075975 0.021124229 4.537788391 0.077586211 0.015405219 -0.996866822 346.095672607
-0.995231986 0.068498179 -0.069436647 -273.742248535 0.067453116 0.997572660 0.017287863 4.548166275 0.070452288 0.012521716 -0.997436643 345.153411865
-0.995731831 0.064937674 -0.065586887 -273.791015625 0.064022668 0.997820795 0.015960097 4.566013336 0.066480376 0.011692927 -0.997719407 344.203796387
-0.995676637 0.066902876 -0.064439356 -273.850463867 0.065905064 0.997672617 0.017489975 4.576993942 0.065459505 0.013167477 -0.997768521 343.220458984
-0.995672941 0.067913152 -0.063433103 -273.907104492 0.066887088 0.997595191 0.018163972 4.599817276 0.064514138 0.013842516 -0.997820973 342.211700439
-0.995601892 0.070344634 -0.061874274 -273.984436035 0.069281526 0.997413039 0.019165313 4.610257149 0.063062385 0.014794278 -0.997899890 341.202514648
-0.995738387 0.069875129 -0.060188804 -274.047332764 0.068816446 0.997438967 0.019488834 4.630294800 0.061396446 0.015263800 -0.997996807 340.164184570
-0.995807290 0.070020661 -0.058866989 -274.103576660 0.068884388 0.997401118 0.021117369 4.646478653 0.060192652 0.016973810 -0.998042583 339.104278564
-0.995885730 0.069836736 -0.057746846 -274.162841797 0.068639860 0.997388661 0.022458620 4.662044525 0.059164487 0.018402480 -0.998078704 338.036926270
-0.996087551 0.068132326 -0.056283642 -274.219635010 0.066927478 0.997492194 0.023023428 4.683766365 0.057711132 0.019166427 -0.998149514 336.951080322
-0.996319056 0.066099331 -0.054582734 -274.273834229 0.064782143 0.997572005 0.025560610 4.708990097 0.056139749 0.021930534 -0.998182058 335.854766846
-0.996462345 0.065469928 -0.052692674 -274.327636719 0.064135142 0.997585654 0.026637545 4.727175236 0.054309413 0.023163857 -0.998255372 334.742858887
-0.996632218 0.064061157 -0.051190916 -274.367034912 0.062853269 0.997712910 0.024868859 4.750562191 0.052666966 0.021567589 -0.998379230 333.649658203
-0.996645451 0.066181540 -0.048145436 -274.438323975 0.065147549 0.997616529 0.022739412 4.767889500 0.049535610 0.019526573 -0.998581529 332.483367920
-0.996706843 0.067490570 -0.044957116 -274.488189697 0.066548325 0.997537613 0.022137331 4.786059380 0.046340473 0.019072602 -0.998743892 331.343933105
-0.996807456 0.067435600 -0.042751573 -274.525054932 0.066499211 0.997522235 0.022961039 4.807598591 0.044194039 0.020044785 -0.998821974 330.196990967
-0.996874094 0.068664446 -0.039078075 -274.576995850 0.067692325 0.997375727 0.025679903 4.824178696 0.040738821 0.022954347 -0.998906136 329.035797119
-0.996872902 0.070494667 -0.035709158 -274.618072510 0.069427148 0.997126698 0.030302407 4.849725723 0.037742712 0.027728459 -0.998902917 327.852447510
-0.996914268 0.071921170 -0.031457402 -274.654235840 0.070739567 0.996801376 0.037188273 4.878420830 0.034031402 0.034848232 -0.998813152 326.651458740
-0.996775627 0.075334460 -0.027624570 -274.689697266 0.074190497 0.996428251 0.040330328 4.907380104 0.030564167 0.038150810 -0.998804569 325.462097168
-0.996892810 0.074817523 -0.024644287 -274.716949463 0.073969319 0.996690989 0.033698682 4.936501026 0.027083991 0.031771045 -0.999128222 324.274963379
-0.997130752 0.072011508 -0.023342939 -274.739013672 0.071546607 0.997233212 0.020175224 4.955331802 0.024731202 0.018447226 -0.999523997 323.091339111
-0.997383714 0.068951443 -0.021729855 -274.762084961 0.068765685 0.997590542 0.009183438 4.959351540 0.022310710 0.007665141 -0.999722123 321.908813477
-0.997694016 0.065195873 -0.018877471 -274.778076172 0.065027803 0.997839332 0.009385186 4.961539268 0.019448558 0.008135983 -0.999777913 320.716857910
-0.997828960 0.064208776 -0.014673346 -274.794616699 0.063909605 0.997754812 0.020021657 4.962337971 0.015925968 0.019040415 -0.999692202 319.513183594
-0.997957349 0.063080259 -0.010101528 -274.805175781 0.062755905 0.997586131 0.029725946 4.978534698 0.011952264 0.029031295 -0.999506950 318.321899414
-0.998106956 0.061307281 -0.004904210 -274.802612305 0.061116457 0.997600973 0.032512780 4.995969772 0.006885715 0.032151502 -0.999459386 317.139160156
-0.998142481 0.060922705 0.000329962 -274.788818359 0.060904339 0.997676075 0.030546699 5.025928497 0.001531793 0.030510053 -0.999533296 315.979797363
-0.998063445 0.061889291 0.006261117 -274.795593262 0.062046185 0.997648716 0.029109299 5.043167114 -0.004444841 0.029441405 -0.999556661 314.778167725
-0.998038054 0.061514314 0.011681908 -274.768157959 0.061837550 0.997644663 0.029685795 5.059597015 -0.009828292 0.030349929 -0.999491215 313.610290527
-0.997908711 0.062377743 0.016962003 -274.738739014 0.062873729 0.997556090 0.030475896 5.070597649 -0.015019532 0.031478617 -0.999391794 312.455261230
-0.997758627 0.062876172 0.022897648 -274.717956543 0.063565306 0.997504592 0.030726161 5.096786022 -0.020908564 0.032112788 -0.999265552 311.275695801
-0.997475863 0.064969167 0.028657530 -274.685668945 0.065876737 0.997316062 0.031951208 5.116186619 -0.026504774 0.033758420 -0.999078751 310.109375000
-0.997237802 0.065949731 0.034170456 -274.637451172 0.067074932 0.997205317 0.032900672 5.136190414 -0.031905171 0.035101775 -0.998874426 308.942687988
-0.996932745 0.067127146 0.040238202 -274.594726562 0.068423115 0.997151256 0.031744078 5.161557674 -0.037992682 0.034399934 -0.998685718 307.775238037
-0.996442795 0.070593596 0.046028968 -274.545715332 0.072078168 0.996903598 0.031431269 5.180550575 -0.043667600 0.034637142 -0.998445749 306.612182617
-0.996198773 0.070567518 0.051072709 -274.478027344 0.072219476 0.996898949 0.031254660 5.200386047 -0.048708767 0.034824293 -0.998205781 305.455627441
-0.995871663 0.071654290 0.055728450 -274.404449463 0.073477358 0.996803045 0.031380661 5.218070030 -0.053301733 0.035345882 -0.997952819 304.307739258
-0.995482564 0.072968505 0.060749490 -274.340362549 0.074866481 0.996754944 0.029573031 5.234560490 -0.058394454 0.033987530 -0.997715116 303.150360107
-0.994959831 0.076535903 0.064789303 -274.265869141 0.078383498 0.996571839 0.026468584 5.255825996 -0.062541403 0.031413585 -0.997548103 302.004547119
-0.994495153 0.078263998 0.069674306 -274.190734863 0.080273256 0.996420145 0.026516506 5.270445347 -0.067349590 0.031963516 -0.997217417 300.857421875
-0.993865848 0.080992788 0.075306177 -274.110656738 0.083287805 0.996136367 0.027846813 5.287929535 -0.072759829 0.033948079 -0.996771693 299.704772949
-0.993324041 0.083104379 0.080007829 -274.014587402 0.085443474 0.995996773 0.026264301 5.299796104 -0.077504866 0.032925107 -0.996448278 298.584320068
-0.992685914 0.085651293 0.085082129 -273.919250488 0.088086888 0.995791674 0.025290288 5.317065716 -0.082557932 0.032599926 -0.996053100 297.447692871
-0.992244005 0.086646698 0.089132257 -273.812866211 0.089377873 0.995628655 0.027113648 5.331595898 -0.086393319 0.034869801 -0.995650887 296.319396973
-0.991667151 0.089133210 0.093014106 -273.700561523 0.092184238 0.995318711 0.029029168 5.338967323 -0.089991219 0.037361704 -0.995241642 295.194549561
-0.991322756 0.089225478 0.096531600 -273.580749512 0.092299275 0.995341718 0.027851125 5.361530781 -0.093596898 0.036519244 -0.994940400 294.070892334
-0.991139889 0.087574802 0.099863514 -273.469299316 0.090505488 0.995577216 0.025195405 5.372632980 -0.097215354 0.034010362 -0.994682193 292.954895020
-0.991037011 0.085821755 0.102375396 -273.336181641 0.088659011 0.995785117 0.023485284 5.383674145 -0.099928349 0.032351281 -0.994468689 291.844360352
-0.990549088 0.086441815 0.106491461 -273.231414795 0.089344934 0.995739996 0.022790318 5.396881580 -0.104067765 0.032089401 -0.994052410 290.693572998
-0.990241766 0.086632594 0.109161668 -273.099853516 0.089604989 0.995720565 0.022615353 5.410148621 -0.106735297 0.032176092 -0.993766785 289.558502197
-0.989670873 0.088267967 0.112961963 -272.977294922 0.091272220 0.995589614 0.021695646 5.428337097 -0.110548727 0.031781837 -0.993362427 288.417449951
-0.989220619 0.089369178 0.115998201 -272.835815430 0.092280388 0.995532930 0.019963337 5.438020706 -0.113695927 0.030452507 -0.993048668 287.294158936
-0.988886356 0.089024119 0.119073920 -272.688903809 0.091949634 0.995576739 0.019293886 5.447633743 -0.116829604 0.030028261 -0.992698073 286.161682129
-0.988447785 0.089369468 0.122409984 -272.546722412 0.092454232 0.995521128 0.019744959 5.450767517 -0.120097131 0.030834179 -0.992283225 285.019287109
-0.988245845 0.087421864 0.125411108 -272.389404297 0.090655282 0.995675385 0.020300310 5.455156803 -0.123094067 0.031430870 -0.991897345 283.877105713
-0.987888217 0.085682645 0.129366204 -272.238159180 0.089018062 0.995824873 0.020213775 5.465875149 -0.127094120 0.031484876 -0.991390944 282.741973877
-0.987576246 0.084936410 0.132208809 -272.076263428 0.088302374 0.995896935 0.019797483 5.470372200 -0.129984826 0.031225873 -0.991024256 281.593170166
-0.987129331 0.084867701 0.135547072 -271.913116455 0.088266447 0.995910823 0.019253440 5.480694294 -0.133358791 0.030969895 -0.990583777 280.450347900
-0.986490846 0.086015232 0.139417872 -271.751281738 0.089466877 0.995814800 0.018670533 5.493940830 -0.137228429 0.030891590 -0.990057588 279.276000977
-0.985956192 0.086601533 0.142795414 -271.579132080 0.090301849 0.995721042 0.019627407 5.500670910 -0.140484631 0.032246456 -0.989557624 278.128814697
-0.985464096 0.085758485 0.146650985 -271.403747559 0.089738868 0.995749533 0.020732472 5.500078678 -0.144249663 0.033591393 -0.988971233 276.969421387
-0.984942675 0.085595042 0.150204837 -271.230773926 0.089719579 0.995747983 0.020888411 5.520244598 -0.147778228 0.034050200 -0.988434315 275.811004639
-0.984572291 0.083434545 0.153807357 -271.046630859 0.087660186 0.995931447 0.020887669 5.528345108 -0.151438832 0.034048192 -0.987880349 274.657196045
-0.984183788 0.081926271 0.157068491 -270.857177734 0.086121202 0.996082306 0.020078994 5.539545059 -0.154808149 0.033288345 -0.987383604 273.499176025
-0.983851671 0.079541460 0.160341382 -270.657958984 0.083531752 0.996337235 0.018290481 5.550334454 -0.158299237 0.031388711 -0.986892343 272.345489502
-0.983474731 0.077399865 0.163667664 -270.460449219 0.081209287 0.996557117 0.016703857 5.559037685 -0.161811292 0.029719150 -0.986374259 271.165527344
-0.983179331 0.073874861 0.167035118 -270.251586914 0.077600017 0.996858120 0.015876830 5.570168018 -0.165337414 0.028571699 -0.985823035 270.002288818
-0.982570291 0.072970062 0.170970768 -270.045715332 0.077098742 0.996867657 0.017625472 5.571019650 -0.169149101 0.030499896 -0.985118508 268.828247070
-0.982065916 0.071284786 0.174543634 -269.827575684 0.075694114 0.996955216 0.018727975 5.578337669 -0.172677159 0.031604026 -0.984471560 267.649261475
-0.981151223 0.071359284 0.179583743 -269.615417480 0.075933479 0.996937156 0.018718237 5.581808090 -0.177697986 0.032001838 -0.983564615 266.462127686
-0.980395794 0.071266972 0.183699325 -269.388854980 0.075733043 0.996976256 0.017402694 5.588950157 -0.181903630 0.030973632 -0.982828498 265.289276123
-0.979469180 0.072371058 0.188155696 -269.163024902 0.076925702 0.996891737 0.017008467 5.591039658 -0.186339945 0.031133277 -0.981991887 264.107574463
-0.978546858 0.071770720 0.193120241 -268.926879883 0.076562665 0.996911943 0.017455677 5.602622032 -0.191271067 0.031866994 -0.981019974 262.931793213
-0.977622509 0.070695713 0.198132798 -268.685119629 0.076236427 0.996879697 0.020467689 5.608537197 -0.196067572 0.035114609 -0.979961514 261.750793457
-0.976530671 0.069633871 0.203812107 -268.438262939 0.075924337 0.996843636 0.023199558 5.615227699 -0.201553330 0.038129374 -0.978735328 260.567138672
-0.975616813 0.067344785 0.208894551 -268.171600342 0.073764101 0.997008502 0.023084166 5.633723259 -0.206715047 0.037930213 -0.977665901 259.393707275
-0.974395037 0.066040359 0.214926362 -267.924407959 0.072348915 0.997145236 0.021610070 5.645434856 -0.212885663 0.036606427 -0.976391315 258.201812744
-0.973078847 0.066640608 0.220628604 -267.656494141 0.072551854 0.997187614 0.018789332 5.661606312 -0.218755975 0.034290511 -0.975177169 257.018829346
-0.972051620 0.065633342 0.225406140 -267.379394531 0.071271226 0.997312844 0.016957548 5.667853355 -0.223687455 0.032548584 -0.974117279 255.844146729
-0.970656991 0.067324407 0.230851784 -267.095520020 0.072862454 0.997220933 0.015538713 5.674997807 -0.229164094 0.031903185 -0.972864866 254.653289795
-0.969457626 0.067245759 0.235860303 -266.802490234 0.073184095 0.997181892 0.016503930 5.685596943 -0.234085798 0.033261083 -0.971646905 253.456359863
-0.968352199 0.064564027 0.241092592 -266.493286133 0.071103923 0.997297049 0.018516215 5.692784786 -0.239245445 0.035072844 -0.970325589 252.249969482
-0.967126489 0.062552996 0.246482372 -266.191833496 0.069838099 0.997339010 0.020917241 5.703754902 -0.244518057 0.037443478 -0.968921542 251.042602539
-0.965975881 0.060899887 0.251361042 -265.872741699 0.068780653 0.997373998 0.022678418 5.717528343 -0.249319866 0.039195575 -0.967628002 249.824127197
-0.964681387 0.061131459 0.256228119 -265.552612305 0.069209270 0.997345686 0.022619268 5.726092815 -0.254165292 0.039553747 -0.966351748 248.628540039
-0.963187575 0.063651063 0.261186689 -265.223022461 0.071397416 0.997242033 0.020267403 5.738977432 -0.259176284 0.038169358 -0.965075612 247.421203613
-0.961428046 0.068142213 0.266482234 -264.891357422 0.075828172 0.996946514 0.018647352 5.746626377 -0.264397860 0.038134947 -0.963659406 246.229736328
-0.959621549 0.070902273 0.272211611 -264.552062988 0.078864053 0.996715426 0.018405732 5.751067162 -0.270012498 0.039130248 -0.962061286 245.042266846
-0.957851291 0.073126681 0.277801424 -264.209381104 0.081505574 0.996497095 0.018717289 5.752652168 -0.275459588 0.040570740 -0.960456252 243.853820801
-0.956251383 0.073378786 0.283194631 -263.856414795 0.082249388 0.996420085 0.019544793 5.758595467 -0.280746669 0.041982315 -0.958863497 242.689239502
-0.954770803 0.072530538 0.288361430 -263.498596191 0.082301855 0.996367037 0.021890430 5.768518925 -0.285726070 0.044633016 -0.957271576 241.482879639
-0.953424335 0.072438821 0.292805970 -263.135528564 0.082616284 0.996326804 0.022525521 5.781045914 -0.290098727 0.045666907 -0.955906868 240.306274414
-0.952217698 0.074271969 0.296252161 -262.765014648 0.084024362 0.996256769 0.020305393 5.787180424 -0.293635100 0.044227548 -0.954893947 239.119079590
-0.950865388 0.077469178 0.299756289 -262.393585205 0.086041994 0.996171176 0.015485195 5.796192169 -0.297408938 0.040515959 -0.953890324 237.939880371
-0.949801803 0.077950515 0.302986056 -262.016693115 0.085298352 0.996293902 0.011072774 5.798507690 -0.301000059 0.036361150 -0.952930808 236.774078369
-0.948753238 0.079638153 0.305818945 -261.647277832 0.087133005 0.996136904 0.010912382 5.783084869 -0.303768516 0.037000082 -0.952027202 235.620117188
-0.947562337 0.079088658 0.309630126 -261.260650635 0.088077515 0.995998621 0.015136554 5.782505989 -0.307194054 0.041614275 -0.950736642 234.437591553
-0.946513534 0.078302890 0.313019067 -260.871704102 0.088346690 0.995926976 0.018009663 5.789339066 -0.310333937 0.044700585 -0.949576139 233.253387451
-0.945396543 0.077427909 0.316591918 -260.475128174 0.087750778 0.995971441 0.018456852 5.798239708 -0.313887447 0.045230228 -0.948382258 232.078765869
-0.944203377 0.077774301 0.320048958 -260.079132080 0.087854147 0.995985627 0.017153898 5.806001663 -0.317430049 0.044314396 -0.947245717 230.915374756
-0.942962289 0.077496514 0.323753953 -259.671936035 0.087576404 0.996018529 0.016658546 5.811210155 -0.321173936 0.044061583 -0.945994854 229.737365723
-0.941605330 0.078785241 0.327372134 -259.264587402 0.088601321 0.995951891 0.015154484 5.809909344 -0.324852943 0.043275140 -0.944774151 228.586914062
-0.939799309 0.080491923 0.332112312 -258.846527100 0.089640595 0.995898306 0.012292181 5.809061050 -0.329760671 0.041322924 -0.943159938 227.429138184
-0.937846422 0.082809940 0.337026268 -258.446411133 0.091427639 0.995764017 0.009749752 5.803732872 -0.334791243 0.039957285 -0.941444874 226.283569336
-0.936034679 0.083350085 0.341894954 -258.018524170 0.092152931 0.995699048 0.009554768 5.800841808 -0.339628100 0.040450212 -0.939689755 225.132598877
-0.934206843 0.083229020 0.346886963 -257.599395752 0.093196929 0.995573938 0.012120852 5.805700302 -0.344342798 0.043652177 -0.937828660 223.966766357
-0.932478547 0.082445875 0.351690918 -257.162933350 0.094274700 0.995407641 0.016610824 5.802265644 -0.348706335 0.048644789 -0.935968876 222.819641113
-0.930547237 0.083761759 0.356463134 -256.723571777 0.096810333 0.995123565 0.018889122 5.807987690 -0.353142709 0.052086532 -0.934118509 221.669311523
-0.928890109 0.085601166 0.360327601 -256.277557373 0.098883554 0.994926035 0.018552864 5.813541889 -0.356911153 0.052864037 -0.932641506 220.522216797
-0.927213550 0.087836906 0.364088356 -255.828521729 0.100626916 0.994791210 0.016268663 5.819690704 -0.360762924 0.051721603 -0.931222677 219.377441406
-0.925903082 0.090062104 0.366868138 -255.369384766 0.101722397 0.994733870 0.012531091 5.815396309 -0.363807589 0.048921283 -0.930188537 218.232696533
-0.924800158 0.089352377 0.369811982 -254.907257080 0.099728785 0.994974017 0.008993485 5.815452576 -0.367149711 0.045198075 -0.929063201 217.092254639
-0.923930407 0.087327234 0.372460365 -254.437423706 0.097615145 0.995185196 0.008813884 5.806343079 -0.369897336 0.044501185 -0.928006291 215.938354492
-0.923268557 0.083235040 0.375029385 -253.965713501 0.094238684 0.995488167 0.011060782 5.804236412 -0.372416675 0.045554351 -0.926946878 214.795837402
-0.922543287 0.080997758 0.377297550 -253.492553711 0.092676841 0.995613039 0.012870393 5.801834583 -0.374599874 0.046840236 -0.926002741 213.655181885
-0.921818495 0.079731882 0.379333436 -253.015991211 0.091266349 0.995748162 0.012490653 5.801891804 -0.376724690 0.046134491 -0.925176024 212.519561768
-0.920807242 0.080620788 0.381594568 -252.556976318 0.092045687 0.995685458 0.011749092 5.792027473 -0.379000962 0.045942783 -0.924255133 211.398986816
-0.919971228 0.079618625 0.383814782 -252.078430176 0.090194754 0.995877862 0.009604011 5.793214321 -0.381467968 0.043453492 -0.923360229 210.278289795
-0.919009089 0.080591828 0.385911196 -251.608367920 0.091296554 0.995778799 0.009460002 5.789852619 -0.383519799 0.043926187 -0.922487617 209.147125244
-0.918018579 0.079552546 0.388475925 -251.129913330 0.091581494 0.995718956 0.012514335 5.786647320 -0.385817289 0.047065593 -0.921374083 208.017547607
-0.917024970 0.078681909 0.390991420 -250.648757935 0.092075191 0.995629966 0.015594183 5.788324833 -0.388055772 0.050300866 -0.920262098 206.886413574
-0.915653706 0.079624496 0.394003302 -250.169403076 0.092511378 0.995616138 0.013789043 5.792230606 -0.391178101 0.049075767 -0.919005752 205.766448975
-0.914342523 0.080275573 0.396905273 -249.672729492 0.091972522 0.995706320 0.010489874 5.791483402 -0.394358993 0.046095714 -0.917799830 204.641052246
-0.913080335 0.080079958 0.399839520 -249.186004639 0.090969220 0.995819151 0.008295933 5.792333603 -0.397503525 0.043947943 -0.916547656 203.532318115
-0.911883831 0.079597577 0.402656615 -248.690521240 0.090236455 0.995892227 0.007486627 5.790266991 -0.400406688 0.043161236 -0.915320635 202.423522949
-0.910103083 0.079402179 0.406703770 -248.196395874 0.090591177 0.995853603 0.008296832 5.785419464 -0.404358655 0.044394743 -0.913522601 201.303588867
-0.908330321 0.078461051 0.410828114 -247.700164795 0.091004938 0.995789349 0.011031073 5.783133507 -0.408232749 0.047407251 -0.911646008 200.179412842
-0.906932950 0.076098330 0.414345145 -247.186996460 0.089214437 0.995935738 0.012362792 5.780881882 -0.411720365 0.048177790 -0.910035968 199.071563721
-0.905337691 0.072777882 0.418410450 -246.673507690 0.085706860 0.996246159 0.012162575 5.780830383 -0.415954620 0.046871878 -0.908176780 197.963623047
-0.903944612 0.069412142 0.421979189 -246.151687622 0.081494540 0.996617019 0.010638457 5.777853489 -0.419813216 0.044005573 -0.906543255 196.865539551
-0.902666211 0.066667706 0.425146312 -245.622543335 0.077591106 0.996949792 0.008407707 5.771559715 -0.423289031 0.040576920 -0.905085802 195.759521484
-0.901111007 0.063751020 0.428876221 -245.091690063 0.073465310 0.997279048 0.006115633 5.766952515 -0.427319378 0.037018389 -0.903342605 194.662353516
-0.899218559 0.063811004 0.432821512 -244.569534302 0.073383033 0.997289062 0.005428009 5.766172409 -0.431301773 0.036642719 -0.901463389 193.575561523
-0.896867156 0.063433126 0.437727898 -244.039443970 0.074219242 0.997213304 0.007558199 5.762671471 -0.436028630 0.039266527 -0.899075866 192.489746094
-0.894595623 0.061164010 0.442671329 -243.496643066 0.073740646 0.997214139 0.011237305 5.756495476 -0.440750778 0.042695709 -0.896613717 191.405242920
-0.892199636 0.059839737 0.447659761 -242.952728271 0.073617741 0.997196198 0.013424837 5.755853653 -0.445601255 0.044933330 -0.894103408 190.326324463
-0.889935493 0.058562819 0.452311248 -242.408569336 0.072340868 0.997292519 0.013208692 5.750993252 -0.450313061 0.044475470 -0.891762495 189.272888184
-0.887588382 0.058842406 0.456863910 -241.857223511 0.072106943 0.997329056 0.011635935 5.753396034 -0.454958946 0.043270979 -0.889460683 188.207946777
-0.885403752 0.058811240 0.461087614 -241.291656494 0.071866192 0.997355938 0.010789368 5.748700619 -0.459233910 0.042689554 -0.887289166 187.131439209
-0.883292913 0.058406215 0.465169460 -240.729415894 0.071439147 0.997390509 0.010421749 5.743038654 -0.463346928 0.042436767 -0.885160446 186.079101562
-0.881066918 0.058281001 0.469387800 -240.167678833 0.070874557 0.997442901 0.009189080 5.738849640 -0.467651993 0.041363843 -0.882944584 185.012786865
-0.879204512 0.056743078 0.473053515 -239.601684570 0.068758257 0.997600257 0.008129442 5.731789589 -0.471457005 0.039673775 -0.880996108 183.972137451
-0.877656579 0.055878147 0.476022065 -239.011428833 0.067931905 0.997656763 0.008137561 5.728464127 -0.474451900 0.039479066 -0.879395962 182.916107178
-0.875961661 0.053754013 0.479376704 -238.442047119 0.066531599 0.997737229 0.009693297 5.722456932 -0.477770954 0.040384654 -0.877555847 181.889587402
-0.873664141 0.053651102 0.483562469 -237.865310669 0.068102658 0.997601748 0.012359135 5.715458870 -0.481739670 0.043729622 -0.875222683 180.828216553
-0.871645331 0.055718876 0.486959755 -237.283401489 0.071099468 0.997382641 0.013143762 5.717701435 -0.484952837 0.046079278 -0.873325467 179.790313721
-0.869471550 0.058330424 0.490526974 -236.694351196 0.074232392 0.997156203 0.013003180 5.711362839 -0.488373518 0.047718883 -0.871328950 178.746734619
-0.867220283 0.060339339 0.494255334 -236.106536865 0.076626085 0.996978581 0.012735642 5.710684776 -0.491993487 0.048917454 -0.869223595 177.712127686
-0.865092635 0.062177408 0.497743726 -235.510253906 0.079611540 0.996729672 0.013857105 5.709863663 -0.495254338 0.051613823 -0.867213488 176.670959473
-0.862973690 0.062296584 0.501393437 -234.915191650 0.080706909 0.996623755 0.015081346 5.709691048 -0.498761117 0.053480722 -0.865087867 175.641021729
-0.860992908 0.064860813 0.504464269 -234.312774658 0.082751252 0.996483922 0.013113867 5.700423717 -0.501839995 0.053036001 -0.863332868 174.609344482
-0.858645797 0.066063732 0.508294642 -233.714843750 0.082057491 0.996586144 0.009089414 5.702766418 -0.505958915 0.049513962 -0.861135483 173.588531494
-0.856786132 0.065902501 0.511443675 -233.096282959 0.081254229 0.996663690 0.007693622 5.701194763 -0.509230316 0.048148744 -0.859282494 172.571533203
-0.854843855 0.063433163 0.514993787 -232.476425171 0.080074899 0.996737182 0.010146397 5.700846672 -0.512669802 0.049911652 -0.857134104 171.544952393
-0.853066444 0.061023515 0.518221855 -231.840286255 0.077528626 0.996937633 0.010228104 5.690388203 -0.516010761 0.048902281 -0.855185151 170.516357422
-0.851076603 0.061456993 0.521432459 -231.211715698 0.076816425 0.997014225 0.007869018 5.691835403 -0.519391954 0.046751715 -0.853256345 169.490020752
-0.848991871 0.060037728 0.524984181 -230.574600220 0.074567378 0.997194469 0.006548395 5.683695316 -0.523118138 0.044706229 -0.851086855 168.468383789
-0.846541762 0.061050966 0.528810322 -229.936737061 0.074797690 0.997188032 0.004614237 5.679916859 -0.527041614 0.043459926 -0.848727822 167.441558838
-0.844395757 0.065429859 0.531709373 -229.289642334 0.078147359 0.996940792 0.001424829 5.668903828 -0.529989541 0.042754799 -0.846925735 166.423919678
-0.841886878 0.067681469 0.535393298 -228.644226074 0.080181561 0.996780276 0.000075152 5.656616211 -0.533664405 0.042991940 -0.844603062 165.407379150
-0.839058757 0.069815181 0.539543033 -227.984680176 0.083763517 0.996484756 0.001320995 5.646037579 -0.537554204 0.046302408 -0.841957211 164.383483887
-0.836216569 0.072397374 0.543599665 -227.321655273 0.087226726 0.996187329 0.001506769 5.630276680 -0.541418016 0.048676401 -0.839343309 163.348114014
-0.833248854 0.074101582 0.547910392 -226.652145386 0.088833615 0.996046424 0.000386691 5.616772652 -0.545715511 0.048995066 -0.836537242 162.320465088
-0.831288934 0.074586019 0.550813556 -225.966903687 0.087679550 0.996145427 -0.002562543 5.602488995 -0.548881531 0.046164867 -0.834624410 161.303314209
-0.828706741 0.074447833 0.554709673 -225.280059814 0.087750621 0.996139109 -0.002597536 5.587256908 -0.552761376 0.046523523 -0.832040071 160.277435303
-0.826272130 0.070980631 0.558781207 -224.580856323 0.085577540 0.996331513 -0.000017746 5.571010590 -0.556732595 0.047804456 -0.829315305 159.250793457
-0.823642731 0.070333183 0.562731028 -223.881942749 0.086928785 0.996210814 0.002721667 5.557572842 -0.560407341 0.051159199 -0.826635838 158.229614258
-0.821194291 0.068147726 0.566564858 -223.174758911 0.084056385 0.996459067 0.001977206 5.545036316 -0.564423919 0.049247064 -0.824014783 157.208251953
-0.819055200 0.066178285 0.569885135 -222.456237793 0.080519520 0.996753037 -0.000023658 5.535318851 -0.568036318 0.045867499 -0.821724415 156.194946289
-0.817054629 0.062967725 0.573111773 -221.750183105 0.076023139 0.997105360 -0.001169787 5.515481949 -0.571526468 0.042613972 -0.819476485 155.209991455
-0.815112591 0.059406567 0.576248646 -221.040420532 0.073029548 0.997329652 0.000484801 5.496582031 -0.574681044 0.042478338 -0.817274332 154.226287842
-0.812770844 0.058557272 0.579633355 -220.329284668 0.073007897 0.997330070 0.001617840 5.481020927 -0.577991068 0.043632742 -0.814875960 153.226440430
-0.810493946 0.057212889 0.582946241 -219.616088867 0.071702838 0.997424424 0.001799793 5.463976860 -0.581341863 0.043257624 -0.812508821 152.251861572
-0.807943940 0.057471622 0.586450160 -218.894729614 0.072359324 0.997376740 0.001946304 5.452255726 -0.584799886 0.044007637 -0.809983134 151.248443604
-0.805791497 0.054866832 0.589652359 -218.172439575 0.070685349 0.997491479 0.003779255 5.441886902 -0.587965906 0.044725072 -0.807648420 150.270721436
-0.804096937 0.050716273 0.592331290 -217.432952881 0.066403724 0.997781694 0.004712317 5.426149368 -0.590778291 0.043122157 -0.805680990 149.285003662
-0.802240252 0.048409913 0.595035791 -216.698638916 0.062863640 0.998015761 0.003559230 5.416488647 -0.593682766 0.040261462 -0.803691626 148.318695068
-0.800252795 0.047609929 0.597769856 -215.962478638 0.062685095 0.998023510 0.004429956 5.403725624 -0.596377432 0.041016344 -0.801655650 147.344055176
-0.797945857 0.047323581 0.600868702 -215.229415894 0.063084148 0.997994781 0.005174232 5.389627457 -0.599418998 0.042034045 -0.799331188 146.381591797
-0.795224786 0.050659884 0.604194641 -214.496368408 0.063690104 0.997969687 0.000150481 5.379788399 -0.602960289 0.038600881 -0.796836853 145.410705566
-0.793189645 0.052733622 0.606687188 -213.768905640 0.062999703 0.998003960 -0.004380591 5.359409332 -0.605707228 0.034746472 -0.794928670 144.468170166
-0.791315794 0.051796615 0.609209716 -213.029785156 0.060911715 0.998126626 -0.005743796 5.342749119 -0.608365953 0.032562852 -0.792988420 143.528381348
-0.789550900 0.049069453 0.611720026 -212.276824951 0.060559157 0.998162806 -0.001904076 5.321302891 -0.610689640 0.035541888 -0.791071892 142.562469482
-0.787146926 0.047950558 0.614898741 -211.536956787 0.061511099 0.998106003 0.000908332 5.303427219 -0.613690555 0.038538087 -0.788605571 141.616455078
-0.784397125 0.048815526 0.618335187 -210.795928955 0.062752105 0.998028815 0.000813897 5.284468174 -0.617076576 0.039440248 -0.785914183 140.680328369
-0.780807376 0.050142612 0.622756779 -210.055755615 0.063417949 0.997986674 -0.000842180 5.270051003 -0.621545196 0.038836371 -0.782415390 139.746765137
-0.777518868 0.050846457 0.626800895 -209.301971436 0.064356655 0.997926354 -0.001120793 5.248847485 -0.625558138 0.039467368 -0.779178858 138.819000244
-0.774708867 0.046883106 0.630577564 -208.537658691 0.061249845 0.998121917 0.001039913 5.235783577 -0.629344523 0.039428405 -0.776125550 137.889739990
-0.771975875 0.044984169 0.634058416 -207.775451660 0.061506502 0.998098373 0.004073598 5.224061012 -0.632669449 0.042143431 -0.773274779 136.965087891
-0.769057155 0.044980381 0.637595236 -207.018585205 0.063305371 0.997976422 0.005953770 5.212060928 -0.636037230 0.044941995 -0.770348430 136.051391602
-0.765435696 0.049907971 0.641574383 -206.251403809 0.068942204 0.997609854 0.004648142 5.204462528 -0.639808953 0.047789399 -0.767046928 135.128356934
-0.761810541 0.051812358 0.645724714 -205.482009888 0.070723914 0.997490108 0.003400671 5.197716236 -0.643927813 0.048258841 -0.763562918 134.215759277
-0.758438230 0.050675523 0.649772167 -204.694900513 0.071183458 0.997449160 0.005297218 5.188480854 -0.647846282 0.050270639 -0.760110855 133.298492432
-0.755174041 0.047133110 0.653827906 -203.901367188 0.068643615 0.997614026 0.007367711 5.180540085 -0.651920617 0.050445009 -0.756607533 132.398284912
-0.752264142 0.045123048 0.657314718 -203.095123291 0.066167220 0.997782350 0.007229786 5.176954269 -0.655530810 0.048931397 -0.753581524 131.467346191
-0.749185085 0.048014522 0.660618305 -202.295394897 0.068185337 0.997661054 0.004815505 5.172444820 -0.658841908 0.048652183 -0.750706673 130.570983887
-0.746067166 0.051503535 0.663876057 -201.499298096 0.069715954 0.997566402 0.000955868 5.163352013 -0.662211239 0.046995893 -0.747842193 129.673858643
-0.742734313 0.055200946 0.667307019 -200.699996948 0.073042892 0.997328103 -0.001201839 5.147479057 -0.665590346 0.047849383 -0.744781852 128.756469727
-0.740126491 0.055831350 0.670146167 -199.886993408 0.073725440 0.997277200 -0.001661111 5.138461113 -0.668414176 0.048177384 -0.742227435 127.867340088
-0.737398028 0.055373300 0.673185349 -199.054687500 0.073838726 0.997269511 -0.001149160 5.127125263 -0.671410859 0.048859753 -0.739473343 126.950317383
-0.734714389 0.055146772 0.676131308 -198.222656250 0.074529812 0.997218728 -0.000347961 5.109756947 -0.674269974 0.050136283 -0.736781120 126.034057617
-0.732468367 0.054553423 0.678612053 -197.385620117 0.075160272 0.997170985 0.000962877 5.097813129 -0.676639736 0.051709939 -0.734496474 125.139953613
-0.729224920 0.054855689 0.682071745 -196.554824829 0.076477066 0.997070074 0.001574636 5.084717751 -0.679986954 0.053311106 -0.731283545 124.243591309
-0.726410508 0.057884190 0.684819341 -195.710784912 0.078965165 0.996877253 -0.000499865 5.073243618 -0.682709754 0.053713765 -0.728712916 123.340667725
-0.722743034 0.061589077 0.688367248 -194.863922119 0.079889849 0.996789575 -0.005304616 5.055232525 -0.686484039 0.051159680 -0.725343108 122.444671631
-0.719613194 0.061598629 0.691637576 -194.000335693 0.078403026 0.996895671 -0.007211229 5.038170815 -0.689934731 0.049037181 -0.722208738 121.537170410
-0.716744781 0.060275201 0.694725633 -193.132934570 0.076308720 0.997053921 -0.007778239 5.013553619 -0.693147719 0.047438614 -0.719232678 120.649383545
-0.714259386 0.056775834 0.697574556 -192.256011963 0.071759827 0.997392178 -0.007701905 4.990897179 -0.696192741 0.044556666 -0.716470957 119.763366699
-0.711359739 0.056511380 0.700552702 -191.382659912 0.069784246 0.997515857 -0.009605705 4.973123550 -0.699355245 0.042054426 -0.713536263 118.876586914
-0.708449841 0.054960109 0.703618169 -190.504608154 0.068360232 0.997619271 -0.009095108 4.953197956 -0.702442884 0.041656069 -0.710520267 118.003067017
-0.705177784 0.053981632 0.706972778 -189.617248535 0.068505272 0.997619927 -0.007842969 4.931383610 -0.705713511 0.042900670 -0.707197428 117.125930786
-0.702190995 0.052216962 0.710071206 -188.727996826 0.068855561 0.997612715 -0.005270664 4.903054714 -0.708651304 0.045191344 -0.704110026 116.240203857
-0.699428082 0.051619135 0.712836623 -187.834075928 0.067345388 0.997710645 -0.006169322 4.879101276 -0.711523175 0.043691263 -0.701303124 115.378417969
-0.696022153 0.052368872 0.716108143 -186.924377441 0.068142213 0.997652948 -0.006727304 4.859642982 -0.714779675 0.044114836 -0.697957039 114.491043091
-0.692472458 0.050762761 0.719656467 -186.015533447 0.066696905 0.997754037 -0.006201557 4.842224121 -0.718354940 0.043704450 -0.694302917 113.612548828
-0.689023495 0.049609702 0.723039210 -185.092346191 0.067396559 0.997717321 -0.004230273 4.814100742 -0.721598625 0.045815598 -0.690794110 112.725250244
-0.685468793 0.050413202 0.726354778 -184.166275024 0.066117965 0.997788250 -0.006856025 4.790761471 -0.725093901 0.043325502 -0.687285900 111.854400635
-0.681928396 0.053164266 0.729484558 -183.239410400 0.067557625 0.997669637 -0.009555965 4.768535137 -0.728292644 0.042765759 -0.683930874 110.986526489
-0.678728580 0.054221231 0.732384861 -182.302185059 0.068424255 0.997601628 -0.010444908 4.742080688 -0.731194675 0.043023631 -0.680810809 110.115753174
-0.675262094 0.053180762 0.735658526 -181.356353760 0.069522098 0.997545898 -0.008298191 4.718917847 -0.734294474 0.045541067 -0.677302122 109.241027832
-0.672049165 0.049508300 0.738849640 -180.397705078 0.067593813 0.997698486 -0.005370494 4.696329594 -0.737415075 0.046332434 -0.673848867 108.375991821
-0.669694781 0.046285078 0.741192937 -179.445739746 0.064988904 0.997879505 -0.003594497 4.670722485 -0.739787638 0.045762096 -0.671282649 107.520294189
-0.667014599 0.044213686 0.743731797 -178.480316162 0.059867915 0.998190343 -0.005648416 4.649977684 -0.742635608 0.040758092 -0.668454528 106.663253784
-0.665098071 0.042841535 0.745526016 -177.509490967 0.055359203 0.998434544 -0.007987867 4.623108864 -0.744701147 0.035959013 -0.666428566 105.816452026
-0.662912011 0.041607168 0.747540534 -176.547546387 0.052108761 0.998597443 -0.009371129 4.603091717 -0.746881962 0.032741170 -0.664150357 104.967315674
-0.661083221 0.040359292 0.749226511 -175.565551758 0.050985042 0.998660564 -0.008808932 4.576122284 -0.748578489 0.032375902 -0.662255526 104.111099243
-0.659179449 0.040394593 0.750899851 -174.583633423 0.051488508 0.998637199 -0.008522277 4.547760963 -0.750220835 0.033045001 -0.660361052 103.250152588
-0.657407045 0.041075744 0.752415478 -173.600097656 0.053711161 0.998527706 -0.007582493 4.522678375 -0.751619160 0.035428323 -0.658645391 102.389801025
-0.656292439 0.040855892 0.753399909 -172.624938965 0.054639339 0.998484671 -0.006549788 4.498720646 -0.752525866 0.036866695 -0.657530308 101.547637939
-0.655132890 0.039678711 0.754471302 -171.634384155 0.053597283 0.998544753 -0.005974565 4.478733063 -0.753610432 0.036523476 -0.656306148 100.699920654
-0.653873324 0.036828689 0.755707383 -170.646469116 0.049989305 0.998735070 -0.005419341 4.453434944 -0.754951000 0.034233723 -0.654887199 99.856140137
-0.653259277 0.035858329 0.756284893 -169.645111084 0.047896523 0.998834372 -0.005986754 4.430548668 -0.755618036 0.032312512 -0.654215336 99.010910034
-0.652207136 0.035349376 0.757216156 -168.637985229 0.043624602 0.999006867 -0.009062132 4.408162117 -0.756784499 0.027122866 -0.653101563 98.149154663
-0.650916696 0.033457946 0.758411407 -167.630767822 0.041731488 0.999094725 -0.008259282 4.384683609 -0.758001149 0.026273532 -0.651723742 97.281814575
-0.650438070 0.029170068 0.758999169 -166.631256104 0.040000696 0.999191165 -0.004121880 4.355457306 -0.758505464 0.027679464 -0.651078820 96.444259644
-0.650430918 0.024817489 0.759160221 -165.617279053 0.037211042 0.999307096 -0.000786516 4.337374210 -0.758653760 0.027737565 -0.650903702 95.585998535
-0.650964141 0.020495147 0.758831918 -164.614929199 0.033370689 0.999441683 0.001633318 4.324294090 -0.758374810 0.026385972 -0.651284695 94.744018555
-0.652108669 0.018927522 0.757889509 -163.613388062 0.031208869 0.999511123 0.001891174 4.310028553 -0.757483184 0.024886122 -0.652380586 93.899917603
-0.653634667 0.024172982 0.756424189 -162.621429443 0.036324129 0.999339938 -0.000547730 4.295203686 -0.755938113 0.027118433 -0.654081345 93.048049927
-0.654313803 0.031380896 0.755572021 -161.627258301 0.043830704 0.999032736 -0.003535756 4.279747009 -0.754952133 0.030803755 -0.655056357 92.177993774
-0.654701829 0.039034732 0.754878879 -160.632720947 0.055499174 0.998452604 -0.003495831 4.260974884 -0.753847241 0.039606426 -0.655855179 91.302780151
-0.655104160 0.043145094 0.754305959 -159.647491455 0.063283071 0.997993350 -0.002123179 4.241179466 -0.752883911 0.046343885 -0.656520009 90.433624268
-0.656176686 0.046383165 0.753180623 -158.676834106 0.068025686 0.997681201 -0.002175782 4.221565247 -0.751535058 0.049807929 -0.657810330 89.571258545
-0.657255769 0.048952632 0.752076268 -157.688247681 0.070428357 0.997511089 -0.003379124 4.201869965 -0.750369847 0.050746545 -0.659067512 88.700958252
-0.658542275 0.046189558 0.751124978 -156.705230713 0.067036442 0.997747183 -0.002581690 4.181723118 -0.749552071 0.048652593 -0.660155177 87.849670410
-0.660303950 0.042809892 0.749777496 -155.734191895 0.064361483 0.997926593 -0.000297418 4.161907673 -0.748235643 0.048060395 -0.661690235 87.006072998
-0.661248803 0.042141803 0.748981893 -154.744720459 0.060686931 0.998153508 -0.002583267 4.144765854 -0.747707784 0.043745231 -0.662585258 86.144241333
-0.662304163 0.041751631 0.748071253 -153.762405396 0.058047928 0.998304427 -0.004325083 4.125888348 -0.746983409 0.040559459 -0.663604736 85.281204224
-0.662768006 0.041224610 0.747689307 -152.792495728 0.055339459 0.998449564 -0.005996444 4.097599983 -0.746777296 0.037402470 -0.664021850 84.433807373
-0.662938476 0.043772999 0.747393429 -151.811691284 0.057312775 0.998327076 -0.007633111 4.073849201 -0.746477187 0.037774906 -0.664338231 83.563461304
-0.663047314 0.046944510 0.747104168 -150.834762573 0.058275986 0.998239875 -0.011005359 4.043716908 -0.746305764 0.036241155 -0.664615989 82.701629639
-0.663233161 0.050385345 0.746714890 -149.875640869 0.061512765 0.998025417 -0.012707056 4.007366657 -0.745880663 0.037504755 -0.665022969 81.845977783
-0.662479877 0.052656695 0.747227013 -148.907730103 0.065335162 0.997786462 -0.012388375 3.975646019 -0.746225297 0.040613141 -0.664453745 80.975952148
-0.661721110 0.053169511 0.747862399 -147.927108765 0.069072649 0.997563422 -0.009805454 3.945462227 -0.746561587 0.045168363 -0.663781404 80.111907959
-0.660958290 0.053912029 0.748483539 -146.966461182 0.073778138 0.997252285 -0.006679669 3.913630724 -0.746787071 0.050806738 -0.663119674 79.248703003
-0.660514116 0.055597253 0.748752356 -146.000061035 0.075635709 0.997108698 -0.007316241 3.889592648 -0.746994257 0.051799938 -0.662809491 78.407928467
-0.659334660 0.056907699 0.749692798 -145.020690918 0.075219750 0.997121394 -0.009535759 3.874645710 -0.748077393 0.050104450 -0.661717296 77.541061401
-0.658365846 0.055462822 0.750651777 -144.050094604 0.074569538 0.997181475 -0.008276085 3.835309029 -0.748995066 0.050527070 -0.660646081 76.685104370
-0.658616066 0.052412335 0.750651777 -143.067779541 0.071599714 0.997410119 -0.006820584 3.814572573 -0.749065220 0.049254306 -0.660663009 75.842086792
-0.658210635 0.048550703 0.751266718 -142.080413818 0.069577307 0.997570395 -0.003509042 3.791752815 -0.749611795 0.049961425 -0.659989357 74.986206055
-0.657974720 0.047351420 0.751550138 -141.095565796 0.067615367 0.997704744 -0.003663828 3.773709297 -0.749998629 0.048405629 -0.659666181 74.135604858
-0.657814860 0.047510475 0.751679599 -140.106567383 0.067165002 0.997732699 -0.004284556 3.749917984 -0.750178874 0.047668118 -0.659514427 73.270507812
-0.657687545 0.049745142 0.751646519 -139.126693726 0.067949884 0.997667074 -0.006571307 3.727847815 -0.750219882 0.046752427 -0.659533381 72.419860840
-0.657641530 0.050948191 0.751606286 -138.151000977 0.068082809 0.997647166 -0.008055069 3.706336975 -0.750248253 0.045874115 -0.659562826 71.560623169
-0.657936454 0.051520601 0.751309335 -137.176452637 0.068343259 0.997625113 -0.008562041 3.680023670 -0.749966204 0.045713641 -0.659895062 70.718322754
-0.657556295 0.050606042 0.751703978 -136.187408447 0.068994246 0.997593820 -0.006806772 3.658126831 -0.750239730 0.047387414 -0.659465671 69.842147827
-0.657587409 0.049042955 0.751780391 -135.206878662 0.067753114 0.997685134 -0.005820633 3.633191586 -0.750325561 0.047107887 -0.659387946 68.990249634
-0.657792330 0.049217079 0.751589775 -134.218933105 0.067094542 0.997724712 -0.006613752 3.602340937 -0.750205159 0.046077091 -0.659597874 68.117507935
-0.658290744 0.050308447 0.751080930 -133.244796753 0.065835476 0.997788727 -0.009131266 3.581687212 -0.749879420 0.043436740 -0.660147190 67.276336670
-0.658769727 0.051663946 0.750568688 -132.259811401 0.063562907 0.997894466 -0.012899354 3.553728819 -0.749654770 0.039210618 -0.660666585 66.430725098
-0.658601284 0.052944023 0.750627577 -131.281982422 0.064567745 0.997818887 -0.013727398 3.521102428 -0.749717176 0.039425448 -0.660583258 65.563858032
-0.658329964 0.051956967 0.750934184 -130.302154541 0.063718513 0.997880816 -0.013182319 3.491483688 -0.750027776 0.039170094 -0.660245538 64.700317383
-0.658782005 0.050818484 0.750615597 -129.323440552 0.064400598 0.997863114 -0.011036191 3.456158876 -0.749572456 0.041069645 -0.660647035 63.862686157
-0.659106851 0.047753949 0.750531852 -128.348541260 0.062552460 0.998004913 -0.008567167 3.424092293 -0.749443591 0.041300934 -0.660778999 63.026626587
-0.659012556 0.044970833 0.750786364 -127.360153198 0.061440945 0.998093545 -0.005853525 3.393204689 -0.749618232 0.042271476 -0.660519242 62.140258789
-0.659412622 0.040334411 0.750698507 -126.383583069 0.058030434 0.998311281 -0.002664586 3.371102333 -0.749538243 0.041806296 -0.660639763 61.299880981
-0.659648895 0.036703128 0.750677347 -125.410964966 0.054665845 0.998504400 -0.000783266 3.339463234 -0.749583423 0.040519729 -0.660668731 60.459426880
-0.659802794 0.035600603 0.750595033 -124.419494629 0.050324872 0.998727977 -0.003131954 3.328734398 -0.749751806 0.035707127 -0.660755157 59.581405640
-0.659942865 0.034982391 0.750501037 -123.452728271 0.046447411 0.998904347 -0.005718087 3.306892633 -0.749878824 0.031085217 -0.660844684 58.747726440
-0.660321951 0.034863461 0.750173151 -122.480514526 0.043853153 0.999007344 -0.007827070 3.283423185 -0.749701321 0.027729070 -0.661195397 57.900161743
-0.660173774 0.033643130 0.750359416 -121.508575439 0.041017320 0.999120474 -0.008709145 3.255379200 -0.749992490 0.025028180 -0.660973191 57.060852051
-0.659977913 0.033315688 0.750546098 -120.528633118 0.040588267 0.999138415 -0.008659869 3.220322847 -0.750187933 0.024748040 -0.660761476 56.199371338
-0.660164595 0.032090593 0.750435412 -119.554458618 0.039521154 0.999186993 -0.007960778 3.200277567 -0.750080764 0.024402648 -0.660896063 55.351669312
-0.660121322 0.029174086 0.750592232 -118.587219238 0.038804200 0.999235749 -0.004711356 3.168045998 -0.750155985 0.026016064 -0.660748959 54.507339478
-0.659959912 0.028512826 0.750759602 -117.617294312 0.039272577 0.999222636 -0.003426311 3.145228386 -0.750273645 0.027223038 -0.660566688 53.659118652
-0.659719825 0.030061580 0.750910223 -116.652221680 0.039791614 0.999195278 -0.005041983 3.119573116 -0.750457525 0.026553633 -0.660385132 52.817825317
-0.659445882 0.033001255 0.751027524 -115.688415527 0.041468050 0.999111772 -0.007491088 3.095250845 -0.750607610 0.026203679 -0.660228610 51.980484009
-0.658632040 0.036274791 0.751590371 -114.721817017 0.044857189 0.998953700 -0.008904396 3.070248365 -0.751127005 0.027849508 -0.659570098 51.112686157
-0.658525586 0.039562814 0.751517713 -113.754608154 0.048567034 0.998769641 -0.010021731 3.039472580 -0.750989616 0.029899420 -0.659636736 50.271438599
-0.657863498 0.041592248 0.751988053 -112.778167725 0.049285330 0.998711169 -0.012122043 3.015053988 -0.751523018 0.029087326 -0.659065485 49.417297363
-0.657587647 0.040321305 0.752298355 -111.797332764 0.050775543 0.998668253 -0.009142969 2.983860254 -0.751665115 0.032186054 -0.658759236 48.565689087
-0.657518387 0.034811046 0.752633929 -110.818923950 0.048913810 0.998796999 -0.003464422 2.962967873 -0.751849115 0.034536272 -0.658430099 47.713211060
-0.657347202 0.032506112 0.752886474 -109.840286255 0.049325619 0.998782754 -0.000056436 2.946548939 -0.751971900 0.037099492 -0.658150434 46.866561890
-0.657108903 0.033543590 0.753049016 -108.866279602 0.050763395 0.998710692 -0.000190245 2.926767588 -0.752084494 0.038102310 -0.657964468 46.025604248
-0.656747341 0.038272198 0.753139138 -107.889846802 0.053586368 0.998555124 -0.004015466 2.910572290 -0.752204657 0.037720840 -0.657849312 45.177200317
-0.656008959 0.040655214 0.753657341 -106.911216736 0.055060890 0.998465359 -0.005934245 2.891214609 -0.752742052 0.037604127 -0.657240748 44.313293457
-0.655742288 0.040914670 0.753875673 -105.932113647 0.056557350 0.998386860 -0.004989733 2.872475863 -0.752863765 0.039365228 -0.656998515 43.463790894
-0.655404806 0.039817840 0.754227459 -104.933151245 0.059092402 0.998251617 -0.001350753 2.853712082 -0.752962530 0.043683823 -0.656611800 42.604156494
-0.654622674 0.039542578 0.754920840 -103.957824707 0.061643831 0.998097539 0.001173768 2.839115620 -0.753438234 0.047304589 -0.655814886 41.751144409
-0.653724432 0.041921198 0.755570710 -102.977272034 0.064941876 0.997888684 0.000822417 2.823407888 -0.753941000 0.049605813 -0.655066609 40.894989014
-0.653234243 0.047079351 0.755690634 -101.991531372 0.065485112 0.997838080 -0.005558414 2.808548450 -0.754318595 0.045855545 -0.654904962 40.047500610
-0.653271794 0.051122662 0.755395532 -101.013183594 0.064502940 0.997848332 -0.011748432 2.788258553 -0.754370809 0.041050311 -0.655163765 39.201095581
-0.653471231 0.049639482 0.755322039 -100.022323608 0.060398061 0.998085201 -0.013340062 2.761783600 -0.754537940 0.036902636 -0.655218124 38.356552124
-0.653783202 0.046460938 0.755254328 -99.028320312 0.060032096 0.998151839 -0.009436684 2.730431795 -0.754296899 0.039169952 -0.655364037 37.496032715
-0.654295921 0.044167064 0.754948020 -98.031715393 0.060464010 0.998152375 -0.005992622 2.704465151 -0.753817856 0.041726228 -0.655757546 36.645591736
-0.654008627 0.047452047 0.754997551 -97.059623718 0.063551746 0.997949064 -0.007670689 2.678504705 -0.753813088 0.042964716 -0.655682921 35.786857605
-0.653535843 0.052351069 0.755083025 -96.074401855 0.066727564 0.997705877 -0.011418766 2.654145002 -0.753948569 0.042922281 -0.655529857 34.924186707
-0.653339148 0.054885063 0.755073190 -95.085006714 0.068998449 0.997534573 -0.012807178 2.624160290 -0.753914535 0.043731451 -0.655515432 34.060707092
-0.653463006 0.053968858 0.755032301 -94.088012695 0.067444518 0.997639120 -0.012938465 2.592559338 -0.753948033 0.042467978 -0.655560136 33.198501587
-0.654291868 0.051902227 0.754458904 -93.098052979 0.065347038 0.997790813 -0.011970865 2.552300215 -0.753413439 0.041469216 -0.656238079 32.352310181
-0.654739499 0.047617190 0.754353464 -92.096916199 0.063791752 0.997934103 -0.007624874 2.519676208 -0.753158092 0.043129221 -0.656424403 31.493637085
-0.654655933 0.044170197 0.754635572 -91.083480835 0.063406177 0.997981966 -0.003408052 2.497555256 -0.753263235 0.045617450 -0.656135559 30.613136292
-0.654693365 0.044493165 0.754584014 -90.098846436 0.063416429 0.997979820 -0.003823256 2.481274128 -0.753229737 0.045349963 -0.656192303 29.753593445
-0.654721379 0.046916068 0.754413068 -89.104019165 0.062873647 0.997993350 -0.007498825 2.458793879 -0.753251016 0.042523056 -0.656357288 28.900093079
-0.654425621 0.047359467 0.754641891 -88.109825134 0.061330512 0.998072743 -0.009450767 2.430548191 -0.753635108 0.040097747 -0.656068921 28.037994385
-0.654121518 0.046151754 0.754980266 -87.103302002 0.059956264 0.998159766 -0.009070631 2.408684492 -0.754009604 0.039332502 -0.655684948 27.173637390
-0.654159784 0.045884006 0.754963517 -86.109397888 0.060942411 0.998110354 -0.007856326 2.382381916 -0.753897369 0.040870003 -0.655719876 26.327690125
-0.653587103 0.045428321 0.755486906 -85.108123779 0.061724201 0.998071313 -0.006616354 2.355880737 -0.754330397 0.042307459 -0.655130506 25.465560913
-0.653542519 0.043592393 0.755633533 -84.101043701 0.060796224 0.998137653 -0.005000170 2.320134401 -0.754444242 0.042671841 -0.654975653 24.619987488
-0.653320670 0.043346565 0.755839407 -83.125244141 0.060316455 0.998166263 -0.005108350 2.294587612 -0.754674852 0.042252164 -0.654737115 23.759452820
-0.653283596 0.042763196 0.755904853 -82.120170593 0.058640726 0.998262346 -0.005794215 2.268069506 -0.754839122 0.040541541 -0.654656053 22.905052185
-0.652782083 0.041399796 0.756413817 -81.128822327 0.056231041 0.998399019 -0.006116903 2.238951206 -0.755456090 0.038540930 -0.654065013 22.047409058
-0.652966380 0.039539356 0.756354213 -80.125747681 0.053963881 0.998527110 -0.005611816 2.211613894 -0.755462050 0.037151478 -0.654138327 21.200958252
-0.652897954 0.036852807 0.756548762 -79.123680115 0.052089617 0.998635590 -0.003692190 2.186327219 -0.755652606 0.036997713 -0.653926730 20.338684082
-0.652946711 0.034311038 0.756626368 -78.123611450 0.049758729 0.998758495 -0.002350753 2.163751602 -0.755767643 0.036113847 -0.653843403 19.487754822
-0.652913332 0.032699466 0.756726742 -77.140830994 0.049584433 0.998769879 -0.000376510 2.143999815 -0.755808175 0.037276037 -0.653731465 18.645355225
-0.652788877 0.030681405 0.756918550 -76.156158447 0.047382440 0.998876750 0.000374913 2.122315168 -0.756056845 0.036109384 -0.653509378 17.811386108
-0.652584672 0.029536614 0.757139921 -75.160491943 0.045594722 0.998959959 0.000328236 2.105154991 -0.756342769 0.034735784 -0.653252721 16.958732605
-0.653004646 0.028506825 0.756817639 -74.175224304 0.044938091 0.998989105 0.001145267 2.086790085 -0.756019950 0.034757800 -0.653625488 16.121185303
-0.653394461 0.027796930 0.756507099 -73.184204102 0.044807825 0.998993635 0.001993673 2.068826914 -0.755690396 0.035200093 -0.653982401 15.272407532
-0.653995156 0.029368322 0.755928576 -72.205818176 0.046780746 0.998903811 0.001664511 2.055249453 -0.755051017 0.036451481 -0.654652119 14.427413940
-0.654629588 0.032404874 0.755255163 -71.241378784 0.049828921 0.998757720 0.000337443 2.037029266 -0.754306018 0.037854444 -0.655431032 13.589561462
-0.655567169 0.036384512 0.754259765 -70.269744873 0.054620523 0.998506963 -0.000693082 2.022774220 -0.753158867 0.040743705 -0.656575680 12.732620239
-0.656132340 0.039262328 0.753623843 -69.308792114 0.057430331 0.998347521 -0.002011016 2.001618624 -0.752457440 0.041961372 -0.657302976 11.892364502
-0.657054663 0.041514132 0.752699018 -68.339096069 0.060498554 0.998165786 -0.002241444 1.978079557 -0.751411438 0.044064447 -0.658361077 11.049751282
-0.658042192 0.042173572 0.751799226 -67.372817993 0.063538238 0.997979343 -0.000369145 1.960057139 -0.750295699 0.047525086 -0.659392118 10.206932068
-0.659398079 0.039604571 0.750750065 -66.409774780 0.063304536 0.997989893 0.002954280 1.938256979 -0.749123931 0.049473926 -0.660579681 9.370803833
-0.660717845 0.040415429 0.749545455 -65.454109192 0.064931065 0.997883856 0.003430364 1.924032211 -0.747820675 0.050935294 -0.661943913 8.543472290
-0.662002683 0.043402523 0.748243749 -64.509742737 0.066173799 0.997807860 0.000668028 1.911890268 -0.746574521 0.049956370 -0.663423538 7.710739136
-0.662692904 0.048983559 0.747287691 -63.555679321 0.067437254 0.997707844 -0.005595028 1.896924257 -0.745848835 0.046687238 -0.664477229 6.867210388
-0.663328767 0.052382186 0.746492505 -62.620895386 0.068778768 0.997592390 -0.008885734 1.868605256 -0.745160639 0.045448672 -0.665334463 6.042076111
-0.664263964 0.052866515 0.745626390 -61.684600830 0.070529237 0.997478485 -0.007890265 1.844314814 -0.744163454 0.047347244 -0.666317701 5.214897156
-0.664080381 0.051707547 0.745871127 -60.750522614 0.072488256 0.997358620 -0.004602599 1.820442557 -0.744138956 0.051010400 -0.666074514 4.368064880
-0.664619684 0.051023442 0.745438039 -59.818519592 0.072376505 0.997370362 -0.003737996 1.794352770 -0.743668556 0.051467851 -0.666564822 3.546203613
-0.664834023 0.050706785 0.745268166 -58.882366180 0.072240971 0.997381330 -0.003415887 1.773434639 -0.743489802 0.051567893 -0.666756153 2.712730408
-0.665149927 0.048868760 0.745109081 -57.953208923 0.072008349 0.997403383 -0.001134773 1.749251127 -0.743229806 0.052899279 -0.666941643 1.892028809
-0.665328503 0.046076071 0.745127559 -57.042682648 0.070005596 0.997546256 0.000823622 1.719428420 -0.743261278 0.052711081 -0.666921496 1.077804565
-0.666152477 0.044998161 0.744457066 -56.132900238 0.068320811 0.997663081 0.000831567 1.702867031 -0.742679894 0.051415857 -0.667670012 0.291175842
-0.665276885 0.045120969 0.745232105 -55.238410950 0.067452677 0.997722447 -0.000192562 1.686450124 -0.743543506 0.050139789 -0.666805267 -0.527893066
-0.665073633 0.043388210 0.745516419 -54.352848053 0.064897209 0.997891963 -0.000181524 1.664104462 -0.743952692 0.048261203 -0.666487455 -1.300140381
-0.663971424 0.040758651 0.746646285 -53.487655640 0.062876806 0.998020291 0.001433667 1.638363957 -0.745109737 0.047898650 -0.665219665 -2.066902161
-0.663041711 0.038299035 0.747602284 -52.601036072 0.061582733 0.998095870 0.003485547 1.627738595 -0.746045291 0.048350450 -0.664137840 -2.854862213
-0.662265301 0.035267249 0.748439193 -51.751892090 0.058522023 0.998274863 0.004744129 1.609534860 -0.746980727 0.046942044 -0.663186669 -3.585296631
-0.660766006 0.034347460 0.749805927 -50.894199371 0.054866046 0.998490334 0.002611344 1.590709925 -0.748584270 0.042864371 -0.661652923 -4.336658478
-0.659170032 0.037170660 0.751074612 -50.050643921 0.055346373 0.998466849 -0.000840125 1.561272860 -0.749954343 0.041015469 -0.660216689 -5.097839355
-0.658209443 0.038367014 0.751856744 -49.213695526 0.053970937 0.998535633 -0.003706365 1.547053337 -0.750897944 0.038138848 -0.659316182 -5.823310852
-0.656574607 0.039460395 0.753228486 -48.371498108 0.055593532 0.998446047 -0.003847160 1.525763154 -0.752209783 0.039348677 -0.657748103 -6.572444916
-0.655464768 0.040386502 0.754145086 -47.552146912 0.058004100 0.998311698 -0.003048043 1.502640486 -0.752994955 0.041745622 -0.656700730 -7.276096344
-0.653478146 0.043264013 0.755708396 -46.744720459 0.062018681 0.998068810 -0.003510121 1.490394711 -0.754400849 0.044574242 -0.654899359 -7.984996796
-0.651656508 0.046273921 0.757101536 -45.949863434 0.067506477 0.997714698 -0.002875628 1.465816855 -0.755504370 0.049235333 -0.653291106 -8.691543579
-0.650348306 0.046791866 0.758193731 -45.162555695 0.069206640 0.997599900 -0.002204115 1.442587852 -0.756477118 0.051038597 -0.652025700 -9.365039825
-0.649190784 0.046581611 0.759198189 -44.377521515 0.069108114 0.997606933 -0.002115130 1.418654680 -0.757479906 0.051093627 -0.650856376 -10.028297424
-0.646692038 0.047903806 0.761245489 -43.664871216 0.069516070 0.997573912 -0.003720349 1.401118755 -0.759576797 0.050512876 -0.648453236 -10.647827148
-0.644387007 0.046358027 0.763293386 -42.924629211 0.067969322 0.997682214 -0.003212457 1.380815983 -0.761673212 0.049810465 -0.646044374 -11.268405914
-0.640993237 0.043264713 0.766326368 -42.205661774 0.066415668 0.997791767 -0.000779287 1.358411193 -0.764667869 0.050396554 -0.642451167 -11.870422363
-0.637338996 0.039381046 0.769576788 -41.488540649 0.062916830 0.998018265 0.001034777 1.343937039 -0.768010914 0.049078833 -0.638553739 -12.460060120
-0.633291721 0.037630819 0.772997856 -40.795375824 0.061782867 0.998087525 0.002028109 1.322031975 -0.771443188 0.049042407 -0.634405494 -13.010807037
-0.628854513 0.036984529 0.776643097 -40.113723755 0.059793789 0.998210371 0.000879735 1.302814007 -0.775220692 0.046991654 -0.629940510 -13.541515350
-0.622400761 0.037763089 0.781787515 -39.445545197 0.059045978 0.998254538 -0.001211228 1.284916401 -0.780468643 0.045407534 -0.623544216 -14.067043304
-0.612848759 0.038554583 0.789259255 -38.780761719 0.058247667 0.998295903 -0.003537338 1.267215729 -0.788050652 0.043804657 -0.614050031 -14.592468262
-0.601924539 0.038751282 0.797612369 -38.132431030 0.056821577 0.998368502 -0.005623991 1.250781298 -0.796529055 0.041936375 -0.603144407 -15.068256378
-0.588528514 0.036946639 0.807632089 -37.477317810 0.055608034 0.998439372 -0.005153439 1.228414416 -0.806562066 0.041877884 -0.589664578 -15.535758972
-0.572556734 0.035494547 0.819096386 -36.806571960 0.055582825 0.998444319 -0.004413407 1.210398078 -0.817978799 0.043000765 -0.573638916 -16.008407593
-0.554481268 0.033808965 0.831509113 -36.150150299 0.053305212 0.998565495 -0.005055534 1.186927676 -0.830487251 0.041520573 -0.555488110 -16.431629181
-0.534756303 0.031795256 0.844408035 -35.492156982 0.048744470 0.998788536 -0.006738841 1.176249743 -0.843599379 0.037556581 -0.535658360 -16.815608978
-0.510674477 0.030530341 0.859232068 -34.844810486 0.048033714 0.998821616 -0.006941989 1.155577064 -0.858431518 0.037727010 -0.511539102 -17.204139709
-0.483738184 0.028592121 0.874745607 -34.180900574 0.045188200 0.998949111 -0.007662592 1.144038081 -0.874045432 0.035821494 -0.484521866 -17.559473038
-0.454764485 0.026188731 0.890226603 -33.504196167 0.042264298 0.999076009 -0.007800520 1.127935529 -0.889608324 0.034077402 -0.455451250 -17.879564285
-0.421358466 0.023917178 0.906578839 -32.825763702 0.037886389 0.999243736 -0.008753065 1.105296612 -0.906102598 0.030658821 -0.421945930 -18.181270599
-0.383761525 0.022859231 0.923149467 -32.177963257 0.033925407 0.999367714 -0.010643474 1.079421639 -0.922809064 0.027233662 -0.384294391 -18.446397781
-0.342991710 0.021233689 0.939098597 -31.480792999 0.031578083 0.999440014 -0.011064638 1.068528652 -0.938807666 0.025859851 -0.343470097 -18.686901093
-0.300397158 0.017975857 0.953644991 -30.788328171 0.025224784 0.999622405 -0.010896743 1.049541831 -0.953480780 0.020782137 -0.300737143 -18.877220154
-0.256508112 0.015993524 0.966409862 -30.099113464 0.018090710 0.999767363 -0.011743871 1.035057783 -0.966372848 0.014470640 -0.256737828 -19.045665741
-0.211201310 0.014452829 0.977335691 -29.409198761 0.013201269 0.999841630 -0.011932865 1.014949203 -0.977353394 0.010381836 -0.211358666 -19.160131454
-0.161824107 0.014438136 0.986714184 -28.687505722 0.013083396 0.999836445 -0.012484437 1.001270771 -0.986733079 0.010889290 -0.161986470 -19.274711609
-0.111218572 0.012674554 0.993715107 -28.003372192 0.012683430 0.999855340 -0.011333316 0.983704567 -0.993714988 0.011343241 -0.111363292 -19.329467773
-0.059215665 0.009087748 0.998203874 -27.311992645 0.009676951 0.999916792 -0.008529285 0.968598723 -0.998198330 0.009154503 -0.059298635 -19.337638855
-0.006254435 0.006956560 0.999956310 -26.621402740 0.007807146 0.999945641 -0.006907655 0.957320094 -0.999950051 0.007763602 -0.006308317 -19.309402466
0.046882808 0.008152992 0.998867273 -26.001361847 0.008419083 0.999927938 -0.008556809 0.928258896 -0.998865068 0.008810713 0.046810746 -19.255504608
0.100231111 0.010158049 0.994912267 -25.331760406 0.005857444 0.999924541 -0.010799323 0.913423419 -0.994946897 0.006910071 0.100164056 -19.157911301
0.152697980 0.012957127 0.988188088 -24.678218842 0.004134272 0.999896944 -0.013749497 0.899444044 -0.988264382 0.006184959 0.152628660 -19.018785477
0.205711067 0.015373742 0.978491962 -24.040374756 0.003258019 0.999860287 -0.016394416 0.889740705 -0.978607357 0.006560459 0.205632269 -18.874866486
0.256810367 0.015025237 0.966345072 -23.423786163 0.000490760 0.999876976 -0.015677031 0.872563422 -0.966461718 0.004500268 0.256771386 -18.666469574
0.307689726 0.014742060 0.951372564 -22.804718018 -0.004476807 0.999891341 -0.014046012 0.861058116 -0.951476216 0.000062703 0.307722330 -18.445571899
0.355807960 0.013530442 0.934461236 -22.198925018 -0.008643234 0.999900043 -0.011186938 0.844811678 -0.934519231 -0.004096365 0.355889320 -18.181919098
0.400439560 0.012058316 0.916243911 -21.630735397 -0.012633530 0.999891043 -0.007637743 0.820153654 -0.916236162 -0.008516938 0.400548279 -17.894128799
0.441566646 0.013121578 0.897132456 -21.038522720 -0.014710142 0.999864519 -0.007383851 0.808930159 -0.897107840 -0.009936485 0.441699862 -17.580821991
0.477364838 0.018126931 0.878518283 -20.484748840 -0.020856181 0.999739289 -0.009295422 0.797162414 -0.878457725 -0.013885227 0.477618396 -17.245006561
0.506025314 0.025466828 0.862142622 -19.949426651 -0.027780518 0.999526620 -0.013219536 0.784111023 -0.862071216 -0.017261343 0.506493270 -16.897190094
0.527131319 0.033094596 0.849139214 -19.424987793 -0.034882762 0.999241829 -0.017290106 0.768705368 -0.849067628 -0.020506164 0.527886093 -16.529785156
0.542411387 0.038050793 0.839250922 -18.894165039 -0.038701817 0.999044955 -0.020282546 0.759148121 -0.839221179 -0.021479050 0.543365955 -16.153045654
0.553322911 0.038707349 0.832067072 -18.363510132 -0.038688201 0.999035954 -0.020747082 0.738185763 -0.832067966 -0.020711334 0.554286957 -15.794984818
0.559891999 0.037784517 0.827703655 -17.825916290 -0.037509352 0.999091387 -0.020235501 0.722902358 -0.827716172 -0.019716930 0.560800552 -15.430505753
0.563564658 0.036406420 0.825269341 -17.302497864 -0.036504470 0.999150038 -0.019148713 0.701169729 -0.825264990 -0.019334478 0.564414680 -15.067819595
0.564619243 0.034513135 0.824629545 -16.786144257 -0.034048267 0.999248803 -0.018508798 0.681857586 -0.824648917 -0.017626787 0.565370202 -14.705412865
0.565308690 0.032937266 0.824221611 -16.261377335 -0.032446489 0.999317110 -0.017680306 0.658954740 -0.824241042 -0.016748268 0.565991282 -14.351197243
0.564869523 0.031188540 0.824590683 -15.749526978 -0.029852990 0.999403715 -0.017350303 0.641495347 -0.824640095 -0.014815838 0.565463781 -13.996373177
0.562824726 0.029402314 0.826053143 -15.252748489 -0.027664570 0.999477327 -0.016726092 0.622696638 -0.826113164 -0.013438547 0.563344002 -13.655141830
0.559137762 0.028005263 0.828601658 -14.729472160 -0.025689799 0.999534667 -0.016447101 0.601573288 -0.828676641 -0.012090415 0.559597015 -13.307509422
0.553772688 0.026664408 0.832240939 -14.233754158 -0.024231901 0.999579906 -0.015901934 0.583390713 -0.832315266 -0.011360718 0.554186225 -12.977494240
0.547349811 0.024625404 0.836541712 -13.743746758 -0.021583786 0.999649882 -0.015304561 0.563481331 -0.836625695 -0.009678784 0.547689676 -12.655441284
0.541708469 0.022461910 0.840266287 -13.238941193 -0.016975261 0.999731362 -0.015780989 0.547339737 -0.840395033 -0.005715041 0.541944265 -12.340810776
0.536179602 0.021565126 0.843828440 -12.757143021 -0.013895630 0.999763608 -0.016720787 0.530982733 -0.843989551 -0.002760181 0.536352515 -12.039566040
0.530185938 0.020657638 0.847629786 -12.290318489 -0.011732905 0.999786198 -0.017027009 0.504826665 -0.847800314 -0.000917676 0.530314982 -11.752508163
0.524273276 0.021274200 0.851284325 -11.820493698 -0.010648996 0.999773502 -0.018426742 0.493756711 -0.851483524 0.000595328 0.524381161 -11.461189270
0.519000947 0.020810328 0.854520380 -11.374129295 -0.009098637 0.999781430 -0.018821763 0.476098537 -0.854725301 0.001993545 0.519076824 -11.196891785
0.513437629 0.020472620 0.857882679 -10.931962967 -0.007794757 0.999785423 -0.019193888 0.457695723 -0.858091533 0.003167877 0.513487041 -10.929802895
0.508050382 0.018263411 0.861133754 -10.487954140 -0.003686478 0.999812126 -0.019029638 0.446802348 -0.861319482 0.006493465 0.508022249 -10.680949211
0.502286911 0.015720768 0.864558160 -10.073139191 -0.001348143 0.999847770 -0.017397581 0.422663748 -0.864700019 0.007573029 0.502231598 -10.436796188
0.497387409 0.013948341 0.867416382 -9.669121742 0.000019241 0.999870539 -0.016089281 0.405411065 -0.867528558 0.008019297 0.497322798 -10.209887505
0.492439091 0.013825711 0.870237172 -9.276431084 -0.002047174 0.999889433 -0.014727106 0.391180158 -0.870344579 0.005470677 0.492412925 -9.986085892
0.487341225 0.012998679 0.873114884 -8.894195557 -0.002154200 0.999904037 -0.013683882 0.379069716 -0.873208940 0.004787856 0.487322509 -9.773084641
0.482736528 0.012488952 0.875676632 -8.530645370 -0.001382613 0.999907911 -0.013498550 0.363704234 -0.875764608 0.005305522 0.482709348 -9.572347641
0.478871703 0.011682906 0.877807140 -8.184248924 0.000784620 0.999905348 -0.013735970 0.354184240 -0.877884567 0.007266513 0.478817225 -9.391868591
0.475193441 0.010809398 0.879814982 -7.859323502 0.002172568 0.999907076 -0.013458268 0.341393322 -0.879878700 0.008306739 0.475125790 -9.221479416
0.471250534 0.010516295 0.881936729 -7.553843498 0.003857259 0.999894798 -0.013983911 0.334314793 -0.881990969 0.009991784 0.471160352 -9.059803963
0.468178570 0.011096626 0.883564234 -7.273299217 0.004133693 0.999882698 -0.014747804 0.322705984 -0.883624256 0.010556989 0.468077838 -8.913946152
0.465479851 0.013115532 0.884961307 -7.014660835 0.003403800 0.999856293 -0.016608689 0.312541395 -0.885051966 0.010743242 0.465368330 -8.773904800
0.464156151 0.015158256 0.885623693 -6.762553215 0.003307829 0.999816895 -0.018846413 0.304050386 -0.885747254 0.011677170 0.464021027 -8.646993637
0.463549674 0.017540384 0.885897279 -6.539533615 0.003704095 0.999756932 -0.021732941 0.287475139 -0.886063159 0.013355746 0.463372052 -8.533105850
0.463805616 0.020310720 0.885704160 -6.306812763 0.005849977 0.999645174 -0.025986968 0.283569902 -0.885917723 0.017234249 0.463522196 -8.406698227
0.466415703 0.020506805 0.884328008 -6.080900192 0.008445131 0.999582469 -0.027633622 0.271471053 -0.884525418 0.020357020 0.466047764 -8.291538239
0.471302211 0.020308638 0.881737947 -5.848805428 0.009160878 0.999568224 -0.027919190 0.268192053 -0.881924212 0.021235868 0.470912635 -8.168652534
0.478691995 0.019522564 0.877765894 -5.633221149 0.008670690 0.999598861 -0.026960865 0.259043276 -0.877940178 0.020516787 0.478330731 -8.040943146
0.488406301 0.022148861 0.872335255 -5.419796944 0.006138935 0.999565899 -0.028816378 0.245492369 -0.872594833 0.019429309 0.488058269 -7.911203384
0.499359727 0.026696274 0.865983367 -5.215354919 0.004724754 0.999426365 -0.033534497 0.237484127 -0.866381884 0.020837337 0.498947144 -7.779496670
0.512640834 0.029032407 0.858112156 -5.018371582 0.004703674 0.999318182 -0.036619812 0.219468236 -0.858590245 0.022809090 0.512154758 -7.652903080
0.527747095 0.031126581 0.848831117 -4.815790653 0.004505232 0.999211729 -0.039442088 0.218716979 -0.849389672 0.024639633 0.527190804 -7.517682076
0.543974459 0.030840233 0.838534892 -4.632814884 0.004026570 0.999216914 -0.039362032 0.210093617 -0.839092195 0.024788363 0.543424308 -7.380872726
0.560126781 0.031673275 0.827801168 -4.453059673 0.001654544 0.999224067 -0.039351780 0.198337480 -0.828405261 0.023411620 0.559639752 -7.231193542
0.578556955 0.032974221 0.814975202 -4.269684315 0.000778806 0.999159694 -0.040979281 0.192370176 -0.815641642 0.024343556 0.578045130 -7.080364227
0.599094987 0.035294358 0.799899757 -4.079278946 0.000935672 0.998996437 -0.044779982 0.183994114 -0.800677478 0.027575908 0.598460734 -6.922912598
0.620008528 0.035737127 0.783780754 -3.878652096 0.002533742 0.998865724 -0.047548413 0.171355918 -0.784590960 0.031466320 0.619214714 -6.748997211
0.640833855 0.035487019 0.766858935 -3.673737049 0.002404351 0.998833299 -0.048231047 0.160420239 -0.767675817 0.032751888 0.640000939 -6.549992561
0.662613869 0.035804659 0.748104930 -3.458006859 -0.001446379 0.998915970 -0.046527509 0.152911901 -0.748959839 0.029747730 0.661947370 -6.335976601
0.684195638 0.035537574 0.728432238 -3.243185997 -0.007548668 0.999103665 -0.041652411 0.143345192 -0.729259491 0.022999706 0.683850646 -6.095580101
0.705522656 0.030846752 0.708015680 -3.042560577 -0.009836944 0.999382257 -0.033738673 0.111666501 -0.708619058 0.016838690 0.705390334 -5.858265400
0.727087677 0.025439065 0.686073184 -2.817296505 -0.007333515 0.999544024 -0.029290402 0.100716919 -0.686505497 0.016265366 0.726942718 -5.602063179
0.748180270 0.023376506 0.663083553 -2.602029324 -0.007025577 0.999602258 -0.027313013 0.091659337 -0.663458288 0.015776513 0.748046875 -5.320944786
0.769892097 0.022965658 0.637760699 -2.378949642 -0.007875943 0.999618113 -0.026488405 0.085278630 -0.638125479 0.015370248 0.769778967 -5.030501366
0.790727854 0.023111816 0.611731410 -2.177067995 -0.011413549 0.999669969 -0.023015292 0.066110641 -0.612061441 0.011216806 0.790730655 -4.715446472
0.810393333 0.022261724 0.585463047 -1.981584311 -0.012317811 0.999704361 -0.020962672 0.062263403 -0.585756660 0.009776386 0.810428023 -4.396057606
0.830280662 0.020151889 0.556981027 -1.773684740 -0.010316734 0.999730587 -0.020791866 0.051220760 -0.557250023 0.011516860 0.830264926 -4.055789948
0.849953473 0.016860420 0.526587903 -1.566417933 -0.005571220 0.999719560 -0.023016887 0.050107777 -0.526828289 0.016629545 0.849809051 -3.689785719
0.868923664 0.014058480 0.494746387 -1.369754553 -0.003175959 0.999734342 -0.022830039 0.044173233 -0.494935900 0.018266268 0.868737459 -3.307029486
0.886399925 0.011130837 0.462786436 -1.189913273 -0.002503798 0.999811530 -0.019251587 0.029928226 -0.462913513 0.015905881 0.886260748 -2.893241882
0.903045535 0.012271024 0.429369569 -1.016111970 -0.005793578 0.999848902 -0.016389858 0.025563721 -0.429505795 0.012313202 0.902980149 -2.444041014
0.919109464 0.012591429 0.393801063 -0.839761376 -0.007675407 0.999871731 -0.014056019 0.019902676 -0.393927544 0.009896437 0.919088244 -1.974815130
0.933627963 0.007584100 0.358163834 -0.665986896 -0.004219817 0.999939322 -0.010173837 0.014517277 -0.358219266 0.007987193 0.933603287 -1.480509400
0.947020829 -0.000389447 0.321171880 -0.503412902 0.002557127 0.999976695 -0.006327499 0.004242257 -0.321161926 0.006813550 0.946999788 -0.982160330
0.958969355 -0.009354843 0.283355474 -0.359098375 0.010976960 0.999931216 -0.004137448 -0.004315678 -0.283297271 0.007078067 0.959006011 -0.445139885
0.969656646 -0.015481006 0.243980184 -0.224685356 0.016923025 0.999849498 -0.003815259 -0.010109606 -0.243884400 0.007828373 0.969772696 0.124787487
0.978702426 -0.016952800 0.204583049 -0.120702580 0.018352620 0.999819338 -0.004946729 -0.013769250 -0.204462230 0.008596011 0.978836715 0.703183711
0.985829830 -0.015928354 0.166990548 -0.042211115 0.017121345 0.999837160 -0.005706750 -0.019539643 -0.166872457 0.008484988 0.985942006 1.322339296
0.991074026 -0.016328324 0.132309079 0.033554554 0.017475527 0.999819040 -0.007514008 -0.021831021 -0.132162437 0.009759109 0.991180003 1.979971528
0.994732738 -0.017436087 0.101008944 0.087269977 0.018393632 0.999794185 -0.008556150 -0.030353030 -0.100838974 0.010369003 0.994848728 2.639775991
0.997154236 -0.019292027 0.072878383 0.113041423 0.019984894 0.999761641 -0.008789889 -0.022332404 -0.072691441 0.010221341 0.997302115 3.273440599
0.998677790 -0.020011913 0.047351919 0.137412027 0.020469271 0.999748230 -0.009193506 -0.028589461 -0.047156017 0.010150610 0.998835981 3.963118553
0.999508977 -0.020239629 0.023919320 0.141275346 0.020490112 0.999737263 -0.010273706 -0.038782384 -0.023705099 0.010758772 0.999661088 4.676348209
0.999830961 -0.018094670 0.003265859 0.132057264 0.018124744 0.999791265 -0.009426665 -0.050590239 -0.003094605 0.009484265 0.999950230 5.423852921
0.999734402 -0.017360553 -0.015158918 0.108813643 0.017254896 0.999826133 -0.007073165 -0.050408788 0.015279076 0.006809721 0.999860108 6.177192688
0.999452651 -0.015468316 -0.029241906 0.078069180 0.015335046 0.999871016 -0.004776303 -0.057297353 0.029312015 0.004325263 0.999560952 6.961195946
0.999229193 -0.010224131 -0.037901413 0.030601498 0.010102619 0.999943197 -0.003396113 -0.067960978 0.037933983 0.003010592 0.999275684 7.745943546
0.999080539 -0.005776434 -0.042482436 -0.015663328 0.005539153 0.999968410 -0.005701004 -0.077111647 0.042514022 0.005460445 0.999080956 8.552165031
0.999012411 -0.005749480 -0.044058509 -0.054749664 0.005451158 0.999961436 -0.006888195 -0.083773740 0.044096414 0.006641223 0.999005198 9.374864578
0.998936534 -0.008341949 -0.045345746 -0.084868468 0.008013829 0.999940395 -0.007412962 -0.086824790 0.045404881 0.007041685 0.998943865 10.222878456
0.998923957 -0.009487714 -0.045397878 -0.127306968 0.009247755 0.999942124 -0.005492799 -0.096446306 0.045447364 0.005067059 0.998953879 11.089894295
0.998917341 -0.007529500 -0.045907270 -0.174404353 0.007254941 0.999954820 -0.006144416 -0.108548373 0.045951460 0.005804709 0.998926818 11.960710526
0.998919189 -0.005787150 -0.046118852 -0.228540525 0.005363349 0.999942303 -0.009307778 -0.116737224 0.046170056 0.009050366 0.998892605 12.848218918
0.998906434 -0.002404667 -0.046691515 -0.276926368 0.001885932 0.999936044 -0.011150705 -0.129749820 0.046715345 0.011050453 0.998847127 13.755875587
0.998874068 0.001221591 -0.047424424 -0.330738544 -0.001776830 0.999930382 -0.011667473 -0.138833165 0.047406871 0.011738601 0.998806655 14.672700882
0.998822570 0.001590830 -0.048486054 -0.378910899 -0.002061117 0.999951303 -0.009650984 -0.152350426 0.048468340 0.009739556 0.998777211 15.618268967
0.998749316 -0.000216965 -0.049997099 -0.423845768 -0.000163444 0.999971092 -0.007604408 -0.166318983 0.049997304 0.007603069 0.998720407 16.566610336
0.998615921 0.000282470 -0.052594151 -0.473378509 -0.000612096 0.999980271 -0.006251357 -0.179460585 0.052591346 0.006274897 0.998596430 17.529510498
0.998425543 -0.001573217 -0.056070540 -0.531450748 0.001161408 0.999972105 -0.007376304 -0.191260964 0.056080583 0.007299570 0.998399556 18.500514984
0.998163164 -0.003567799 -0.060477611 -0.580709755 0.003066921 0.999960244 -0.008372849 -0.210872248 0.060505077 0.008171990 0.998134434 19.476892471
0.997904062 -0.005315561 -0.064491667 -0.645204425 0.004789247 0.999953985 -0.008312824 -0.219961539 0.064532883 0.007986534 0.997883618 20.460182190
0.997635305 -0.005476986 -0.068511643 -0.719094634 0.005099979 0.999970913 -0.005676519 -0.231739879 0.068540737 0.005313687 0.997634172 21.467758179
0.997355998 -0.006299382 -0.072396941 -0.788903594 0.006170089 0.999978960 -0.002009389 -0.243959621 0.072408073 0.001557381 0.997373879 22.475500107
0.997099519 -0.006150787 -0.075860180 -0.874028802 0.006347376 0.999977112 0.002350634 -0.253814459 0.075843982 -0.002825329 0.997115672 23.495492935
0.996868610 -0.005426769 -0.078889497 -0.960597992 0.005775136 0.999974549 0.004188404 -0.262995571 0.078864761 -0.004630886 0.996874571 24.530593872
0.996666193 -0.004653122 -0.081454270 -1.046477437 0.004719341 0.999988675 0.000620453 -0.265241265 0.081450462 -0.001002795 0.996676862 25.581296921
0.996525586 -0.003105095 -0.083229482 -1.142636299 0.002726654 0.999985397 -0.004660238 -0.270850599 0.083242744 0.004417108 0.996519506 26.628520966
0.996409059 -0.003946017 -0.084578022 -1.233428001 0.003371455 0.999970257 -0.006935033 -0.281226277 0.084602877 0.006624979 0.996392727 27.692728043
0.996254444 -0.003879081 -0.086382754 -1.325775981 0.003728633 0.999991238 -0.001902925 -0.295657516 0.086389378 0.001573708 0.996260226 28.762193680
0.996128857 -0.004928785 -0.087766685 -1.426994801 0.005339008 0.999975920 0.004439886 -0.308455229 0.087742686 -0.004891285 0.996131182 29.848257065
0.995918334 -0.010785916 -0.089612223 -1.511101961 0.011308282 0.999921918 0.005323512 -0.317797005 0.089547805 -0.006315143 0.995962501 30.925996780
0.995787919 -0.013664900 -0.090662740 -1.607973099 0.013936994 0.999900043 0.002368720 -0.321190953 0.090621315 -0.003622309 0.995878816 32.011795044
0.995723784 -0.013195597 -0.091433182 -1.710733891 0.013051101 0.999912441 -0.002178088 -0.336287886 0.091453917 0.000975471 0.995808840 33.092845917
0.995727777 -0.011541747 -0.091613442 -1.813251138 0.011234121 0.999929368 -0.003872855 -0.342901498 0.091651678 0.002827112 0.995787144 34.179668427
0.995899141 -0.007444601 -0.090163589 -1.927883267 0.007262581 0.999970853 -0.002346681 -0.357992411 0.090178438 0.001682238 0.995924234 35.267253876
0.996043026 -0.003207152 -0.088814586 -2.039800167 0.003142194 0.999994695 -0.000871197 -0.370378286 0.088816911 0.000588677 0.996047795 36.372573853
0.996135473 -0.002853238 -0.087783590 -2.134364367 0.002976577 0.999994755 0.001274173 -0.379004955 0.087779500 -0.001530543 0.996138752 37.464473724
0.996221364 -0.002399105 -0.086816952 -2.227771282 0.002742147 0.999988914 0.003832281 -0.391887456 0.086806796 -0.004055865 0.996216893 38.592437744
0.996324837 0.004537425 -0.085534960 -2.335149527 -0.003941176 0.999966741 0.007138397 -0.393132061 0.085564509 -0.006775054 0.996309578 39.703044891
0.996512651 0.007391420 -0.083113462 -2.435718536 -0.006818424 0.999951005 0.007175868 -0.400970489 0.083162434 -0.006584141 0.996514261 40.809978485
0.996672690 0.008680090 -0.081044614 -2.529786587 -0.008309299 0.999953389 0.004911299 -0.409562230 0.081083477 -0.004221534 0.996698380 41.915176392
0.996816218 0.011158125 -0.078949027 -2.616681576 -0.011075232 0.999937534 0.001487769 -0.410931975 0.078960702 -0.000608654 0.996877551 43.041118622
0.996958852 0.010986406 -0.077151388 -2.713747501 -0.010906203 0.999939442 0.001460835 -0.421956062 0.077162772 -0.000614964 0.997018337 44.168834686
0.997133851 0.010262389 -0.074958161 -2.802681446 -0.010041075 0.999944031 0.003328769 -0.431435078 0.074988127 -0.002566568 0.997181118 45.296661377
0.997279167 0.010460306 -0.072971240 -2.890664577 -0.010276365 0.999943018 0.002895727 -0.442688823 0.072997369 -0.002137969 0.997329831 46.422790527
0.997345924 0.012202320 -0.071778491 -2.976033926 -0.012366262 0.999921858 -0.001840045 -0.451508701 0.071750425 0.002722793 0.997418880 47.549827576
0.997412980 0.011104676 -0.071021609 -3.060090065 -0.011500068 0.999920547 -0.005160737 -0.470868438 0.070958659 0.005964139 0.997461438 48.681453705
0.997386932 0.009557080 -0.071610197 -3.139060497 -0.009863943 0.999943614 -0.003932771 -0.483579576 0.071568571 0.004628853 0.997424960 49.814723969
0.997408748 0.007684092 -0.071531445 -3.223379612 -0.007807789 0.999968469 -0.001449818 -0.491542965 0.071518049 0.002004564 0.997437298 50.955612183
0.997451484 0.003926993 -0.071239859 -3.303900003 -0.003943015 0.999992251 -0.000084269 -0.505946934 0.071238972 0.000364954 0.997459233 52.084423065
0.997475922 -0.001659174 -0.070986025 -3.374306917 0.001614721 0.999998450 -0.000683597 -0.520639598 0.070987046 0.000567249 0.997477055 53.234458923
0.997493207 -0.002482039 -0.070718415 -3.459168673 0.002436622 0.999996781 -0.000728479 -0.532040477 0.070719995 0.000554339 0.997496068 54.375797272
0.997539639 -0.007112579 -0.069742545 -3.541099310 0.007304862 0.999970198 0.002502384 -0.541392863 0.069722667 -0.003005687 0.997561872 55.532447815
0.997546852 -0.007294519 -0.069620796 -3.612279654 0.007941993 0.999927700 0.009027742 -0.550894082 0.069549911 -0.009558524 0.997532666 56.705219269
0.997625351 -0.007716361 -0.068440534 -3.695665121 0.008406169 0.999916673 0.009796665 -0.549550831 0.068359241 -0.010348724 0.997607112 57.876850128
0.997572958 -0.006426613 -0.069331951 -3.769068241 0.006710385 0.999970019 0.003860820 -0.555680394 0.069305062 -0.004316693 0.997586191 59.045005798
0.997636676 -0.003625749 -0.068613850 -3.870155811 0.003337875 0.999985158 -0.004309752 -0.566117764 0.068628460 0.004070543 0.997633994 60.222068787
0.997639239 0.001173381 -0.068662979 -3.951408148 -0.001701650 0.999969423 -0.007635675 -0.583660543 0.068651922 0.007734490 0.997610688 61.399532318
0.997669637 0.003034447 -0.068162605 -4.041604996 -0.003459537 0.999975264 -0.006119241 -0.599918187 0.068142354 0.006340791 0.997655451 62.593215942
0.997652650 0.005340318 -0.068268873 -4.134095192 -0.005660195 0.999973893 -0.004492976 -0.621430576 0.068243094 0.004868845 0.997656822 63.778148651
0.997623980 0.005456405 -0.068677366 -4.215926170 -0.005531352 0.999984324 -0.000901163 -0.636227787 0.068671368 0.001278901 0.997638524 64.965217590
0.997562528 0.004382184 -0.069640316 -4.294099808 -0.004327795 0.999990225 0.000931857 -0.651539743 0.069643721 -0.000628196 0.997571707 66.157775879
0.997553051 0.003623326 -0.069819249 -4.378019333 -0.003447116 0.999990582 0.002644121 -0.665511191 0.069828168 -0.002396977 0.997556150 67.349723816
0.997548699 0.005591929 -0.069752134 -4.471197605 -0.005183400 0.999968350 0.006036497 -0.675505102 0.069783680 -0.005660147 0.997546077 68.539169312
0.997536302 0.007372621 -0.069763742 -4.561342239 -0.006735629 0.999933481 0.009361530 -0.684285998 0.069828123 -0.008868563 0.997519612 69.733215332
0.997509181 0.008489703 -0.070023924 -4.647542000 -0.008220796 0.999957681 0.004127488 -0.695744276 0.070055999 -0.003541555 0.997536778 70.908264160
0.997498214 0.008201129 -0.070214570 -4.732284546 -0.008606628 0.999947965 -0.005474549 -0.708654821 0.070166022 0.006065164 0.997516870 72.080917358
0.997480035 0.008389366 -0.070450395 -4.818906784 -0.009072703 0.999914825 -0.009385173 -0.727551103 0.070365660 0.010000698 0.997471154 73.262596130
0.997492731 0.004494200 -0.070625879 -4.900583744 -0.005166423 0.999943078 -0.009338297 -0.761495531 0.070579886 0.009679767 0.997459173 74.437957764
0.997488916 -0.002816880 -0.070766501 -4.973500252 0.001940114 0.999920547 -0.012455249 -0.789572537 0.070795961 0.012286679 0.997415125 75.610389709
0.997519076 -0.001675817 -0.070376515 -5.060945511 0.000703877 0.999904096 -0.013833102 -0.807603538 0.070392951 0.013749246 0.997424603 76.784149170
0.997530639 -0.007650318 -0.069814794 -5.138328552 0.007113427 0.999943197 -0.007935595 -0.839927316 0.069871545 0.007419377 0.997528434 77.953048706
0.997532725 -0.008611017 -0.069673069 -5.216928482 0.008568214 0.999962866 -0.000913161 -0.861003637 0.069678344 0.000313934 0.997569442 79.130218506
0.997640669 -0.006044211 -0.068385236 -5.309205055 0.006292758 0.999974370 0.003419673 -0.877098918 0.068362817 -0.003841937 0.997653127 80.292404175
0.997693360 -0.003574215 -0.067787990 -5.399350643 0.004038667 0.999969304 0.006715743 -0.889085472 0.067761905 -0.006974025 0.997677147 81.447540283
0.997738183 0.000445145 -0.067218125 -5.484360218 0.000134489 0.999962866 0.008618406 -0.895967364 0.067219459 -0.008607953 0.997701108 82.596725464
0.997804582 0.004095908 -0.066100389 -5.575237274 -0.003639597 0.999968708 0.007022249 -0.901295900 0.066127084 -0.006766254 0.997788250 83.738006592
0.997840166 0.008127912 -0.065183572 -5.664085865 -0.008081014 0.999966860 0.000983095 -0.915305674 0.065189406 -0.000454222 0.997872829 84.869300842
0.997812748 0.010659823 -0.065239094 -5.749118805 -0.010957808 0.999931097 -0.004211466 -0.928892136 0.065189704 0.004917132 0.997860789 86.003311157
0.997907162 0.007009685 -0.064282194 -5.826118469 -0.007292304 0.999964774 -0.004162961 -0.944569230 0.064250745 0.004623014 0.997923076 87.125465393
0.997953534 0.006417832 -0.063620456 -5.901391506 -0.006377851 0.999979317 0.000831498 -0.961735427 0.063624471 -0.000424035 0.997973800 88.249397278
0.998054206 0.002690245 -0.062294099 -5.974770546 -0.002259288 0.999973059 0.006987501 -0.977396190 0.062311221 -0.006833164 0.998033404 89.387298584
0.998109877 -0.002076488 -0.061419237 -6.048024178 0.002695627 0.999946356 0.009999402 -0.978119433 0.061395183 -0.010146066 0.998061955 90.511810303
0.998106480 -0.007047679 -0.061104301 -6.102180481 0.007615557 0.999929905 0.009065682 -0.984932482 0.061036129 -0.009513859 0.998090208 91.652847290
0.998125613 -0.010152402 -0.060350809 -6.169669628 0.010537333 0.999926090 0.006063372 -0.985050499 0.060284790 -0.006687944 0.998158813 92.780715942
0.998146594 -0.012391880 -0.059579860 -6.243404388 0.012511358 0.999920368 0.001632702 -0.997115791 0.059554886 -0.002375101 0.998222232 93.902458191
0.998168647 -0.014232008 -0.058794405 -6.309050083 0.014112510 0.999897420 -0.002447218 -1.009812593 0.058823202 0.001612999 0.998267114 95.018989563
