1403636579913555712.000000 0.000052652 0.010632000 0.004032684 -0.006012889 0.005691024 -0.002888445 0.999961555
1403636579963555584.000000 -0.000041298 0.015136785 0.005341358 -0.012187916 0.005633335 -0.003006035 0.999905348
1403636580013555456.000000 -0.000225739 0.028441621 0.009420111 -0.015707185 0.005638760 -0.001127593 0.999860108
1403636580063555840.000000 -0.000421114 0.028906090 0.009221866 -0.020126911 0.005774742 -0.000330399 0.999780774
1403636580113555456.000000 -0.000462730 0.029538020 0.009622926 -0.023635402 0.005514138 0.001643890 0.999704182
1403636580163555584.000000 -0.000674903 0.035652287 0.011316531 -0.025382150 0.005182464 0.002930392 0.999660075
1403636580213555456.000000 -0.000635090 0.038645349 0.012010117 -0.027697865 0.004594110 0.003137959 0.999600887
1403636580263555840.000000 -0.000826608 0.043707937 0.013298525 -0.030137489 0.004478492 0.002387376 0.999532938
1403636580313555456.000000 -0.000896165 0.046480909 0.013825363 -0.034103416 0.004618062 -0.000064612 0.999407649
1403636580363555584.000000 -0.001078750 0.050732955 0.014506324 -0.039653633 0.003541061 -0.000617842 0.999207079
1403636580413555712.000000 -0.001177897 0.052938249 0.014842482 -0.047306690 0.003586310 -0.001971233 0.998872042
1403636580463555584.000000 -0.001354483 0.055854987 0.015193213 -0.055965059 0.003112459 -0.002390072 0.998425007
1403636580513555456.000000 -0.001515556 0.056589633 0.015159657 -0.064606659 0.002997754 -0.002638849 0.997902811
1403636580563555840.000000 -0.001654827 0.056299966 0.014836116 -0.071061239 0.001761964 -0.001550289 0.997469246
1403636580613555456.000000 -0.001888070 0.053827934 0.013987723 -0.073872104 0.000377792 -0.001102348 0.997267127
1403636580663555584.000000 -0.002201419 0.050356649 0.012844660 -0.072535574 0.000208935 -0.001003918 0.997365296
1403636580713555456.000000 -0.002388758 0.044250783 0.011472138 -0.069011211 0.001522672 -0.002994393 0.997610211
1403636580763555840.000000 -0.002248316 0.040205851 0.010766130 -0.063325182 0.003884372 -0.006035780 0.997967184
1403636580813555456.000000 -0.002293358 0.031747140 0.009076621 -0.057140905 0.007346440 -0.009714250 0.998291850
1403636580863555584.000000 -0.002829457 0.023391621 0.007059750 -0.049932685 0.012606091 -0.013184932 0.998586059
1403636580913555712.000000 -0.002875613 0.014348423 0.005318463 -0.042503849 0.017764241 -0.016809564 0.998796940
1403636580963555584.000000 -0.003453075 0.011010679 0.004725591 -0.034001425 0.020082105 -0.018701296 0.999045014
1403636581013555456.000000 -0.003797028 0.002607232 0.002720650 -0.027229879 0.020161279 -0.020074785 0.999224246
1403636581063555840.000000 -0.004191273 -0.005289422 0.000976694 -0.020779051 0.019378908 -0.019386336 0.999408305
1403636581113555456.000000 -0.004254206 -0.012341778 -0.000778762 -0.014202050 0.019705072 -0.018510751 0.999533653
1403636581163555584.000000 -0.004522110 -0.018156929 -0.001819232 -0.006374083 0.020387152 -0.015553353 0.999650896
1403636581213555456.000000 -0.004464327 -0.024031015 -0.003360661 0.001653068 0.020864652 -0.013388470 0.999691308
1403636581263555840.000000 -0.004312094 -0.029336192 -0.004559501 0.010197485 0.020791996 -0.010868222 0.999672771
1403636581313555456.000000 -0.004155190 -0.032999329 -0.005921494 0.017738381 0.020702163 -0.011975650 0.999556661
1403636581363555584.000000 -0.003068718 -0.026035540 -0.005207579 0.024344746 0.020878414 -0.011429116 0.999420226
1403636581413555712.000000 -0.002855107 -0.026071714 -0.005514926 0.025567822 0.023077397 -0.013783824 0.999311686
1403636581463555584.000000 -0.002615749 -0.024553638 -0.004915086 0.023255279 0.024451232 -0.017066816 0.999284804
1403636581513555456.000000 -0.002310117 -0.020833377 -0.004177499 0.017848806 0.025559880 -0.019426713 0.999325156
1403636581563555840.000000 -0.002810271 -0.021281684 -0.003971650 0.010703362 0.026634824 -0.018837843 0.999410391
1403636581613555456.000000 -0.002498316 -0.015004662 -0.002125771 0.004379191 0.025577070 -0.017612942 0.999508142
1403636581663555584.000000 -0.002254499 -0.008001022 -0.000087369 -0.000523658 0.025230059 -0.015545126 0.999560654
1403636581713555456.000000 -0.001508079 -0.000830001 0.001965929 -0.003860426 0.024528448 -0.016975861 0.999547601
1403636581763555840.000000 -0.000742200 0.004448432 0.003196458 -0.005592268 0.022592209 -0.014830356 0.999619126
1403636581813555456.000000 -0.000431124 0.012163786 0.005086201 -0.006753172 0.019684024 -0.014744414 0.999674737
1403636581863555584.000000 -0.000113097 0.018768113 0.006616980 -0.009116918 0.018642766 -0.014353464 0.999681592
1403636581913555712.000000 -0.000002990 0.026337359 0.008245841 -0.013701405 0.016831661 -0.012090974 0.999691367
1403636581963555584.000000 0.000175705 0.030338181 0.009116095 -0.021026799 0.019109147 -0.010733888 0.999538720
1403636582013555456.000000 0.000301010 0.037258200 0.010873832 -0.028785607 0.020946149 -0.009057700 0.999325097
1403636582063555840.000000 0.000332530 0.041382976 0.011702009 -0.037533518 0.022554295 -0.009644615 0.998994291
1403636582113555456.000000 0.000222007 0.046416748 0.012759919 -0.046103999 0.022154009 -0.010525940 0.998635530
1403636582163555584.000000 -0.000177862 0.047913689 0.013158465 -0.053269219 0.020273902 -0.009738659 0.998326898
1403636582213555456.000000 -0.000615745 0.049885292 0.013243518 -0.058998067 0.018783787 -0.010206609 0.998029172
1403636582263555840.000000 -0.000727060 0.049321938 0.013281584 -0.062810659 0.017452311 -0.010582183 0.997816801
1403636582313555456.000000 -0.001090037 0.046999734 0.012769582 -0.064024098 0.015998168 -0.010448319 0.997765481
1403636582363555584.000000 -0.001562652 0.043633945 0.011536135 -0.061217327 0.015232361 -0.009635578 0.997961760
1403636582413555712.000000 -0.002175170 0.037849240 0.010042195 -0.055416144 0.014974079 -0.009823563 0.998302758
1403636582463555584.000000 -0.002600686 0.033267457 0.008917424 -0.047555938 0.014838637 -0.009262186 0.998715401
1403636582513555456.000000 -0.002939188 0.026064457 0.007303210 -0.041120898 0.016367745 -0.011594887 0.998952866
1403636582563555840.000000 -0.003258619 0.020804873 0.005981960 -0.035960909 0.018064437 -0.011686488 0.999121606
1403636582613555456.000000 -0.003402525 0.013246430 0.004188663 -0.033222698 0.021154700 -0.014336232 0.999121308
1403636582663555584.000000 -0.003428923 0.009146735 0.003027799 -0.030091347 0.023874087 -0.014269954 0.999160111
1403636582713555456.000000 -0.003353084 0.001664994 0.001062466 -0.028043784 0.025089912 -0.013698416 0.999197900
1403636582763555840.000000 -0.002988150 -0.003799218 -0.000082746 -0.024502406 0.027223645 -0.012131216 0.999255478
1403636582813555456.000000 -0.002611055 -0.011312015 -0.001653747 -0.019890228 0.030545890 -0.009652659 0.999288917
1403636582863555584.000000 -0.002328373 -0.016344571 -0.002668044 -0.012822245 0.035235077 -0.007192657 0.999270916
1403636582913555712.000000 -0.002005417 -0.023413246 -0.004177478 -0.004882103 0.038473587 -0.004621844 0.999237001
1403636582963555584.000000 -0.001631732 -0.030667702 -0.005954345 0.003190000 0.040080298 -0.004325534 0.999182045
1403636583013555456.000000 -0.001451987 -0.035145376 -0.007210157 0.011524863 0.041931335 -0.003983682 0.999046087
1403636583063555840.000000 -0.001118621 -0.038344517 -0.008234660 0.016555406 0.041777335 -0.005386110 0.998975277
1403636583113555456.000000 -0.000778164 -0.039821558 -0.008667378 0.018606819 0.042662296 -0.006376753 0.998895943
1403636583163555584.000000 -0.000585184 -0.037150737 -0.008327522 0.019240668 0.044804167 -0.008760641 0.998772085
1403636583213555456.000000 -0.000398605 -0.034531210 -0.007688825 0.018214425 0.045255378 -0.010792012 0.998751104
1403636583263555840.000000 -0.000524317 -0.030590776 -0.006792168 0.016319642 0.044407275 -0.011161850 0.998817861
1403636583313555456.000000 -0.000190165 -0.027538899 -0.005177937 0.014069304 0.043483127 -0.011129084 0.998893082
1403636583363555584.000000 0.000259045 -0.021268960 -0.003247795 0.012104794 0.042728178 -0.011754542 0.998944283
1403636583413555712.000000 0.000797821 -0.013593333 -0.001020938 0.010140356 0.040286910 -0.010875538 0.999077499
1403636583463555584.000000 0.001217584 -0.006012570 0.000823315 0.006982267 0.038002264 -0.012919466 0.999169767
1403636583513555456.000000 0.001792695 -0.001568675 0.002280579 0.003379183 0.036345281 -0.013435045 0.999243259
1403636583563555840.000000 0.002294959 0.006523291 0.004476110 -0.000776534 0.036114901 -0.015309479 0.999230146
1403636583613555456.000000 0.002746558 0.013629180 0.006551992 -0.006246950 0.038259756 -0.016682293 0.999109089
1403636583663555584.000000 0.002958995 0.021669036 0.008806086 -0.014369813 0.035395231 -0.015070979 0.999156415
1403636583713555456.000000 0.002940353 0.025862942 0.009804462 -0.025613053 0.033565514 -0.011228426 0.999045253
1403636583763555840.000000 0.003097615 0.032817081 0.011319652 -0.036685959 0.031318922 -0.007019204 0.998811364
1403636583813555456.000000 0.003505951 0.036853407 0.012243468 -0.046880502 0.031046100 -0.004137449 0.998409390
1403636583863555584.000000 0.003741763 0.042696014 0.013527396 -0.054299183 0.030742375 -0.003774421 0.998044312
1403636583913555712.000000 0.003901800 0.045729540 0.014146705 -0.059877802 0.031328492 -0.007104668 0.997688711
1403636583963555584.000000 0.003882562 0.049763579 0.014677834 -0.062617064 0.029815361 -0.010020924 0.997541904
1403636584013555456.000000 0.002721754 0.051214579 0.014684008 -0.064495437 0.027249245 -0.011497700 0.997479677
1403636584063555840.000000 0.002288648 0.052382216 0.014573273 -0.064734764 0.023695476 -0.012714825 0.997540116
1403636584113555456.000000 0.002112200 0.051603287 0.014287356 -0.064714216 0.020344097 -0.012234069 0.997621477
1403636584163555584.000000 0.001738773 0.049277280 0.013739095 -0.064873949 0.018492013 -0.012463333 0.997644305
1403636584213555456.000000 0.002109108 0.046708684 0.012964559 -0.064241521 0.017573865 -0.013416800 0.997689426
1403636584263555840.000000 0.001807677 0.041530021 0.011749612 -0.062757038 0.017537303 -0.013452519 0.997784078
1403636584313555456.000000 0.001484463 0.037366103 0.010759838 -0.060478758 0.017862106 -0.013909978 0.997912765
1403636584363555584.000000 0.001209639 0.030399097 0.009473091 -0.059148520 0.019247500 -0.015766423 0.997939110
1403636584413555712.000000 0.001293326 0.025146738 0.008688316 -0.057033535 0.022656370 -0.018392023 0.997945726
1403636584463555584.000000 0.001260841 0.017004034 0.007313368 -0.053934429 0.026094468 -0.021443620 0.997973144
1403636584513555456.000000 0.001237449 0.011786507 0.006575042 -0.048461445 0.027818164 -0.022404145 0.998186290
1403636584563555840.000000 0.001168677 0.003123574 0.005041793 -0.042067841 0.029653398 -0.022067519 0.998430848
1403636584613555456.000000 0.000780040 -0.004225716 0.003447071 -0.033492733 0.032623336 -0.021381300 0.998677611
1403636584663555584.000000 0.000824801 -0.012537468 0.001923331 -0.023401827 0.036282677 -0.020059351 0.998866200
1403636584713555456.000000 0.000688104 -0.015550631 0.000796715 -0.011239579 0.039440051 -0.019304926 0.998972237
1403636584763555840.000000 0.000597510 -0.022481518 -0.000699602 -0.001404437 0.043165620 -0.018335532 0.998898745
1403636584813555456.000000 0.000322728 -0.030141614 -0.002480859 0.006255435 0.045168102 -0.019271750 0.998773932
1403636584863555584.000000 -0.000337283 -0.035657678 -0.004239176 0.012856309 0.046475627 -0.016986687 0.998692274
1403636584913555712.000000 -0.000250718 -0.039679367 -0.005280816 0.017311087 0.045660932 -0.015280586 0.998690128
1403636584963555584.000000 -0.000072548 -0.035449225 -0.005551784 0.021577811 0.046461485 -0.011448765 0.998621404
1403636585013555456.000000 -0.000084904 -0.036584854 -0.005475490 0.020979444 0.048135009 -0.010161070 0.998568892
1403636585063555840.000000 -0.000009726 -0.036348656 -0.005451387 0.019448949 0.049664721 -0.008629372 0.998539269
1403636585113555456.000000 0.000087446 -0.033938926 -0.004808305 0.017414153 0.049796823 -0.008318308 0.998572946
1403636585163555584.000000 0.000366165 -0.030519603 -0.003863608 0.014860579 0.052189313 -0.007247693 0.998500347
1403636585213555456.000000 0.000646270 -0.026387453 -0.002181299 0.011566320 0.055147041 -0.007886735 0.998380125
1403636585263555840.000000 0.000776945 -0.026361398 -0.000447776 0.006815493 0.058435846 -0.012053892 0.998195112
1403636585313555456.000000 0.001201791 -0.021066261 0.001239001 0.004006040 0.060907111 -0.014811024 0.998025537
1403636585363555584.000000 0.001881562 -0.013300524 0.002836327 0.001608742 0.062101386 -0.019007269 0.997887552
1403636585413555712.000000 0.002476075 -0.007578170 0.004640455 -0.002087915 0.062479760 -0.021193190 0.997819006
1403636585463555584.000000 0.003209196 -0.003825175 0.006406428 -0.007119570 0.059178371 -0.023077616 0.997955263
1403636585513555456.000000 0.003434689 0.001725041 0.007673378 -0.012539226 0.056623500 -0.024403557 0.998018563
1403636585563555840.000000 0.003915283 0.005532885 0.007861425 -0.018638331 0.050280925 -0.024966622 0.998249054
1403636585613555456.000000 0.004069841 0.010313864 0.007811461 -0.024757316 0.043681167 -0.024542004 0.998437166
1403636585663555584.000000 0.004205350 0.013632087 0.007421592 -0.031585466 0.037087761 -0.022226878 0.998565435
1403636585713555456.000000 0.003998856 0.016930427 0.006762751 -0.038736794 0.031059600 -0.019554576 0.998575211
1403636585763555840.000000 0.004046355 0.019300707 0.006205852 -0.046626747 0.026966628 -0.016616868 0.998410106
1403636585813555456.000000 0.003931017 0.020868918 0.005157950 -0.054564137 0.022446349 -0.012240798 0.998182893
1403636585863555584.000000 0.003754856 0.021950386 0.004172758 -0.063699789 0.018988356 -0.008811495 0.997749567
1403636585913555712.000000 0.003613320 0.022368643 0.003091709 -0.073168539 0.016579416 -0.005788078 0.997164965
1403636585963555584.000000 0.003565087 0.020417986 0.001651763 -0.084428392 0.016858505 -0.003486307 0.996280909
1403636586013555456.000000 0.003479788 0.020516811 0.000989730 -0.096348226 0.020298885 -0.001486088 0.995139599
1403636586063555840.000000 0.003511366 0.022724422 0.000881236 -0.108051971 0.027041111 -0.000692305 0.993777156
1403636586113555456.000000 0.003311226 0.022404313 0.000282260 -0.118870378 0.033456318 0.001157381 0.992345333
1403636586163555584.000000 0.002285075 0.021123163 0.000484885 -0.128662050 0.039504889 0.002739957 0.990897596
1403636586213555456.000000 0.001623040 0.020815397 -0.000391195 -0.137178645 0.042116210 0.004708575 0.989639401
1403636586263555840.000000 0.001278485 0.020591624 -0.001384647 -0.146868333 0.042708926 0.006372352 0.988213062
1403636586313555456.000000 0.001037330 0.020425171 -0.002400655 -0.156904891 0.043412440 0.009519182 0.986613214
1403636586363555584.000000 0.000880688 0.020560944 -0.003409882 -0.166925818 0.044174869 0.011574629 0.984911442
1403636586413555712.000000 0.000708016 0.020671019 -0.004631348 -0.176973596 0.044746146 0.014444801 0.983091831
1403636586463555584.000000 0.000952173 0.020813242 -0.005600127 -0.187036812 0.044586092 0.014459366 0.981234074
1403636586513555456.000000 0.001187274 0.020921689 -0.006779861 -0.195592538 0.044387929 0.013747324 0.979583740
1403636586563555840.000000 0.001718595 0.020903662 -0.007458900 -0.202364177 0.042855375 0.013134645 0.978284061
1403636586613555456.000000 0.002252177 0.020680740 -0.008346502 -0.205884293 0.041891720 0.012895967 0.977594256
1403636586663555584.000000 0.003260077 0.020190984 -0.008702933 -0.206448451 0.041579429 0.013554945 0.977479696
1403636586713555456.000000 0.004005991 0.019849369 -0.008720448 -0.204065755 0.040427912 0.013575666 0.978027880
1403636586763555840.000000 0.004852212 0.019423852 -0.008722683 -0.200278044 0.038404457 0.014701056 0.978875756
1403636586813555456.000000 0.005853405 0.018982060 -0.008397004 -0.196350381 0.036468875 0.014806768 0.979743540
1403636586863555584.000000 0.006689476 0.018763760 -0.008076527 -0.192701817 0.035262827 0.014048009 0.980522931
1403636586913555712.000000 0.007129071 0.018848555 -0.007618332 -0.189581081 0.033467874 0.011899213 0.981222391
1403636586963555584.000000 0.007124980 0.018775120 -0.007261632 -0.187483534 0.031276703 0.010963099 0.981708527
1403636587013555456.000000 0.007300789 0.018611019 -0.006676488 -0.186480194 0.028932739 0.007811726 0.982001543
1403636587063555840.000000 0.007517480 0.018478625 -0.006163194 -0.186997175 0.027486708 0.006879935 0.981951773
1403636587113555456.000000 0.007826682 0.018261481 -0.005645211 -0.189391434 0.026205439 0.004662494 0.981540918
1403636587163555584.000000 0.008362713 0.018146848 -0.005272045 -0.192055076 0.025531301 0.003469016 0.981045902
1403636587213555456.000000 0.009170681 0.017999530 -0.004677981 -0.193397924 0.024924707 0.002936675 0.980799437
1403636587263555840.000000 0.010430505 0.017832994 -0.004041207 -0.194383278 0.025143951 0.003495274 0.980597198
1403636587313555456.000000 0.012138022 0.017662423 -0.003357624 -0.195020288 0.025681436 0.004681338 0.980451822
1403636587363555584.000000 0.013852535 0.017481104 -0.002739680 -0.195646405 0.026883723 0.005603837 0.980289936
1403636587413555712.000000 0.016294312 0.017293926 -0.002132354 -0.196218997 0.027607327 0.006771943 0.980148017
1403636587463555584.000000 0.018429739 0.017090231 -0.001554559 -0.197653875 0.028901987 0.008571304 0.979808271
1403636587513555456.000000 0.021552311 0.016862303 -0.001099605 -0.198355854 0.029607451 0.010700327 0.979624391
1403636587563555840.000000 0.024561606 0.016599568 -0.000636793 -0.199221939 0.030758431 0.012563273 0.979390979
1403636587613555456.000000 0.028223209 0.016247567 -0.000102820 -0.198687911 0.032556191 0.014071026 0.979420900
1403636587663555584.000000 0.031024354 0.016071608 0.000092138 -0.195871055 0.034773067 0.016747717 0.979869843
1403636587713555456.000000 0.035027307 0.015608065 0.000608670 -0.192248091 0.037387390 0.018845363 0.980452895
1403636587763555840.000000 0.038721398 0.015055875 0.001117768 -0.188611954 0.040770225 0.021827940 0.980962276
1403636587813555456.000000 0.042682949 0.014627250 0.001560746 -0.185651466 0.044414584 0.023413179 0.981332123
1403636587863555584.000000 0.045363527 0.014380831 0.001863024 -0.185289547 0.047890380 0.025961390 0.981172919
1403636587913555712.000000 0.049207047 0.014302972 0.002185872 -0.186831072 0.051129296 0.027750507 0.980668068
1403636587963555584.000000 0.051336709 0.014641981 0.002314520 -0.189988241 0.055551242 0.027611211 0.979824603
1403636588013555456.000000 0.054953873 0.014931733 0.002683250 -0.195635781 0.060296435 0.027823197 0.978425741
1403636588063555840.000000 0.057162348 0.015163384 0.002856684 -0.200503111 0.064925544 0.029658815 0.977089405
1403636588113555456.000000 0.059646286 0.015546611 0.003161011 -0.203841314 0.065976985 0.030940406 0.976288140
1403636588163555584.000000 0.061822891 0.015812870 0.003273231 -0.205931127 0.066247225 0.030214578 0.975853860
1403636588213555456.000000 0.063667133 0.016281568 0.003486396 -0.206057325 0.065703839 0.030144800 0.975866199
1403636588263555840.000000 0.065059252 0.016470224 0.003791097 -0.205658883 0.065111741 0.030436240 0.975980818
1403636588313555456.000000 0.065955557 0.016658138 0.003881501 -0.203786731 0.064065874 0.031373590 0.976412952
1403636588363555584.000000 0.066539913 0.016868349 0.003971131 -0.201915130 0.062047631 0.031885155 0.976915419
1403636588413555712.000000 0.066542551 0.017055452 0.003927409 -0.200069889 0.061756846 0.033192076 0.977269948
1403636588463555584.000000 0.066287801 0.017217571 0.003818698 -0.199466929 0.061467912 0.033806898 0.977390289
1403636588513555456.000000 0.065626435 0.017200895 0.003623816 -0.200348437 0.063168652 0.033109777 0.977125347
1403636588563555840.000000 0.064512454 0.017018376 0.003279082 -0.200103179 0.064095460 0.032100063 0.977148950
1403636588613555456.000000 0.062849663 0.016826469 0.002891740 -0.199725762 0.064001560 0.032203853 0.977228940
1403636588663555584.000000 0.060858104 0.016525375 0.002339377 -0.199341089 0.063054718 0.031884421 0.977379501
1403636588713555456.000000 0.058510762 0.016643070 0.001830078 -0.199681208 0.061571475 0.032480028 0.977384984
1403636588763555840.000000 0.055844799 0.016811578 0.001289311 -0.200978920 0.059086300 0.031478964 0.977305233
1403636588813555456.000000 0.052883200 0.016983265 0.000762323 -0.202530786 0.056805719 0.031136079 0.977131069
1403636588863555584.000000 0.050220083 0.017144352 0.000489423 -0.202871114 0.053944167 0.030895248 0.977230191
1403636588913555712.000000 0.046517346 0.017107964 -0.000079051 -0.203042865 0.051143635 0.030715562 0.977350771
1403636588963555584.000000 0.042486843 0.017141210 -0.000579052 -0.202434406 0.048564691 0.029848404 0.977635384
1403636589013555456.000000 0.038992722 0.017199408 -0.001128260 -0.200394288 0.045844637 0.028534982 0.978226066
1403636589063555840.000000 0.034436606 0.016983120 -0.001870483 -0.197778359 0.043095287 0.027162092 0.978922248
1403636589113555456.000000 0.030164734 0.016767813 -0.002552452 -0.195245355 0.039466746 0.024641365 0.979650140
1403636589163555584.000000 0.027104143 0.016596330 -0.002879080 -0.192777947 0.037334938 0.024256323 0.980231822
1403636589213555456.000000 0.022300955 0.016352193 -0.003509284 -0.191311523 0.035178978 0.023279924 0.980622470
1403636589263555840.000000 0.018194195 0.015948024 -0.003906521 -0.191938311 0.033098243 0.022034269 0.980601251
1403636589313555456.000000 0.013394359 0.015967114 -0.004371675 -0.193476796 0.030404653 0.019897899 0.980431736
1403636589363555584.000000 0.008381829 0.016342582 -0.004903180 -0.195161805 0.027701844 0.018629545 0.980202734
1403636589413555712.000000 0.003602741 0.016379029 -0.005298699 -0.197440282 0.025659049 0.016201150 0.979845166
1403636589463555584.000000 -0.001257048 0.016667586 -0.005573298 -0.197669834 0.024505256 0.014346014 0.979857326
1403636589513555456.000000 -0.005399462 0.017048661 -0.006063823 -0.196687147 0.023161845 0.013755805 0.980096221
1403636589563555840.000000 -0.010419506 0.017400261 -0.006499822 -0.195291370 0.021480307 0.013225545 0.980420887
1403636589613555456.000000 -0.014633972 0.017835062 -0.006863917 -0.193553224 0.020350916 0.012098285 0.980804145
1403636589663555584.000000 -0.019334141 0.018143032 -0.007128344 -0.192957371 0.018621944 0.010824334 0.980970740
1403636589713555456.000000 -0.023055915 0.018485511 -0.007598686 -0.192090824 0.016856857 0.010422831 0.981177032
1403636589763555840.000000 -0.027725000 0.019044619 -0.008028513 -0.192137003 0.013488110 0.010137679 0.981223047
1403636589813555456.000000 -0.031362351 0.019530995 -0.008237971 -0.194389313 0.009438647 0.009050985 0.980837286
1403636589863555584.000000 -0.035287756 0.020422913 -0.008436843 -0.197073683 0.005526240 0.007597457 0.980343699
1403636589913555712.000000 -0.038474012 0.020860730 -0.008741867 -0.200680837 0.000851916 0.007316429 0.979629040
1403636589963555584.000000 -0.041584536 0.021280380 -0.009021679 -0.203031406 -0.004499708 0.008347302 0.979126334
1403636590013555456.000000 -0.044409074 0.022018382 -0.009153902 -0.201843187 -0.008396272 0.007866201 0.979350269
1403636590063555840.000000 -0.046829421 0.022359407 -0.009407864 -0.198418692 -0.011874674 0.007310627 0.980018139
1403636590113555456.000000 -0.048678380 0.022170089 -0.009595525 -0.196152017 -0.014631718 0.006877789 0.980440199
1403636590163555584.000000 -0.049988732 0.022242956 -0.009767382 -0.192373767 -0.017901910 0.006937508 0.981133878
1403636590213555456.000000 -0.050866306 0.022075647 -0.009952945 -0.190623119 -0.018763043 0.006699542 0.981461167
1403636590263555840.000000 -0.050901540 0.022076497 -0.010286180 -0.189435378 -0.019079382 0.005953760 0.981689811
1403636590313555456.000000 -0.050417535 0.021912914 -0.010559550 -0.190578073 -0.017955059 0.004624835 0.981496930
1403636590363555584.000000 -0.049209580 0.021734744 -0.010905515 -0.191621557 -0.015887786 0.004401768 0.981330395
1403636590413555712.000000 -0.047597978 0.021555632 -0.011130085 -0.192425966 -0.012718447 0.003385632 0.981223285
1403636590463555584.000000 -0.045177944 0.021221243 -0.011407801 -0.192297310 -0.009000582 0.003377879 0.981289625
1403636590513555456.000000 -0.042255986 0.020908594 -0.011686468 -0.191221654 -0.005961809 0.002424096 0.981525779
1403636590563555840.000000 -0.039567560 0.020754758 -0.011961917 -0.189127535 -0.002433760 0.001563289 0.981948316
1403636590613555456.000000 -0.036286160 0.020288356 -0.011999589 -0.187888443 0.001015077 0.001541418 0.982188702
1403636590663555584.000000 -0.032329425 0.019953482 -0.012041298 -0.187159047 0.004131032 0.001669844 0.982319593
1403636590713555456.000000 -0.028349616 0.019690098 -0.012083544 -0.187603250 0.007714799 0.001961329 0.982212663
1403636590763555840.000000 -0.024184657 0.019544622 -0.012190759 -0.188741744 0.010275849 0.003274108 0.981967568
1403636590813555456.000000 -0.019751223 0.019438000 -0.011953156 -0.191543683 0.010964123 0.005360263 0.981408238
1403636590863555584.000000 -0.016268780 0.019515205 -0.011535071 -0.194118872 0.012828716 0.007071739 0.980868638
1403636590913555712.000000 -0.011339785 0.019485615 -0.011139200 -0.196978629 0.013918568 0.008519369 0.980271995
1403636590963555584.000000 -0.006707876 0.019401567 -0.010829509 -0.198477775 0.016187884 0.008833539 0.979931891
1403636591013555456.000000 -0.002706084 0.019365329 -0.010472860 -0.198304564 0.016459431 0.009124287 0.979959786
1403636591063555840.000000 0.001821837 0.019282285 -0.010043328 -0.197495326 0.015925994 0.009720596 0.980126321
1403636591113555456.000000 0.006470468 0.019015038 -0.009595516 -0.197091937 0.014777880 0.010561083 0.980216742
1403636591163555584.000000 0.010707847 0.018948810 -0.009063802 -0.196851969 0.014700243 0.012360926 0.980245113
1403636591213555456.000000 0.014876667 0.018821700 -0.008629620 -0.197656393 0.015546625 0.013505910 0.980055034
1403636591263555840.000000 0.017753191 0.018989349 -0.008134765 -0.198447570 0.016920241 0.014347784 0.979860425
1403636591313555456.000000 0.021294048 0.019173646 -0.007502537 -0.199907407 0.018676506 0.015009712 0.979521811
1403636591363555584.000000 0.024134668 0.019446993 -0.006930572 -0.201284736 0.020814840 0.015763015 0.979184747
1403636591413555712.000000 0.026882604 0.019895645 -0.006281021 -0.201833144 0.022561753 0.017180804 0.979009330
1403636591463555584.000000 0.028841654 0.020374371 -0.005622059 -0.201756388 0.024321044 0.018615769 0.978956759
1403636591513555456.000000 0.030867066 0.020898698 -0.004823049 -0.200669423 0.027094087 0.018571548 0.979108155
1403636591563555840.000000 0.032593250 0.021372307 -0.003812899 -0.197221920 0.032856558 0.019249080 0.979619026
1403636591613555456.000000 0.034262314 0.021745276 -0.002702321 -0.191165328 0.040666725 0.020310050 0.980504751
1403636591663555584.000000 0.035342153 0.022065878 -0.001580871 -0.181963161 0.047856640 0.020665843 0.981922626
1403636591713555456.000000 0.036228828 0.022309264 -0.000595945 -0.171607330 0.053482611 0.019691650 0.983515561
1403636591763555840.000000 0.036943838 0.022352790 0.000280961 -0.160859495 0.059245162 0.018696686 0.985020161
1403636591813555456.000000 0.037700731 0.022096638 0.001054499 -0.150250137 0.065054551 0.018369434 0.986334383
1403636591863555584.000000 0.038095754 0.021783583 0.001731207 -0.141780257 0.070149489 0.017962983 0.987246037
1403636591913555712.000000 0.038720321 0.021456348 0.002518478 -0.136221409 0.075071409 0.019467033 0.987638175
1403636591963555584.000000 0.039418202 0.021142436 0.003388698 -0.135655597 0.078984641 0.022952978 0.987335920
1403636592013555456.000000 0.040369552 0.020708080 0.004367420 -0.139317170 0.083066322 0.026320308 0.986406624
1403636592063555840.000000 0.041393682 0.020352067 0.005586812 -0.142763108 0.088549532 0.030656764 0.985311091
1403636592113555456.000000 0.042698070 0.019950025 0.007335058 -0.146341443 0.093677893 0.034457643 0.984185636
1403636592163555584.000000 0.044135649 0.019392662 0.009192489 -0.150462061 0.098283723 0.038326737 0.982971311
1403636592213555456.000000 0.045394495 0.018974820 0.011020631 -0.155179992 0.101686507 0.040977132 0.981784105
1403636592263555840.000000 0.046506345 0.018375151 0.013192271 -0.159869626 0.103903860 0.042002678 0.980755627
1403636592313555456.000000 0.047634665 0.017669359 0.015437287 -0.164018571 0.103192478 0.043255605 0.980090916
1403636592363555584.000000 0.048097633 0.016962724 0.017907627 -0.167612478 0.101531327 0.045865644 0.979537547
1403636592413555712.000000 0.048256032 0.016024804 0.020542674 -0.170172080 0.097372755 0.046400964 0.979493260
1403636592463555584.000000 0.047954291 0.014993019 0.023514381 -0.170656726 0.091994420 0.045634340 0.979964733
1403636592513555456.000000 0.047140777 0.014016307 0.026221771 -0.167961657 0.084849641 0.043616097 0.981166184
1403636592563555840.000000 0.045900021 0.012874283 0.029168803 -0.163248330 0.077441379 0.040133085 0.982721865
1403636592613555456.000000 0.044106934 0.011974168 0.032391515 -0.158813432 0.069147184 0.035608478 0.984240353
1403636592663555584.000000 0.042313043 0.011223724 0.034876533 -0.155077845 0.060341951 0.030020501 0.985600591
1403636592713555456.000000 0.039651621 0.010688310 0.037669063 -0.152261063 0.051468749 0.025021283 0.986682057
1403636592763555840.000000 0.036594257 0.009917698 0.039954782 -0.151975602 0.039588384 0.020736711 0.987373412
1403636592813555456.000000 0.032917667 0.009288429 0.041676689 -0.152661279 0.026792208 0.016817989 0.987772167
1403636592863555584.000000 0.028656874 0.009025838 0.043107107 -0.154362276 0.011423944 0.014549224 0.987841129
1403636592913555712.000000 0.023786061 0.009228676 0.044071309 -0.157029271 -0.003201300 0.010444060 0.987533569
1403636592963555584.000000 0.018722005 0.009510081 0.044111911 -0.159877047 -0.017252216 0.006570825 0.986964285
1403636593013555456.000000 0.013269147 0.010166355 0.043647423 -0.162391022 -0.032275558 0.002358606 0.986195683
1403636593063555840.000000 0.007699687 0.010721372 0.042346474 -0.165204242 -0.046196282 -0.001423893 0.985175848
1403636593113555456.000000 0.001615957 0.011177872 0.040276397 -0.167108417 -0.059230085 -0.006181762 0.984138429
1403636593163555584.000000 -0.004154101 0.012315482 0.037590701 -0.167732432 -0.071975246 -0.008261729 0.983166933
1403636593213555456.000000 -0.009938447 0.013097802 0.034510337 -0.168429106 -0.083399452 -0.008350875 0.982143879
1403636593263555840.000000 -0.015474049 0.014361506 0.031133506 -0.168688267 -0.094725117 -0.007312257 0.981079996
1403636593313555456.000000 -0.020309405 0.015137284 0.027402811 -0.171298385 -0.102791458 -0.005956088 0.979824185
1403636593363555584.000000 -0.024338618 0.016301546 0.023151955 -0.174149632 -0.107846752 -0.007409935 0.978767693
1403636593413555712.000000 -0.027417978 0.017865466 0.018968299 -0.175738692 -0.110701345 -0.007588911 0.978163362
1403636593463555584.000000 -0.029194364 0.019734344 0.014305199 -0.177202463 -0.110766895 -0.009208643 0.977877915
1403636593513555456.000000 -0.030510716 0.021564558 0.009981493 -0.178643465 -0.107119188 -0.008913546 0.978024840
1403636593563555840.000000 -0.031229602 0.023521554 0.005740186 -0.180506989 -0.102948390 -0.006788152 0.978147626
1403636593613555456.000000 -0.030918367 0.025510928 0.001520913 -0.183562383 -0.096847326 -0.003094268 0.978220820
1403636593663555584.000000 -0.029912706 0.027063409 -0.002049610 -0.189231098 -0.089570582 0.002524236 0.977835536
1403636593713555456.000000 -0.028475268 0.028990939 -0.005495437 -0.193454161 -0.078360103 0.007303601 0.977947772
1403636593763555840.000000 -0.025550678 0.030687476 -0.008919738 -0.196591675 -0.065923139 0.013544297 0.978173018
1403636593813555456.000000 -0.022398444 0.031939086 -0.012246842 -0.197958648 -0.049585529 0.020990560 0.978730321
1403636593863555584.000000 -0.018446298 0.033159696 -0.014729153 -0.196030229 -0.032229487 0.029094953 0.979636133
1403636593913555712.000000 -0.014279860 0.034108017 -0.017150052 -0.191409796 -0.012334249 0.036901109 0.980738759
1403636593963555584.000000 -0.009544029 0.034516003 -0.019194260 -0.186179966 0.008125874 0.043727007 0.981508493
1403636594013555456.000000 -0.004203379 0.034823753 -0.020851724 -0.180820763 0.027638074 0.049822859 0.981864452
1403636594063555840.000000 0.001029982 0.035088543 -0.021868087 -0.176256046 0.048444267 0.055111077 0.981605709
1403636594113555456.000000 0.006127135 0.034834545 -0.022472879 -0.173950523 0.066300198 0.060926300 0.980629146
1403636594163555584.000000 0.011306133 0.034682695 -0.022216784 -0.173007041 0.083679445 0.066127755 0.979129016
1403636594213555456.000000 0.017077250 0.034637660 -0.020805143 -0.172979012 0.098292194 0.069968313 0.977507770
1403636594263555840.000000 0.022559131 0.034004759 -0.019254202 -0.174649075 0.110029936 0.073256306 0.975717485
1403636594313555456.000000 0.027874706 0.033337984 -0.017023625 -0.175027922 0.120207593 0.073201030 0.974452138
1403636594363555584.000000 0.033197645 0.032442383 -0.014091496 -0.174889535 0.128673598 0.072193436 0.973470569
1403636594413555712.000000 0.038443267 0.031218855 -0.010536470 -0.172381639 0.134926781 0.070197955 0.973217130
1403636594463555584.000000 0.043526530 0.029975299 -0.006660551 -0.168328270 0.138799414 0.067515671 0.973571777
1403636594513555456.000000 0.048093688 0.028478075 -0.002228556 -0.163196683 0.140929744 0.064144567 0.974367082
1403636594563555840.000000 0.051639948 0.027234906 0.002094205 -0.157020077 0.141274393 0.063397668 0.975380480
1403636594613555456.000000 0.054306395 0.025713881 0.006517684 -0.152324617 0.140481368 0.063413464 0.976238191
1403636594663555584.000000 0.055997752 0.024113148 0.011047057 -0.148881987 0.138859093 0.064463496 0.976932347
1403636594713555456.000000 0.056372929 0.022815160 0.015244557 -0.146476328 0.135306478 0.064001620 0.977824450
1403636594763555840.000000 0.055364188 0.021721376 0.019288814 -0.144174576 0.129303634 0.062382877 0.979082584
1403636594813555456.000000 0.053107169 0.020776546 0.023037458 -0.142563939 0.119203851 0.058197230 0.980856299
1403636594863555584.000000 0.049551487 0.020223264 0.026392613 -0.140378311 0.108371034 0.053504966 0.982693732
1403636594913555712.000000 0.044699125 0.019717971 0.029660903 -0.138689324 0.094988078 0.046298265 0.984682262
1403636594963555584.000000 0.038869254 0.019517338 0.031849585 -0.136852413 0.078436226 0.037692394 0.986761689
1403636595013555456.000000 0.032101840 0.019409873 0.033419970 -0.135681137 0.058514643 0.030721245 0.988545835
1403636595063555840.000000 0.024711918 0.019688653 0.034437027 -0.136100188 0.038602568 0.022937773 0.989677012
1403636595113555456.000000 0.017096639 0.019884424 0.034072757 -0.138607234 0.018510740 0.015982501 0.990045428
1403636595163555584.000000 0.009876778 0.020392602 0.033805773 -0.141605586 -0.000745794 0.009723459 0.989875197
1403636595213555456.000000 0.002601085 0.021500381 0.033476159 -0.143823847 -0.019356171 0.005579327 0.989398301
1403636595263555840.000000 -0.003616731 0.022059565 0.031533036 -0.146899283 -0.037234932 0.001713833 0.988448918
1403636595313555456.000000 -0.008999930 0.023020394 0.029602597 -0.149593309 -0.052361932 -0.001550525 0.987358987
1403636595363555584.000000 -0.013533848 0.024092453 0.027256191 -0.151623726 -0.063913532 -0.005581719 0.986353993
1403636595413555712.000000 -0.017094715 0.025229467 0.024896156 -0.152888820 -0.071168512 -0.007259327 0.985650778
1403636595463555584.000000 -0.019116823 0.026196081 0.021937117 -0.154707268 -0.076443076 -0.008728486 0.984959900
1403636595513555456.000000 -0.019815419 0.027171377 0.019041840 -0.156949714 -0.079179369 -0.008526113 0.984390557
1403636595563555840.000000 -0.019194212 0.028276930 0.016070880 -0.159270272 -0.081332073 -0.010293984 0.983825266
1403636595613555456.000000 -0.017460776 0.029529227 0.013240975 -0.161228091 -0.080657743 -0.010638275 0.983558238
1403636595663555584.000000 -0.014724852 0.030659258 0.010409040 -0.163463697 -0.076754659 -0.011084371 0.983496606
1403636595713555456.000000 -0.010928858 0.031885155 0.007726666 -0.164551780 -0.069338322 -0.010411919 0.983873248
1403636595763555840.000000 -0.006476833 0.033155888 0.005494494 -0.165257782 -0.059205074 -0.010973303 0.984410644
1403636595813555456.000000 -0.001347763 0.034299724 0.003022657 -0.165100843 -0.044549074 -0.009530359 0.985224009
1403636595863555584.000000 0.004007431 0.035553463 0.001024254 -0.165059611 -0.029166309 -0.008162384 0.985818446
1403636595913555712.000000 0.009280025 0.036756076 -0.001020163 -0.165251032 -0.012958269 -0.003614188 0.986159861
1403636595963555584.000000 0.014340352 0.038047817 -0.003057630 -0.165620595 0.002781895 0.000330658 0.986185610
1403636596013555456.000000 0.018811226 0.039077520 -0.005681405 -0.168002933 0.019470345 0.003698485 0.985587299
1403636596063555840.000000 0.023217848 0.040419161 -0.008674458 -0.170182407 0.033746853 0.008684203 0.984796286
1403636596113555456.000000 0.025893090 0.041661616 -0.011306670 -0.172103539 0.046712939 0.012969329 0.983885229
1403636596163555584.000000 0.027205762 0.042418435 -0.014286002 -0.174025565 0.056150213 0.018530261 0.982964337
1403636596213555456.000000 0.027443238 0.043087345 -0.017268881 -0.173622265 0.061356198 0.022356994 0.982644856
1403636596263555840.000000 0.026197048 0.043393344 -0.020432908 -0.173373684 0.064388767 0.026503388 0.982391596
1403636596313555456.000000 0.023920037 0.043804195 -0.023616672 -0.170867935 0.065737359 0.029266383 0.982662857
1403636596363555584.000000 0.020916358 0.043863576 -0.027271824 -0.168705210 0.066675164 0.030499108 0.982935846
1403636596413555712.000000 0.017224779 0.043876152 -0.031410564 -0.166201815 0.067574605 0.029508352 0.983331025
1403636596463555584.000000 0.013492612 0.044061929 -0.035129454 -0.163277313 0.066934496 0.027221011 0.983930528
1403636596513555456.000000 0.009934024 0.044224471 -0.038686939 -0.160564855 0.065225057 0.024451049 0.984564304
1403636596563555840.000000 0.006328901 0.044295698 -0.041904107 -0.158792704 0.063654058 0.020592442 0.985042632
1403636596613555456.000000 0.003258337 0.044547472 -0.044468027 -0.158616781 0.063743137 0.018904187 0.985099137
1403636596663555584.000000 0.000343740 0.044721913 -0.046642955 -0.159773737 0.063406117 0.017703177 0.984956145
1403636596713555456.000000 -0.001518002 0.045045864 -0.047767956 -0.160880253 0.061925601 0.017055649 0.984881639
1403636596763555840.000000 -0.002928650 0.045127064 -0.048124351 -0.161035433 0.060672067 0.014618583 0.984973550
1403636596813555456.000000 -0.003444205 0.045107894 -0.047407430 -0.158516273 0.060017526 0.013312694 0.985440731
1403636596863555584.000000 -0.003598897 0.044943828 -0.045920663 -0.155146375 0.060587920 0.009193346 0.985988975
1403636596913555712.000000 -0.003167451 0.044299699 -0.043367844 -0.152812645 0.061445136 0.007003162 0.986318290
1403636596963555584.000000 -0.002046023 0.043530211 -0.039918829 -0.152436957 0.062302835 0.003662702 0.986340761
1403636597013555456.000000 -0.000790426 0.042385738 -0.035552453 -0.155137315 0.063657328 0.003448712 0.985833824
1403636597063555840.000000 0.001047128 0.041251533 -0.030549122 -0.160749123 0.063434333 0.002453766 0.984951675
1403636597113555456.000000 0.002486914 0.039864406 -0.025438048 -0.166691303 0.061245009 0.002481261 0.984102130
1403636597163555584.000000 0.004353849 0.038229398 -0.019684969 -0.171879277 0.056070872 0.001263636 0.983520210
1403636597213555456.000000 0.006056507 0.036237434 -0.013830632 -0.174715772 0.049774494 -0.001063570 0.983359396
1403636597263555840.000000 0.007592350 0.033845667 -0.008047682 -0.175071806 0.042860169 -0.003680003 0.983615458
1403636597313555456.000000 0.008913301 0.031488474 -0.002139441 -0.173930258 0.035693292 -0.007720385 0.984080672
1403636597363555584.000000 0.010171613 0.029084267 0.003691023 -0.171137378 0.027159434 -0.009986074 0.984822214
1403636597413555712.000000 0.010760472 0.026877766 0.009786041 -0.169251516 0.019865636 -0.015475361 0.985251129
1403636597463555584.000000 0.011131953 0.024746343 0.015157201 -0.167217419 0.011490515 -0.019654548 0.985657215
1403636597513555456.000000 0.011073778 0.022977423 0.019898906 -0.165170908 0.002155176 -0.025540737 0.985931873
1403636597563555840.000000 0.010575447 0.021567542 0.023733605 -0.162415579 -0.009270080 -0.027778544 0.986287832
1403636597613555456.000000 0.009518105 0.020552371 0.026789445 -0.158548877 -0.021789407 -0.029473728 0.986670613
1403636597663555584.000000 0.007932942 0.020024145 0.028743198 -0.154065683 -0.034141447 -0.029523846 0.987029195
1403636597713555456.000000 0.005864989 0.019652193 0.029615369 -0.149674788 -0.045337658 -0.031247498 0.987200916
1403636597763555840.000000 0.003659615 0.019954786 0.029468633 -0.145136669 -0.055001300 -0.032444444 0.987348855
1403636597813555456.000000 0.001509697 0.020482175 0.028259380 -0.141305193 -0.062704131 -0.034547213 0.987374067
1403636597863555584.000000 -0.000624350 0.021337811 0.026329733 -0.138495371 -0.067277372 -0.037891455 0.987348497
1403636597913555712.000000 -0.002421956 0.022448532 0.023591006 -0.136723310 -0.071779639 -0.041902576 0.987116337
1403636597963555584.000000 -0.003914485 0.023881072 0.020378165 -0.137060404 -0.074300066 -0.045911539 0.986704648
1403636598013555456.000000 -0.005037379 0.025584454 0.017054673 -0.138999239 -0.076632380 -0.049128555 0.986099958
1403636598063555840.000000 -0.005902554 0.027287604 0.013212994 -0.142621875 -0.077306069 -0.050767791 0.985446870
1403636598113555456.000000 -0.006469581 0.029188087 0.009352942 -0.148608714 -0.077540122 -0.050209716 0.984571993
1403636598163555584.000000 -0.006641752 0.031217568 0.005663245 -0.156188786 -0.075826190 -0.050908022 0.983495772
1403636598213555456.000000 -0.006468840 0.033309117 0.002387539 -0.165557340 -0.072913416 -0.051682893 0.982142210
1403636598263555840.000000 -0.005980516 0.035426531 -0.000363831 -0.175428465 -0.070194371 -0.054201733 0.980489612
1403636598313555456.000000 -0.005126255 0.037562415 -0.002669497 -0.182458922 -0.067487597 -0.054536507 0.979377329
1403636598363555584.000000 -0.004069956 0.039331757 -0.003946059 -0.187025115 -0.063452229 -0.056604046 0.978668272
1403636598413555712.000000 -0.003138423 0.040837359 -0.004056127 -0.189538628 -0.058608055 -0.057356078 0.978442907
1403636598463555584.000000 -0.001891851 0.042263817 -0.003315277 -0.188770711 -0.056345548 -0.059058432 0.978622973
1403636598513555456.000000 -0.000758432 0.043262474 -0.001792047 -0.185482934 -0.055422634 -0.059340369 0.979287088
1403636598563555840.000000 0.000287015 0.043696646 0.000467136 -0.180359542 -0.058069199 -0.059831936 0.980060518
1403636598613555456.000000 0.001346154 0.044009414 0.003501901 -0.173126251 -0.061204944 -0.059100803 0.981217802
1403636598663555584.000000 0.002261909 0.044124130 0.006737013 -0.165301993 -0.065787613 -0.058376633 0.982313335
1403636598713555456.000000 0.003169049 0.044331465 0.010293011 -0.155838728 -0.072229266 -0.058100950 0.983423352
1403636598763555840.000000 0.004091573 0.044801492 0.014017493 -0.144826174 -0.079676509 -0.056981523 0.984596431
1403636598813555456.000000 0.004805708 0.045634218 0.017706702 -0.133118749 -0.085793287 -0.055258870 0.985832334
1403636598863555584.000000 0.005489138 0.046504065 0.021191595 -0.121494748 -0.089166164 -0.053370580 0.987137258
1403636598913555712.000000 0.006179552 0.047675416 0.024552498 -0.110610478 -0.090873070 -0.051178418 0.988376558
1403636598963555584.000000 0.007079788 0.048946142 0.027900940 -0.101555005 -0.091337040 -0.051113836 0.989308655
1403636599013555456.000000 0.007638307 0.050275143 0.030713717 -0.094016798 -0.092025973 -0.051466472 0.989971399
1403636599063555840.000000 0.008025334 0.051386770 0.033146191 -0.085495479 -0.094106421 -0.049220469 0.990662396
1403636599113555456.000000 0.008340610 0.052394811 0.035287876 -0.075891964 -0.098158166 -0.046366159 0.991189003
1403636599163555584.000000 0.008575415 0.052952208 0.036977056 -0.063659325 -0.102922000 -0.042783324 0.991727889
1403636599213555456.000000 0.008767397 0.053390007 0.038692039 -0.047337644 -0.103596278 -0.042295240 0.992591619
1403636599263555840.000000 0.008903713 0.053766657 0.040385190 -0.031253066 -0.104099408 -0.038377449 0.993334711
1403636599313555456.000000 0.008913485 0.054056097 0.041667547 -0.017789694 -0.103822760 -0.035316736 0.993809462
1403636599363555584.000000 0.009046796 0.054430258 0.043098345 -0.008513678 -0.102636650 -0.033705857 0.994111300
1403636599413555712.000000 0.009030561 0.054911491 0.044041686 -0.002748594 -0.099887356 -0.034867030 0.994383872
1403636599463555584.000000 0.009157287 0.055552948 0.045261890 -0.000430819 -0.095960699 -0.036349736 0.994721115
1403636599513555456.000000 0.009182943 0.056140043 0.046293911 -0.001974842 -0.091480456 -0.035190068 0.995182991
1403636599563555840.000000 0.009277864 0.056742270 0.047132939 -0.004511700 -0.087583467 -0.033548795 0.995581865
1403636599613555456.000000 0.009433149 0.057408959 0.047731336 -0.007858932 -0.085286006 -0.032369342 0.995799601
1403636599663555584.000000 0.009591026 0.058139384 0.048251029 -0.010043629 -0.083146483 -0.032879639 0.995944142
1403636599713555456.000000 0.009910140 0.058833629 0.049119543 -0.008650639 -0.082716338 -0.032014269 0.996021211
1403636599763555840.000000 0.010138308 0.058856871 0.049155835 0.000303600 -0.083992101 -0.031519737 0.995967746
1403636599813555456.000000 0.010287260 0.058825791 0.049112741 0.008479442 -0.083767630 -0.031201106 0.995960653
1403636599863555584.000000 0.010421021 0.058906827 0.049062699 0.014916840 -0.084449425 -0.029173492 0.995888889
1403636599913555712.000000 0.010554871 0.058983501 0.048934206 0.016905082 -0.085127637 -0.027710903 0.995841205
1403636599963555584.000000 0.010654459 0.059025012 0.049027443 0.015912242 -0.084066980 -0.026250368 0.995987177
1403636600013555456.000000 0.010714017 0.059067063 0.049071718 0.015554448 -0.083499596 -0.024973977 0.996073365
1403636600063555840.000000 0.010878727 0.059185259 0.049057193 0.015399930 -0.084462821 -0.022527331 0.996052921
1403636600113555456.000000 0.011027627 0.059151307 0.049021009 0.018623304 -0.085312441 -0.020203687 0.995975316
1403636600163555584.000000 0.011109680 0.059189416 0.048966505 0.019065941 -0.084796712 -0.021734495 0.995978773
1403636600213555456.000000 0.011033796 0.059195869 0.048980221 0.018949611 -0.085364252 -0.020157775 0.995965660
1403636600263555840.000000 0.011015294 0.059189558 0.048968773 0.018910017 -0.085471258 -0.019832971 0.995963752
1403636600313555456.000000 0.011004924 0.059196658 0.048970770 0.018952027 -0.085755944 -0.019318284 0.995948613
1403636600363555584.000000 0.010987347 0.059179239 0.048954800 0.018985888 -0.085909374 -0.018765036 0.995945334
1403636600413555712.000000 0.010962338 0.059183091 0.048929729 0.019068170 -0.085876234 -0.019127708 0.995939672
1403636600463555584.000000 0.010944182 0.059166536 0.048903022 0.018947646 -0.086206712 -0.018226989 0.995930314
1403636600513555456.000000 0.010980717 0.059178524 0.048920557 0.019415954 -0.086040504 -0.018420646 0.995932102
1403636600563555840.000000 0.010988562 0.059179090 0.048936930 0.019108249 -0.085967191 -0.019002255 0.995933473
1403636600613555456.000000 0.010964891 0.059157331 0.048908390 0.019214448 -0.086155362 -0.018274883 0.995928764
1403636600663555584.000000 0.010975795 0.059173156 0.048917077 0.019237395 -0.086061217 -0.018487521 0.995932579
1403636600713555456.000000 0.010978145 0.059179727 0.048936609 0.019183846 -0.085976660 -0.018466167 0.995941281
1403636600763555840.000000 0.010982805 0.059165545 0.048941810 0.019121673 -0.086110562 -0.018102223 0.995937586
1403636600813555456.000000 0.010986010 0.059175491 0.048945736 0.019077845 -0.085884862 -0.018454336 0.995951533
1403636600863555584.000000 0.010971322 0.059168238 0.048929989 0.019075386 -0.086063899 -0.018221842 0.995940328
1403636600913555712.000000 0.010973040 0.059165128 0.048928190 0.019032607 -0.085865200 -0.018458601 0.995953918
1403636600963555584.000000 0.010962506 0.059170466 0.048939735 0.019024216 -0.086076595 -0.018251140 0.995939672
1403636601013555456.000000 0.010981129 0.059182350 0.048940800 0.019107662 -0.085891835 -0.018722940 0.995945275
1403636601063555840.000000 0.010958943 0.059163604 0.048929688 0.018916033 -0.086099483 -0.018156547 0.995941460
1403636601113555456.000000 0.010973301 0.059173081 0.048929837 0.019019809 -0.085884698 -0.018562879 0.995950580
1403636601163555584.000000 0.010962719 0.059170935 0.048932768 0.019024132 -0.085991137 -0.018168310 0.995948613
1403636601213555456.000000 0.010972919 0.059172556 0.048932713 0.019005802 -0.085874870 -0.018589126 0.995951235
1403636601263555840.000000 0.010956911 0.059167244 0.048926752 0.018980131 -0.086033285 -0.018226454 0.995944738
1403636601313555456.000000 0.010979212 0.059185669 0.048953269 0.019079391 -0.085850172 -0.018659903 0.995950580
1403636601363555584.000000 0.010970199 0.059169605 0.048942849 0.019064110 -0.086020522 -0.018146127 0.995945632
1403636601413555712.000000 0.010971104 0.059177157 0.048935018 0.019048596 -0.085881546 -0.018433224 0.995952725
1403636601463555584.000000 0.010971843 0.059163660 0.048918854 0.018895885 -0.086011134 -0.018279882 0.995947242
1403636601513555456.000000 0.010972828 0.059186112 0.048948426 0.019129630 -0.085907653 -0.018301634 0.995951355
1403636601563555840.000000 0.010971056 0.059177317 0.048933879 0.019149184 -0.085909270 -0.018336972 0.995950162
1403636601613555456.000000 0.010980170 0.059176929 0.048934460 0.019054368 -0.085993350 -0.018348379 0.995944500
1403636601663555584.000000 0.010982771 0.059174251 0.048956204 0.019080536 -0.085990407 -0.018379686 0.995943725
1403636601713555456.000000 0.010978562 0.059172995 0.048936393 0.019037047 -0.086025499 -0.018305954 0.995942891
1403636601763555840.000000 0.010975290 0.059164084 0.048926044 0.018950785 -0.085968584 -0.018386751 0.995947897
1403636601813555456.000000 0.010972642 0.059174348 0.048932403 0.018916268 -0.085951194 -0.018376267 0.995950282
1403636601863555584.000000 0.010970208 0.059175923 0.048941296 0.018987466 -0.085914597 -0.018486200 0.995950043
1403636601913555712.000000 0.010968582 0.059171885 0.048947733 0.018939978 -0.085916117 -0.018461917 0.995951295
1403636601963555584.000000 0.010975289 0.059173197 0.048942629 0.018988499 -0.085900582 -0.018191962 0.995956659
1403636602013555456.000000 0.010975103 0.059169512 0.048940457 0.018961458 -0.085960157 -0.018334808 0.995949388
1403636602063555840.000000 0.010971244 0.059176132 0.048935916 0.019007122 -0.085747994 -0.018375462 0.995966077
1403636602113555456.000000 0.010970096 0.059166573 0.048930880 0.018971313 -0.085974440 -0.018353278 0.995947599
1403636602163555584.000000 0.010966281 0.059178557 0.048927780 0.018992351 -0.085749902 -0.018548112 0.995962977
1403636602213555456.000000 0.010965453 0.059173081 0.048944805 0.018991685 -0.085952237 -0.018217023 0.995951653
1403636602263555840.000000 0.010978241 0.059167206 0.048925634 0.018985579 -0.085909665 -0.018489093 0.995950401
1403636602313555456.000000 0.010965373 0.059169192 0.048905496 0.018955138 -0.085961364 -0.018404325 0.995948136
1403636602363555584.000000 0.010970721 0.059176248 0.048937410 0.018982479 -0.085858241 -0.018459186 0.995955527
1403636602413555712.000000 0.010967347 0.059181087 0.048921622 0.019041419 -0.085976146 -0.018374620 0.995945752
1403636602463555584.000000 0.010976477 0.059170645 0.048933741 0.018987035 -0.085959636 -0.018325983 0.995949090
1403636602513555456.000000 0.010981734 0.059180200 0.048953630 0.019030182 -0.086010851 -0.018257294 0.995945156
1403636602563555840.000000 0.010973154 0.059169978 0.048924953 0.019009188 -0.085962012 -0.018272635 0.995949447
1403636602613555456.000000 0.010969947 0.059160266 0.048908275 0.018895710 -0.085888803 -0.018427517 0.995955050
1403636602663555584.000000 0.010982513 0.059172001 0.048939012 0.019000437 -0.085939750 -0.018296629 0.995951116
1403636602713555456.000000 0.010980289 0.059180159 0.048937716 0.019012995 -0.085973136 -0.018325482 0.995947421
1403636602763555840.000000 0.010981559 0.059173089 0.048937611 0.019014159 -0.086004265 -0.018271046 0.995945752
1403636602813555456.000000 0.010974208 0.059172194 0.048927646 0.019031348 -0.085974380 -0.018251754 0.995948374
1403636602863555584.000000 0.010974871 0.059174247 0.048922278 0.018969623 -0.086071119 -0.018369246 0.995939016
1403636602913555712.000000 0.010971305 0.059169292 0.048925910 0.018976497 -0.085856467 -0.018264746 0.995959342
1403636602963555584.000000 0.010978548 0.059179354 0.048950315 0.019034479 -0.085988872 -0.018298838 0.995946229
1403636603013555456.000000 0.010971629 0.059177320 0.048915237 0.018985000 -0.085964963 -0.018333068 0.995948613
1403636603063555840.000000 0.010970202 0.059172966 0.048924509 0.018958315 -0.085996017 -0.018253883 0.995947897
1403636603113555456.000000 0.010982092 0.059174951 0.048930667 0.019012226 -0.085988410 -0.018257113 0.995947361
1403636603163555584.000000 0.010973233 0.059166681 0.048910517 0.018938888 -0.086075649 -0.018267486 0.995941103
1403636603213555456.000000 0.010975900 0.059174582 0.048908830 0.019049579 -0.085927300 -0.018265883 0.995951831
1403636603263555840.000000 0.010973523 0.059179358 0.048915949 0.019086666 -0.085973032 -0.018174136 0.995948851
1403636603313555456.000000 0.010980660 0.059179734 0.048936371 0.019099522 -0.085982338 -0.018293843 0.995945632
1403636603363555584.000000 0.010973360 0.059183817 0.048932042 0.019057725 -0.086036317 -0.018372770 0.995940328
1403636603413555712.000000 0.010969264 0.059162278 0.048908699 0.018922828 -0.085960694 -0.018303238 0.995950639
1403636603463555584.000000 0.010967633 0.059160929 0.048912313 0.018886041 -0.085939191 -0.018374063 0.995951951
1403636603513555456.000000 0.010966612 0.059162889 0.048905980 0.018946901 -0.085873581 -0.018357411 0.995956719
1403636603563555840.000000 0.010978267 0.059183560 0.048932992 0.019068750 -0.085989639 -0.018384350 0.995943964
1403636603613555456.000000 0.010981041 0.059181169 0.048938554 0.019099418 -0.085996792 -0.018363738 0.995943069
1403636603663555584.000000 0.010972680 0.059182301 0.048931826 0.019045081 -0.086002238 -0.018391935 0.995943129
1403636603713555456.000000 0.010982958 0.059183162 0.048939962 0.019104032 -0.086007893 -0.018315632 0.995942950
1403636603763555840.000000 0.010971863 0.059183210 0.048937380 0.019094529 -0.085988306 -0.018384557 0.995943546
1403636603813555456.000000 0.010972241 0.059188407 0.048928604 0.019062841 -0.085946515 -0.018261695 0.995950043
1403636603863555584.000000 0.010978711 0.059180804 0.048934061 0.019177968 -0.085952468 -0.018203221 0.995948374
1403636603913555712.000000 0.010973804 0.059184160 0.048926059 0.018981852 -0.086005487 -0.018193433 0.995947659
1403636603963555584.000000 0.010973732 0.059176404 0.048914291 0.019098187 -0.085983917 -0.018353513 0.995944440
1403636604013555456.000000 0.010974172 0.059179150 0.048918195 0.019097812 -0.086022966 -0.018263029 0.995942712
1403636604063555840.000000 0.010978138 0.059180971 0.048918784 0.019099355 -0.085949369 -0.018236231 0.995949507
1403636604113555456.000000 0.010974671 0.059177607 0.048927154 0.019055711 -0.086040087 -0.018147914 0.995944083
1403636604163555584.000000 0.010985695 0.059178680 0.048921466 0.018996758 -0.086043186 -0.018156501 0.995944798
1403636604213555456.000000 0.010978546 0.059186891 0.048930861 0.019128559 -0.086039282 -0.018304491 0.995939910
1403636604263555840.000000 0.010976720 0.059176102 0.048919220 0.019051638 -0.085963540 -0.018278714 0.995948434
1403636604313555456.000000 0.010974821 0.059176058 0.048934054 0.019119719 -0.085957550 -0.018247148 0.995948195
1403636604363555584.000000 0.010981414 0.059174705 0.048934951 0.019036608 -0.085979789 -0.018056089 0.995951414
1403636604413555712.000000 0.010972381 0.059176162 0.048923731 0.018938631 -0.086019680 -0.018206377 0.995947003
1403636604463555584.000000 0.010969598 0.059179451 0.048928414 0.019053046 -0.085898139 -0.018259622 0.995954335
1403636604513555456.000000 0.010977547 0.059180330 0.048920255 0.019120941 -0.086043783 -0.018140163 0.995942712
1403636604563555840.000000 0.010975679 0.059183866 0.048938461 0.019047037 -0.085947201 -0.018243138 0.995950580
1403636604613555456.000000 0.010971843 0.059179675 0.048912846 0.019073095 -0.085992858 -0.018145945 0.995947897
1403636604663555584.000000 0.010980149 0.059176952 0.048917875 0.018935667 -0.086031437 -0.018148039 0.995947182
1403636604713555456.000000 0.010979515 0.059186943 0.048929155 0.019109679 -0.085993990 -0.018302983 0.995944202
1403636604763555840.000000 0.010975907 0.059176024 0.048940577 0.018947296 -0.085984491 -0.018233733 0.995949388
1403636604813555456.000000 0.010978105 0.059172329 0.048924722 0.018984526 -0.086030446 -0.018257229 0.995944321
1403636604863555584.000000 0.010975459 0.059185866 0.048935525 0.019165814 -0.085896976 -0.018313793 0.995951295
1403636604913555712.000000 0.010972406 0.059176050 0.048919041 0.019044328 -0.085945606 -0.018246897 0.995950699
1403636604963555584.000000 0.010974766 0.059182141 0.048929695 0.018988628 -0.085974239 -0.018268678 0.995948851
1403636605013555456.000000 0.010977418 0.059172284 0.048930623 0.018984314 -0.086028516 -0.018093357 0.995947421
1403636605063555840.000000 0.010973458 0.059177555 0.048916090 0.019058265 -0.086064264 -0.018114621 0.995942593
1403636605113555456.000000 0.010968430 0.059178956 0.048929583 0.019014886 -0.085914619 -0.018348312 0.995952070
1403636605163555584.000000 0.010974861 0.059175938 0.048927914 0.018943002 -0.086100683 -0.018132759 0.995941281
1403636605213555456.000000 0.010977456 0.059183184 0.048939817 0.019028177 -0.086020112 -0.018265510 0.995944202
1403636605263555840.000000 0.010979767 0.059179850 0.048930082 0.018961973 -0.086049624 -0.018064208 0.995946586
1403636605313555456.000000 0.010981888 0.059178405 0.048926182 0.019006783 -0.086037576 -0.018198762 0.995944321
1403636605363555584.000000 0.010985892 0.059184395 0.048940599 0.019062124 -0.086091861 -0.018073032 0.995940924
1403636605413555712.000000 0.010975029 0.059175227 0.048915494 0.019084580 -0.085920587 -0.018270427 0.995951712
1403636605463555584.000000 0.010972898 0.059176415 0.048919518 0.018975351 -0.085988261 -0.018421086 0.995945156
1403636605513555456.000000 0.010977752 0.059171192 0.048923295 0.018962882 -0.085967340 -0.018248437 0.995950341
1403636605563555840.000000 0.010976281 0.059177853 0.048936676 0.019027540 -0.086040035 -0.018131761 0.995944977
1403636605613555456.000000 0.010976004 0.059173286 0.048920259 0.019075522 -0.085997611 -0.018114273 0.995948017
1403636605663555584.000000 0.010976776 0.059168689 0.048898745 0.018996561 -0.086017065 -0.018131075 0.995947480
1403636605713555456.000000 0.010967158 0.059183422 0.048923012 0.019137301 -0.085907310 -0.018310543 0.995951056
1403636605763555840.000000 0.010974053 0.059181709 0.048939187 0.019044599 -0.085984461 -0.018068859 0.995950580
1403636605813555456.000000 0.010970931 0.059176385 0.048927221 0.019043399 -0.085931420 -0.018367415 0.995949745
1403636605863555584.000000 0.010972814 0.059177756 0.048935838 0.019047899 -0.085954309 -0.018201498 0.995950699
1403636605913555712.000000 0.010970096 0.059181366 0.048932731 0.018997967 -0.085952930 -0.018293120 0.995950043
1403636605963555584.000000 0.010974342 0.059173439 0.048908468 0.018961351 -0.086042114 -0.018133987 0.995945990
1403636606013555456.000000 0.010965851 0.059178956 0.048929494 0.019055471 -0.085917801 -0.018372303 0.995950580
1403636606063555840.000000 0.010969898 0.059182040 0.048944265 0.019008778 -0.085891560 -0.018298849 0.995955050
1403636606113555456.000000 0.010967850 0.059184574 0.048921488 0.019121090 -0.085948616 -0.018388366 0.995946348
1403636606163555584.000000 0.010978470 0.059179451 0.048923358 0.019003334 -0.085998550 -0.018202269 0.995947778
1403636606213555456.000000 0.010963931 0.059173238 0.048915267 0.018992640 -0.085857995 -0.018266087 0.995958924
1403636606263555840.000000 0.010966347 0.059178162 0.048929594 0.019005489 -0.085926592 -0.018394141 0.995950401
1403636606313555456.000000 0.010964616 0.059178501 0.048922125 0.019045239 -0.085922994 -0.018335467 0.995950997
1403636606363555584.000000 0.010973029 0.059183218 0.048925046 0.019051507 -0.085995041 -0.018297372 0.995945394
1403636606413555712.000000 0.010969653 0.059176125 0.048901800 0.019018712 -0.085944116 -0.018153183 0.995953023
1403636606463555584.000000 0.010973922 0.059169982 0.048917826 0.018960005 -0.085966118 -0.018172095 0.995951891
1403636606513555456.000000 0.010976503 0.059176572 0.048926547 0.019006481 -0.086014301 -0.018234253 0.995945752
1403636606563555840.000000 0.010964387 0.059175443 0.048926950 0.018966436 -0.085951038 -0.018218758 0.995952189
1403636606613555456.000000 0.010969531 0.059182972 0.048935324 0.018998649 -0.085891619 -0.018367920 0.995953977
1403636606663555584.000000 0.010959728 0.059178088 0.048912551 0.019013917 -0.085886925 -0.018404519 0.995953441
1403636606713555456.000000 0.010966482 0.059182744 0.048921298 0.019017244 -0.085873835 -0.018226603 0.995957792
1403636606763555840.000000 0.010967640 0.059177995 0.048907045 0.019003896 -0.085990399 -0.018297797 0.995946646
1403636606813555456.000000 0.010967888 0.059183151 0.048926022 0.019020665 -0.085909322 -0.018413054 0.995951235
1403636606863555584.000000 0.010965489 0.059176259 0.048914533 0.018922934 -0.085971542 -0.018223600 0.995951176
1403636606913555712.000000 0.010970801 0.059185002 0.048922993 0.019079961 -0.085943468 -0.018331280 0.995948672
1403636606963555584.000000 0.010971484 0.059180491 0.048933446 0.019021049 -0.085941389 -0.018359009 0.995949447
1403636607013555456.000000 0.010977517 0.059171271 0.048924740 0.018968066 -0.085982628 -0.018303161 0.995947957
1403636607063555840.000000 0.010962910 0.059182204 0.048928648 0.019009627 -0.085869797 -0.018527409 0.995952666
1403636607113555456.000000 0.010973936 0.059174735 0.048927125 0.018998625 -0.086020641 -0.018295476 0.995944202
1403636607163555584.000000 0.010974307 0.059182085 0.048920546 0.018955437 -0.085982271 -0.018256763 0.995949030
1403636607213555456.000000 0.010973979 0.059178293 0.048911501 0.018977607 -0.086023323 -0.018240185 0.995945394
1403636607263555840.000000 0.010961732 0.059193596 0.048923928 0.019086117 -0.085814305 -0.018590597 0.995954812
1403636607313555456.000000 0.010968173 0.059182025 0.048936717 0.019018482 -0.085917436 -0.018190386 0.995954692
1403636607363555584.000000 0.010959143 0.059180338 0.048913229 0.019049076 -0.085873172 -0.018362619 0.995954752
1403636607413555712.000000 0.010978409 0.059178598 0.048933435 0.019014362 -0.086022630 -0.018220035 0.995945096
1403636607463555584.000000 0.010961232 0.059182074 0.048925690 0.019022251 -0.085890174 -0.018256716 0.995955765
1403636607513555456.000000 0.010973513 0.059184145 0.048928007 0.018985003 -0.085976087 -0.018242592 0.995949268
1403636607563555840.000000 0.010972194 0.059177160 0.048928268 0.019007411 -0.085958399 -0.018187558 0.995951355
1403636607613555456.000000 0.010968268 0.059174296 0.048916057 0.019032840 -0.085857503 -0.018203557 0.995959342
1403636607663555584.000000 0.010962443 0.059174489 0.048904050 0.018936109 -0.085873820 -0.018307909 0.995957851
1403636607713555456.000000 0.010964373 0.059184480 0.048910707 0.019070489 -0.085814327 -0.018378960 0.995959044
1403636607763555840.000000 0.010970244 0.059182964 0.048924688 0.019092707 -0.085956909 -0.018134465 0.995950818
1403636607813555456.000000 0.010975534 0.059182096 0.048933417 0.019091662 -0.085973032 -0.018165577 0.995948970
1403636607863555584.000000 0.010966841 0.059180103 0.048924319 0.019025752 -0.085890338 -0.018301699 0.995954752
1403636607913555712.000000 0.010967718 0.059177596 0.048915673 0.019038010 -0.085938573 -0.018308930 0.995950282
1403636607963555584.000000 0.010973700 0.059175633 0.048920672 0.018925313 -0.086065084 -0.018136622 0.995944619
1403636608013555456.000000 0.010966060 0.059182774 0.048925128 0.019015387 -0.085915200 -0.018363159 0.995951712
1403636608063555840.000000 0.010956324 0.059190050 0.048927970 0.019081557 -0.085787937 -0.018431736 0.995960176
1403636608113555456.000000 0.010967995 0.059187882 0.048919160 0.019061483 -0.085897550 -0.018265955 0.995954156
1403636608163555584.000000 0.010963009 0.059186783 0.048919462 0.019077191 -0.085944965 -0.018313030 0.995948911
1403636608213555456.000000 0.010970449 0.059183225 0.048922572 0.019078488 -0.085962497 -0.018319100 0.995947242
1403636608263555840.000000 0.010962722 0.059176434 0.048928767 0.018977959 -0.085877344 -0.018332163 0.995956242
1403636608313555456.000000 0.010971766 0.059178431 0.048926860 0.018950712 -0.085880458 -0.018391130 0.995955467
1403636608363555584.000000 0.010971908 0.059177659 0.048903480 0.019010201 -0.085956089 -0.018230624 0.995950758
1403636608413555712.000000 0.010971120 0.059176166 0.048916489 0.018998014 -0.085977189 -0.018243946 0.995948911
1403636608463555584.000000 0.010966879 0.059184421 0.048920263 0.019091206 -0.085898072 -0.018347835 0.995952070
1403636608513555456.000000 0.010964745 0.059186209 0.048923947 0.019076334 -0.085909434 -0.018329958 0.995951712
1403636608563555840.000000 0.010966428 0.059183095 0.048925493 0.019045793 -0.085872464 -0.018328276 0.995955527
1403636608613555456.000000 0.010966247 0.059180472 0.048915841 0.019037202 -0.085935429 -0.018334560 0.995950103
1403636608663555584.000000 0.010967509 0.059182025 0.048930410 0.019029502 -0.085904382 -0.018365636 0.995952308
1403636608713555456.000000 0.010977003 0.059181429 0.048920330 0.018981256 -0.085983731 -0.018281138 0.995947957
1403636608763555840.000000 0.010961510 0.059193064 0.048938140 0.019126706 -0.085832380 -0.018373342 0.995956540
1403636608813555456.000000 0.010967311 0.059164926 0.048921399 0.018870573 -0.085905366 -0.018138435 0.995959461
1403636608863555584.000000 0.010957914 0.059191052 0.048935257 0.019067561 -0.085901275 -0.018275589 0.995953560
1403636608913555712.000000 0.010970497 0.059183393 0.048927095 0.019029470 -0.085961886 -0.018255636 0.995949388
1403636608963555584.000000 0.010971382 0.059184548 0.048920307 0.019067697 -0.085907899 -0.018223980 0.995953918
1403636609013555456.000000 0.010967058 0.059184067 0.048919979 0.019061323 -0.085927226 -0.018325284 0.995950520
1403636609063555840.000000 0.010978060 0.059170041 0.048915941 0.018939253 -0.086047180 -0.018304966 0.995942891
1403636609113555456.000000 0.010967608 0.059181515 0.048932791 0.019008877 -0.085849948 -0.018286014 0.995958865
1403636609163555584.000000 0.010968267 0.059172358 0.048913017 0.018983033 -0.086005822 -0.018239411 0.995946765
1403636609213555456.000000 0.010977970 0.059171144 0.048926566 0.018985102 -0.085997924 -0.018097818 0.995950043
1403636609263555840.000000 0.010967159 0.059179779 0.048913591 0.019027010 -0.085953660 -0.018126870 0.995952487
1403636609313555456.000000 0.010961561 0.059179835 0.048924115 0.018992342 -0.085911699 -0.018221280 0.995955110
1403636609363555584.000000 0.010962743 0.059186481 0.048913568 0.019033896 -0.085881770 -0.018266298 0.995956063
1403636609413555712.000000 0.010959664 0.059180301 0.048927028 0.019005906 -0.085920699 -0.018366151 0.995951355
1403636609463555584.000000 0.010957612 0.059181586 0.048916243 0.019013042 -0.085806094 -0.018390734 0.995960653
1403636609513555456.000000 0.010954347 0.059189312 0.048916169 0.019059405 -0.085813738 -0.018410224 0.995958805
1403636609563555840.000000 0.010967766 0.059183251 0.048923451 0.019054072 -0.085998535 -0.018241271 0.995945990
1403636609613555456.000000 0.010964612 0.059182201 0.048932102 0.019012926 -0.085927099 -0.018316094 0.995951593
1403636609663555584.000000 0.010965029 0.059184466 0.048917245 0.018961996 -0.085946776 -0.018138945 0.995954156
1403636609713555456.000000 0.010964128 0.059187517 0.048929643 0.019114787 -0.085793309 -0.018290011 0.995961666
1403636609763555840.000000 0.010965729 0.059193999 0.048936147 0.019242801 -0.085898869 -0.018465001 0.995946825
1403636609813555456.000000 0.010964653 0.059195768 0.048911624 0.018941201 -0.085905232 -0.018410461 0.995953083
1403636609863555584.000000 0.010973830 0.059182350 0.048926748 0.019042693 -0.085878238 -0.018319720 0.995955229
1403636609913555712.000000 0.010977312 0.059181262 0.048922062 0.019034190 -0.086062923 -0.018132452 0.995942891
1403636609963555584.000000 0.010971531 0.059179164 0.048920218 0.018971922 -0.085973851 -0.018343516 0.995947838
1403636610013555456.000000 0.010974588 0.059189439 0.048919603 0.019062787 -0.086016439 -0.018286871 0.995943487
1403636610063555840.000000 0.010965277 0.059185296 0.048919935 0.019093025 -0.085883103 -0.018247627 0.995955169
1403636610113555456.000000 0.010958906 0.059190925 0.048929945 0.019079879 -0.085905746 -0.018426081 0.995950162
1403636610163555584.000000 0.010970182 0.059186537 0.048937548 0.019109771 -0.085943550 -0.018248631 0.995949566
1403636610213555456.000000 0.010968103 0.059188269 0.048933741 0.019105954 -0.085943848 -0.018212041 0.995950282
1403636610263555840.000000 0.010965491 0.059184674 0.048908725 0.019002650 -0.085904479 -0.018619196 0.995948136
1403636610313555456.000000 0.010967057 0.059176035 0.048909131 0.018983664 -0.085889459 -0.018184012 0.995957792
1403636610363555584.000000 0.010960709 0.059184954 0.048909884 0.018967822 -0.085832901 -0.018408835 0.995958924
1403636610413555712.000000 0.010961039 0.059184030 0.048944727 0.019066799 -0.085745305 -0.018415838 0.995964468
1403636610463555584.000000 0.010967834 0.059182279 0.048925743 0.018925991 -0.085937478 -0.018399410 0.995950818
1403636610513555456.000000 0.010961644 0.059175733 0.048905838 0.018889448 -0.085968189 -0.018335218 0.995950103
1403636610563555840.000000 0.010957965 0.059182670 0.048927318 0.019009830 -0.085880831 -0.018404808 0.995953977
1403636610613555456.000000 0.010978236 0.059186887 0.048930269 0.019056443 -0.085940607 -0.018321099 0.995949507
1403636610663555584.000000 0.010959578 0.059183847 0.048928045 0.018991569 -0.085854672 -0.018409880 0.995956540
1403636610713555456.000000 0.010964559 0.059181429 0.048923470 0.019050620 -0.085880667 -0.018301507 0.995955229
1403636610763555840.000000 0.010957783 0.059167285 0.048936091 0.018709008 -0.085788921 -0.018442946 0.995966911
1403636610813555456.000000 0.010977617 0.059171405 0.048953883 0.018743159 -0.085913487 -0.018359287 0.995957077
1403636610863555584.000000 0.010977946 0.059172079 0.048916906 0.018571727 -0.086146243 -0.018210769 0.995942950
1403636610913555712.000000 0.010975806 0.059171952 0.048943043 0.018881001 -0.085806139 -0.018576037 0.995959699
1403636610963555584.000000 0.010967636 0.059177510 0.048910610 0.018733615 -0.086111039 -0.018527869 0.995937109
1403636611013555456.000000 0.010968919 0.059176218 0.048953708 0.019013859 -0.085801572 -0.018407540 0.995960712
1403636611063555840.000000 0.010965161 0.059168849 0.048922546 0.018643312 -0.085928380 -0.018642474 0.995952427
1403636611113555456.000000 0.010971298 0.059158981 0.048931703 0.018666523 -0.085971892 -0.018325955 0.995954096
1403636611163555584.000000 0.010970465 0.059164688 0.048910763 0.018563187 -0.086047098 -0.018437099 0.995947480
1403636611213555456.000000 0.010985501 0.059169009 0.048947856 0.018644990 -0.085891217 -0.018501109 0.995958209
1403636611263555840.000000 0.010966622 0.059160870 0.048920795 0.018578935 -0.085938290 -0.018554542 0.995954394
1403636611313555456.000000 0.010967501 0.059154544 0.048916757 0.018654656 -0.085844234 -0.018613828 0.995959997
1403636611363555584.000000 0.010911296 0.059160344 0.048901226 0.018336914 -0.086381473 -0.017975468 0.995931208
1403636611413555712.000000 0.010953043 0.059166785 0.048924714 0.018935699 -0.086282633 -0.018002143 0.995928049
1403636611463555584.000000 0.011012173 0.059206668 0.048933957 0.018575646 -0.086298853 -0.017157003 0.995948374
1403636611513555456.000000 0.011113931 0.059224643 0.048954278 0.018893098 -0.085541919 -0.018909471 0.995975912
1403636611563555840.000000 0.011054988 0.059208412 0.048948772 0.018473685 -0.085679054 -0.018338071 0.995982707
1403636611613555456.000000 0.011083790 0.059220649 0.048964836 0.018844763 -0.085915230 -0.018468408 0.995953023
1403636611663555584.000000 0.011080289 0.059212625 0.048928235 0.018762652 -0.086110994 -0.017751105 0.995950699
1403636611713555456.000000 0.011136591 0.059213139 0.048922166 0.018937573 -0.085904948 -0.018627780 0.995949209
1403636611763555840.000000 0.011083691 0.059209980 0.048915893 0.018917184 -0.086067058 -0.017920084 0.995948553
1403636611813555456.000000 0.011084677 0.059210729 0.048894264 0.018899988 -0.085924700 -0.017728891 0.995964587
1403636611863555584.000000 0.011144666 0.059199866 0.048906974 0.019341392 -0.085630700 -0.018525323 0.995966971
1403636611913555712.000000 0.011107814 0.059219435 0.048905931 0.018704619 -0.085888468 -0.018471299 0.995957911
1403636611963555584.000000 0.011081424 0.059203569 0.048917502 0.018801497 -0.086225025 -0.017899899 0.995937467
1403636612013555456.000000 0.011072706 0.059190445 0.048933800 0.018917400 -0.086325906 -0.017491702 0.995933771
1403636612063555840.000000 0.011111266 0.059219334 0.048935339 0.018816331 -0.085850246 -0.018470889 0.995959103
1403636612113555456.000000 0.011069674 0.059174873 0.048937738 0.018610189 -0.086629763 -0.017085526 0.995920241
1403636612163555584.000000 0.010997623 0.059179652 0.048951454 0.019101311 -0.086432338 -0.017202727 0.995926082
1403636612213555456.000000 0.011033549 0.059194323 0.048934340 0.018740477 -0.086539470 -0.016971078 0.995927572
1403636612263555840.000000 0.011194368 0.059238426 0.048955385 0.019363409 -0.085304178 -0.020247947 0.995961070
1403636612313555456.000000 0.011048044 0.059191864 0.048881479 0.018750060 -0.086642057 -0.017013321 0.995917737
1403636612363555584.000000 0.011148058 0.059228610 0.048965324 0.019112980 -0.085483901 -0.019729387 0.995960891
1403636612413555712.000000 0.011081115 0.059197333 0.048932131 0.018897740 -0.086464129 -0.017397804 0.995923817
1403636612463555584.000000 0.011173166 0.059232138 0.048953988 0.019130142 -0.085630871 -0.019582899 0.995950818
1403636612513555456.000000 0.011073424 0.059196688 0.048930451 0.018927475 -0.086263984 -0.017592259 0.995937228
1403636612563555840.000000 0.011153091 0.059216674 0.048938990 0.019035688 -0.085626774 -0.019386154 0.995956779
1403636612613555456.000000 0.011103060 0.059214145 0.048919953 0.018937582 -0.086144380 -0.018123634 0.995937765
1403636612663555584.000000 0.011152400 0.059211690 0.048931263 0.018829718 -0.085817263 -0.019039584 0.995950997
1403636612713555456.000000 0.011052335 0.059209928 0.048927512 0.019054970 -0.086160637 -0.017735684 0.995941162
1403636612763555840.000000 0.011146618 0.059210233 0.048915923 0.018818134 -0.085802384 -0.019148422 0.995950401
1403636612813555456.000000 0.011088053 0.059215128 0.048923884 0.019247700 -0.086024031 -0.017883202 0.995946586
1403636612863555584.000000 0.011126485 0.059193451 0.048940744 0.018839955 -0.085929602 -0.018657969 0.995948374
1403636612913555712.000000 0.011128996 0.059205715 0.048930995 0.018884115 -0.085903242 -0.018748639 0.995948076
1403636612963555584.000000 0.011122888 0.059212264 0.048935406 0.019062556 -0.086073883 -0.018139573 0.995941222
1403636613013555456.000000 0.011159119 0.059218254 0.048914615 0.019220391 -0.086081132 -0.018225381 0.995935977
1403636613063555840.000000 0.011106638 0.059223633 0.048929434 0.019122984 -0.086041808 -0.018142320 0.995942771
1403636613113555456.000000 0.011149862 0.059228744 0.048926778 0.019146346 -0.085836649 -0.018681210 0.995950103
1403636613163555584.000000 0.011062982 0.059219789 0.048926014 0.019390531 -0.086002991 -0.017700918 0.995948911
1403636613213555456.000000 0.011144076 0.059230693 0.048942611 0.019245679 -0.085917957 -0.018509341 0.995944381
1403636613263555840.000000 0.011108504 0.059228383 0.048908964 0.019180706 -0.086045139 -0.018202364 0.995940268
1403636613313555456.000000 0.011149750 0.059213214 0.048911989 0.019325526 -0.085964888 -0.018473333 0.995939434
1403636613363555584.000000 0.011108460 0.059217844 0.048928142 0.019126697 -0.086128823 -0.018003359 0.995937765
1403636613413555712.000000 0.011143479 0.059225343 0.048932925 0.019256053 -0.085963838 -0.018351085 0.995943129
1403636613463555584.000000 0.011113946 0.059222300 0.048920371 0.019169129 -0.086012781 -0.018104086 0.995945096
1403636613513555456.000000 0.011143742 0.059224188 0.048932627 0.019319925 -0.085826769 -0.018434590 0.995952129
1403636613563555840.000000 0.011111596 0.059212632 0.048927736 0.019115878 -0.085996613 -0.018172994 0.995946288
1403636613613555456.000000 0.011149246 0.059226800 0.048934054 0.019287074 -0.085960954 -0.018233318 0.995944917
1403636613663555584.000000 0.011114245 0.059216242 0.048907593 0.019177090 -0.085922971 -0.018130494 0.995952249
1403636613713555456.000000 0.011088395 0.059225839 0.048929390 0.019404097 -0.085901156 -0.017874604 0.995954335
1403636613763555840.000000 0.011083277 0.059226245 0.048933245 0.019409755 -0.085922375 -0.017921899 0.995951533
1403636613813555456.000000 0.011138317 0.059222747 0.048942916 0.019352274 -0.086031593 -0.017976763 0.995942235
1403636613863555584.000000 0.011093147 0.059218545 0.048935656 0.019432859 -0.086023547 -0.017962117 0.995941639
1403636613913555712.000000 0.011135571 0.059221033 0.048938494 0.019316202 -0.086065657 -0.018112820 0.995937526
1403636613963555584.000000 0.011131467 0.059215892 0.048929222 0.019202389 -0.086042769 -0.018051773 0.995942831
1403636614013555456.000000 0.011123150 0.059222553 0.048927158 0.019285567 -0.085986719 -0.018222611 0.995942950
1403636614063555840.000000 0.011126312 0.059223767 0.048916776 0.019250667 -0.086017162 -0.018187797 0.995941639
1403636614113555456.000000 0.011118725 0.059216302 0.048922859 0.019204373 -0.085900508 -0.018330244 0.995949984
1403636614163555584.000000 0.011129385 0.059218738 0.048939068 0.019257672 -0.085967220 -0.018122790 0.995947003
1403636614213555456.000000 0.011127909 0.059217021 0.048933730 0.019286580 -0.086041778 -0.018090548 0.995940566
1403636614263555840.000000 0.011133724 0.059221044 0.048931088 0.019301536 -0.085950218 -0.018246068 0.995945334
1403636614313555456.000000 0.011125987 0.059214380 0.048932530 0.019211095 -0.086018167 -0.018105801 0.995943785
1403636614363555584.000000 0.011136473 0.059215281 0.048937764 0.019338557 -0.086013757 -0.018266467 0.995938778
1403636614413555712.000000 0.011133781 0.059226125 0.048941992 0.019202340 -0.086084239 -0.018152270 0.995937407
1403636614463555584.000000 0.011139842 0.059226632 0.048920523 0.019289596 -0.086019404 -0.018228680 0.995939910
1403636614513555456.000000 0.011118348 0.059219364 0.048931669 0.019279037 -0.086046442 -0.018165227 0.995939016
1403636614563555840.000000 0.011129158 0.059227563 0.048919566 0.019251382 -0.085955262 -0.018275244 0.995945394
1403636614613555456.000000 0.011125077 0.059214983 0.048926152 0.019206740 -0.086027190 -0.018012695 0.995944798
1403636614663555584.000000 0.011135731 0.059212402 0.048922546 0.019155102 -0.085951880 -0.018231647 0.995948374
1403636614713555456.000000 0.011128454 0.059217177 0.048931554 0.019228512 -0.086060904 -0.018093109 0.995939970
1403636614763555840.000000 0.011132547 0.059220560 0.048936442 0.019266747 -0.085971266 -0.018099912 0.995946884
1403636614813555456.000000 0.011127555 0.059214320 0.048932534 0.019244766 -0.085982054 -0.018219005 0.995944202
1403636614863555584.000000 0.011128109 0.059221815 0.048920397 0.019153457 -0.085960366 -0.018226167 0.995947719
1403636614913555712.000000 0.011129126 0.059220150 0.048927505 0.019217260 -0.085958615 -0.018178109 0.995947540
1403636614963555584.000000 0.011130381 0.059217002 0.048932057 0.019207763 -0.085990891 -0.018173074 0.995945036
1403636615013555456.000000 0.011122685 0.059221674 0.048922941 0.019346140 -0.086026043 -0.018115893 0.995940328
1403636615063555840.000000 0.011139013 0.059214555 0.048943240 0.019154448 -0.086055353 -0.017979989 0.995943964
1403636615113555456.000000 0.011123470 0.059224788 0.048922591 0.019275440 -0.085896008 -0.018219173 0.995951056
1403636615163555584.000000 0.011125916 0.059229571 0.048931271 0.019241948 -0.085998751 -0.018012412 0.995946586
1403636615213555456.000000 0.011132984 0.059214931 0.048930578 0.019204808 -0.086009055 -0.018127538 0.995944321
1403636615263555840.000000 0.011119413 0.059213094 0.048926242 0.019243047 -0.085905343 -0.018180652 0.995951593
1403636615313555456.000000 0.011132613 0.059219081 0.048938558 0.019217081 -0.086029306 -0.018214362 0.995940745
1403636615363555584.000000 0.011122853 0.059213277 0.048934463 0.019217599 -0.085964672 -0.018079448 0.995948792
1403636615413555712.000000 0.011134046 0.059221450 0.048927486 0.019252697 -0.086006984 -0.018259857 0.995941162
1403636615463555584.000000 0.011131367 0.059221514 0.048941262 0.019300791 -0.086015388 -0.018153664 0.995941460
1403636615513555456.000000 0.011135975 0.059218742 0.048942592 0.019285077 -0.086056836 -0.018067585 0.995939732
1403636615563555840.000000 0.011128831 0.059218273 0.048933711 0.019267330 -0.085990287 -0.018142477 0.995944440
1403636615613555456.000000 0.011134969 0.059217028 0.048929628 0.019252738 -0.086049214 -0.018173680 0.995939136
1403636615663555584.000000 0.011130868 0.059216987 0.048925545 0.019158121 -0.086065933 -0.018027101 0.995942116
1403636615713555456.000000 0.011132017 0.059227809 0.048928831 0.019322248 -0.086038798 -0.018219313 0.995937824
1403636615763555840.000000 0.011096440 0.059217315 0.048936028 0.019365553 -0.086036354 -0.017760042 0.995945513
1403636615813555456.000000 0.011132156 0.059221424 0.048929177 0.019354774 -0.086031668 -0.018142229 0.995939136
1403636615863555584.000000 0.011124877 0.059225503 0.048925973 0.019248042 -0.086036891 -0.018040331 0.995942652
1403636615913555712.000000 0.011127635 0.059216887 0.048926815 0.019283885 -0.086022921 -0.018037429 0.995943248
1403636615963555584.000000 0.011130379 0.059214253 0.048926096 0.019229170 -0.086048909 -0.018104380 0.995940864
1403636616013555456.000000 0.011131732 0.059217323 0.048929095 0.019285407 -0.086037725 -0.018138602 0.995940030
1403636616063555840.000000 0.011139231 0.059222229 0.048929214 0.019286599 -0.086056940 -0.018142892 0.995938301
1403636616113555456.000000 0.011129138 0.059215523 0.048928559 0.019275362 -0.086017244 -0.018137813 0.995942056
1403636616163555584.000000 0.011129504 0.059222735 0.048914485 0.019258311 -0.085993640 -0.018142613 0.995944321
1403636616213555456.000000 0.011141830 0.059212189 0.048924308 0.019185940 -0.086108968 -0.018017927 0.995938003
1403636616263555840.000000 0.011132369 0.059221972 0.048925728 0.019256540 -0.086083747 -0.018073767 0.995937884
1403636616313555456.000000 0.011128519 0.059223291 0.048923925 0.019268068 -0.086053699 -0.018189657 0.995938063
1403636616363555584.000000 0.011125180 0.059222508 0.048926897 0.019260326 -0.085975401 -0.018206559 0.995944679
1403636616413555712.000000 0.011133427 0.059217054 0.048933242 0.019253142 -0.086070433 -0.018023625 0.995939970
1403636616463555584.000000 0.011129860 0.059223760 0.048929136 0.019259764 -0.086043790 -0.018095659 0.995940864
1403636616513555456.000000 0.011132156 0.059222054 0.048927888 0.019355882 -0.086090706 -0.018216256 0.995932758
1403636616563555840.000000 0.011129704 0.059223577 0.048918288 0.019368131 -0.085997857 -0.018134588 0.995941997
1403636616613555456.000000 0.011125500 0.059227675 0.048925143 0.019341145 -0.086018339 -0.018177206 0.995939970
1403636616663555584.000000 0.011132973 0.059222665 0.048932638 0.019277629 -0.086058468 -0.018045777 0.995940089
1403636616713555456.000000 0.011095966 0.059222702 0.048934776 0.019435212 -0.086011954 -0.017945608 0.995942891
1403636616763555840.000000 0.011128661 0.059217710 0.048933752 0.019286413 -0.086017355 -0.018179540 0.995941103
1403636616813555456.000000 0.011134324 0.059220750 0.048923001 0.019239262 -0.086159892 -0.018072367 0.995931625
1403636616863555584.000000 0.011129485 0.059228554 0.048933804 0.019359646 -0.086025573 -0.018274046 0.995937169
1403636616913555712.000000 0.011125921 0.059223726 0.048925329 0.019312767 -0.086032197 -0.018119566 0.995940387
1403636616963555584.000000 0.011135561 0.059223209 0.048936833 0.019271538 -0.086082615 -0.018015601 0.995938718
1403636617013555456.000000 0.011126095 0.059219483 0.048915733 0.019227609 -0.086042799 -0.018197248 0.995939672
1403636617063555840.000000 0.011131755 0.059226647 0.048933279 0.019310430 -0.086123563 -0.018155778 0.995931864
1403636617113555456.000000 0.011123586 0.059229076 0.048930585 0.019284114 -0.086011209 -0.018094739 0.995943189
1403636617163555584.000000 0.011129504 0.059223238 0.048924368 0.019265005 -0.086037174 -0.018126495 0.995940745
1403636617213555456.000000 0.011130712 0.059219394 0.048929892 0.019307761 -0.086037554 -0.018132053 0.995939732
1403636617263555840.000000 0.011140030 0.059218973 0.048942391 0.019229826 -0.086122848 -0.018123552 0.995934069
1403636617313555456.000000 0.011126137 0.059220139 0.048923656 0.019258905 -0.086015984 -0.018165743 0.995941997
1403636617363555584.000000 0.011128837 0.059213072 0.048923150 0.019237440 -0.085986950 -0.018107746 0.995945930
1403636617413555712.000000 0.011131653 0.059223432 0.048941564 0.019226285 -0.086054556 -0.018039355 0.995941579
1403636617463555584.000000 0.011128643 0.059222128 0.048929457 0.019297909 -0.086020038 -0.018081916 0.995942414
1403636617513555456.000000 0.011136314 0.059223898 0.048933767 0.019283710 -0.086061180 -0.018103821 0.995938718
1403636617563555840.000000 0.011140466 0.059213303 0.048936982 0.019207774 -0.086101770 -0.017956136 0.995939374
1403636617613555456.000000 0.011133035 0.059219807 0.048921041 0.019271465 -0.086049385 -0.018145902 0.995939195
1403636617663555584.000000 0.011136197 0.059217852 0.048936788 0.019256027 -0.086100236 -0.018016204 0.995937467
1403636617713555456.000000 0.011130762 0.059219353 0.048935167 0.019255804 -0.085996665 -0.018194547 0.995943189
1403636617763555840.000000 0.011135775 0.059211224 0.048937470 0.019272193 -0.086111374 -0.018085288 0.995934963
1403636617813555456.000000 0.011130013 0.059218653 0.048934571 0.019353157 -0.086043812 -0.018128555 0.995938361
1403636617863555584.000000 0.011126867 0.059220791 0.048934463 0.019227721 -0.086069755 -0.018082809 0.995939374
1403636617913555712.000000 0.011129417 0.059219748 0.048934717 0.019281773 -0.086047269 -0.018270819 0.995936871
1403636617963555584.000000 0.011137452 0.059213907 0.048927933 0.019227857 -0.086099274 -0.018141050 0.995935857
1403636618013555456.000000 0.011128120 0.059221633 0.048930094 0.019253194 -0.086055592 -0.018094113 0.995939970
1403636618063555840.000000 0.011132404 0.059225272 0.048939176 0.019364210 -0.086009249 -0.018166654 0.995940506
1403636618113555456.000000 0.011129504 0.059224766 0.048933361 0.019281220 -0.086064488 -0.018067403 0.995939136
1403636618163555584.000000 0.011129762 0.059222192 0.048931576 0.019283107 -0.086044282 -0.018080121 0.995940626
1403636618213555456.000000 0.011125114 0.059225701 0.048925277 0.019262442 -0.086020522 -0.018203501 0.995940804
1403636618263555840.000000 0.011130132 0.059218086 0.048924487 0.019246105 -0.086039707 -0.018117413 0.995941103
1403636618313555456.000000 0.011127459 0.059220273 0.048925560 0.019237522 -0.086010061 -0.018077971 0.995944560
1403636618363555584.000000 0.011136336 0.059213974 0.048935365 0.019254670 -0.086052999 -0.018048694 0.995940983
1403636618413555712.000000 0.011129304 0.059218507 0.048938330 0.019324759 -0.086029880 -0.018044928 0.995941699
1403636618463555584.000000 0.011103675 0.059211981 0.048951164 0.019356471 -0.086033911 -0.017808685 0.995944977
1403636618513555456.000000 0.011119187 0.059234235 0.048927829 0.019256301 -0.086374216 -0.018207356 0.995910227
1403636618563555840.000000 0.011120250 0.059232347 0.048936989 0.019258348 -0.086185440 -0.018168116 0.995927274
1403636618613555456.000000 0.011120731 0.059221029 0.048945073 0.019228706 -0.086150117 -0.018191813 0.995930493
1403636618663555584.000000 0.011128936 0.059210438 0.048927251 0.019152829 -0.086114772 -0.018106773 0.995936513
1403636618713555456.000000 0.011094201 0.059217796 0.048946872 0.019308046 -0.085880898 -0.017859666 0.995958209
1403636618763555840.000000 0.011118177 0.059214190 0.048926830 0.019258939 -0.085932449 -0.018094996 0.995950460
1403636618813555456.000000 0.011119571 0.059212219 0.048913598 0.019162100 -0.086082317 -0.017919274 0.995942593
1403636618863555584.000000 0.011124642 0.059222169 0.048919778 0.019350721 -0.086029872 -0.017978162 0.995942354
1403636618913555712.000000 0.011111888 0.059230249 0.048910212 0.019241581 -0.086327322 -0.018018452 0.995917976
1403636618963555584.000000 0.011110068 0.059222229 0.048928574 0.019236103 -0.086241476 -0.018147666 0.995923221
1403636619013555456.000000 0.011105000 0.059220657 0.048919410 0.019214453 -0.086311236 -0.017968776 0.995920897
1403636619063555840.000000 0.011111995 0.059219182 0.048928600 0.019116914 -0.086245343 -0.018028326 0.995927393
1403636619113555456.000000 0.011114281 0.059211247 0.048924614 0.019187743 -0.086079970 -0.017899899 0.995942652
1403636619163555584.000000 0.011120871 0.059212282 0.048935872 0.019180736 -0.085956350 -0.018199239 0.995948017
1403636619213555456.000000 0.011115015 0.059209302 0.048928939 0.019150034 -0.085911453 -0.018053444 0.995955110
1403636619263555840.000000 0.011078842 0.059206381 0.048917998 0.019266397 -0.085859261 -0.017691031 0.995963931
1403636619313555456.000000 0.011118621 0.059222508 0.048915885 0.019234497 -0.086026527 -0.018062523 0.995943427
1403636619363555584.000000 0.011102018 0.059218545 0.048903380 0.019118821 -0.086201616 -0.018081734 0.995930195
1403636619413555712.000000 0.011073723 0.059229229 0.048931297 0.019405207 -0.086223543 -0.017938761 0.995925307
1403636619463555584.000000 0.011058765 0.059231877 0.048930813 0.019414254 -0.086074792 -0.018036848 0.995936275
1403636619513555456.000000 0.011072415 0.059213299 0.048918892 0.019321498 -0.086038478 -0.017944830 0.995942831
1403636619563555840.000000 0.011088395 0.059227958 0.048933063 0.019435260 -0.086064488 -0.017700303 0.995942771
1403636619613555456.000000 0.011094284 0.059219409 0.048922714 0.019483965 -0.086020403 -0.017849116 0.995942950
1403636619663555584.000000 0.011090219 0.059215903 0.048929725 0.019460814 -0.086061239 -0.017905906 0.995938838
1403636619713555456.000000 0.011143203 0.059219554 0.048927248 0.019290756 -0.086069480 -0.018169293 0.995936632
1403636619763555840.000000 0.011123857 0.059223723 0.048916768 0.019409114 -0.085965067 -0.018069966 0.995945215
1403636619813555456.000000 0.011125908 0.059222989 0.048926070 0.019328833 -0.086010516 -0.018174026 0.995940924
1403636619863555584.000000 0.011130221 0.059227202 0.048925180 0.019317923 -0.085999548 -0.018093219 0.995943606
1403636619913555712.000000 0.011138952 0.059219070 0.048919931 0.019315908 -0.086084113 -0.018120797 0.995935857
1403636619963555584.000000 0.011133054 0.059221655 0.048928935 0.019335374 -0.086143926 -0.017962774 0.995933115
1403636620013555456.000000 0.011123961 0.059216809 0.048934355 0.019220576 -0.085992664 -0.018205594 0.995944023
1403636620063555840.000000 0.011134065 0.059214715 0.048922084 0.019251758 -0.086058758 -0.017966237 0.995941997
1403636620113555456.000000 0.011092695 0.059219435 0.048935026 0.019397832 -0.085980639 -0.018031212 0.995944798
1403636620163555584.000000 0.011126257 0.059225772 0.048920244 0.019251004 -0.086053424 -0.018153416 0.995939136
1403636620213555456.000000 0.011125087 0.059226163 0.048917368 0.019316796 -0.086038284 -0.018188983 0.995938480
1403636620263555840.000000 0.011137532 0.059219137 0.048922606 0.019279720 -0.086063251 -0.018068966 0.995939255
1403636620313555456.000000 0.011147430 0.059220623 0.048930284 0.019287961 -0.086115666 -0.018102909 0.995933950
1403636620363555584.000000 0.011135936 0.059220895 0.048942894 0.019295551 -0.086032890 -0.018406725 0.995935380
1403636620413555712.000000 0.011096746 0.059224196 0.048933342 0.019491548 -0.085974887 -0.017882511 0.995946109
1403636620463555584.000000 0.011104648 0.059217650 0.048936162 0.019422470 -0.086103767 -0.017871358 0.995936513
1403636620513555456.000000 0.011140996 0.059221972 0.048922952 0.019290097 -0.086130857 -0.017964525 0.995935082
1403636620563555840.000000 0.011154188 0.059220951 0.048912045 0.019277271 -0.086216874 -0.017927703 0.995928586
1403636620613555456.000000 0.011121641 0.059225701 0.048905417 0.019314468 -0.085953102 -0.018181050 0.995946050
1403636620663555584.000000 0.011095497 0.059223671 0.048923422 0.019376772 -0.085943758 -0.018056650 0.995947897
1403636620713555456.000000 0.011134436 0.059218422 0.048912797 0.019265635 -0.086079933 -0.018003399 0.995939255
1403636620763555840.000000 0.011150650 0.059217200 0.048933383 0.019258799 -0.086161301 -0.018049175 0.995931506
1403636620813555456.000000 0.011141619 0.059214205 0.048930615 0.019234238 -0.086163037 -0.018010609 0.995932579
1403636620863555584.000000 0.011133418 0.059222147 0.048935685 0.019221306 -0.086089030 -0.018256901 0.995934725
1403636620913555712.000000 0.011139109 0.059222016 0.048927043 0.019299118 -0.086117126 -0.018019944 0.995935082
1403636620963555584.000000 0.011137232 0.059217211 0.048914235 0.019316005 -0.086046688 -0.018070452 0.995939970
1403636621013555456.000000 0.011138059 0.059226435 0.048922047 0.019307580 -0.086054847 -0.018045533 0.995939791
1403636621063555840.000000 0.011155128 0.059215453 0.048902243 0.019522298 -0.085755035 -0.018846484 0.995946705
1403636621113555456.000000 0.011127915 0.059216406 0.048929978 0.019364769 -0.086027950 -0.018212307 0.995938003
1403636621163555584.000000 0.011157206 0.059213977 0.048904881 0.019347075 -0.085846879 -0.018607168 0.995946705
1403636621213555456.000000 0.011087352 0.059228994 0.048943046 0.019575173 -0.085996792 -0.018002931 0.995940447
1403636621263555840.000000 0.011160383 0.059206273 0.048934031 0.019253768 -0.085861936 -0.018554274 0.995948195
1403636621313555456.000000 0.011144834 0.059206743 0.048949458 0.019215925 -0.086029813 -0.018344544 0.995938361
1403636621363555584.000000 0.011170341 0.059205215 0.048940893 0.019305982 -0.085997112 -0.018335508 0.995939553
1403636621413555712.000000 0.011141111 0.059207425 0.048953526 0.019283855 -0.086101189 -0.017924746 0.995938540
1403636621463555584.000000 0.011162519 0.059208840 0.048950307 0.019280208 -0.085972384 -0.018223759 0.995944262
1403636621513555456.000000 0.011149054 0.059202235 0.048957504 0.019253027 -0.086062379 -0.018241363 0.995936751
1403636621563555840.000000 0.011163076 0.059209850 0.048953798 0.019272132 -0.085993811 -0.018291453 0.995941401
1403636621613555456.000000 0.011154099 0.059200846 0.048938293 0.019175658 -0.086104110 -0.018156130 0.995936096
1403636621663555584.000000 0.011167029 0.059206534 0.048948012 0.019283997 -0.086030871 -0.018315539 0.995937467
1403636621713555456.000000 0.011150223 0.059202090 0.048944402 0.019260129 -0.086074077 -0.018171962 0.995936871
1403636621763555840.000000 0.011150949 0.059206855 0.048935417 0.019127835 -0.086015113 -0.018222522 0.995943546
1403636621813555456.000000 0.011155493 0.059199169 0.048944913 0.019182138 -0.086073630 -0.018112058 0.995939434
1403636621863555584.000000 0.011162236 0.059212074 0.048952561 0.019285433 -0.086022630 -0.018267246 0.995939016
1403636621913555712.000000 0.011160551 0.059201263 0.048950091 0.019202124 -0.086033016 -0.018265929 0.995939732
1403636621963555584.000000 0.011145071 0.059210241 0.048976999 0.019280255 -0.086084567 -0.018137187 0.995936215
1403636622013555456.000000 0.011165688 0.059207380 0.048954155 0.019280737 -0.086080849 -0.018214805 0.995935082
1403636622063555840.000000 0.011140170 0.059208073 0.048962545 0.019290639 -0.086001337 -0.018292574 0.995940328
1403636622113555456.000000 0.011164072 0.059203889 0.048932280 0.019205434 -0.086062111 -0.018231263 0.995937824
1403636622163555584.000000 0.011152056 0.059213161 0.048951529 0.019284684 -0.086037584 -0.018222429 0.995938599
1403636622213555456.000000 0.011157346 0.059202477 0.048939828 0.019251866 -0.086045235 -0.018171063 0.995939434
1403636622263555840.000000 0.011152073 0.059210598 0.048948664 0.019264814 -0.086040281 -0.018147558 0.995940030
1403636622313555456.000000 0.011164438 0.059211161 0.048955642 0.019315781 -0.085994259 -0.018321995 0.995939910
1403636622363555584.000000 0.011165967 0.059212074 0.048943426 0.019286841 -0.086012803 -0.018160358 0.995941877
1403636622413555712.000000 0.011159440 0.059212521 0.048958223 0.019288264 -0.086026281 -0.018129582 0.995941222
1403636622463555584.000000 0.011159469 0.059209391 0.048937507 0.019187510 -0.086005986 -0.018259697 0.995942473
1403636622513555456.000000 0.011164876 0.059201859 0.048951045 0.019233450 -0.086004265 -0.018203003 0.995942771
1403636622563555840.000000 0.011160457 0.059215117 0.048954919 0.019295663 -0.086051941 -0.018234495 0.995936871
1403636622613555456.000000 0.011172598 0.059202693 0.048946600 0.019153127 -0.086058557 -0.018263768 0.995938540
1403636622663555584.000000 0.011164228 0.059203420 0.048940960 0.019235358 -0.085996032 -0.018280044 0.995942056
1403636622713555456.000000 0.011163074 0.059209436 0.048952006 0.019217741 -0.086086974 -0.018223183 0.995935559
1403636622763555840.000000 0.011168379 0.059198797 0.048927594 0.019269038 -0.085940018 -0.018520162 0.995941877
1403636622813555456.000000 0.011171344 0.059200980 0.048948847 0.019277472 -0.085953012 -0.018219572 0.995946050
1403636622863555584.000000 0.011157953 0.059201434 0.048933677 0.019397300 -0.085781224 -0.018433409 0.995954633
1403636622913555712.000000 0.011167428 0.059181552 0.048956804 0.019426342 -0.085761741 -0.018247778 0.995959163
1403636622963555584.000000 0.011164285 0.059181493 0.048933677 0.019571334 -0.085685186 -0.018103348 0.995965540
1403636623013555456.000000 0.011164940 0.059184778 0.048951782 0.019665388 -0.085597858 -0.018337600 0.995966911
1403636623063555840.000000 0.011181891 0.059178278 0.048969947 0.019587427 -0.085819863 -0.017891943 0.995957494
1403636623113555456.000000 0.011191619 0.059168693 0.048976559 0.019711806 -0.085698523 -0.017987870 0.995963693
1403636623163555584.000000 0.011178331 0.059175365 0.048959333 0.019792983 -0.085613072 -0.018020006 0.995968878
1403636623213555456.000000 0.011184356 0.059173636 0.048965741 0.019689551 -0.085708000 -0.017955016 0.995963931
1403636623263555840.000000 0.011168399 0.059176631 0.048961323 0.019673198 -0.085643366 -0.018089488 0.995967388
1403636623313555456.000000 0.011192095 0.059173223 0.048970308 0.019811815 -0.085578278 -0.018114965 0.995969832
1403636623363555584.000000 0.011182716 0.059165433 0.048975132 0.019602222 -0.085545719 -0.017678242 0.995984495
1403636623413555712.000000 0.011193599 0.059175931 0.048988122 0.019798951 -0.085528374 -0.018145029 0.995973766
1403636623463555584.000000 0.011184434 0.059152227 0.048955567 0.019642329 -0.085496455 -0.017923551 0.995983601
1403636623513555456.000000 0.011186020 0.059142478 0.048957009 0.019623095 -0.085455567 -0.017905729 0.995987833
1403636623563555840.000000 0.011195452 0.059150334 0.048955776 0.019635130 -0.085452460 -0.017876908 0.995988429
1403636623613555456.000000 0.011187209 0.059139840 0.048967525 0.019503735 -0.085296579 -0.017958067 0.996002853
1403636623663555584.000000 0.011183335 0.059148636 0.048966989 0.019327439 -0.085332215 -0.017944377 0.996003509
1403636623713555456.000000 0.011201840 0.059151623 0.048986703 0.019519422 -0.085214436 -0.017819086 0.996012032
1403636623763555840.000000 0.011210299 0.059134830 0.048990618 0.019350987 -0.084990099 -0.017728709 0.996036172
1403636623813555456.000000 0.011202565 0.059142929 0.048994746 0.018977787 -0.084628239 -0.018065495 0.996068060
1403636623863555584.000000 0.011219013 0.059135452 0.049024843 0.019232627 -0.084516570 -0.017777883 0.996077836
1403636623913555712.000000 0.011214752 0.059147526 0.048980873 0.019073749 -0.084298104 -0.017978778 0.996095777
1403636623963555584.000000 0.011209875 0.059126500 0.048992146 0.018858336 -0.084338866 -0.017431557 0.996106148
1403636624013555456.000000 0.011223575 0.059134781 0.048977114 0.019010970 -0.084258862 -0.017938329 0.996101081
1403636624063555840.000000 0.011221248 0.059142351 0.048993111 0.019175449 -0.084073357 -0.017616697 0.996119320
1403636624113555456.000000 0.011234951 0.059129421 0.048972018 0.018709948 -0.083344564 -0.017690593 0.996188045
1403636624163555584.000000 0.011215957 0.059092317 0.048955083 0.018328672 -0.083042011 -0.017268049 0.996227860
1403636624213555456.000000 0.011230990 0.059093103 0.048958585 0.018097322 -0.082951747 -0.017519625 0.996235192
1403636624263555840.000000 0.011262512 0.059097450 0.048950370 0.017831136 -0.083159514 -0.017584017 0.996221602
1403636624313555456.000000 0.011324657 0.059124757 0.048903637 0.015497656 -0.081761070 -0.018502206 0.996359706
1403636624363555584.000000 0.011540048 0.059203755 0.048744582 0.010557971 -0.080292106 -0.018901756 0.996536255
1403636624413555712.000000 0.011927530 0.059276264 0.048509754 0.006847708 -0.078562997 -0.019508008 0.996694803
1403636624463555584.000000 0.012432686 0.059387546 0.048180059 0.002156361 -0.077053741 -0.019107632 0.996841550
1403636624513555456.000000 0.013043869 0.059497543 0.047792781 -0.002496241 -0.075000480 -0.019732650 0.996985197
1403636624563555840.000000 0.013778307 0.059650026 0.047396451 -0.005560617 -0.073465616 -0.019970194 0.997082293
1403636624613555456.000000 0.014574381 0.059724767 0.047002904 -0.006602094 -0.072137415 -0.021728229 0.997136176
1403636624663555584.000000 0.015503655 0.059866462 0.046473887 -0.004384520 -0.070405155 -0.023823423 0.997224331
1403636624713555456.000000 0.016676988 0.060282100 0.045911491 -0.004106875 -0.068827480 -0.028207475 0.997221291
1403636624763555840.000000 0.017871164 0.060535714 0.045213941 -0.001238648 -0.067812622 -0.030520156 0.997230411
1403636624813555456.000000 0.019386528 0.060951725 0.044432387 -0.004277375 -0.065939978 -0.037644457 0.997104049
1403636624863555584.000000 0.020914488 0.061041832 0.043246854 -0.007661081 -0.063944690 -0.045092266 0.996904790
1403636624913555712.000000 0.022572240 0.061001770 0.041883830 -0.014005927 -0.061479803 -0.053263370 0.996587753
1403636624963555584.000000 0.024080940 0.060509019 0.040319700 -0.020049207 -0.058749598 -0.060892530 0.996212125
1403636625013555456.000000 0.025418023 0.059531201 0.038534351 -0.026009094 -0.057023451 -0.066682540 0.995803893
1403636625063555840.000000 0.026531154 0.058239035 0.036796551 -0.031896811 -0.056330405 -0.069558889 0.995475292
1403636625113555456.000000 0.027345993 0.056534890 0.035042513 -0.037061516 -0.056651045 -0.070305683 0.995225728
1403636625163555584.000000 0.027840260 0.054376587 0.033312391 -0.039732501 -0.058146264 -0.066903904 0.995270908
1403636625213555456.000000 0.028135449 0.051848967 0.031751595 -0.038533833 -0.059930887 -0.062875710 0.995474815
1403636625263555840.000000 0.028336065 0.049151313 0.030335572 -0.034877982 -0.061554700 -0.059118200 0.995740712
1403636625313555456.000000 0.028413324 0.047079563 0.029349580 -0.030971257 -0.063204236 -0.056040004 0.995944560
1403636625363555584.000000 0.028428638 0.045998164 0.028768923 -0.028493345 -0.064726807 -0.054292548 0.996017575
1403636625413555712.000000 0.028529475 0.045691349 0.028583672 -0.030443398 -0.065481946 -0.054554641 0.995896161
1403636625463555584.000000 0.028596595 0.046105828 0.028658077 -0.033552803 -0.065820418 -0.054935776 0.995752990
1403636625513555456.000000 0.028552447 0.046833623 0.029060623 -0.035173371 -0.066257298 -0.055077612 0.995660245
1403636625563555840.000000 0.028480625 0.047607355 0.029793642 -0.036192529 -0.066800229 -0.055417646 0.995568573
1403636625613555456.000000 0.028276455 0.047762945 0.030384213 -0.036194175 -0.067261152 -0.056396279 0.995482564
1403636625663555584.000000 0.027947633 0.047129031 0.031033121 -0.034458324 -0.067512378 -0.057405986 0.995469451
1403636625713555456.000000 0.027404230 0.045512017 0.031609349 -0.031461753 -0.068486482 -0.057006255 0.995525002
1403636625763555840.000000 0.026688131 0.043089308 0.032143772 -0.026320416 -0.068673193 -0.057206199 0.995649934
1403636625813555456.000000 0.025962858 0.039999969 0.032604165 -0.021347633 -0.069488615 -0.056261584 0.995766222
1403636625863555584.000000 0.024633847 0.035857040 0.032531038 -0.015651787 -0.070377983 -0.055048667 0.995877326
1403636625913555712.000000 0.023721183 0.031294834 0.032550354 -0.012086685 -0.071469434 -0.053129118 0.995953500
1403636625963555584.000000 0.022787692 0.026549008 0.032427702 -0.008985890 -0.072044805 -0.052242376 0.995991766
1403636626013555456.000000 0.021828569 0.021681154 0.032221209 -0.006633662 -0.072734535 -0.051556308 0.995995820
1403636626063555840.000000 0.021029593 0.017194735 0.032570213 -0.005211206 -0.074414685 -0.047531124 0.996080339
1403636626113555456.000000 0.020079805 0.012774702 0.032462195 -0.004596299 -0.076557450 -0.042414743 0.996152043
1403636626163555584.000000 0.019028457 0.008198949 0.031627674 -0.004464264 -0.078392521 -0.037416860 0.996210217
1403636626213555456.000000 0.018479580 0.004375231 0.032112490 -0.004019661 -0.079859205 -0.033429991 0.996237338
1403636626263555840.000000 0.018001487 0.000984072 0.031821217 -0.003978739 -0.080968708 -0.030808643 0.996232450
1403636626313555456.000000 0.017840127 -0.001403397 0.032219343 -0.003562450 -0.081720032 -0.029734714 0.996205270
1403636626363555584.000000 0.017875357 -0.003656162 0.032768264 -0.003685240 -0.081750982 -0.029801492 0.996200323
1403636626413555712.000000 0.018098610 -0.005096631 0.033156849 -0.003041337 -0.081435420 -0.031314921 0.996181965
1403636626463555584.000000 0.018362451 -0.005946961 0.033622004 -0.001824280 -0.080621503 -0.034193717 0.996156514
1403636626513555456.000000 0.018906267 -0.006759787 0.034254584 0.001935625 -0.079942785 -0.037437692 0.996094286
1403636626563555840.000000 0.019593710 -0.007120283 0.034889106 0.006082474 -0.079250939 -0.041476257 0.995972931
1403636626613555456.000000 0.020515118 -0.007549272 0.035402350 0.009626197 -0.079166032 -0.044604201 0.995816529
1403636626663555584.000000 0.021423286 -0.007561699 0.035940953 0.012578423 -0.079120412 -0.047873188 0.995635450
1403636626713555456.000000 0.022287279 -0.007380289 0.035952479 0.012358676 -0.079617545 -0.049401592 0.995523870
1403636626763555840.000000 0.023118977 -0.006753555 0.035976280 0.009958338 -0.080315076 -0.050717920 0.995428622
1403636626813555456.000000 0.024321131 -0.006097852 0.035948262 0.007342359 -0.081066877 -0.050469689 0.995402992
1403636626863555584.000000 0.025108909 -0.005155770 0.035535868 0.003514765 -0.081506066 -0.051521119 0.995334148
1403636626913555712.000000 0.026214436 -0.004155380 0.035285909 -0.001067112 -0.081618920 -0.052504614 0.995279133
1403636626963555584.000000 0.027167715 -0.002828787 0.034725282 -0.005822351 -0.081183232 -0.053624079 0.995238662
1403636627013555456.000000 0.028262220 -0.001333027 0.034453444 -0.010137360 -0.081296049 -0.054224893 0.995162308
1403636627063555840.000000 0.029377654 -0.000044658 0.034220234 -0.014016594 -0.080776721 -0.054982528 0.995115876
1403636627113555456.000000 0.030453855 0.000913663 0.033754952 -0.019001495 -0.081185699 -0.055723965 0.994958639
1403636627163555584.000000 0.031320095 0.001235734 0.033200730 -0.017857136 -0.081551418 -0.055259291 0.994975865
1403636627213555456.000000 0.032246266 0.001050765 0.032722045 -0.015198635 -0.081535026 -0.055631764 0.995000601
1403636627263555840.000000 0.032955714 0.000210718 0.031846508 -0.011312178 -0.081624262 -0.055688556 0.995041847
1403636627313555456.000000 0.033705067 -0.000901082 0.031066017 -0.007911302 -0.082424022 -0.054575231 0.995070517
1403636627363555584.000000 0.034617495 -0.002433349 0.029966166 -0.006524214 -0.083059177 -0.053151313 0.995104849
1403636627413555712.000000 0.035254091 -0.004383132 0.028731417 -0.006330200 -0.083270513 -0.052143149 0.995141745
1403636627463555584.000000 0.036065839 -0.006619787 0.027398024 -0.005249718 -0.083442673 -0.050527632 0.995216966
1403636627513555456.000000 0.036841352 -0.008813268 0.025882652 -0.006282533 -0.081400461 -0.048617512 0.995475233
1403636627563555840.000000 0.037869453 -0.010520135 0.024723358 -0.007117620 -0.078240722 -0.046816181 0.995809197
1403636627613555456.000000 0.039052181 -0.011390608 0.023863805 -0.008735040 -0.074322753 -0.044876572 0.996185720
1403636627663555584.000000 0.040315781 -0.011413458 0.023126516 -0.011649049 -0.070728846 -0.043965258 0.996458173
1403636627713555456.000000 0.041510805 -0.010968643 0.022621248 -0.016528888 -0.065809101 -0.043156575 0.996761501
1403636627763555840.000000 0.042814653 -0.009768089 0.022157745 -0.022457881 -0.059831068 -0.042364717 0.997056246
1403636627813555456.000000 0.044071160 -0.008557416 0.021930920 -0.028139828 -0.053116780 -0.041890133 0.997312427
1403636627863555584.000000 0.045658145 -0.007338420 0.022190183 -0.033612523 -0.046804231 -0.040658571 0.997510135
1403636627913555712.000000 0.047054008 -0.006283837 0.022376131 -0.038371790 -0.040990651 -0.040200919 0.997612774
1403636627963555584.000000 0.048433214 -0.005832277 0.022758478 -0.041014742 -0.036073901 -0.039872237 0.997710764
1403636628013555456.000000 0.049599912 -0.005973849 0.023097860 -0.041849971 -0.031700488 -0.039555054 0.997837245
1403636628063555840.000000 0.050541382 -0.006670965 0.023712769 -0.039672740 -0.028162271 -0.038929012 0.998056889
1403636628113555456.000000 0.051522460 -0.008136533 0.024542157 -0.033149049 -0.025616741 -0.037267927 0.998426735
1403636628163555584.000000 0.052346088 -0.010166015 0.025281543 -0.024059551 -0.024044687 -0.035090614 0.998805165
1403636628213555456.000000 0.053288836 -0.012356782 0.026021369 -0.015763506 -0.023214379 -0.032088168 0.999091148
1403636628263555840.000000 0.054006215 -0.014687470 0.026721837 -0.009445029 -0.022966780 -0.027939625 0.999301136
1403636628313555456.000000 0.054806288 -0.017615134 0.027134812 -0.005610228 -0.023663580 -0.023229554 0.999434352
1403636628363555584.000000 0.055792492 -0.020356772 0.027992897 -0.003935709 -0.024034405 -0.020467469 0.999493897
1403636628413555712.000000 0.056821026 -0.022807578 0.028594712 -0.003522536 -0.024455221 -0.018138113 0.999530196
1403636628463555584.000000 0.057803616 -0.024893021 0.029267088 -0.003361765 -0.025176918 -0.016532093 0.999540687
1403636628513555456.000000 0.059125736 -0.026945692 0.029378597 -0.003674908 -0.025438860 -0.015502130 0.999549448
1403636628563555840.000000 0.060506083 -0.028482756 0.030047107 -0.004346807 -0.026311435 -0.014335780 0.999541521
1403636628613555456.000000 0.062095992 -0.029786993 0.030441131 -0.005032001 -0.027549084 -0.013795092 0.999512672
1403636628663555584.000000 0.063847758 -0.030840185 0.031187665 -0.004999570 -0.028065195 -0.013896858 0.999496996
1403636628713555456.000000 0.066326983 -0.032017387 0.032040410 -0.005385026 -0.027131056 -0.015757781 0.999493182
1403636628763555840.000000 0.068589151 -0.032580350 0.032058131 -0.007893292 -0.023728235 -0.018423455 0.999517500
1403636628813555456.000000 0.070860125 -0.032465309 0.033311423 -0.011244413 -0.019108925 -0.020790359 0.999538004
1403636628863555584.000000 0.073709644 -0.032553148 0.034230731 -0.015559651 -0.014554573 -0.022170415 0.999527156
1403636628913555712.000000 0.076562382 -0.033102337 0.034307014 -0.020192856 -0.010543436 -0.023395034 0.999466717
1403636628963555584.000000 0.078942694 -0.033577051 0.034918241 -0.023588577 -0.006706079 -0.024091544 0.999409020
1403636629013555456.000000 0.081539951 -0.034633931 0.035635021 -0.026558304 -0.003695166 -0.023885887 0.999355078
1403636629063555840.000000 0.084498182 -0.036289591 0.036025073 -0.028041879 -0.001180060 -0.022986602 0.999341726
1403636629113555456.000000 0.086872280 -0.037799582 0.037047438 -0.028556522 0.002088749 -0.023571959 0.999312043
1403636629163555584.000000 0.089430317 -0.039286919 0.038548969 -0.028611377 0.006344064 -0.022173341 0.999324560
1403636629213555456.000000 0.091987729 -0.040973950 0.039452821 -0.027625712 0.011889568 -0.020299487 0.999341547
1403636629263555840.000000 0.095064595 -0.042524487 0.040811405 -0.025519883 0.016641650 -0.017945884 0.999374688
1403636629313555456.000000 0.097291932 -0.043473996 0.042386126 -0.023296602 0.021007149 -0.015079369 0.999394119
1403636629363555584.000000 0.099693984 -0.045135949 0.043548901 -0.021134147 0.024473760 -0.012298413 0.999401450
1403636629413555712.000000 0.102059454 -0.046067331 0.045049559 -0.018117601 0.027084416 -0.007564893 0.999440372
1403636629463555584.000000 0.105337203 -0.046134345 0.047868587 -0.013959355 0.030540073 -0.001649680 0.999434710
1403636629513555456.000000 0.108486675 -0.046556164 0.049633224 -0.012104075 0.035591472 0.003454386 0.999287128
1403636629563555840.000000 0.110980168 -0.046041127 0.052458048 -0.012175377 0.042082787 0.008186663 0.999006450
1403636629613555456.000000 0.114461087 -0.045059551 0.055223897 -0.014807299 0.050235461 0.010504485 0.998572409
1403636629663555584.000000 0.118117251 -0.044429917 0.057727106 -0.019678354 0.059572276 0.012295445 0.997954309
1403636629713555456.000000 0.121822201 -0.043935187 0.058992699 -0.025179256 0.069669642 0.014000332 0.997154057
1403636629763555840.000000 0.125778556 -0.042958230 0.061042417 -0.029921485 0.080457523 0.015722504 0.996184826
1403636629813555456.000000 0.129594237 -0.041605048 0.064277388 -0.032766066 0.091934904 0.018508755 0.995053768
1403636629863555584.000000 0.133775041 -0.040041320 0.067527927 -0.035263728 0.102748252 0.022400051 0.993829727
1403636629913555712.000000 0.137739182 -0.038771112 0.070936561 -0.036898233 0.113468029 0.024891015 0.992544174
1403636629963555584.000000 0.141475827 -0.037892323 0.074216358 -0.037572131 0.122845158 0.027017957 0.991346300
1403636630013555456.000000 0.145772532 -0.036562882 0.078256160 -0.036532655 0.130154997 0.030319683 0.990356445
1403636630063555840.000000 0.150471777 -0.037277270 0.081161641 -0.035151914 0.136336580 0.031024538 0.989552557
1403636630113555456.000000 0.154236004 -0.038653780 0.083434105 -0.030933386 0.141923830 0.031148374 0.988903761
1403636630163555584.000000 0.158665761 -0.039663136 0.087999977 -0.023985488 0.146307498 0.032195043 0.988424182
1403636630213555456.000000 0.163179249 -0.040115539 0.092504188 -0.016439192 0.150174469 0.032259919 0.987996340
1403636630263555840.000000 0.167998701 -0.042455014 0.096019521 -0.010381449 0.152945578 0.032525927 0.987644672
1403636630313555456.000000 0.171595350 -0.044648767 0.099048853 -0.007117542 0.155484095 0.031926278 0.987296700
1403636630363555584.000000 0.175597489 -0.046565980 0.102445573 -0.007439568 0.156448647 0.032809701 0.987112999
1403636630413555712.000000 0.180026203 -0.048623357 0.105260953 -0.008595486 0.157122388 0.033383649 0.986977339
1403636630463555584.000000 0.184254304 -0.050773859 0.109008417 -0.011495329 0.157445773 0.031745359 0.986950397
1403636630513555456.000000 0.188436612 -0.053845510 0.110857211 -0.013203637 0.157432631 0.030424070 0.986972690
1403636630563555840.000000 0.192419589 -0.056552269 0.113466904 -0.014984395 0.157162845 0.027399056 0.987078905
1403636630613555456.000000 0.195905998 -0.060515851 0.115638360 -0.016132860 0.157299668 0.024203684 0.987122536
1403636630663555584.000000 0.199289218 -0.062647276 0.120492361 -0.017547378 0.156765521 0.021836888 0.987238526
1403636630713555456.000000 0.203232020 -0.064633094 0.122835845 -0.018266741 0.155610561 0.020158725 0.987443924
1403636630763555840.000000 0.206938073 -0.067631088 0.126140967 -0.018254397 0.154133573 0.021287262 0.987652063
1403636630813555456.000000 0.210363597 -0.069698848 0.129385233 -0.018493228 0.152071163 0.022405647 0.987942517
1403636630863555584.000000 0.213979393 -0.072373629 0.133257091 -0.018748706 0.150615096 0.023434490 0.988136888
1403636630913555712.000000 0.218434855 -0.073604159 0.135451362 -0.018194180 0.148180708 0.025436910 0.988465726
1403636630963555584.000000 0.221370831 -0.075155362 0.140752494 -0.018381402 0.147082120 0.026402228 0.988601029
1403636631013555456.000000 0.225308150 -0.075921059 0.144293338 -0.017995371 0.146285877 0.027225833 0.988703907
1403636631063555840.000000 0.228660166 -0.077467747 0.147624567 -0.017095663 0.145269126 0.027019976 0.988875449
1403636631113555456.000000 0.231963918 -0.078499943 0.152131990 -0.015312118 0.145095751 0.027035341 0.988929689
1403636631163555584.000000 0.235644683 -0.079570666 0.155947968 -0.013734363 0.144686356 0.026889622 0.989016831
1403636631213555456.000000 0.238841638 -0.080681771 0.160292014 -0.011876763 0.144202292 0.026575698 0.989120066
1403636631263555840.000000 0.242351696 -0.080905475 0.164793208 -0.010357128 0.144176468 0.026027512 0.989155412
1403636631313555456.000000 0.246899679 -0.082200333 0.167840585 -0.010244600 0.143143281 0.026457284 0.989295244
1403636631363555584.000000 0.250238985 -0.082213819 0.172658488 -0.010118439 0.143159226 0.025615115 0.989316404
1403636631413555712.000000 0.253425747 -0.082544990 0.177162036 -0.010193237 0.142819554 0.025583591 0.989365578
1403636631463555584.000000 0.257033616 -0.082635790 0.181127578 -0.010439034 0.142603338 0.024476048 0.989422202
1403636631513555456.000000 0.260189772 -0.082789384 0.185673788 -0.011110311 0.142490834 0.022987733 0.989466786
1403636631563555840.000000 0.263969064 -0.081583880 0.189519033 -0.010542890 0.142320231 0.022088604 0.989518046
1403636631613555456.000000 0.267804563 -0.081843153 0.193238884 -0.011179442 0.141958699 0.020543816 0.989596248
1403636631663555584.000000 0.270675808 -0.082233049 0.197999716 -0.012143985 0.141608819 0.019320013 0.989659667
1403636631713555456.000000 0.274084330 -0.081989400 0.202265933 -0.012351488 0.141194597 0.018788787 0.989726484
1403636631763555840.000000 0.278075695 -0.082527652 0.205006748 -0.012830713 0.140477672 0.017971495 0.989837587
1403636631813555456.000000 0.279756516 -0.083893619 0.210019320 -0.012985905 0.140681952 0.017253237 0.989819348
1403636631863555584.000000 0.283367723 -0.085272439 0.213263080 -0.013900998 0.140444905 0.016168134 0.989858866
1403636631913555712.000000 0.286587507 -0.085565999 0.216223255 -0.014556519 0.140149191 0.015478924 0.989902377
1403636631963555584.000000 0.289331108 -0.085959792 0.219813287 -0.014492806 0.140346184 0.015343147 0.989877582
1403636632013555456.000000 0.293231726 -0.087395228 0.222993717 -0.014393331 0.139841899 0.015252013 0.989951789
1403636632063555840.000000 0.295675814 -0.089032687 0.226126909 -0.012973482 0.140226230 0.014868743 0.989922822
1403636632113555456.000000 0.297406465 -0.089887805 0.230356127 -0.011196452 0.141173437 0.013408241 0.989830792
1403636632163555584.000000 0.300195873 -0.092032902 0.234646216 -0.010114610 0.142728373 0.010201358 0.989657640
1403636632213555456.000000 0.302977622 -0.092697576 0.237433821 -0.010188766 0.143192366 0.009175428 0.989599943
1403636632263555840.000000 0.304715008 -0.094828740 0.240963340 -0.009917874 0.143526793 0.010218804 0.989543974
1403636632313555456.000000 0.306365490 -0.095000841 0.245685831 -0.009299821 0.144107655 0.011347217 0.989453256
1403636632363555584.000000 0.309587359 -0.095888481 0.248152047 -0.008978492 0.143609568 0.012270421 0.989517689
1403636632413555712.000000 0.309842110 -0.096488319 0.253768653 -0.010179015 0.144880831 0.012588395 0.989316761
1403636632463555584.000000 0.312308609 -0.096279219 0.257146627 -0.012787768 0.143814147 0.016023325 0.989392340
1403636632513555456.000000 0.313378781 -0.096380316 0.261818945 -0.015844325 0.141378418 0.020025188 0.989626229
1403636632563555840.000000 0.313919127 -0.096455701 0.266277403 -0.021128384 0.137317926 0.024975896 0.989986658
1403636632613555456.000000 0.315768659 -0.095708549 0.269126415 -0.025880096 0.131352097 0.029298441 0.990564764
1403636632663555584.000000 0.317353606 -0.094109796 0.273689747 -0.028969714 0.124584548 0.031717304 0.991278708
1403636632713555456.000000 0.318410039 -0.093704849 0.278339773 -0.031276792 0.116561420 0.031695951 0.992184758
1403636632763555840.000000 0.320634484 -0.094053105 0.282124996 -0.032619540 0.106518961 0.030049095 0.993321121
1403636632813555456.000000 0.321839184 -0.093459740 0.286811203 -0.031726673 0.096807294 0.025221275 0.994477630
1403636632863555584.000000 0.323431581 -0.094525650 0.292349428 -0.029000636 0.086851023 0.017032441 0.995653450
1403636632913555712.000000 0.326301634 -0.094545774 0.295916468 -0.024241762 0.076312639 0.008305280 0.996754587
1403636632963555584.000000 0.327717066 -0.096039340 0.301019222 -0.021765435 0.067837670 -0.000199528 0.997458935
1403636633013555456.000000 0.329365939 -0.097944416 0.303099304 -0.019751195 0.060288236 -0.007433114 0.997957945
1403636633063555840.000000 0.331279427 -0.100148037 0.307440311 -0.019403391 0.053244568 -0.012868532 0.998310089
1403636633113555456.000000 0.332671374 -0.101628177 0.311805487 -0.018371852 0.047190044 -0.016526464 0.998580277
1403636633163555584.000000 0.334757447 -0.102986455 0.316544861 -0.018165732 0.041730240 -0.020070093 0.998762131
1403636633213555456.000000 0.337014347 -0.104124948 0.321570396 -0.017951330 0.037155133 -0.021562181 0.998915553
1403636633263555840.000000 0.339041889 -0.104937300 0.325727105 -0.019264799 0.033173561 -0.021759389 0.999027014
1403636633313555456.000000 0.340474755 -0.106106438 0.331032515 -0.020733980 0.030257860 -0.021293884 0.999100208
1403636633363555584.000000 0.342222840 -0.106528118 0.335809588 -0.022477891 0.027436454 -0.018997762 0.999190271
1403636633413555712.000000 0.343399137 -0.107557483 0.341137320 -0.024937592 0.026128983 -0.017346701 0.999196947
1403636633463555584.000000 0.345416039 -0.107021928 0.348020047 -0.026240349 0.024599243 -0.014504912 0.999247789
1403636633513555456.000000 0.346560061 -0.107733227 0.353209019 -0.028052131 0.024850801 -0.013778117 0.999202549
1403636633563555840.000000 0.348058462 -0.108547576 0.359830588 -0.030562626 0.025316369 -0.012626777 0.999132454
1403636633613555456.000000 0.350161850 -0.107893102 0.364772528 -0.032106508 0.025834305 -0.011446399 0.999084949
1403636633663555584.000000 0.351778835 -0.108384535 0.371120960 -0.033540513 0.027288238 -0.011238329 0.999001563
1403636633713555456.000000 0.353336304 -0.109369591 0.377129376 -0.033454113 0.028817346 -0.010794015 0.998966455
1403636633763555840.000000 0.354991883 -0.111336276 0.382818222 -0.033153381 0.030333083 -0.009927266 0.998940587
1403636633813555456.000000 0.357039362 -0.112229481 0.388912499 -0.032702252 0.031375378 -0.008497830 0.998936415
1403636633863555584.000000 0.357462019 -0.113342635 0.395544112 -0.030968623 0.032939788 -0.006126742 0.998958707
1403636633913555712.000000 0.357599020 -0.114782713 0.403256774 -0.029428761 0.034051970 -0.001726775 0.998985231
1403636633963555584.000000 0.360997468 -0.118543170 0.408885270 -0.028478019 0.033339221 0.002355112 0.999035537
1403636634013555456.000000 0.364819854 -0.121350773 0.413180143 -0.026918298 0.033029377 0.005973402 0.999074042
1403636634063555840.000000 0.366929263 -0.123019062 0.420034051 -0.026480924 0.033871498 0.008367095 0.999040306
1403636634113555456.000000 0.370255619 -0.124719359 0.426038682 -0.026893230 0.033490837 0.008753835 0.999038815
1403636634163555584.000000 0.371747613 -0.127552524 0.432583809 -0.028246373 0.033922028 0.007299497 0.998998642
1403636634213555456.000000 0.374756724 -0.130384460 0.438659549 -0.029891018 0.034182161 0.004013423 0.998960495
1403636634263555840.000000 0.377683043 -0.133254319 0.444543391 -0.029622644 0.034664612 -0.000276038 0.998959899
1403636634313555456.000000 0.380728453 -0.136241451 0.451074153 -0.026313327 0.035175931 -0.003819884 0.999027371
1403636634363555584.000000 0.384105176 -0.138878047 0.457618386 -0.021341786 0.035051007 -0.006835489 0.999134243
1403636634413555712.000000 0.386726648 -0.142320052 0.465283483 -0.016988641 0.035252415 -0.010161050 0.999182403
1403636634463555584.000000 0.390359342 -0.144947827 0.470953703 -0.013751962 0.035067167 -0.012382948 0.999213636
1403636634513555456.000000 0.394073814 -0.147680536 0.477549851 -0.010635518 0.034198005 -0.014084281 0.999259233
1403636634563555840.000000 0.397044569 -0.149686530 0.483874530 -0.008276870 0.033616655 -0.015142128 0.999285817
1403636634613555456.000000 0.399717987 -0.151615381 0.491428494 -0.007054879 0.032217845 -0.017196266 0.999308050
1403636634663555584.000000 0.403254509 -0.153413370 0.497503191 -0.006380576 0.028851641 -0.019280722 0.999377370
1403636634713555456.000000 0.405890197 -0.154929742 0.504688680 -0.006032480 0.025556201 -0.022457160 0.999402940
1403636634763555840.000000 0.408209294 -0.156280413 0.511687934 -0.007612403 0.022207528 -0.024509469 0.999423921
1403636634813555456.000000 0.411213368 -0.158377588 0.516691208 -0.009981504 0.018585127 -0.025797188 0.999444604
1403636634863555584.000000 0.413670540 -0.160060257 0.522862911 -0.011797167 0.015219978 -0.026412334 0.999465644
1403636634913555712.000000 0.416329831 -0.162592635 0.528514147 -0.013564552 0.011594241 -0.027274020 0.999468744
1403636634963555584.000000 0.418591082 -0.165148839 0.534907460 -0.016077660 0.008789542 -0.028931689 0.999413431
1403636635013555456.000000 0.420535088 -0.167779550 0.540563285 -0.016422978 0.006477545 -0.030887399 0.999366939
1403636635063555840.000000 0.422909856 -0.171330243 0.546189785 -0.018536504 0.004286204 -0.032929074 0.999276638
1403636635113555456.000000 0.425195158 -0.173608899 0.551943600 -0.019806389 0.002472622 -0.033731628 0.999231577
1403636635163555584.000000 0.427034497 -0.176217794 0.557767272 -0.020955535 0.001009983 -0.034235664 0.999193609
1403636635213555456.000000 0.429029584 -0.178305820 0.564188719 -0.022595830 -0.000627329 -0.034484848 0.999149621
1403636635263555840.000000 0.430637300 -0.179844156 0.570491195 -0.023501936 -0.002423121 -0.032668997 0.999186933
1403636635313555456.000000 0.433170468 -0.181537077 0.576619387 -0.025023524 -0.004667247 -0.031085694 0.999192536
1403636635363555584.000000 0.434522927 -0.182721034 0.583196402 -0.026608985 -0.006077880 -0.027090253 0.999260306
1403636635413555712.000000 0.436242461 -0.184334770 0.589928627 -0.027842565 -0.007336480 -0.025491014 0.999260366
1403636635463555584.000000 0.438537508 -0.186504439 0.596203506 -0.027558930 -0.008179799 -0.024116922 0.999295771
1403636635513555456.000000 0.440406084 -0.188947633 0.602829754 -0.028206693 -0.008966982 -0.021230351 0.999336421
1403636635563555840.000000 0.441955566 -0.191642344 0.609626889 -0.028422350 -0.008974981 -0.020357655 0.999348402
1403636635613555456.000000 0.444026798 -0.194769964 0.615708888 -0.027683267 -0.009481536 -0.019338029 0.999384761
1403636635663555584.000000 0.446527541 -0.198026299 0.622011483 -0.026529642 -0.009418389 -0.018250113 0.999437094
1403636635713555456.000000 0.448709756 -0.202221692 0.628509283 -0.025408607 -0.008970833 -0.017489338 0.999483943
1403636635763555840.000000 0.450783342 -0.206329256 0.635101855 -0.021968778 -0.009292535 -0.015326718 0.999597967
1403636635813555456.000000 0.452706307 -0.210781649 0.642089665 -0.017689390 -0.009945171 -0.010869948 0.999734998
1403636635863555584.000000 0.455916733 -0.215378076 0.647681713 -0.015063791 -0.010999390 -0.007023820 0.999801338
1403636635913555712.000000 0.458219409 -0.221306339 0.653495073 -0.017029857 -0.011503738 -0.003897420 0.999781191
1403636635963555584.000000 0.460420996 -0.226775005 0.659712553 -0.020885954 -0.010825159 -0.003251905 0.999718010
1403636636013555456.000000 0.463604897 -0.231237084 0.665859342 -0.025693685 -0.009601373 -0.005088807 0.999610841
1403636636063555840.000000 0.466493607 -0.236154020 0.672482073 -0.029762639 -0.007539228 -0.009371905 0.999484658
1403636636113555456.000000 0.470744282 -0.241273925 0.677879691 -0.032845687 -0.006075610 -0.014562793 0.999335885
1403636636163555584.000000 0.474526435 -0.246206641 0.684482098 -0.031145778 -0.004631834 -0.018522201 0.999332488
1403636636213555456.000000 0.478077888 -0.251683027 0.691474855 -0.026274087 -0.003439541 -0.023040399 0.999383390
1403636636263555840.000000 0.481104314 -0.257042557 0.697802901 -0.019894002 -0.002028690 -0.026477331 0.999449372
1403636636313555456.000000 0.484315246 -0.263147891 0.703749359 -0.014190349 -0.001362255 -0.028119490 0.999502957
1403636636363555584.000000 0.488175213 -0.269448340 0.710587025 -0.007483290 -0.001098062 -0.029683338 0.999530792
1403636636413555712.000000 0.491578907 -0.275569379 0.716134667 0.001134620 -0.001235727 -0.030323753 0.999538779
1403636636463555584.000000 0.494764686 -0.281083375 0.722352087 0.007979661 -0.001110693 -0.031016586 0.999486446
1403636636513555456.000000 0.498092979 -0.285849065 0.728355229 0.010993711 0.000012033 -0.033865441 0.999365926
1403636636563555840.000000 0.500385940 -0.289945871 0.736078382 0.012349125 0.001422976 -0.037160944 0.999231994
1403636636613555456.000000 0.504741251 -0.294081509 0.739891648 0.013111529 0.002398790 -0.041614488 0.999044836
1403636636663555584.000000 0.508873940 -0.298173279 0.745006025 0.012463327 0.003528121 -0.046385337 0.998839676
1403636636713555456.000000 0.511253893 -0.300747663 0.751410544 0.012592399 0.005176876 -0.050385371 0.998637080
1403636636763555840.000000 0.512554884 -0.303080857 0.756444693 0.012120783 0.007093325 -0.054215111 0.998430550
1403636636813555456.000000 0.516002834 -0.304788411 0.761743546 0.011932008 0.008075326 -0.059450213 0.998127282
1403636636863555584.000000 0.517912745 -0.306077689 0.767169774 0.010652456 0.009383795 -0.063384093 0.997888267
1403636636913555712.000000 0.519847274 -0.307299733 0.771169960 0.007748073 0.007783581 -0.060920816 0.998082221
1403636636963555584.000000 0.520768523 -0.307958245 0.776530623 0.005881741 0.005281829 -0.055533327 0.998425543
1403636637013555456.000000 0.522502840 -0.309120148 0.781133533 0.002880891 0.001557166 -0.048743881 0.998805940
1403636637063555840.000000 0.522991359 -0.309815019 0.785740018 0.000930140 -0.000944917 -0.042795792 0.999082983
1403636637113555456.000000 0.523606241 -0.309829235 0.790191948 -0.001676029 -0.003087063 -0.038364436 0.999257684
1403636637163555584.000000 0.524823785 -0.309752524 0.794424653 -0.005254068 -0.004819409 -0.035634302 0.999339461
1403636637213555456.000000 0.525149643 -0.309291512 0.799562931 -0.009397327 -0.005308128 -0.034455046 0.999347985
1403636637263555840.000000 0.525719285 -0.309507161 0.803770125 -0.012984456 -0.006443336 -0.033684608 0.999327362
1403636637313555456.000000 0.526394188 -0.309850186 0.807574630 -0.015545538 -0.007130226 -0.033647548 0.999287426
1403636637363555584.000000 0.526854277 -0.310197383 0.811759233 -0.017228516 -0.007057680 -0.034737192 0.999223113
1403636637413555712.000000 0.527035415 -0.311699152 0.816094100 -0.018570038 -0.008113017 -0.034181427 0.999210179
1403636637463555584.000000 0.527351618 -0.312673181 0.820453823 -0.020165706 -0.008527555 -0.035149727 0.999142230
1403636637513555456.000000 0.527874053 -0.314241320 0.824152529 -0.020843746 -0.009408277 -0.034860108 0.999130547
1403636637563555840.000000 0.527908087 -0.316084146 0.827696025 -0.022089485 -0.009995676 -0.034279015 0.999118209
1403636637613555456.000000 0.527755022 -0.318665057 0.831723332 -0.022503408 -0.010925868 -0.033293568 0.999132514
1403636637663555584.000000 0.528153837 -0.321732849 0.835253835 -0.023822954 -0.011726726 -0.032466996 0.999120057
1403636637713555456.000000 0.528058112 -0.324822038 0.838936508 -0.023018092 -0.011971390 -0.033189423 0.999112308
1403636637763555840.000000 0.528263152 -0.328284144 0.842796028 -0.021554703 -0.012541839 -0.033620875 0.999123514
1403636637813555456.000000 0.527834177 -0.332275808 0.846486032 -0.019301534 -0.012720704 -0.033938259 0.999156594
1403636637863555584.000000 0.528249919 -0.337169528 0.848855734 -0.017908257 -0.013193845 -0.033985771 0.999174774
1403636637913555712.000000 0.527963161 -0.341145784 0.852963388 -0.015882742 -0.013724294 -0.033964276 0.999202609
1403636637963555584.000000 0.527734637 -0.344674408 0.856631219 -0.013241571 -0.013807002 -0.034108564 0.999235094
1403636638013555456.000000 0.527828395 -0.347853422 0.860980749 -0.011253053 -0.014066938 -0.033988584 0.999259949
1403636638063555840.000000 0.527720630 -0.350137413 0.865860999 -0.009492540 -0.014556329 -0.033886977 0.999274611
1403636638113555456.000000 0.527937114 -0.351991236 0.869395554 -0.007378209 -0.015216248 -0.033804193 0.999285400
1403636638163555584.000000 0.527805030 -0.352887273 0.873526096 -0.005911480 -0.015222068 -0.033370215 0.999309719
1403636638213555456.000000 0.528016746 -0.353678197 0.877970338 -0.005502949 -0.015697043 -0.033480663 0.999300957
1403636638263555840.000000 0.528370857 -0.354198426 0.882668614 -0.005096896 -0.015843067 -0.033970993 0.999284267
1403636638313555456.000000 0.527775705 -0.354606181 0.885865808 -0.007241263 -0.016580936 -0.032412149 0.999310791
1403636638363555584.000000 0.527922511 -0.354212224 0.891211510 -0.013330342 -0.018188603 -0.028298443 0.999345124
1403636638413555712.000000 0.527987957 -0.353347719 0.895651102 -0.023404341 -0.019749561 -0.023059264 0.999264956
1403636638463555584.000000 0.527911663 -0.352559805 0.900308490 -0.033682965 -0.021154489 -0.019234493 0.999023557
1403636638513555456.000000 0.528350711 -0.352199584 0.905030429 -0.042627010 -0.022723166 -0.014918911 0.998721242
1403636638563555840.000000 0.529078603 -0.351813853 0.909948349 -0.047521718 -0.023067437 -0.013298254 0.998515308
1403636638613555456.000000 0.529374540 -0.351558775 0.914855778 -0.049121205 -0.022185775 -0.015377859 0.998427987
1403636638663555584.000000 0.530573249 -0.352844477 0.919607520 -0.047681920 -0.021158114 -0.020924030 0.998419225
1403636638713555456.000000 0.531565964 -0.353780895 0.925459802 -0.044590350 -0.019907990 -0.024890622 0.998496830
1403636638763555840.000000 0.532545805 -0.355255842 0.930886388 -0.039644908 -0.019193102 -0.027598264 0.998648286
1403636638813555456.000000 0.533826649 -0.357979625 0.936841726 -0.034621194 -0.019117532 -0.029292224 0.998788178
1403636638863555584.000000 0.535058975 -0.360848039 0.942304015 -0.029979836 -0.019733302 -0.028876880 0.998938441
1403636638913555712.000000 0.535726726 -0.363351375 0.948593199 -0.026290409 -0.020408088 -0.026952634 0.999082506
1403636638963555584.000000 0.536890328 -0.366793483 0.954507947 -0.023707766 -0.021455873 -0.024259765 0.999194205
1403636639013555456.000000 0.537352085 -0.370430410 0.959796369 -0.023557272 -0.023009289 -0.019412685 0.999269128
1403636639063555840.000000 0.539033055 -0.374287367 0.965582371 -0.023008538 -0.025507573 -0.013255068 0.999321938
1403636639113555456.000000 0.541411638 -0.377964079 0.970888913 -0.022756305 -0.027660199 -0.007895086 0.999327123
1403636639163555584.000000 0.542285383 -0.381184489 0.977788568 -0.023940941 -0.028571116 -0.004658411 0.999294221
1403636639213555456.000000 0.544247687 -0.382642597 0.984149516 -0.024156502 -0.029786887 -0.001481442 0.999263287
1403636639263555840.000000 0.546047688 -0.383362740 0.991024852 -0.024923360 -0.030148325 0.000131710 0.999234736
1403636639313555456.000000 0.549331188 -0.384404182 0.997793257 -0.025150852 -0.028581126 -0.004505552 0.999264896
1403636639363555584.000000 0.552164853 -0.384798467 1.005503535 -0.025276996 -0.026595363 -0.010498506 0.999271512
1403636639413555712.000000 0.555521786 -0.385118693 1.012089252 -0.025561051 -0.024471940 -0.017023196 0.999228716
1403636639463555584.000000 0.557908714 -0.384544879 1.020666361 -0.025334837 -0.022136847 -0.023840649 0.999149561
1403636639513555456.000000 0.561534584 -0.383650005 1.027874827 -0.023511859 -0.020110425 -0.029867498 0.999074996
1403636639563555840.000000 0.565018892 -0.383944631 1.035470486 -0.021497196 -0.017801141 -0.037361838 0.998911977
1403636639613555456.000000 0.568946719 -0.383761495 1.043115377 -0.019595379 -0.016402414 -0.042979222 0.998749137
1403636639663555584.000000 0.571924031 -0.383629739 1.050620437 -0.016238535 -0.016233724 -0.044536993 0.998743892
1403636639713555456.000000 0.574732423 -0.383336246 1.058088541 -0.011876004 -0.016869770 -0.043410700 0.998844266
1403636639763555840.000000 0.577239752 -0.383994788 1.065259457 -0.008328701 -0.018180108 -0.040409122 0.998983145
1403636639813555456.000000 0.580386877 -0.384863496 1.071914434 -0.006504127 -0.019099554 -0.038649146 0.999049127
1403636639863555584.000000 0.582749546 -0.385264695 1.078862309 -0.004849744 -0.020122448 -0.035964381 0.999138713
1403636639913555712.000000 0.585075259 -0.386368573 1.085738659 -0.004205381 -0.021278000 -0.033550024 0.999201655
1403636639963555584.000000 0.587842166 -0.387837321 1.091925979 -0.003513894 -0.021457981 -0.033190507 0.999212563
1403636640013555456.000000 0.590676010 -0.390331745 1.098189712 -0.003549314 -0.022490313 -0.033233140 0.999188304
1403636640063555840.000000 0.592430949 -0.391388595 1.104664922 -0.002853649 -0.024354884 -0.034609608 0.999100089
1403636640113555456.000000 0.594981849 -0.392802328 1.110189199 -0.001873877 -0.027545789 -0.037890721 0.998900414
1403636640163555584.000000 0.596644998 -0.395568073 1.116754174 -0.001984413 -0.031578079 -0.039777633 0.998707473
1403636640213555456.000000 0.599904120 -0.398305923 1.120430708 -0.001873569 -0.036264874 -0.041600443 0.998474240
1403636640263555840.000000 0.602177441 -0.401434004 1.126344323 -0.003351944 -0.039721701 -0.044016466 0.998235285
1403636640313555456.000000 0.604429007 -0.404011518 1.130316615 -0.003882164 -0.042937681 -0.044594850 0.998074472
1403636640363555584.000000 0.606653333 -0.405685782 1.134698272 -0.003270459 -0.045994189 -0.045749154 0.997888207
1403636640413555712.000000 0.607929528 -0.407362789 1.140788555 -0.003086696 -0.047665473 -0.047474060 0.997729838
1403636640463555584.000000 0.610727847 -0.408715755 1.144761562 -0.002577217 -0.050084233 -0.048589818 0.997559011
1403636640513555456.000000 0.612860203 -0.409891963 1.149610758 -0.003911727 -0.051727351 -0.048611857 0.997469783
1403636640563555840.000000 0.614467561 -0.411750674 1.154794812 -0.004208691 -0.053088509 -0.050190575 0.997318804
1403636640613555456.000000 0.615735888 -0.412349015 1.159654260 -0.003931898 -0.053792849 -0.050183017 0.997282565
1403636640663555584.000000 0.618009448 -0.413217813 1.164841771 -0.003445143 -0.054787464 -0.050662111 0.997206032
1403636640713555456.000000 0.620732665 -0.414105594 1.168486953 -0.004463994 -0.055982418 -0.050956696 0.997120619
1403636640763555840.000000 0.622398198 -0.414361984 1.173355579 -0.005986864 -0.056596689 -0.050399557 0.997106254
1403636640813555456.000000 0.624197006 -0.414925367 1.177769780 -0.006912503 -0.056929450 -0.051389989 0.997030795
1403636640863555584.000000 0.625881255 -0.415355623 1.181518435 -0.008671409 -0.057255924 -0.051936042 0.996969998
1403636640913555712.000000 0.627549827 -0.416750699 1.186542511 -0.009350493 -0.057464592 -0.052268498 0.996934533
1403636640963555584.000000 0.629696012 -0.418287784 1.190011024 -0.009895814 -0.057528086 -0.052408464 0.996918261
1403636641013555456.000000 0.630461097 -0.419046968 1.194148779 -0.009056600 -0.056811150 -0.052988853 0.996936679
1403636641063555840.000000 0.632451236 -0.420675606 1.197927952 -0.007878502 -0.057028066 -0.052170519 0.996977508
1403636641113555456.000000 0.633795381 -0.421712250 1.201409698 -0.007131712 -0.056362640 -0.051969402 0.997031450
1403636641163555584.000000 0.635304391 -0.422338307 1.205549955 -0.007269384 -0.055783421 -0.052500289 0.997035205
1403636641213555456.000000 0.636134148 -0.423434198 1.209734917 -0.006662158 -0.055056822 -0.052271549 0.997091830
1403636641263555840.000000 0.638681591 -0.423285216 1.212663889 -0.005401534 -0.055989344 -0.050790876 0.997124076
1403636641313555456.000000 0.639390588 -0.423723102 1.217305422 -0.006132654 -0.056361567 -0.047638319 0.997254491
1403636641363555584.000000 0.640880466 -0.423377216 1.220781207 -0.006566999 -0.057368554 -0.042938426 0.997407675
1403636641413555712.000000 0.641752481 -0.423151284 1.224866152 -0.007083574 -0.058198396 -0.039168309 0.997511268
1403636641463555584.000000 0.644339561 -0.422023654 1.228004932 -0.006562836 -0.058526766 -0.038357452 0.997527122
1403636641513555456.000000 0.644828022 -0.422462791 1.232332945 -0.006634298 -0.057300404 -0.039789695 0.997541726
1403636641563555840.000000 0.646841884 -0.422518641 1.235452652 -0.006833576 -0.056893326 -0.041635353 0.997488320
1403636641613555456.000000 0.647652209 -0.422435552 1.239208937 -0.006722725 -0.055172067 -0.043955326 0.997486293
1403636641663555584.000000 0.649637818 -0.421740681 1.241668820 -0.006537271 -0.054710709 -0.045059230 0.997463644
1403636641713555456.000000 0.651517153 -0.422360837 1.244607568 -0.005688938 -0.054275535 -0.046256781 0.997437835
1403636641763555840.000000 0.652363241 -0.423801005 1.247661114 -0.006360135 -0.053309873 -0.046796709 0.997460604
1403636641813555456.000000 0.654490113 -0.424677253 1.249772668 -0.005313558 -0.053274523 -0.047433022 0.997438550
1403636641863555584.000000 0.656036496 -0.426720232 1.252530456 -0.004773843 -0.053082123 -0.047467090 0.997449994
1403636641913555712.000000 0.657505691 -0.428030521 1.254409075 -0.004332522 -0.051929500 -0.047171783 0.997526646
1403636641963555584.000000 0.658582032 -0.430980682 1.256831408 -0.004353210 -0.049285334 -0.045581739 0.997734606
1403636642013555456.000000 0.660648763 -0.432794899 1.257973194 -0.002712436 -0.045563497 -0.044271588 0.997976303
1403636642063555840.000000 0.661883175 -0.435549378 1.260627151 -0.002105620 -0.040828072 -0.042238001 0.998270869
1403636642113555456.000000 0.663299978 -0.438010722 1.262696743 -0.001090008 -0.036219902 -0.041414969 0.998484731
1403636642163555584.000000 0.665093839 -0.439538717 1.264412642 -0.000054595 -0.032365788 -0.040636364 0.998649716
1403636642213555456.000000 0.666501999 -0.441811800 1.265706420 0.000268423 -0.029296100 -0.039413135 0.998793483
1403636642263555840.000000 0.667880237 -0.443159938 1.267059684 0.000730011 -0.026292868 -0.037788730 0.998939514
1403636642313555456.000000 0.668292344 -0.443277806 1.268931866 0.001483617 -0.022244330 -0.035738599 0.999112487
1403636642363555584.000000 0.670244038 -0.444897532 1.270642281 0.001535778 -0.017362963 -0.033799585 0.999276638
1403636642413555712.000000 0.671024978 -0.444882154 1.272698760 0.002679153 -0.012954683 -0.031688418 0.999410272
1403636642463555584.000000 0.673037827 -0.445835948 1.273418188 0.001960153 -0.009372999 -0.030547807 0.999487460
1403636642513555456.000000 0.674588859 -0.445279688 1.274673223 0.000866823 -0.006201339 -0.029033685 0.999558866
1403636642563555840.000000 0.676317453 -0.444725752 1.275966048 -0.002273330 -0.003273609 -0.028792532 0.999577522
1403636642613555456.000000 0.676948547 -0.444220990 1.278306007 -0.006614106 -0.001119738 -0.027155342 0.999608755
1403636642663555584.000000 0.678242922 -0.442995578 1.279984474 -0.011058711 0.000749301 -0.026208891 0.999595046
1403636642713555456.000000 0.680442870 -0.442345291 1.280770779 -0.015405096 0.001921052 -0.025726208 0.999548495
1403636642763555840.000000 0.680253983 -0.441274464 1.282888055 -0.019326286 0.003563054 -0.024901327 0.999496818
1403636642813555456.000000 0.682782292 -0.440245271 1.283916116 -0.021956813 0.003564684 -0.024399316 0.999454796
1403636642863555584.000000 0.683615446 -0.439707577 1.285957932 -0.023755463 0.003981051 -0.023197403 0.999440730
1403636642913555712.000000 0.684783995 -0.439476758 1.286569357 -0.025603734 0.004112217 -0.023026366 0.999398470
1403636642963555584.000000 0.685751140 -0.440313697 1.288391352 -0.026398329 0.004177860 -0.022350065 0.999392927
1403636643013555456.000000 0.686648846 -0.441666484 1.290274978 -0.025955118 0.004081740 -0.022068100 0.999411166
1403636643063555840.000000 0.688065886 -0.442298681 1.291310430 -0.021990851 0.003906419 -0.021696258 0.999515116
1403636643113555456.000000 0.690372527 -0.443680912 1.293410420 -0.017657276 0.003170544 -0.021687616 0.999603808
1403636643163555584.000000 0.691397786 -0.444480866 1.295311928 -0.014430030 0.002858476 -0.020897333 0.999673426
1403636643213555456.000000 0.692942798 -0.444872767 1.297430873 -0.011703435 0.002539039 -0.020513978 0.999717891
1403636643263555840.000000 0.693675339 -0.445536852 1.299205780 -0.011117986 0.002436201 -0.020425702 0.999726653
1403636643313555456.000000 0.695810616 -0.445521623 1.300447702 -0.011419285 0.002165996 -0.020937409 0.999713242
1403636643363555584.000000 0.696957171 -0.446033537 1.302993059 -0.013541383 0.002042864 -0.021293353 0.999679506
1403636643413555712.000000 0.699064434 -0.446173698 1.304391265 -0.015737424 0.001433434 -0.020833820 0.999658108
1403636643463555584.000000 0.700010657 -0.446937501 1.306254148 -0.019649874 0.001127031 -0.020471707 0.999596715
1403636643513555456.000000 0.701369822 -0.447754323 1.308272600 -0.023435859 0.000749323 -0.020759191 0.999509513
1403636643563555840.000000 0.703283370 -0.448378056 1.309633851 -0.026402356 0.000247609 -0.020658696 0.999437928
1403636643613555456.000000 0.705182195 -0.449505419 1.311125040 -0.029901624 0.000109416 -0.021717479 0.999316931
1403636643663555584.000000 0.706731558 -0.452312022 1.312716961 -0.033259701 -0.000750249 -0.022760043 0.999187291
1403636643713555456.000000 0.708777070 -0.455011338 1.314125538 -0.036237627 -0.001170124 -0.023741642 0.999060452
1403636643763555840.000000 0.710711658 -0.456895590 1.315533996 -0.037242882 -0.001610593 -0.024366312 0.999007881
1403636643813555456.000000 0.711979389 -0.459194928 1.318329453 -0.039972540 -0.001077226 -0.025677243 0.998870254
1403636643863555584.000000 0.713925004 -0.461495817 1.320841670 -0.042713687 -0.001388719 -0.026053920 0.998746634
1403636643913555712.000000 0.715635717 -0.464948237 1.323768735 -0.045301676 -0.001591522 -0.026922572 0.998609304
1403636643963555584.000000 0.717383385 -0.466673344 1.326943398 -0.046844862 -0.001195924 -0.027587727 0.998520494
1403636644013555456.000000 0.719177306 -0.468355358 1.330498219 -0.047515023 -0.000979565 -0.027999928 0.998477578
1403636644063555840.000000 0.720940292 -0.471005738 1.334614396 -0.048614360 -0.001049061 -0.028414113 0.998412907
1403636644113555456.000000 0.722691298 -0.472944766 1.339175940 -0.049435426 -0.000814135 -0.028442167 0.998371959
1403636644163555584.000000 0.725180507 -0.474116325 1.343292952 -0.047877301 -0.001168104 -0.028691489 0.998440444
1403636644213555456.000000 0.726788938 -0.475877047 1.348442793 -0.042707138 -0.001979135 -0.025999349 0.998747349
1403636644263555840.000000 0.728202522 -0.477433473 1.353735805 -0.035474833 -0.003570245 -0.020938957 0.999144852
1403636644313555456.000000 0.729640186 -0.478964269 1.359752297 -0.027329693 -0.005505060 -0.014307575 0.999508917
1403636644363555584.000000 0.731317818 -0.480795890 1.365939617 -0.020077994 -0.007195870 -0.008326882 0.999737859
1403636644413555712.000000 0.733558118 -0.481239974 1.371192455 -0.014037958 -0.008455086 -0.004220937 0.999856830
1403636644463555584.000000 0.735648394 -0.481853873 1.377679944 -0.009034678 -0.009134107 -0.001373215 0.999916553
1403636644513555456.000000 0.738942564 -0.481822759 1.382659674 -0.004176469 -0.011286091 0.004021082 0.999919534
1403636644563555840.000000 0.741024137 -0.481841624 1.389786601 -0.001732178 -0.012541719 0.007581349 0.999891102
1403636644613555456.000000 0.743760705 -0.481485188 1.395435691 -0.000217205 -0.012451715 0.008699764 0.999884605
1403636644663555584.000000 0.747659683 -0.480628222 1.401818395 0.000687420 -0.011202488 0.004701851 0.999926031
1403636644713555456.000000 0.751483381 -0.479094118 1.407802343 0.001688848 -0.008648454 -0.002279252 0.999958575
1403636644763555840.000000 0.755102217 -0.477836728 1.414954424 0.000888243 -0.005333458 -0.011550876 0.999918699
1403636644813555456.000000 0.760212481 -0.475163490 1.419243574 0.001583550 -0.002277442 -0.019737767 0.999801397
1403636644863555584.000000 0.764027774 -0.472721666 1.425579906 -0.000417198 0.000885253 -0.026038805 0.999660492
1403636644913555712.000000 0.768360436 -0.470011801 1.430888772 -0.002926529 0.002129206 -0.027785236 0.999607384
1403636644963555584.000000 0.772876203 -0.467849046 1.435806155 -0.005750092 0.002642353 -0.027695455 0.999596417
1403636645013555456.000000 0.776991725 -0.466450512 1.440521598 -0.013766560 0.003122951 -0.028402474 0.999496877
1403636645063555840.000000 0.781211078 -0.463769168 1.445707679 -0.024685729 0.003056360 -0.026389666 0.999342203
1403636645113555456.000000 0.784644604 -0.462737262 1.451056361 -0.036517490 0.003549578 -0.024832731 0.999018192
1403636645163555584.000000 0.788250387 -0.462156624 1.456059456 -0.047171064 0.004504321 -0.025729856 0.998545229
1403636645213555456.000000 0.791340172 -0.461938649 1.461694717 -0.056297053 0.004905979 -0.024127765 0.998110473
1403636645263555840.000000 0.795474768 -0.462471783 1.467521787 -0.061297044 0.005263436 -0.024834305 0.997796714
1403636645313555456.000000 0.799082100 -0.463152409 1.473194957 -0.060526915 0.005376320 -0.024225775 0.997858107
1403636645363555584.000000 0.802414298 -0.464493692 1.479370832 -0.055918314 0.005780303 -0.024807191 0.998110354
1403636645413555712.000000 0.806242704 -0.466706187 1.485984564 -0.051032085 0.006370264 -0.025269829 0.998356938
1403636645463555584.000000 0.810624242 -0.467734724 1.491953135 -0.046636127 0.006285614 -0.024632672 0.998588443
1403636645513555456.000000 0.813815713 -0.469971627 1.499721527 -0.043810088 0.006709394 -0.025393365 0.998694599
1403636645563555840.000000 0.817373395 -0.471124381 1.507292271 -0.042420473 0.007082678 -0.026021266 0.998735785
1403636645613555456.000000 0.820420921 -0.472773463 1.515589356 -0.040421072 0.007852953 -0.025798058 0.998818815
1403636645663555584.000000 0.824313581 -0.473296344 1.523352146 -0.038772590 0.007779590 -0.026970215 0.998853743
1403636645713555456.000000 0.827844083 -0.473974824 1.531168818 -0.037012834 0.007894722 -0.027221685 0.998912811
1403636645763555840.000000 0.831113935 -0.476466805 1.539919376 -0.036352981 0.007445377 -0.026432773 0.998961687
1403636645813555456.000000 0.834529340 -0.478420585 1.548297167 -0.035931222 0.007004300 -0.025255924 0.999010563
1403636645863555584.000000 0.837593615 -0.481132448 1.556414008 -0.036856912 0.007093956 -0.024728788 0.998989403
1403636645913555712.000000 0.840814650 -0.484241098 1.564761519 -0.037327748 0.006374211 -0.023762753 0.999000192
1403636645963555584.000000 0.844170511 -0.487986803 1.572873235 -0.032597259 0.007404830 -0.021636719 0.999206901
1403636646013555456.000000 0.848055303 -0.492075652 1.581186533 -0.028079910 0.009403133 -0.018651273 0.999387503
1403636646063555840.000000 0.851192594 -0.497194529 1.589715362 -0.024930408 0.013178107 -0.013152964 0.999515772
1403636646113555456.000000 0.855031729 -0.501895726 1.597839713 -0.021244809 0.019190477 -0.008126842 0.999557078
1403636646163555584.000000 0.858617008 -0.506675959 1.605956316 -0.017626191 0.027314318 -0.002654969 0.999467969
1403636646213555456.000000 0.862052321 -0.511137009 1.613545895 -0.013870631 0.036699366 0.004073854 0.999221802
1403636646263555840.000000 0.866720617 -0.515813410 1.622411609 -0.010739025 0.047480907 0.011401246 0.998749375
1403636646313555456.000000 0.871538699 -0.519613028 1.630805135 -0.006314451 0.059352290 0.018552449 0.998044729
1403636646363555584.000000 0.875588834 -0.523349226 1.640000820 -0.001747971 0.072037548 0.025769465 0.997067511
1403636646413555712.000000 0.880467772 -0.526187956 1.647062898 0.002268992 0.086524971 0.029225254 0.995818377
1403636646463555584.000000 0.885727465 -0.530440331 1.656739116 0.006872099 0.099794127 0.030650863 0.994512200
1403636646513555456.000000 0.890793860 -0.533848822 1.663215518 0.011393145 0.111831717 0.030189082 0.993203163
1403636646563555840.000000 0.895789921 -0.536444306 1.671448112 0.014480431 0.122248389 0.029632533 0.991951466
1403636646613555456.000000 0.901121855 -0.539874792 1.678376913 0.014409256 0.130574331 0.030155055 0.990875065
1403636646663555584.000000 0.905198693 -0.545384884 1.686188340 0.011140808 0.138667345 0.029383508 0.989840388
1403636646713555456.000000 0.910940230 -0.548493028 1.691929698 0.009506417 0.143804461 0.030034728 0.989104569
1403636646763555840.000000 0.915167212 -0.552625120 1.698083043 0.008721331 0.148830071 0.030983044 0.988338828
1403636646813555456.000000 0.920567572 -0.557755709 1.703192592 0.008575716 0.152141139 0.031069241 0.987833083
1403636646863555584.000000 0.925625145 -0.562771320 1.708882570 0.008578631 0.155076265 0.031531960 0.987361908
1403636646913555712.000000 0.930296481 -0.567099571 1.713617444 0.008166499 0.156701297 0.032767441 0.987068534
1403636646963555584.000000 0.934847414 -0.571763515 1.717578292 0.006645292 0.157879934 0.032610085 0.986897349
1403636647013555456.000000 0.940349579 -0.576206446 1.721655011 0.004884087 0.158531263 0.032954685 0.986791790
1403636647063555840.000000 0.943911493 -0.580185115 1.726961136 0.002338409 0.159399316 0.032526933 0.986675441
1403636647113555456.000000 0.948935509 -0.583634377 1.730839849 -0.001884555 0.159129977 0.032099169 0.986733854
1403636647163555584.000000 0.952797294 -0.586742401 1.735497236 -0.004778747 0.159281924 0.032848917 0.986674905
1403636647213555456.000000 0.956450343 -0.589125991 1.739342332 -0.006549388 0.159210488 0.032069724 0.986701906
1403636647263555840.000000 0.962459683 -0.592925310 1.744261146 -0.007159913 0.157695174 0.032270402 0.986934423
1403636647313555456.000000 0.967037618 -0.595454574 1.748895645 -0.006107443 0.156331211 0.033259287 0.987125695
1403636647363555584.000000 0.971298039 -0.597664773 1.753387451 -0.003937127 0.155255154 0.034294125 0.987271130
1403636647413555712.000000 0.975684702 -0.600176036 1.758287311 -0.002280352 0.154316589 0.034371696 0.987420797
1403636647463555584.000000 0.979664683 -0.601936340 1.762398481 -0.000156099 0.152857155 0.035217181 0.987620652
1403636647513555456.000000 0.984534919 -0.603937447 1.766746283 0.003188963 0.151079684 0.036078498 0.987857878
1403636647563555840.000000 0.989793718 -0.605174303 1.770990372 0.007947606 0.148936734 0.037733477 0.988094568
1403636647613555456.000000 0.994151771 -0.607151687 1.774599791 0.013288438 0.147348493 0.040108878 0.988181770
1403636647663555584.000000 0.998854637 -0.609088242 1.778241515 0.014062797 0.148103669 0.040638592 0.988036513
1403636647713555456.000000 1.003569126 -0.611176729 1.782203197 0.012862352 0.149368271 0.040063951 0.987885952
1403636647763555840.000000 1.008422017 -0.613039851 1.784424067 0.010692568 0.150699317 0.038805678 0.987759829
1403636647813555456.000000 1.012559772 -0.614337504 1.787135363 0.009927957 0.153094634 0.037724763 0.987441361
1403636647863555584.000000 1.017784595 -0.616376102 1.789785504 0.007726964 0.156018212 0.037968721 0.986993909
1403636647913555712.000000 1.022571564 -0.617573857 1.792108059 0.007394514 0.160630390 0.037990153 0.986255527
1403636647963555584.000000 1.028825879 -0.618823469 1.795112133 0.007281851 0.166334480 0.039753955 0.985240817
1403636648013555456.000000 1.033368230 -0.618995845 1.797522306 0.006800647 0.174505964 0.041988220 0.983736992
1403636648063555840.000000 1.038628101 -0.619929790 1.800227761 0.005987579 0.184047148 0.044928748 0.981871784
1403636648113555456.000000 1.045293570 -0.619394839 1.801551461 0.005969512 0.194244638 0.048995722 0.979710639
1403636648163555584.000000 1.050116539 -0.619465530 1.803624630 0.005807968 0.206434846 0.053104553 0.977001011
1403636648213555456.000000 1.055213571 -0.619347811 1.805855751 0.005710074 0.218660936 0.057063326 0.974114299
1403636648263555840.000000 1.060782552 -0.618880808 1.807725430 0.006051578 0.231224000 0.061935872 0.970908225
1403636648313555456.000000 1.066906691 -0.617646933 1.809093952 0.005728808 0.243735418 0.066432945 0.967546880
1403636648363555584.000000 1.071999669 -0.616095304 1.812194109 0.006363804 0.257230997 0.070426740 0.963759243
1403636648413555712.000000 1.076768875 -0.613404632 1.813593268 0.006751287 0.270708382 0.074750796 0.959731102
1403636648463555584.000000 1.083471656 -0.611450076 1.813238859 0.006473202 0.283287734 0.079791725 0.955688000
1403636648513555456.000000 1.088452935 -0.609422326 1.815836906 0.006471462 0.296715826 0.084395289 0.951207340
1403636648563555840.000000 1.094458103 -0.606460452 1.815209866 0.007198351 0.307350308 0.088354215 0.947458446
1403636648613555456.000000 1.098407030 -0.604101598 1.818314433 0.007627027 0.318501532 0.091579564 0.943457365
1403636648663555584.000000 1.104628086 -0.603751779 1.818395853 0.005490371 0.326337039 0.093964092 0.940555573
1403636648713555456.000000 1.109292507 -0.602969885 1.818208933 0.002392069 0.333734751 0.095177501 0.937846780
1403636648763555840.000000 1.113114595 -0.601004183 1.819510221 -0.000773687 0.339724839 0.097459540 0.935461462
1403636648813555456.000000 1.118970752 -0.600823700 1.818145275 -0.007959222 0.342741668 0.100566022 0.933997452
1403636648863555584.000000 1.122007370 -0.602231383 1.820947409 -0.015368440 0.346408218 0.103741817 0.932203233
1403636648913555712.000000 1.126279831 -0.600728810 1.820821285 -0.021620514 0.348672718 0.105132006 0.931078494
1403636648963555584.000000 1.132900000 -0.599493325 1.818031311 -0.025298266 0.348646790 0.106435634 0.930847406
1403636649013555456.000000 1.137611151 -0.600956976 1.817465782 -0.026596926 0.349924386 0.106317513 0.930345178
1403636649063555840.000000 1.142156601 -0.603339553 1.816885114 -0.023848988 0.351088732 0.104800239 0.930153191
1403636649113555456.000000 1.148018360 -0.602831066 1.816709757 -0.015874658 0.351469487 0.101767100 0.930516422
1403636649163555584.000000 1.153601646 -0.608777404 1.817712545 -0.009964465 0.351895869 0.098923609 0.930743873
1403636649213555456.000000 1.157752037 -0.611181796 1.815169334 -0.003258293 0.352007896 0.095584705 0.931097984
1403636649263555840.000000 1.162881494 -0.614257455 1.814934969 0.001448925 0.351659596 0.093034901 0.931492388
1403636649313555456.000000 1.166647673 -0.616830885 1.815326691 0.003353792 0.351488799 0.092114314 0.931643367
1403636649363555584.000000 1.171507239 -0.621405959 1.814249277 0.001620054 0.349968821 0.091683924 0.932262480
1403636649413555712.000000 1.175975323 -0.623346150 1.811814070 -0.000260021 0.347912967 0.091158554 0.933084488
1403636649463555584.000000 1.180246115 -0.626502812 1.809791684 -0.003656170 0.345682412 0.091477066 0.933874905
1403636649513555456.000000 1.183103919 -0.628419757 1.809772253 -0.002260864 0.344454050 0.090851128 0.934394181
1403636649563555840.000000 1.187872887 -0.633158088 1.807529807 0.000436874 0.342120796 0.090134501 0.935322940
1403636649613555456.000000 1.191432595 -0.637056530 1.807512760 0.004070754 0.341639459 0.090946198 0.935411572
1403636649663555584.000000 1.195011377 -0.642676055 1.805537462 0.008459608 0.342495710 0.092438057 0.934922636
1403636649713555456.000000 1.201422215 -0.647818029 1.802019835 0.010057078 0.344210476 0.093869150 0.934134126
1403636649763555840.000000 1.205273747 -0.652592421 1.800629616 0.011500153 0.348528028 0.094512090 0.932450235
1403636649813555456.000000 1.207902431 -0.655078113 1.799061298 0.012684599 0.352686584 0.094310410 0.930890381
1403636649863555584.000000 1.211962700 -0.657061815 1.797561407 0.014326107 0.356515467 0.094152845 0.929422855
1403636649913555712.000000 1.216321349 -0.659907103 1.795535922 0.014782815 0.359523863 0.094463214 0.928224504
1403636649963555584.000000 1.219536304 -0.662399411 1.794810057 0.015011806 0.363219231 0.094138138 0.926814139
1403636650013555456.000000 1.222919106 -0.663974702 1.792604327 0.014798060 0.365799814 0.094303571 0.925785303
1403636650063555840.000000 1.226218462 -0.665637910 1.791054130 0.015230692 0.368340731 0.094932914 0.924705863
1403636650113555456.000000 1.228916883 -0.666348934 1.791109204 0.015977986 0.372948527 0.096553266 0.922676325
1403636650163555584.000000 1.231453896 -0.667339981 1.788913965 0.015897259 0.378630936 0.097978957 0.920209765
1403636650213555456.000000 1.236050010 -0.667685509 1.785116076 0.015044018 0.385823816 0.100360572 0.916974068
1403636650263555840.000000 1.239565969 -0.664565802 1.783970356 0.015826261 0.395223022 0.103770971 0.912567794
1403636650313555456.000000 1.241051197 -0.665734112 1.783385754 0.014835948 0.406241953 0.108941302 0.907126904
1403636650363555584.000000 1.244424343 -0.664434493 1.779885530 0.013253659 0.416944563 0.113259584 0.901750445
1403636650413555712.000000 1.246644974 -0.663321435 1.775743604 0.011349971 0.428146243 0.118052788 0.895893693
1403636650463555584.000000 1.250709414 -0.662524462 1.772502542 0.008127962 0.439406574 0.123228401 0.889758766
1403636650513555456.000000 1.253512979 -0.662395835 1.771040320 0.004169442 0.450820625 0.128782928 0.883265793
1403636650563555840.000000 1.254766464 -0.658740640 1.768553615 0.001992997 0.460141003 0.134395927 0.877612710
1403636650613555456.000000 1.258381605 -0.656510770 1.766996861 -0.000094677 0.468272537 0.138319388 0.872690499
1403636650663555584.000000 1.260111928 -0.652523398 1.763679862 -0.001223859 0.474630326 0.141037524 0.868811309
1403636650713555456.000000 1.262649059 -0.650984168 1.761909723 -0.003321482 0.480964005 0.142985746 0.864995837
1403636650763555840.000000 1.262479305 -0.650147319 1.761329770 -0.003718429 0.486844540 0.145573452 0.861264825
1403636650813555456.000000 1.264886618 -0.647786736 1.758280158 -0.002977456 0.490615457 0.146575138 0.858954906
1403636650863555584.000000 1.266994953 -0.647019207 1.755826831 -0.001352647 0.494218200 0.146154195 0.856962979
1403636650913555712.000000 1.271100044 -0.647914946 1.753552198 0.001585022 0.497161269 0.144991159 0.855456471
1403636650963555584.000000 1.272224188 -0.647392392 1.750573516 0.005054477 0.499082834 0.143642634 0.854551136
1403636651013555456.000000 1.272166967 -0.648548365 1.749779344 0.007236025 0.501725376 0.142218918 0.853225172
1403636651063555840.000000 1.275045872 -0.646512389 1.746635914 0.009169281 0.501917660 0.140764341 0.853334665
1403636651113555456.000000 1.276197314 -0.644770563 1.741299272 0.011264314 0.501340389 0.139733091 0.853818297
1403636651163555584.000000 1.278144479 -0.646488547 1.737973213 0.010152946 0.500921905 0.139353961 0.854139745
1403636651213555456.000000 1.277962208 -0.647108197 1.735640883 0.008872861 0.500197291 0.140442252 0.854400337
1403636651263555840.000000 1.279023409 -0.647118568 1.731388927 0.006679725 0.498810083 0.140825912 0.855167806
1403636651313555456.000000 1.280492306 -0.648561656 1.727916241 0.003680069 0.497209936 0.141701579 0.855972826
1403636651363555584.000000 1.280258894 -0.650037169 1.725350738 0.001036529 0.495860308 0.143064812 0.856536031
1403636651413555712.000000 1.280278206 -0.650617003 1.722464561 -0.000382578 0.494623482 0.143222809 0.857225001
1403636651463555584.000000 1.280913591 -0.650292993 1.718619585 -0.001052310 0.492558956 0.143456534 0.858373344
1403636651513555456.000000 1.281071305 -0.649257839 1.713845372 -0.000382335 0.491071105 0.141913712 0.859482169
1403636651563555840.000000 1.282438159 -0.650803089 1.710673571 0.001620246 0.489478976 0.141436189 0.860467076
1403636651613555456.000000 1.281804085 -0.649912000 1.709285259 0.005349633 0.489351809 0.139283851 0.860875368
1403636651663555584.000000 1.282391667 -0.648053050 1.705682993 0.008772904 0.488130510 0.137404606 0.861841977
1403636651713555456.000000 1.283027172 -0.648278356 1.702678442 0.011283969 0.487122089 0.138110518 0.862270474
1403636651763555840.000000 1.282758474 -0.647248924 1.700680256 0.014368749 0.487499356 0.140361980 0.861647546
1403636651813555456.000000 1.282477856 -0.646719217 1.696651697 0.017877707 0.488449186 0.144679755 0.860328734
1403636651863555584.000000 1.282503843 -0.643487930 1.691777825 0.022003075 0.490943700 0.147976443 0.858250022
1403636651913555712.000000 1.281684637 -0.643028498 1.689785123 0.024175953 0.496550113 0.152481973 0.854167938
1403636651963555584.000000 1.281888247 -0.640067935 1.685479760 0.026588485 0.503068864 0.156401917 0.849560678
1403636652013555456.000000 1.282680035 -0.638078213 1.682603359 0.027639369 0.511974454 0.159291834 0.843649447
1403636652063555840.000000 1.281357288 -0.635261714 1.678135157 0.025993494 0.522875786 0.162483409 0.836375773
1403636652113555456.000000 1.280475855 -0.631018758 1.673439264 0.022389736 0.535309136 0.164297327 0.828220546
1403636652163555584.000000 1.279182553 -0.629032850 1.671764851 0.017785257 0.550068974 0.167697132 0.817915380
1403636652213555456.000000 1.279376388 -0.623038173 1.664424658 0.013568255 0.563572645 0.172051772 0.807836652
1403636652263555840.000000 1.279837847 -0.620888710 1.660226226 0.008861554 0.577496290 0.178660944 0.796554983
1403636652313555456.000000 1.277132988 -0.618623734 1.657522559 0.002073023 0.591956437 0.186321795 0.784134924
1403636652363555584.000000 1.275690556 -0.612771988 1.652304769 -0.001937837 0.604496360 0.194543213 0.772485197
1403636652413555712.000000 1.275523186 -0.607079029 1.646764159 -0.005051154 0.615088880 0.200333431 0.762565911
1403636652463555584.000000 1.275141954 -0.604530573 1.643611550 -0.007070519 0.624482751 0.206837043 0.753120065
1403636652513555456.000000 1.275124192 -0.601238251 1.638695836 -0.009381811 0.631716788 0.212522432 0.745439529
1403636652563555840.000000 1.274098635 -0.595018983 1.632010221 -0.011228521 0.637193322 0.217856184 0.739186943
1403636652613555456.000000 1.273174286 -0.590777636 1.627746344 -0.014242152 0.641967535 0.222437814 0.733618677
1403636652663555584.000000 1.273509622 -0.589429498 1.622818947 -0.019109277 0.645595849 0.226459131 0.729079723
1403636652713555456.000000 1.273032546 -0.588113248 1.617879629 -0.022831818 0.648922801 0.227871478 0.725570500
1403636652763555840.000000 1.273581982 -0.584375858 1.612738848 -0.022998592 0.650851667 0.228995025 0.723480821
1403636652813555456.000000 1.274523258 -0.583480477 1.608309031 -0.023924211 0.652808189 0.228945017 0.721701682
1403636652863555584.000000 1.274878860 -0.582311392 1.603074312 -0.022713635 0.653875470 0.228986546 0.720760822
1403636652913555712.000000 1.275855541 -0.581232429 1.596809626 -0.021410253 0.654547155 0.227069870 0.720797420
1403636652963555584.000000 1.277059197 -0.581081748 1.591746330 -0.020052683 0.655335665 0.224858508 0.720813215
1403636653013555456.000000 1.279018402 -0.580420971 1.585990548 -0.018763745 0.655431569 0.222806320 0.721397877
1403636653063555840.000000 1.280942559 -0.578318119 1.581056714 -0.017531024 0.655719459 0.218829080 0.722383916
1403636653113555456.000000 1.282635212 -0.577211916 1.576631188 -0.014701226 0.655679584 0.216428712 0.723205984
1403636653163555584.000000 1.284652591 -0.575968504 1.573627472 -0.012149135 0.656068146 0.212618679 0.724030614
1403636653213555456.000000 1.286942244 -0.575473309 1.569390774 -0.008771573 0.656414270 0.208098084 0.725078404
1403636653263555840.000000 1.289480090 -0.573279858 1.563950777 -0.004566428 0.655999899 0.203350142 0.726837039
1403636653313555456.000000 1.292090893 -0.571841121 1.558679104 -0.001973024 0.655617952 0.198536843 0.728522003
1403636653363555584.000000 1.294080019 -0.571031690 1.555129290 -0.000380769 0.654824555 0.195877627 0.729956627
1403636653413555712.000000 1.295526862 -0.568877161 1.551267147 0.000714041 0.653622806 0.193711177 0.731609702
1403636653463555584.000000 1.297528982 -0.569152117 1.546725869 0.000382463 0.652037024 0.193625644 0.733046234
1403636653513555456.000000 1.299931884 -0.568633437 1.541953683 -0.000029937 0.650229216 0.192911327 0.734838247
1403636653563555840.000000 1.301487207 -0.568994880 1.537652016 -0.000540570 0.648558140 0.193280160 0.736216605
1403636653613555456.000000 1.302648783 -0.569408298 1.534144521 0.001208569 0.647885919 0.192241520 0.737079203
1403636653663555584.000000 1.303501368 -0.569753289 1.529743195 0.003211290 0.647167504 0.190305784 0.738205731
1403636653713555456.000000 1.305369973 -0.570069253 1.525146842 0.004708739 0.646750271 0.188231140 0.739094794
1403636653763555840.000000 1.305805326 -0.569032729 1.521020293 0.007217327 0.646685064 0.186323002 0.739614904
1403636653813555456.000000 1.307325006 -0.568905234 1.516397834 0.007795038 0.646103501 0.184922323 0.740468264
1403636653863555584.000000 1.307434559 -0.567753017 1.514252424 0.008809785 0.646728277 0.183307037 0.740313172
1403636653913555712.000000 1.309237480 -0.566887856 1.509592056 0.008698560 0.646246374 0.183059633 0.740796328
1403636653963555584.000000 1.309524775 -0.565773845 1.506203532 0.008557378 0.645380378 0.185195372 0.741022050
1403636654013555456.000000 1.309485912 -0.564482927 1.502428174 0.008326873 0.644356787 0.188098773 0.741184115
1403636654063555840.000000 1.309561491 -0.561802864 1.499315500 0.009116897 0.643501282 0.190240815 0.741371393
1403636654113555456.000000 1.309915543 -0.559901595 1.496466756 0.010074821 0.644042492 0.191943482 0.740449548
1403636654163555584.000000 1.310160398 -0.558269382 1.493326187 0.011749138 0.645921052 0.192901179 0.738537192
1403636654213555456.000000 1.309923887 -0.556644499 1.489665985 0.012602055 0.648936272 0.193365216 0.735753298
1403636654263555840.000000 1.308940768 -0.554196715 1.486595273 0.011493491 0.653161228 0.193966866 0.731864154
1403636654313555456.000000 1.309133410 -0.554636776 1.483011842 0.009442667 0.658077180 0.195948660 0.726945281
1403636654363555584.000000 1.308276772 -0.552702785 1.478841066 0.007878528 0.662980676 0.198298931 0.721853316
1403636654413555712.000000 1.307953119 -0.552612185 1.475523591 0.005385236 0.669181764 0.201147720 0.715336621
1403636654463555584.000000 1.306669354 -0.552072167 1.470213056 0.004019380 0.675029218 0.204670578 0.708822608
1403636654513555456.000000 1.305421114 -0.552701414 1.467316270 0.002261829 0.682584405 0.206891254 0.700906217
1403636654563555840.000000 1.303812861 -0.551522970 1.462524176 0.001938813 0.689779699 0.209522367 0.693037212
1403636654613555456.000000 1.302139759 -0.551856756 1.458089948 0.000677565 0.695344687 0.214008108 0.686072886
1403636654663555584.000000 1.301097870 -0.552872300 1.454654455 0.000565466 0.699622452 0.220304385 0.679701507
1403636654713555456.000000 1.299290180 -0.552608252 1.450645685 -0.000431731 0.703702509 0.223725766 0.674351096
1403636654763555840.000000 1.298112750 -0.551163673 1.446158648 -0.001212689 0.707018018 0.226549178 0.669925034
1403636654813555456.000000 1.296917319 -0.551766515 1.441306233 -0.002561092 0.710116029 0.228337228 0.666026175
1403636654863555584.000000 1.295154333 -0.549931824 1.438996553 -0.003251002 0.713316202 0.229502171 0.662191987
1403636654913555712.000000 1.294539690 -0.549200177 1.435532689 -0.003400596 0.715931654 0.229769781 0.659269512
1403636654963555584.000000 1.293346643 -0.547887325 1.432110548 -0.001567488 0.718939066 0.227247626 0.656873465
1403636655013555456.000000 1.292198658 -0.545688152 1.429152608 0.002552378 0.721730471 0.223775297 0.654998660
1403636655063555840.000000 1.290978193 -0.544236660 1.426318645 0.005679162 0.723876357 0.220763519 0.653631628
1403636655113555456.000000 1.290334940 -0.542541742 1.422518492 0.008556912 0.725085557 0.218906790 0.652884066
1403636655163555584.000000 1.287997007 -0.541388154 1.421241045 0.010643319 0.726928592 0.216809005 0.651502490
1403636655213555456.000000 1.285975933 -0.540172935 1.419305205 0.013624604 0.727667570 0.216071919 0.650866568
1403636655263555840.000000 1.282934427 -0.537368119 1.415451050 0.016167721 0.728794873 0.215814933 0.649631202
1403636655313555456.000000 1.281113386 -0.535924554 1.413003683 0.017686389 0.730811477 0.216297656 0.647160888
1403636655363555584.000000 1.278946877 -0.533740878 1.410432577 0.019912971 0.733160615 0.217542976 0.644014001
1403636655413555712.000000 1.276612759 -0.531612754 1.407795906 0.021941733 0.735434294 0.218922794 0.640880466
1403636655463555584.000000 1.273112655 -0.530875087 1.405323863 0.022161381 0.738640904 0.219417825 0.637004256
1403636655513555456.000000 1.270120621 -0.529130220 1.402895689 0.022150354 0.742291272 0.221218362 0.632119954
1403636655563555840.000000 1.266276479 -0.526725292 1.400148392 0.020356480 0.745165884 0.226013079 0.627081752
1403636655613555456.000000 1.262182951 -0.524820328 1.397807479 0.016752439 0.748236358 0.232594714 0.621096969
1403636655663555584.000000 1.259207726 -0.523126483 1.393601418 0.014151776 0.750302792 0.240251884 0.615730941
1403636655713555456.000000 1.255096197 -0.520755231 1.391293406 0.012050385 0.752449870 0.246899873 0.610503554
1403636655763555840.000000 1.250760317 -0.517969012 1.388250828 0.009699213 0.755185306 0.251935393 0.605086446
1403636655813555456.000000 1.246677160 -0.515372872 1.386430740 0.009049470 0.759057879 0.256270826 0.598393321
1403636655863555584.000000 1.242238045 -0.510452151 1.382644892 0.009153288 0.762804449 0.260360330 0.591826141
1403636655913555712.000000 1.238870025 -0.506796241 1.381170750 0.009221656 0.768011153 0.264289469 0.583288074
1403636655963555584.000000 1.234766006 -0.502426624 1.378265738 0.010442524 0.773483336 0.267357498 0.574573398
1403636656013555456.000000 1.231562257 -0.499328792 1.376600027 0.011597159 0.778635263 0.269333839 0.566614449
1403636656063555840.000000 1.227441549 -0.494861007 1.372489452 0.012518502 0.783008516 0.270494431 0.559976518
1403636656113555456.000000 1.223841667 -0.491704941 1.369110584 0.010845996 0.786900043 0.271286875 0.554142714
1403636656163555584.000000 1.220110655 -0.489361793 1.366346121 0.009440573 0.790226400 0.272098958 0.549012959
1403636656213555456.000000 1.216729522 -0.486602128 1.360442042 0.006079745 0.792376637 0.272717595 0.545644104
1403636656263555840.000000 1.213259935 -0.484697670 1.357060194 0.004818073 0.794284225 0.273355126 0.542555392
1403636656313555456.000000 1.209561825 -0.482971340 1.351384640 0.003188341 0.795138299 0.274398237 0.540787041
1403636656363555584.000000 1.205860138 -0.481759995 1.348176599 0.002636078 0.796206355 0.275084406 0.538866580
1403636656413555712.000000 1.202870488 -0.481140971 1.342668533 0.001597745 0.796389580 0.275839359 0.538213611
1403636656463555584.000000 1.199320078 -0.481920540 1.338765144 0.001445738 0.796731949 0.276215792 0.537513673
1403636656513555456.000000 1.195876360 -0.482165158 1.333333015 0.000008489 0.796637297 0.275959045 0.537787795
1403636656563555840.000000 1.193000793 -0.481573701 1.327283859 -0.000222605 0.796698511 0.274343699 0.538523018
1403636656613555456.000000 1.190651894 -0.481951475 1.322026968 -0.000313860 0.797135115 0.272124588 0.539002597
1403636656663555584.000000 1.187762976 -0.482471347 1.317142606 0.002301088 0.797911644 0.268570960 0.539630711
1403636656713555456.000000 1.184862852 -0.482909143 1.312835693 0.007104275 0.799499393 0.262175351 0.540383518
1403636656763555840.000000 1.182307005 -0.481835008 1.307043314 0.011426221 0.800647855 0.256187975 0.541479647
1403636656813555456.000000 1.179456711 -0.480777025 1.302985668 0.013208553 0.801953793 0.250370890 0.542227089
1403636656863555584.000000 1.176834941 -0.478031665 1.297095180 0.013370921 0.802420259 0.245760277 0.543640375
1403636656913555712.000000 1.174158931 -0.477009773 1.292916536 0.014454256 0.802831352 0.242678285 0.544389725
1403636656963555584.000000 1.171113610 -0.474145472 1.287889004 0.016233101 0.802427590 0.240911186 0.545718253
1403636657013555456.000000 1.168046355 -0.472510159 1.284854531 0.017937630 0.802307248 0.239931956 0.546272993
1403636657063555840.000000 1.164435983 -0.469727218 1.280342340 0.020327944 0.801550925 0.239868432 0.547326267
1403636657113555456.000000 1.161079645 -0.467507541 1.276597261 0.022176683 0.800702214 0.240589410 0.548179686
1403636657163555584.000000 1.156890035 -0.464880526 1.272258401 0.024806164 0.799711704 0.241679907 0.549032509
1403636657213555456.000000 1.153156400 -0.461886525 1.268365026 0.026665455 0.798702657 0.243378505 0.549663544
1403636657263555840.000000 1.148381114 -0.459812105 1.264440417 0.026326219 0.797370076 0.246352613 0.550289273
1403636657313555456.000000 1.143067956 -0.458845466 1.261710286 0.024683133 0.796786129 0.249027848 0.550007105
1403636657363555584.000000 1.139005661 -0.455461442 1.256027460 0.024207717 0.795164645 0.252560496 0.550763547
1403636657413555712.000000 1.133534074 -0.454219580 1.252413869 0.023140378 0.793642104 0.257964253 0.550500929
1403636657463555584.000000 1.128445506 -0.451786637 1.248610377 0.021001838 0.791917145 0.263340771 0.550525069
1403636657513555456.000000 1.123578310 -0.448996693 1.243919849 0.019788837 0.790244520 0.267876476 0.550785065
1403636657563555840.000000 1.117691159 -0.446584910 1.240233541 0.017750252 0.789576769 0.270686477 0.550438344
1403636657613555456.000000 1.112753391 -0.444408298 1.236263514 0.016474238 0.789264023 0.272343874 0.550108910
1403636657663555584.000000 1.107579589 -0.441001534 1.231029987 0.016449191 0.788962901 0.272650003 0.550389826
1403636657713555456.000000 1.102067947 -0.437785089 1.227329493 0.016908295 0.789503217 0.272050023 0.549897909
1403636657763555840.000000 1.097151756 -0.434281319 1.222594500 0.018191352 0.790129542 0.272688568 0.548639655
1403636657813555456.000000 1.091499686 -0.430687934 1.217940331 0.019259028 0.790693700 0.274432063 0.546918273
1403636657863555584.000000 1.086371422 -0.426699460 1.213817239 0.021640293 0.790560544 0.277840495 0.545298398
1403636657913555712.000000 1.081401944 -0.422559172 1.208446503 0.023257932 0.789578021 0.282520920 0.544249654
1403636657963555584.000000 1.075962901 -0.419818580 1.203431606 0.023577472 0.789021075 0.286349267 0.543041468
1403636658013555456.000000 1.070509076 -0.415978014 1.198041797 0.022512410 0.789621115 0.286955625 0.541893125
1403636658063555840.000000 1.066017985 -0.411985219 1.191669226 0.019361757 0.790386260 0.286220044 0.541288137
1403636658113555456.000000 1.059557557 -0.410126686 1.185174465 0.014591752 0.792390227 0.283330113 0.540026844
1403636658163555584.000000 1.054767609 -0.407463789 1.178827167 0.009964043 0.794205308 0.280930787 0.538717628
1403636658213555456.000000 1.049515605 -0.405757844 1.172790170 0.006665916 0.795831561 0.278493106 0.537633061
1403636658263555840.000000 1.044836879 -0.402802974 1.165181160 0.001906889 0.797328889 0.275352538 0.537069917
1403636658313555456.000000 1.039710283 -0.398869574 1.158250570 -0.000426949 0.798209012 0.273767650 0.536575735
1403636658363555584.000000 1.035281062 -0.395643234 1.151340485 -0.002662821 0.798972189 0.272795647 0.535928190
1403636658413555712.000000 1.030566931 -0.392738938 1.144106865 -0.005007732 0.799286187 0.272721678 0.535480559
1403636658463555584.000000 1.026565790 -0.389766216 1.137360334 -0.008355438 0.799944639 0.272153109 0.534744382
1403636658513555456.000000 1.021628976 -0.385379970 1.131345034 -0.011269487 0.801005244 0.269739151 0.534326136
1403636658563555840.000000 1.017598867 -0.382281452 1.124858856 -0.014921770 0.802028358 0.267259657 0.533947706
1403636658613555456.000000 1.014181614 -0.378021598 1.117869616 -0.017663369 0.802799463 0.264909893 0.533876300
1403636658663555584.000000 1.010090470 -0.375206828 1.111985683 -0.019506248 0.803360045 0.264233619 0.533303618
1403636658713555456.000000 1.007213235 -0.371312797 1.105509758 -0.020318506 0.804064155 0.262278825 0.533177078
1403636658763555840.000000 1.003611684 -0.367298424 1.099201679 -0.021162314 0.805062830 0.259129584 0.533177137
1403636658813555456.000000 1.000881910 -0.363674998 1.094103456 -0.022833524 0.807146251 0.254329860 0.532268703
1403636658863555584.000000 0.998377442 -0.359535813 1.087900519 -0.022291800 0.808167219 0.250692278 0.532468140
1403636658913555712.000000 0.995334506 -0.355700970 1.082525730 -0.018313356 0.808789015 0.248943821 0.532496035
1403636658963555584.000000 0.992914796 -0.351595879 1.077504635 -0.012899773 0.808970451 0.248477846 0.532596707
1403636659013555456.000000 0.990540504 -0.347950339 1.072939277 -0.008563860 0.808946669 0.248523086 0.532699049
1403636659063555840.000000 0.987758756 -0.344082117 1.068671465 -0.003658911 0.809568584 0.246636555 0.532687306
1403636659113555456.000000 0.986046553 -0.339450300 1.064319611 -0.000776652 0.809835613 0.245560631 0.532790482
1403636659163555584.000000 0.983638883 -0.334566683 1.060350657 0.002052203 0.810217202 0.244062588 0.532895267
1403636659213555456.000000 0.981457591 -0.330521107 1.056625605 0.003257202 0.810238242 0.243783534 0.532984972
1403636659263555840.000000 0.978629947 -0.326819628 1.053431034 0.003478386 0.810251057 0.244466424 0.532651246
1403636659313555456.000000 0.976090550 -0.322479546 1.050072789 0.002410551 0.809526563 0.246175364 0.532971442
1403636659363555584.000000 0.973405480 -0.318570375 1.046139717 0.000660992 0.808352709 0.248795182 0.533541501
1403636659413555712.000000 0.969122529 -0.315033555 1.043478966 -0.002705740 0.807329059 0.251859009 0.533647418
1403636659463555584.000000 0.966791511 -0.311003417 1.040269017 -0.005311543 0.806128383 0.255242169 0.533835411
1403636659513555456.000000 0.963397861 -0.308809221 1.037454247 -0.008059178 0.806195080 0.255383223 0.533632755
1403636659563555840.000000 0.960505724 -0.306519359 1.034448266 -0.007132604 0.805752754 0.256935000 0.533569157
1403636659613555456.000000 0.958449602 -0.304472744 1.030657768 -0.007557290 0.806429207 0.255464137 0.533247471
1403636659663555584.000000 0.955875158 -0.301635832 1.028460979 -0.006285497 0.807657957 0.253728539 0.532232106
1403636659713555456.000000 0.952798486 -0.298798084 1.025441289 -0.005867094 0.808268070 0.251941770 0.532159507
1403636659763555840.000000 0.950400114 -0.296214879 1.022947788 -0.005092343 0.809129894 0.250925779 0.531337202
1403636659813555456.000000 0.948018551 -0.292942941 1.021205187 -0.005187154 0.809836090 0.250162125 0.530619919
1403636659863555584.000000 0.945315957 -0.288891494 1.019048572 -0.004172333 0.810119152 0.249960124 0.530291975
1403636659913555712.000000 0.943248034 -0.286033720 1.017484426 -0.005348327 0.809978306 0.252114505 0.529475987
1403636659963555584.000000 0.941064358 -0.282364875 1.015634537 -0.008602562 0.809443593 0.255368263 0.528691053
1403636660013555456.000000 0.938003421 -0.277676016 1.015101433 -0.010345173 0.808745086 0.258520842 0.528196454
1403636660063555840.000000 0.935458541 -0.272794604 1.014604092 -0.012398562 0.807993710 0.261854947 0.527659476
1403636660113555456.000000 0.933897495 -0.269950598 1.012953281 -0.015742267 0.807018518 0.265796363 0.527091682
1403636660163555584.000000 0.932389259 -0.265134782 1.012977123 -0.017515188 0.806735814 0.268219471 0.526240408
1403636660213555456.000000 0.929533243 -0.260412246 1.011682868 -0.017876185 0.806153417 0.268706411 0.526871920
1403636660263555840.000000 0.927653074 -0.256103098 1.011590123 -0.019936433 0.805663109 0.271059781 0.526342332
1403636660313555456.000000 0.926327467 -0.252068400 1.010919809 -0.022674147 0.804570496 0.274343908 0.526201189
1403636660363555584.000000 0.925084710 -0.247888356 1.010766506 -0.027303491 0.803125739 0.278945506 0.525769055
1403636660413555712.000000 0.924397230 -0.244942442 1.009669900 -0.030805234 0.801015019 0.284819484 0.525646269
1403636660463555584.000000 0.924163342 -0.242659211 1.008811116 -0.033488251 0.799907863 0.287777632 0.525556922
1403636660513555456.000000 0.924910069 -0.239901364 1.007908106 -0.033743996 0.799949229 0.287785798 0.525473177
1403636660563555840.000000 0.925343752 -0.236889333 1.007156610 -0.031697102 0.801311255 0.283930361 0.525622606
1403636660613555456.000000 0.926815152 -0.235005960 1.005506873 -0.028896639 0.803030550 0.278348088 0.526145816
1403636660663555584.000000 0.928694367 -0.231718242 1.005096078 -0.025468912 0.805958807 0.270323217 0.526029646
1403636660713555456.000000 0.929835558 -0.228176698 1.004459858 -0.022915790 0.808657646 0.261941552 0.526245594
1403636660763555840.000000 0.931062400 -0.224794611 1.004240274 -0.021959549 0.811337471 0.253466904 0.526311636
1403636660813555456.000000 0.933291793 -0.221412003 1.003864646 -0.022689810 0.813281655 0.246879965 0.526410997
1403636660863555584.000000 0.935215831 -0.218106598 1.003458261 -0.025260122 0.814632177 0.241163000 0.526855528
1403636660913555712.000000 0.937153697 -0.213502362 1.004859447 -0.024786398 0.816098750 0.237093255 0.526455343
1403636660963555584.000000 0.939146698 -0.210046247 1.005345583 -0.023093686 0.815966070 0.236843482 0.526850343
1403636661013555456.000000 0.941163063 -0.205734625 1.007098198 -0.019260127 0.815623224 0.237661690 0.527166843
1403636661063555840.000000 0.942927063 -0.201681286 1.008731604 -0.015182534 0.815240681 0.238976330 0.527297318
1403636661113555456.000000 0.944927394 -0.197724283 1.011037469 -0.011376240 0.814956069 0.239947751 0.527391970
1403636661163555584.000000 0.947190583 -0.193469867 1.013548374 -0.008357715 0.814666986 0.241186351 0.527329922
1403636661213555456.000000 0.949182570 -0.190360039 1.015772820 -0.005439789 0.814450860 0.241465598 0.527574360
1403636661263555840.000000 0.951036692 -0.186598748 1.018540859 -0.004030909 0.813948393 0.243055508 0.527632356
1403636661313555456.000000 0.953007877 -0.183273673 1.021066427 -0.002093991 0.813929677 0.242946804 0.527722478
1403636661363555584.000000 0.954692364 -0.180589885 1.024302959 -0.001549185 0.813946843 0.242948338 0.527697265
1403636661413555712.000000 0.956023633 -0.178629085 1.026755214 -0.001955845 0.813917696 0.242707923 0.527851462
1403636661463555584.000000 0.957599282 -0.176828429 1.030232430 -0.001317956 0.813859999 0.243298218 0.527670443
1403636661513555456.000000 0.958546758 -0.174675897 1.032544374 -0.000906005 0.813107789 0.244535744 0.528258681
1403636661563555840.000000 0.960276067 -0.174050614 1.035456538 -0.000419473 0.812359393 0.246632293 0.528436005
1403636661613555456.000000 0.960832417 -0.173787519 1.038734674 -0.000101184 0.811349928 0.249263823 0.528752208
1403636661663555584.000000 0.961735129 -0.172968045 1.042038202 0.001681260 0.811212480 0.249019504 0.529075503
1403636661713555456.000000 0.962422609 -0.173169211 1.044689655 0.002895665 0.811226487 0.248436868 0.529322565
1403636661763555840.000000 0.963877201 -0.174128920 1.047670603 0.007608968 0.810722589 0.250151366 0.529240429
1403636661813555456.000000 0.964515448 -0.174761280 1.050306201 0.012663014 0.809589207 0.252048224 0.529978156
1403636661863555584.000000 0.964504719 -0.175452843 1.052865744 0.016455375 0.808933914 0.252332389 0.530738711
1403636661913555712.000000 0.964576721 -0.176973730 1.056294441 0.017963260 0.809002817 0.252312541 0.530594289
1403636661963555584.000000 0.964755535 -0.178962216 1.058274508 0.018790994 0.808535576 0.252525866 0.531175971
1403636662013555456.000000 0.964058161 -0.180389315 1.060399055 0.019129258 0.808562160 0.251780182 0.531477273
1403636662063555840.000000 0.963929057 -0.182296947 1.062651873 0.019192507 0.808885813 0.250745028 0.531471968
1403636662113555456.000000 0.962982059 -0.184626579 1.065060377 0.018696692 0.809095442 0.250009894 0.531516910
1403636662163555584.000000 0.961918354 -0.186581895 1.067149878 0.015071350 0.809304237 0.249088347 0.531746686
1403636662213555456.000000 0.961015940 -0.188770026 1.069711089 0.009733852 0.810081124 0.248145118 0.531128943
1403636662263555840.000000 0.960161448 -0.190706477 1.072168589 0.004034344 0.810931563 0.246580347 0.530633569
1403636662313555456.000000 0.958449841 -0.191282257 1.074596882 0.000230050 0.811398447 0.245716959 0.530335426
1403636662363555584.000000 0.957216263 -0.192629427 1.077377558 -0.004141394 0.811652899 0.246092483 0.529755592
1403636662413555712.000000 0.955572486 -0.193282306 1.080452085 -0.007033698 0.811392248 0.247840226 0.529309392
1403636662463555584.000000 0.954151273 -0.193372235 1.083979607 -0.010455334 0.810615361 0.251108646 0.528902650
1403636662513555456.000000 0.953201413 -0.193781897 1.086951494 -0.013521158 0.809390545 0.255641520 0.528537214
1403636662563555840.000000 0.951839685 -0.194433376 1.090781927 -0.014103861 0.808403373 0.259819120 0.527995527
1403636662613555456.000000 0.950790524 -0.194751978 1.094332933 -0.010335569 0.806694031 0.265246153 0.527998447
1403636662663555584.000000 0.950151801 -0.195406467 1.097973824 -0.003547426 0.805176437 0.270767599 0.527601421
1403636662713555456.000000 0.949162841 -0.195139945 1.101935744 0.005148971 0.804169536 0.274186701 0.527358115
1403636662763555840.000000 0.948606968 -0.194827095 1.105469346 0.011400616 0.803610444 0.276072145 0.527128577
1403636662813555456.000000 0.947855711 -0.194260210 1.108960629 0.015999017 0.803419173 0.277495384 0.526553035
1403636662863555584.000000 0.946942568 -0.193313360 1.112210989 0.016720681 0.802671909 0.279800057 0.526450515
1403636662913555712.000000 0.946465015 -0.191793874 1.115266562 0.013540625 0.802228034 0.281558484 0.526280940
1403636662963555584.000000 0.945466518 -0.190547779 1.117776155 0.011679473 0.801207423 0.284971595 0.526043236
1403636663013555456.000000 0.944837093 -0.188831285 1.121182680 0.012154383 0.799883783 0.289441794 0.525606036
1403636663063555840.000000 0.943693638 -0.187412784 1.123805285 0.014537982 0.798270881 0.294074267 0.525426149
1403636663113555456.000000 0.943516970 -0.186855555 1.125570774 0.016424108 0.796877861 0.298116475 0.525207162
1403636663163555584.000000 0.942676663 -0.185196117 1.126931071 0.016169405 0.795918524 0.300704360 0.525194466
1403636663213555456.000000 0.942535520 -0.185268283 1.127997875 0.011762298 0.796907723 0.299909025 0.524265587
1403636663263555840.000000 0.941849709 -0.183343917 1.128945470 0.001851826 0.799367130 0.293768197 0.524127007
1403636663313555456.000000 0.941188693 -0.181682542 1.129445076 -0.007434782 0.801050723 0.289500445 0.523881733
1403636663363555584.000000 0.941061139 -0.179922491 1.129904389 -0.016399730 0.802308023 0.286322564 0.523500204
1403636663413555712.000000 0.941528559 -0.177178845 1.130403757 -0.025201749 0.802661419 0.285163164 0.523241282
1403636663463555584.000000 0.941596985 -0.174680337 1.130571961 -0.030476669 0.802269995 0.285523742 0.523364425
1403636663513555456.000000 0.943016648 -0.172481000 1.131176114 -0.036405675 0.802166224 0.286308289 0.522715628
1403636663563555840.000000 0.944190145 -0.169294626 1.131372213 -0.039780408 0.801701248 0.286655933 0.522992551
1403636663613555456.000000 0.945446730 -0.166127026 1.132466316 -0.040945895 0.801381886 0.287541389 0.522905886
1403636663663555584.000000 0.947956562 -0.163062423 1.133809090 -0.042441595 0.801420748 0.287591994 0.522699177
1403636663713555456.000000 0.950639606 -0.160283953 1.134172916 -0.046596080 0.801947176 0.285156012 0.522872567
1403636663763555840.000000 0.953638911 -0.157176405 1.134445190 -0.049622998 0.802797914 0.281220019 0.523419976
1403636663813555456.000000 0.957708240 -0.155028850 1.135008097 -0.053261235 0.804702580 0.274109751 0.523909211
1403636663863555584.000000 0.962041616 -0.153399020 1.136257410 -0.056059271 0.806616783 0.267131895 0.524277985
1403636663913555712.000000 0.966690421 -0.152275264 1.136747360 -0.056549743 0.807689428 0.261608660 0.525357962
1403636663963555584.000000 0.972316146 -0.151568413 1.137731552 -0.057252113 0.809782803 0.253521830 0.526023626
1403636664013555456.000000 0.977867484 -0.151275128 1.138763547 -0.056205463 0.811862111 0.245508686 0.526731908
1403636664063555840.000000 0.984280944 -0.150769114 1.140716076 -0.053590264 0.812719345 0.241203219 0.527670741
1403636664113555456.000000 0.989674687 -0.151918977 1.142567635 -0.048658811 0.812416434 0.239716858 0.529289782
1403636664163555584.000000 0.996388197 -0.152085751 1.144929886 -0.041750878 0.812343597 0.238404348 0.530582905
1403636664213555456.000000 1.002891541 -0.154136166 1.147495031 -0.034393724 0.811691642 0.238071099 0.532255471
1403636664263555840.000000 1.010131955 -0.154913425 1.150439262 -0.027626410 0.811322689 0.236665890 0.533836663
1403636664313555456.000000 1.016803980 -0.156226918 1.153304577 -0.021966022 0.810321093 0.236692637 0.535606027
1403636664363555584.000000 1.023580790 -0.156151131 1.157170296 -0.018095162 0.809427857 0.236468032 0.537198365
1403636664413555712.000000 1.030444860 -0.155724689 1.161525249 -0.015033605 0.808530509 0.235776618 0.538945198
1403636664463555584.000000 1.037460089 -0.154970974 1.166749239 -0.013043493 0.807621181 0.236106098 0.540214658
1403636664513555456.000000 1.044217706 -0.153456405 1.171896219 -0.010089866 0.806861341 0.234894961 0.541938424
1403636664563555840.000000 1.050831437 -0.152524665 1.176696301 -0.007383758 0.805231392 0.235598564 0.544096649
1403636664613555456.000000 1.057328224 -0.151294768 1.182168961 -0.000605244 0.803188980 0.237657517 0.546265662
1403636664663555584.000000 1.063749671 -0.150742576 1.188096046 0.002555842 0.801722348 0.238465697 0.548059225
1403636664713555456.000000 1.069820404 -0.150448382 1.193283558 0.005281779 0.799557269 0.241229042 0.549989820
1403636664763555840.000000 1.074625254 -0.150542557 1.199495673 0.001702189 0.798904061 0.240436807 0.551307142
1403636664813555456.000000 1.080815196 -0.150506198 1.204504490 -0.002231896 0.797989964 0.239870623 0.552873492
1403636664863555584.000000 1.086882234 -0.152026877 1.209680438 -0.003697023 0.796741784 0.240578026 0.554356575
1403636664913555712.000000 1.092837334 -0.153167844 1.214298964 -0.002711552 0.795373201 0.241699040 0.555837929
1403636664963555584.000000 1.098096728 -0.154737964 1.219961405 -0.004647198 0.793760180 0.243966445 0.557138860
1403636665013555456.000000 1.103402495 -0.155803174 1.225724936 -0.004922468 0.791725576 0.247594982 0.558429241
1403636665063555840.000000 1.108127236 -0.157335907 1.231839895 -0.007841237 0.790229082 0.250737846 0.559112728
1403636665113555456.000000 1.114124060 -0.159448683 1.235248208 -0.009095761 0.787485600 0.255582213 0.560768723
1403636665163555584.000000 1.119778037 -0.162915945 1.240494967 -0.010897420 0.786216795 0.258590668 0.561137557
1403636665213555456.000000 1.124149561 -0.165391982 1.246893167 -0.007886603 0.785181701 0.260039151 0.561967313
1403636665263555840.000000 1.129686713 -0.168332040 1.251219511 -0.000453174 0.784334719 0.261429995 0.562559605
1403636665313555456.000000 1.135281920 -0.172097042 1.256699443 0.004832656 0.784760058 0.259977371 0.562618971
1403636665363555584.000000 1.140726805 -0.175306723 1.261255741 0.007124200 0.784872174 0.259133011 0.562827766
1403636665413555712.000000 1.146110177 -0.179261476 1.266276360 0.005766495 0.785712719 0.257610768 0.562369168
1403636665463555584.000000 1.151128769 -0.180791736 1.270227432 0.001285626 0.786454022 0.254904419 0.562594235
1403636665513555456.000000 1.156054020 -0.183847457 1.274528742 -0.005088376 0.787577271 0.252901793 0.561904669
1403636665563555840.000000 1.161197782 -0.186767578 1.279587746 -0.010417531 0.789421260 0.249500960 0.560762763
1403636665613555456.000000 1.166179657 -0.189334691 1.283336878 -0.015234938 0.789752543 0.248644710 0.560566425
1403636665663555584.000000 1.171220303 -0.192673504 1.288715720 -0.017698092 0.790769517 0.247375906 0.559620976
1403636665713555456.000000 1.176096439 -0.196098417 1.293898582 -0.018152265 0.792230725 0.245140225 0.558522403
1403636665763555840.000000 1.182146192 -0.200460851 1.297792435 -0.017590584 0.793263495 0.243532091 0.557777584
1403636665813555456.000000 1.187117577 -0.202286571 1.302800417 -0.014811394 0.794619858 0.240273222 0.557340860
1403636665863555584.000000 1.192159772 -0.205946326 1.308009863 -0.006220621 0.794527948 0.241330013 0.557177305
1403636665913555712.000000 1.197484970 -0.209610790 1.313375235 0.002638580 0.793901742 0.244422302 0.556750357
1403636665963555584.000000 1.202893734 -0.213397533 1.318696737 0.009741277 0.793131471 0.248594418 0.555921376
1403636666013555456.000000 1.207486272 -0.217346191 1.323841095 0.014601695 0.791947424 0.253039777 0.555497169
1403636666063555840.000000 1.212779999 -0.219984442 1.328721762 0.017277779 0.791450858 0.255008787 0.555227518
1403636666113555456.000000 1.217344403 -0.223093659 1.333989143 0.016321165 0.792042613 0.253818482 0.554957986
1403636666163555584.000000 1.221537590 -0.225372627 1.339514971 0.012977096 0.793622434 0.250019908 0.554513454
1403636666213555456.000000 1.225887418 -0.227437258 1.345198274 0.011930140 0.794636846 0.247620717 0.554160595
1403636666263555840.000000 1.229803085 -0.228631333 1.350683689 0.012331421 0.794815481 0.246228993 0.554515719
1403636666313555456.000000 1.234469414 -0.231194779 1.356059432 0.014415636 0.794798136 0.246949404 0.554169714
1403636666363555584.000000 1.238419771 -0.232063040 1.360648870 0.017532438 0.793916821 0.247210175 0.555225968
1403636666413555712.000000 1.241976738 -0.233568296 1.366089463 0.019791819 0.792664647 0.249584913 0.555876374
1403636666463555584.000000 1.245221972 -0.234953821 1.372932434 0.020982657 0.791998386 0.251777023 0.555793643
1403636666513555456.000000 1.248410463 -0.236482024 1.377362490 0.020268042 0.790640831 0.253540039 0.556950450
1403636666563555840.000000 1.251544237 -0.238700762 1.382336020 0.016824771 0.790129125 0.254759014 0.557234943
1403636666613555456.000000 1.253628135 -0.241236344 1.388135552 0.011891112 0.789763808 0.255328059 0.557619393
1403636666663555584.000000 1.256423473 -0.242887259 1.392048955 0.006177326 0.789293766 0.254678816 0.558673441
1403636666713555456.000000 1.258932829 -0.246203542 1.397405386 0.000276463 0.788629472 0.256487429 0.558818221
1403636666763555840.000000 1.261803508 -0.248737961 1.401311994 -0.004460381 0.787223577 0.258798987 0.559716225
1403636666813555456.000000 1.264013767 -0.251917839 1.405315995 -0.006856012 0.785447240 0.262319177 0.560548306
1403636666863555584.000000 1.266883969 -0.254775524 1.409492970 -0.007723663 0.783064723 0.268317729 0.561030984
1403636666913555712.000000 1.268520355 -0.257442206 1.414059877 -0.003633351 0.779087424 0.278078318 0.561855972
1403636666963555584.000000 1.272115588 -0.258630842 1.417465687 0.000937353 0.775093436 0.287333548 0.562733352
1403636667013555456.000000 1.275504231 -0.260861963 1.421984076 0.004123201 0.773879349 0.290228516 0.562904179
1403636667063555840.000000 1.279181480 -0.261002839 1.424324155 0.006460302 0.773334026 0.289573014 0.563968360
1403636667113555456.000000 1.282068253 -0.263807356 1.428583145 0.006329589 0.776888013 0.280881196 0.563480973
1403636667163555584.000000 1.285768270 -0.264690667 1.432359219 0.005355868 0.781386614 0.268744618 0.563189745
1403636667213555456.000000 1.289577723 -0.265042275 1.434502125 0.004433588 0.784374893 0.258514911 0.563831985
1403636667263555840.000000 1.292951345 -0.266220480 1.438388824 0.001785856 0.787628412 0.249427274 0.563404381
1403636667313555456.000000 1.296093464 -0.266000420 1.441753626 -0.000315367 0.789399326 0.243125185 0.563683212
1403636667363555584.000000 1.299372196 -0.266393185 1.444668293 -0.000670204 0.790015101 0.240356937 0.564007401
1403636667413555712.000000 1.301798344 -0.265969753 1.447825432 -0.001963702 0.790070891 0.239515528 0.564284027
1403636667463555584.000000 1.305199981 -0.266227096 1.452253938 -0.004846270 0.789131343 0.241986528 0.564527035
1403636667513555456.000000 1.308473587 -0.265661120 1.456516266 -0.006711225 0.787864208 0.245613396 0.564711571
1403636667563555840.000000 1.311358571 -0.265089184 1.459700108 -0.007461588 0.785216749 0.251705170 0.565706253
1403636667613555456.000000 1.314294934 -0.266485959 1.463484526 -0.006926901 0.782819211 0.259350806 0.565582216
1403636667663555584.000000 1.317335963 -0.267463684 1.467029572 -0.005823798 0.780704260 0.264796853 0.565994322
1403636667713555456.000000 1.320255280 -0.268631428 1.471066833 -0.003849732 0.779600620 0.267927974 0.566058874
1403636667763555840.000000 1.323452473 -0.269436449 1.473852158 -0.001590020 0.779138386 0.268889308 0.566250324
1403636667813555456.000000 1.326676488 -0.272168159 1.475765467 -0.000361830 0.778983712 0.269165665 0.566333890
1403636667863555584.000000 1.329837322 -0.273048699 1.479885817 0.001118527 0.779461682 0.269146740 0.565683961
1403636667913555712.000000 1.333381891 -0.274491251 1.481955528 0.002555232 0.779249251 0.270004898 0.565563023
1403636667963555584.000000 1.337035060 -0.275695354 1.485394120 0.001597314 0.779554963 0.270463824 0.564925551
1403636668013555456.000000 1.339785457 -0.276964933 1.488349080 0.002098108 0.780116796 0.269798785 0.564466119
1403636668063555840.000000 1.343774796 -0.277949870 1.490139484 -0.000249420 0.781283617 0.268289804 0.563574731
1403636668113555456.000000 1.347649097 -0.276834756 1.492392540 -0.002166125 0.782438040 0.265967786 0.563069463
1403636668163555584.000000 1.351386547 -0.276800603 1.495237470 -0.004977675 0.783827960 0.264256477 0.561923146
1403636668213555456.000000 1.355099440 -0.276246846 1.497962236 -0.007871757 0.784784079 0.264362723 0.560503662
1403636668263555840.000000 1.358873129 -0.275855899 1.502214909 -0.011339705 0.785934746 0.263391852 0.559287786
1403636668313555456.000000 1.362847209 -0.275097609 1.504218578 -0.013356273 0.786895692 0.263273329 0.557946265
1403636668363555584.000000 1.366181254 -0.275177896 1.507144213 -0.014145291 0.787660360 0.263155013 0.556902707
1403636668413555712.000000 1.370523572 -0.274489820 1.510996580 -0.014054927 0.788956702 0.262237757 0.555500805
1403636668463555584.000000 1.374676943 -0.273328751 1.512909412 -0.013354952 0.789968371 0.260717064 0.554795742
1403636668513555456.000000 1.378500462 -0.271559119 1.516361237 -0.012942062 0.791140378 0.259607583 0.553654552
1403636668563555840.000000 1.384578109 -0.270666331 1.520957232 -0.013208199 0.792047441 0.259827554 0.552246392
1403636668613555456.000000 1.389394522 -0.269542038 1.523690343 -0.013405666 0.792612851 0.259750992 0.551465929
1403636668663555584.000000 1.394009709 -0.267473698 1.526699185 -0.013925415 0.793291390 0.259518147 0.550586343
1403636668713555456.000000 1.397844672 -0.266949266 1.530529737 -0.016950440 0.794726729 0.257095963 0.549566925
1403636668763555840.000000 1.402876496 -0.266596496 1.534798861 -0.021049270 0.796824038 0.252378106 0.548574328
1403636668813555456.000000 1.407814860 -0.263650715 1.537384987 -0.022128064 0.798870325 0.247214615 0.547906578
1403636668863555584.000000 1.412253261 -0.263001233 1.540783167 -0.025329666 0.800571620 0.241713583 0.547739089
1403636668913555712.000000 1.418025970 -0.263300329 1.544929504 -0.027168343 0.802665174 0.236262336 0.546964884
1403636668963555584.000000 1.421786070 -0.263004273 1.548035383 -0.023160130 0.803060055 0.234781206 0.547207475
1403636669013555456.000000 1.428005815 -0.264244497 1.552815914 -0.017703734 0.802816749 0.235935465 0.547271848
1403636669063555840.000000 1.432771444 -0.265446305 1.558045745 -0.011874164 0.802632511 0.237022817 0.547229648
1403636669113555456.000000 1.437407494 -0.266052008 1.562113762 -0.005645914 0.802277386 0.238244578 0.547319591
1403636669163555584.000000 1.441769242 -0.268543422 1.566807747 -0.002868857 0.802223802 0.239401594 0.546914697
1403636669213555456.000000 1.448539376 -0.270776838 1.571799755 -0.001222374 0.802333176 0.240084872 0.546460807
1403636669263555840.000000 1.452108502 -0.271164238 1.576757669 0.000336414 0.802638113 0.239450619 0.546292543
1403636669313555456.000000 1.457180023 -0.273240149 1.581524730 -0.000835591 0.802729547 0.239500120 0.546135843
1403636669363555584.000000 1.461778045 -0.273806036 1.587458491 -0.000647998 0.802446187 0.240668118 0.546038985
1403636669413555712.000000 1.466244459 -0.274890333 1.593867660 0.000076333 0.803082764 0.239592955 0.545576155
1403636669463555584.000000 1.469802022 -0.276347667 1.599367499 0.002730659 0.803265989 0.238113821 0.545946956
1403636669513555456.000000 1.475155354 -0.275507122 1.605249405 0.004396067 0.803881526 0.235785261 0.546040773
1403636669563555840.000000 1.479204774 -0.276678175 1.611867905 0.005831684 0.804750443 0.232706845 0.546067953
1403636669613555456.000000 1.483213186 -0.276577771 1.618085146 0.008972065 0.806092918 0.227760613 0.546130896
1403636669663555584.000000 1.485671639 -0.277446210 1.624456882 0.012015772 0.806801081 0.223622203 0.546736479
1403636669713555456.000000 1.488662124 -0.277746767 1.631356478 0.015540458 0.807905674 0.218960226 0.546903491
1403636669763555840.000000 1.491254807 -0.280125916 1.637933254 0.017676776 0.807877779 0.217771083 0.547354400
1403636669813555456.000000 1.493977785 -0.281905830 1.644633889 0.025932943 0.805501521 0.222975865 0.548430979
1403636669863555584.000000 1.496104360 -0.283302128 1.650580883 0.037565235 0.801317036 0.231815621 0.550219417
1403636669913555712.000000 1.498728752 -0.285812736 1.657591581 0.046474036 0.796504736 0.243982747 0.551264763
1403636669963555584.000000 1.498095036 -0.289840966 1.665288568 0.052507762 0.792918563 0.253686011 0.551512897
1403636670013555456.000000 1.499244809 -0.291597456 1.671329856 0.054859739 0.790011764 0.260932982 0.552074194
1403636670063555840.000000 1.497708559 -0.294562340 1.676887512 0.057204768 0.787513554 0.266379803 0.552803695
1403636670113555456.000000 1.497343540 -0.296961159 1.683520555 0.059106678 0.785138369 0.270760953 0.553852558
1403636670163555584.000000 1.497303009 -0.299782306 1.687861443 0.063585989 0.783010483 0.271643549 0.555932701
1403636670213555456.000000 1.495138526 -0.302916408 1.692437768 0.073298499 0.780144811 0.272449732 0.558366060
1403636670263555840.000000 1.493902326 -0.305217326 1.695882440 0.082191475 0.777469695 0.272058636 0.561043262
1403636670313555456.000000 1.491733432 -0.308259070 1.699361086 0.089349650 0.774693429 0.272799790 0.563424408
1403636670363555584.000000 1.489275575 -0.308312893 1.701835990 0.094003417 0.771090388 0.274376720 0.566833615
1403636670413555712.000000 1.485764980 -0.309904754 1.704414606 0.095919602 0.766873777 0.276331186 0.571266234
1403636670463555584.000000 1.482269168 -0.311437279 1.706258774 0.097672142 0.761644900 0.279459417 0.576419711
1403636670513555456.000000 1.478198647 -0.312453896 1.707957029 0.098907679 0.756399393 0.280977160 0.582347929
1403636670563555840.000000 1.472660899 -0.313937306 1.707940102 0.099365242 0.750101328 0.281471163 0.590125978
1403636670613555456.000000 1.467915058 -0.314770401 1.707315087 0.098770253 0.743834257 0.281301558 0.598184407
1403636670663555584.000000 1.460836053 -0.315990329 1.705741286 0.097690068 0.737399638 0.279605448 0.607057989
1403636670713555456.000000 1.453904271 -0.317376971 1.703213453 0.096373670 0.730928540 0.277153611 0.616150558
1403636670763555840.000000 1.447721601 -0.318776667 1.699230194 0.095906444 0.723745942 0.274979293 0.625603914
1403636670813555456.000000 1.440789223 -0.319435239 1.695062518 0.097119868 0.715454996 0.273615986 0.635473192
1403636670863555584.000000 1.430816054 -0.319090337 1.689688206 0.100815207 0.705802560 0.272750318 0.645977080
1403636670913555712.000000 1.421870470 -0.319145560 1.683640242 0.105302110 0.695597708 0.272077054 0.656528354
1403636670963555584.000000 1.413646460 -0.319471955 1.677168608 0.110989250 0.684395969 0.270901471 0.667754412
1403636671013555456.000000 1.405077696 -0.319545448 1.669518709 0.114256591 0.673240602 0.267343223 0.679867744
1403636671063555840.000000 1.394385099 -0.318872333 1.661253214 0.114665233 0.663120389 0.261392057 0.691951871
1403636671113555456.000000 1.384292364 -0.318216413 1.651101112 0.110684574 0.653586745 0.254024327 0.704304576
1403636671163555584.000000 1.374466181 -0.317314774 1.639534235 0.104541473 0.643954933 0.247219056 0.716432810
1403636671213555456.000000 1.362425923 -0.316717625 1.627694130 0.096903503 0.635104120 0.241623953 0.727234840
1403636671263555840.000000 1.351562977 -0.314879090 1.612966776 0.087219700 0.627446234 0.236139029 0.736846209
1403636671313555456.000000 1.339064837 -0.313373744 1.598286867 0.071992263 0.622417867 0.229512051 0.744806945
1403636671363555584.000000 1.326402664 -0.312435359 1.583323479 0.052428134 0.619142473 0.220503837 0.751859009
1403636671413555712.000000 1.315473199 -0.310828567 1.568837523 0.032171447 0.615937591 0.210395604 0.758498311
1403636671463555584.000000 1.304233313 -0.310194790 1.552553773 0.013533940 0.610188842 0.203391492 0.765583694
1403636671513555456.000000 1.292870879 -0.308772624 1.537217736 -0.001062845 0.603413939 0.199908882 0.771963060
1403636671563555840.000000 1.281834960 -0.305312037 1.521455526 -0.011778616 0.596231818 0.199317947 0.777586877
1403636671613555456.000000 1.270241261 -0.304011226 1.506810427 -0.022759046 0.590003192 0.200051159 0.781893790
1403636671663555584.000000 1.258200407 -0.301573664 1.492474198 -0.030971553 0.585004926 0.202030733 0.784852624
1403636671713555456.000000 1.247288108 -0.298533142 1.477781177 -0.037413042 0.580546260 0.203844383 0.787409484
1403636671763555840.000000 1.237109661 -0.296869367 1.464270711 -0.042536523 0.577586293 0.205590546 0.788870931
1403636671813555456.000000 1.227480173 -0.292639643 1.450559139 -0.048683360 0.575619161 0.205589235 0.789952934
1403636671863555584.000000 1.219665289 -0.289958835 1.434946775 -0.053649481 0.572993398 0.208169058 0.790863991
1403636671913555712.000000 1.212063313 -0.287973732 1.421664000 -0.060617711 0.571491361 0.211523816 0.790557265
1403636671963555584.000000 1.204913616 -0.285963744 1.407593369 -0.068056859 0.570707202 0.213979930 0.789857030
1403636672013555456.000000 1.198129892 -0.284210801 1.393169880 -0.076262899 0.570306897 0.214567035 0.789237022
1403636672063555840.000000 1.191981316 -0.282394946 1.382011056 -0.082505912 0.572712421 0.210660592 0.787918448
1403636672113555456.000000 1.187723637 -0.281558812 1.368087173 -0.087204434 0.575253487 0.203956470 0.787324965
1403636672163555584.000000 1.182889104 -0.282180011 1.358004212 -0.089840695 0.578769445 0.197849005 0.786009192
1403636672213555456.000000 1.178891897 -0.282012731 1.345244050 -0.091402084 0.580898285 0.193301871 0.785389900
1403636672263555840.000000 1.176069021 -0.282990247 1.335394144 -0.092214085 0.583321989 0.190888092 0.784087896
1403636672313555456.000000 1.174485922 -0.284556448 1.323833704 -0.092882551 0.585280776 0.186166227 0.783684492
1403636672363555584.000000 1.173045158 -0.285704076 1.315379143 -0.092522979 0.588633776 0.178065777 0.783097982
1403636672413555712.000000 1.173123598 -0.287413418 1.306664467 -0.091439798 0.591834962 0.169363573 0.782742798
1403636672463555584.000000 1.171978474 -0.287480026 1.299187660 -0.085151315 0.595454395 0.158808544 0.782919645
1403636672513555456.000000 1.172881603 -0.287703842 1.292295218 -0.070964687 0.597200751 0.154377252 0.783889711
1403636672563555840.000000 1.172169566 -0.288067013 1.286928535 -0.054686334 0.598882914 0.151497677 0.784472585
1403636672613555456.000000 1.171178341 -0.286870569 1.282448649 -0.039005466 0.599174798 0.151776016 0.785131991
1403636672663555584.000000 1.171302676 -0.284644127 1.277610779 -0.026412742 0.598736703 0.152467161 0.785856605
1403636672713555456.000000 1.171520114 -0.282129347 1.273037434 -0.019979544 0.597014308 0.158116668 0.786240399
1403636672763555840.000000 1.170434475 -0.278524250 1.270203590 -0.019583963 0.595031977 0.164958671 0.786347330
1403636672813555456.000000 1.170058846 -0.275052458 1.266829252 -0.021614546 0.590984166 0.171459332 0.787954569
1403636672863555584.000000 1.169683456 -0.271164596 1.264859200 -0.023810150 0.587491214 0.173067704 0.790148616
1403636672913555712.000000 1.169909120 -0.267937779 1.261555910 -0.024509458 0.582314074 0.172733530 0.794023216
1403636672963555584.000000 1.169973373 -0.264697641 1.259740710 -0.026084594 0.576988697 0.170217708 0.798391938
1403636673013555456.000000 1.168638468 -0.262891591 1.257994652 -0.027763603 0.571136951 0.166962758 0.803215623
1403636673063555840.000000 1.168348551 -0.260605156 1.255716205 -0.030355584 0.564877391 0.163575873 0.808229566
1403636673113555456.000000 1.167654514 -0.259388149 1.254683018 -0.033173811 0.558696985 0.161245823 0.812869608
1403636673163555584.000000 1.167943954 -0.257746279 1.252716780 -0.038541906 0.551851451 0.162336200 0.817081153
1403636673213555456.000000 1.166834235 -0.257786125 1.252174020 -0.046203367 0.546007514 0.164751202 0.820120811
1403636673263555840.000000 1.166957736 -0.257134378 1.250560522 -0.053909849 0.540193975 0.166203544 0.823201478
1403636673313555456.000000 1.167848229 -0.257275909 1.249525785 -0.060120977 0.535179794 0.168641850 0.825547099
1403636673363555584.000000 1.168559551 -0.258031011 1.248401165 -0.064318858 0.531382442 0.169863924 0.827431023
1403636673413555712.000000 1.169792175 -0.258157551 1.248258948 -0.065081850 0.528961718 0.168974072 0.829102993
1403636673463555584.000000 1.171533346 -0.258930683 1.248615742 -0.064055830 0.527117908 0.168276489 0.830497861
1403636673513555456.000000 1.174292088 -0.259325206 1.249365330 -0.063190684 0.525840461 0.166630879 0.831704795
1403636673563555840.000000 1.176117897 -0.259383708 1.250295639 -0.060037836 0.525124490 0.164049298 0.832903147
1403636673613555456.000000 1.178548574 -0.260508895 1.251737833 -0.054507591 0.525423586 0.159680113 0.833943248
1403636673663555584.000000 1.181798935 -0.261090577 1.254137278 -0.048378170 0.526178837 0.155029967 0.834722221
1403636673713555456.000000 1.184783578 -0.261415094 1.256390333 -0.041636795 0.526560366 0.150691956 0.835639060
1403636673763555840.000000 1.188105583 -0.261732846 1.259459734 -0.034455393 0.527740002 0.145227268 0.836189210
1403636673813555456.000000 1.191421032 -0.262232602 1.262326956 -0.028378537 0.527829409 0.142345712 0.836856425
1403636673863555584.000000 1.194386721 -0.262378782 1.264925957 -0.025481435 0.528201163 0.139171287 0.837248921
1403636673913555712.000000 1.197731137 -0.262606174 1.268561482 -0.026822900 0.528406143 0.137477279 0.837357521
1403636673963555584.000000 1.200296164 -0.265400738 1.271450043 -0.027499136 0.528131127 0.137677744 0.837476075
1403636674013555456.000000 1.204349041 -0.265728444 1.274600625 -0.027337536 0.527109087 0.139569998 0.837812066
1403636674063555840.000000 1.205801606 -0.270824909 1.278541088 -0.028688679 0.527417541 0.140697554 0.837384045
1403636674113555456.000000 1.208488226 -0.272439450 1.284350634 -0.028202858 0.527303636 0.141743019 0.837295949
1403636674163555584.000000 1.210909605 -0.273037970 1.288529873 -0.026421174 0.527218282 0.142504171 0.837278545
1403636674213555456.000000 1.213312984 -0.273461014 1.292798638 -0.023576554 0.527092099 0.142896742 0.837376058
1403636674263555840.000000 1.216130495 -0.274286062 1.297906637 -0.019257925 0.526432037 0.145266756 0.837493956
1403636674313555456.000000 1.218697309 -0.275092840 1.303781509 -0.014447683 0.524957001 0.150292680 0.837629735
1403636674363555584.000000 1.220774174 -0.275247812 1.309270859 -0.010433386 0.522244036 0.156087473 0.838325143
1403636674413555712.000000 1.223190784 -0.274343699 1.315158606 -0.005460918 0.517724931 0.161201239 0.840205550
1403636674463555584.000000 1.225391746 -0.274184048 1.320494175 -0.001315136 0.512461424 0.164503857 0.842804849
1403636674513555456.000000 1.227628946 -0.273313254 1.326534033 0.002205756 0.506747425 0.165644214 0.846028507
1403636674563555840.000000 1.229833245 -0.270625740 1.332274318 0.004076247 0.501408100 0.164660871 0.849388063
1403636674613555456.000000 1.232448101 -0.269617498 1.338487625 0.004777834 0.497377872 0.162706614 0.852126241
1403636674663555584.000000 1.234846234 -0.267207891 1.342569113 0.005498064 0.493311107 0.159481645 0.855090380
1403636674713555456.000000 1.237036705 -0.264782637 1.349650621 0.004821451 0.489650846 0.159076542 0.857270956
1403636674763555840.000000 1.239673138 -0.262599438 1.355031371 0.000403878 0.485572159 0.160871089 0.859267235
1403636674813555456.000000 1.241808653 -0.260470390 1.360010624 -0.006294521 0.481203437 0.164416581 0.861029029
1403636674863555584.000000 1.244821310 -0.258211792 1.365020275 -0.013175427 0.477380276 0.168271810 0.862333596
1403636674913555712.000000 1.248148322 -0.255771995 1.369812369 -0.019352335 0.474037081 0.171527624 0.863419235
1403636674963555584.000000 1.251344323 -0.254875869 1.374789357 -0.025966907 0.471715719 0.173777252 0.864066899
1403636675013555456.000000 1.254783273 -0.253873676 1.378249764 -0.030420395 0.469506115 0.176586241 0.864555359
1403636675063555840.000000 1.258753300 -0.253152072 1.382941723 -0.035900518 0.468356222 0.177038193 0.864876390
1403636675113555456.000000 1.263090372 -0.252679110 1.387179136 -0.040103950 0.469228357 0.174153388 0.864804685
1403636675163555584.000000 1.267652988 -0.253433377 1.391561031 -0.046566118 0.470804214 0.169134393 0.864620507
1403636675213555456.000000 1.272790551 -0.253808498 1.394439578 -0.050147150 0.472813368 0.161043927 0.864868641
1403636675263555840.000000 1.278958440 -0.254921854 1.398544312 -0.053157996 0.474926144 0.154617891 0.864703834
1403636675313555456.000000 1.285074234 -0.256462008 1.404021025 -0.054884318 0.477180630 0.148883969 0.864361048
1403636675363555584.000000 1.291772604 -0.259514123 1.407613754 -0.052160192 0.478657544 0.142562255 0.864778757
1403636675413555712.000000 1.297328472 -0.262189597 1.414508104 -0.045920886 0.479994059 0.135389179 0.865544260
1403636675463555584.000000 1.303858995 -0.264095545 1.420386553 -0.039340172 0.478381097 0.129975110 0.867588878
1403636675513555456.000000 1.310391903 -0.266865671 1.426389456 -0.034912068 0.476038367 0.122812517 0.870106757
1403636675563555840.000000 1.316052556 -0.269204259 1.432922840 -0.030747604 0.473653167 0.115453497 0.872569621
1403636675613555456.000000 1.322706461 -0.271162570 1.439620137 -0.027194271 0.471016496 0.108934954 0.874949753
1403636675663555584.000000 1.328496456 -0.272242665 1.446336269 -0.023976672 0.466772169 0.104720026 0.877828360
1403636675713555456.000000 1.332854152 -0.274227500 1.453984857 -0.020026922 0.462050110 0.100872613 0.880870819
1403636675763555840.000000 1.337792993 -0.275905907 1.460688949 -0.014197036 0.455073357 0.098986439 0.884821117
1403636675813555456.000000 1.342630982 -0.277719826 1.468660116 -0.006621988 0.445827067 0.103176802 0.889128208
1403636675863555584.000000 1.347084761 -0.278271198 1.477270842 0.001844359 0.434756070 0.109230466 0.893897414
1403636675913555712.000000 1.351674914 -0.279366255 1.484670877 0.006387933 0.422067255 0.117752038 0.898862064
1403636675963555584.000000 1.355660081 -0.279081881 1.493715405 0.008926087 0.409691185 0.124230832 0.903681457
1403636676013555456.000000 1.359489322 -0.279259145 1.501481533 0.008048303 0.398223519 0.127452061 0.908355296
1403636676063555840.000000 1.364534497 -0.277921081 1.508643150 0.005954423 0.387546897 0.126505181 0.913109243
1403636676113555456.000000 1.369816303 -0.278502524 1.514496088 0.000822320 0.378191054 0.122209370 0.917625070
1403636676163555584.000000 1.373174787 -0.276299834 1.522564411 -0.004181836 0.370922714 0.111000262 0.921996653
1403636676213555456.000000 1.376799107 -0.277773142 1.531523585 -0.010712136 0.364067435 0.100360312 0.925887704
1403636676263555840.000000 1.381970644 -0.278565049 1.537327051 -0.018178517 0.356163323 0.086895868 0.930197001
1403636676313555456.000000 1.384962082 -0.276365399 1.545445323 -0.023824411 0.347383857 0.076843418 0.934265435
1403636676363555584.000000 1.388899684 -0.275778681 1.553990364 -0.026970621 0.338982135 0.064316183 0.938204288
1403636676413555712.000000 1.391932964 -0.275872052 1.561275840 -0.030790098 0.329836577 0.053961258 0.941991568
1403636676463555584.000000 1.398128271 -0.275590122 1.566464067 -0.032550789 0.317142427 0.048606623 0.946572065
1403636676513555456.000000 1.399068117 -0.275134534 1.576032519 -0.032819338 0.306662887 0.046534952 0.950113297
1403636676563555840.000000 1.402034283 -0.277204692 1.583769560 -0.030721566 0.294094354 0.048206132 0.954065502
1403636676613555456.000000 1.404766440 -0.279430300 1.591350317 -0.028887236 0.282647610 0.050223745 0.957472444
1403636676663555584.000000 1.407241583 -0.280179143 1.597274780 -0.025201626 0.273053706 0.052161776 0.960253000
1403636676713555456.000000 1.409556746 -0.282993853 1.606359959 -0.022687480 0.265472531 0.054695416 0.962298334
1403636676763555840.000000 1.411354303 -0.286207467 1.615924478 -0.019275028 0.259531647 0.057547260 0.963825822
1403636676813555456.000000 1.412803054 -0.288607508 1.624840856 -0.017170396 0.253896832 0.060429033 0.965189040
1403636676863555584.000000 1.414520383 -0.292409390 1.632959843 -0.016790973 0.247788116 0.064041577 0.966549516
1403636676913555712.000000 1.417059064 -0.295338154 1.639771461 -0.014800267 0.243300200 0.065526158 0.967621982
1403636676963555584.000000 1.419329286 -0.298784554 1.648051023 -0.013761004 0.240428299 0.066736206 0.968272269
1403636677013555456.000000 1.423131347 -0.301205009 1.654873729 -0.013502995 0.238560468 0.064953245 0.968858957
1403636677063555840.000000 1.425955415 -0.303352684 1.663036585 -0.014335006 0.239236787 0.059695829 0.969018400
1403636677113555456.000000 1.427338004 -0.303485185 1.672475576 -0.014697708 0.241487086 0.053924631 0.968793154
1403636677163555584.000000 1.431097388 -0.304172784 1.680376768 -0.016053583 0.242555007 0.049662653 0.968732715
1403636677213555456.000000 1.434161782 -0.303381443 1.688090801 -0.014525270 0.243616045 0.045629881 0.968688905
1403636677263555840.000000 1.436387777 -0.303501904 1.696932197 -0.012149313 0.244228467 0.041872330 0.968737125
1403636677313555456.000000 1.438847303 -0.303117961 1.705298185 -0.007991228 0.242594004 0.039455626 0.969292343
1403636677363555584.000000 1.441794157 -0.304153740 1.714254498 -0.002696056 0.239314690 0.035521064 0.970288336
1403636677413555712.000000 1.443367362 -0.304884166 1.721998096 0.003344720 0.235150591 0.031461548 0.971443892
1403636677463555584.000000 1.443652272 -0.307316869 1.729680300 0.009257240 0.229952067 0.028626461 0.972736835
1403636677513555456.000000 1.445182443 -0.308390886 1.736947298 0.015065260 0.222325891 0.027663970 0.974463463
1403636677563555840.000000 1.445492983 -0.309865415 1.744450212 0.018984200 0.214434192 0.026541250 0.976193249
1403636677613555456.000000 1.446963191 -0.311724156 1.749439240 0.020798890 0.204110965 0.027366783 0.978344142
1403636677663555584.000000 1.445979118 -0.314049691 1.757767320 0.020323090 0.194993481 0.027935997 0.980195940
1403636677713555456.000000 1.445723414 -0.316464990 1.763686895 0.019769821 0.183542579 0.029764293 0.982362151
1403636677763555840.000000 1.445784211 -0.317979902 1.768211603 0.017210444 0.171551764 0.030514387 0.984552026
1403636677813555456.000000 1.445379019 -0.321808338 1.773472548 0.010995925 0.158023983 0.033334691 0.986811221
1403636677863555584.000000 1.444762349 -0.324114591 1.778623819 0.005473328 0.143345848 0.037716523 0.988938570
1403636677913555712.000000 1.443899632 -0.325835764 1.782439470 0.000130253 0.128936544 0.039450131 0.990867853
1403636677963555584.000000 1.443844199 -0.329170287 1.786569715 -0.004564208 0.114834651 0.039618853 0.992583811
1403636678013555456.000000 1.442685723 -0.331093967 1.791105270 -0.008440957 0.102808163 0.036458831 0.993997037
1403636678063555840.000000 1.444446802 -0.333595604 1.794296980 -0.009914604 0.090662427 0.031738929 0.995326519
1403636678113555456.000000 1.443888903 -0.335031837 1.799173832 -0.010015558 0.083287798 0.023481339 0.996198595
1403636678163555584.000000 1.445174932 -0.336595714 1.802875876 -0.009820187 0.076148838 0.015184397 0.996932507
1403636678213555456.000000 1.445265651 -0.337327927 1.807684422 -0.010268613 0.071409523 0.006265189 0.997374535
1403636678263555840.000000 1.447506547 -0.338852644 1.811152816 -0.010559024 0.065090097 -0.000961576 0.997823119
1403636678313555456.000000 1.448407412 -0.339788347 1.815523863 -0.010299049 0.058298640 -0.006442437 0.998225331
1403636678363555584.000000 1.450066686 -0.342232734 1.818018794 -0.010304875 0.049064126 -0.008204495 0.998708844
1403636678413555712.000000 1.450654387 -0.344121128 1.821782470 -0.011619996 0.040949337 -0.010728113 0.999036074
1403636678463555584.000000 1.451735497 -0.345948666 1.826025486 -0.012116205 0.032372158 -0.013641126 0.999309361
1403636678513555456.000000 1.452753305 -0.348958760 1.829765677 -0.013822179 0.023877453 -0.017054597 0.999473870
1403636678563555840.000000 1.454078913 -0.351291656 1.832846999 -0.013494099 0.014354133 -0.019680627 0.999612212
1403636678613555456.000000 1.455163479 -0.354426324 1.835224867 -0.013601623 0.003258428 -0.023690704 0.999621570
1403636678663555584.000000 1.455629826 -0.357581019 1.838750005 -0.013139216 -0.006782251 -0.031828348 0.999383986
1403636678713555456.000000 1.457516551 -0.359713584 1.841451526 -0.012357215 -0.017005574 -0.041756004 0.998906672
1403636678763555840.000000 1.458573699 -0.361511528 1.844452739 -0.011738640 -0.027138177 -0.053530604 0.998128355
1403636678813555456.000000 1.459355831 -0.363063991 1.847156048 -0.011594753 -0.036676373 -0.066132806 0.997069180
1403636678863555584.000000 1.458892107 -0.364785671 1.850138187 -0.012245647 -0.045182101 -0.077988416 0.995854676
1403636678913555712.000000 1.460689068 -0.365955561 1.853246093 -0.011885640 -0.053930935 -0.089316390 0.994471133
1403636678963555584.000000 1.460280538 -0.366463780 1.856118441 -0.012001177 -0.062748514 -0.096511588 0.993279457
1403636679013555456.000000 1.460039616 -0.367617041 1.859165907 -0.011161814 -0.073143050 -0.100336425 0.992198646
1403636679063555840.000000 1.458918333 -0.368128151 1.861778617 -0.010158834 -0.084160775 -0.101731315 0.991193533
1403636679113555456.000000 1.457626224 -0.368538082 1.865395188 -0.008378232 -0.095941283 -0.102442212 0.990066051
1403636679163555584.000000 1.456009626 -0.368640721 1.868071318 -0.006792875 -0.109391861 -0.098862484 0.989046812
1403636679213555456.000000 1.453169465 -0.368117541 1.870611072 -0.003429070 -0.123645127 -0.093340911 0.987920880
1403636679263555840.000000 1.451670766 -0.367990971 1.872213960 -0.001025678 -0.138652518 -0.088865899 0.986345410
1403636679313555456.000000 1.449419141 -0.368398517 1.875415802 -0.000587443 -0.153382629 -0.086119033 0.984406888
1403636679363555584.000000 1.447239161 -0.368229926 1.878334880 0.001032193 -0.167705119 -0.086028107 0.982075930
1403636679413555712.000000 1.445173264 -0.369019240 1.879787326 0.000483641 -0.180941299 -0.087108515 0.979628563
1403636679463555584.000000 1.442932844 -0.369439632 1.881516933 0.000448718 -0.193544149 -0.089697354 0.976982534
1403636679513555456.000000 1.441132188 -0.370192230 1.881807208 -0.000618700 -0.205209374 -0.092642441 0.974323452
1403636679563555840.000000 1.439524055 -0.371455312 1.882946014 -0.001942480 -0.215149492 -0.095804252 0.971868575
1403636679613555456.000000 1.438070893 -0.372946113 1.883949399 -0.003442248 -0.223843649 -0.098224670 0.969656706
1403636679663555584.000000 1.436499000 -0.375086069 1.884302855 -0.006391870 -0.230729282 -0.100221008 0.967821717
1403636679713555456.000000 1.435388088 -0.376665056 1.884744406 -0.007767855 -0.236397147 -0.102741055 0.966178238
1403636679763555840.000000 1.433963180 -0.379165918 1.885132909 -0.007718414 -0.240023628 -0.106665365 0.964858353
1403636679813555456.000000 1.433106899 -0.382344723 1.885414004 -0.004390816 -0.243696779 -0.108157933 0.963791728
1403636679863555584.000000 1.431974530 -0.384838313 1.885139585 0.000057261 -0.245414734 -0.110287942 0.963124156
1403636679913555712.000000 1.431112647 -0.387889206 1.884167552 0.006130761 -0.246004358 -0.114460856 0.962467134
1403636679963555584.000000 1.430440664 -0.391348630 1.883816361 0.008258377 -0.245847851 -0.118365176 0.962018967
1403636680013555456.000000 1.428944468 -0.394927144 1.883401394 0.011130027 -0.243021861 -0.125263140 0.961834550
1403636680063555840.000000 1.428600430 -0.398820221 1.882018328 0.013773165 -0.240695536 -0.132620201 0.961398900
1403636680113555456.000000 1.427654505 -0.402408570 1.879934430 0.017172148 -0.237454966 -0.140540719 0.961024761
1403636680163555584.000000 1.426374674 -0.405518174 1.878470182 0.018421665 -0.235154852 -0.144839928 0.960928857
1403636680213555456.000000 1.425021172 -0.407498717 1.876043916 0.019336149 -0.234755784 -0.143819913 0.961161673
1403636680263555840.000000 1.423465252 -0.409963161 1.873944521 0.022167495 -0.234464854 -0.142522842 0.961364746
1403636680313555456.000000 1.422983766 -0.412345856 1.871451020 0.023667429 -0.232671902 -0.145440578 0.961327612
1403636680363555584.000000 1.420661449 -0.413985699 1.868436575 0.022674240 -0.228924721 -0.151201203 0.961362362
1403636680413555712.000000 1.418524981 -0.415277958 1.864866376 0.020495750 -0.225467891 -0.156578571 0.961367428
1403636680463555584.000000 1.416208267 -0.415638000 1.861609697 0.018281480 -0.222909078 -0.159628719 0.961507201
1403636680513555456.000000 1.413189888 -0.415831089 1.858191967 0.016262559 -0.220377401 -0.161775976 0.961768150
1403636680563555840.000000 1.410582304 -0.416120589 1.853958130 0.013649927 -0.219694093 -0.159862772 0.962284803
1403636680613555456.000000 1.406598806 -0.415612042 1.849983573 0.012484317 -0.219774768 -0.156041503 0.962909281
1403636680663555584.000000 1.402379990 -0.415225774 1.845604300 0.011342919 -0.218946561 -0.153963774 0.963446379
1403636680713555456.000000 1.398475528 -0.413640290 1.841050029 0.009035931 -0.219405353 -0.149931118 0.964002252
1403636680763555840.000000 1.393898964 -0.412871182 1.836156368 0.004233131 -0.221398652 -0.141117185 0.964909732
1403636680813555456.000000 1.388910055 -0.411240757 1.831063986 0.000312000 -0.223975867 -0.131743088 0.965649307
1403636680863555584.000000 1.383761644 -0.409652054 1.825124860 -0.004865426 -0.226603895 -0.120923929 0.966439068
1403636680913555712.000000 1.378551245 -0.408307225 1.818828106 -0.012204999 -0.229330286 -0.110290490 0.967002928
1403636680963555584.000000 1.374425650 -0.406696856 1.814714909 -0.021898350 -0.231547683 -0.104684964 0.966926694
1403636681013555456.000000 1.369466066 -0.404226154 1.809741616 -0.030192530 -0.231034726 -0.104112543 0.966887772
1403636681063555840.000000 1.364468336 -0.400471032 1.805440664 -0.037741505 -0.230331391 -0.105416968 0.966648996
1403636681113555456.000000 1.359064341 -0.397447467 1.799884439 -0.043068126 -0.228523374 -0.108176634 0.966550648
1403636681163555584.000000 1.355524778 -0.395182848 1.796472549 -0.043068774 -0.228397369 -0.110503033 0.966317177
1403636681213555456.000000 1.350439310 -0.392215759 1.792367935 -0.036373664 -0.227218509 -0.114745989 0.966375768
1403636681263555840.000000 1.344960332 -0.389669567 1.789786100 -0.026865566 -0.226748705 -0.117400393 0.966478348
1403636681313555456.000000 1.340492249 -0.387680769 1.784770250 -0.019608857 -0.227288052 -0.118295468 0.966417015
1403636681363555584.000000 1.335278153 -0.386514962 1.781013012 -0.013205892 -0.227866933 -0.117716201 0.966460109
1403636681413555712.000000 1.329295158 -0.385423034 1.777506351 -0.008780366 -0.228946581 -0.116020687 0.966460347
1403636681463555584.000000 1.324627280 -0.384425253 1.772904634 -0.006139358 -0.230806142 -0.113321237 0.966358721
1403636681513555456.000000 1.318836570 -0.383071423 1.769897819 -0.004360396 -0.231810793 -0.111398466 0.966351449
1403636681563555840.000000 1.314118624 -0.382124662 1.765488744 -0.003891431 -0.232942611 -0.111416809 0.966079175
1403636681613555456.000000 1.308447838 -0.381406903 1.760476828 -0.003718507 -0.232365504 -0.114181086 0.965896070
1403636681663555584.000000 1.302774191 -0.379767716 1.756331444 -0.002969584 -0.232922018 -0.115752570 0.965577483
1403636681713555456.000000 1.297580004 -0.377901554 1.751971245 -0.002232641 -0.233113363 -0.117315643 0.965344667
1403636681763555840.000000 1.292488337 -0.376474619 1.747574449 -0.001514740 -0.233714148 -0.118242688 0.965087652
1403636681813555456.000000 1.286702275 -0.374226958 1.743522167 -0.000763668 -0.234275177 -0.119000934 0.964859247
1403636681863555584.000000 1.280839086 -0.371837199 1.739638686 0.000108095 -0.235157892 -0.118575998 0.964697182
1403636681913555712.000000 1.276207209 -0.371050000 1.735289812 0.000372372 -0.236404985 -0.117812514 0.964485765
1403636681963555584.000000 1.270149112 -0.369139999 1.729984760 0.000579126 -0.237471610 -0.117273360 0.964289367
1403636682013555456.000000 1.264633775 -0.368338525 1.724786997 0.000012575 -0.238621503 -0.116055258 0.964152992
1403636682063555840.000000 1.259523630 -0.367331445 1.719772100 -0.000563337 -0.239927128 -0.114511400 0.964013457
1403636682113555456.000000 1.253759623 -0.366875112 1.714976430 -0.000545824 -0.241253734 -0.113710836 0.963777065
1403636682163555584.000000 1.247965097 -0.366575986 1.708925247 -0.001185564 -0.241748095 -0.112553515 0.963788450
1403636682213555456.000000 1.244275570 -0.367082983 1.703866005 -0.004511989 -0.243105695 -0.112007491 0.963500679
1403636682263555840.000000 1.237512708 -0.366153121 1.697509050 -0.008847957 -0.242766067 -0.111193053 0.963650644
1403636682313555456.000000 1.232420444 -0.365660310 1.692396283 -0.015085846 -0.242458627 -0.112201691 0.963533640
1403636682363555584.000000 1.227436066 -0.363326401 1.686955214 -0.020547770 -0.242215663 -0.112596482 0.963447690
1403636682413555712.000000 1.221843958 -0.362661779 1.681711674 -0.024362531 -0.241623044 -0.112654231 0.963500857
1403636682463555584.000000 1.217115641 -0.360642463 1.678061128 -0.022168912 -0.241698042 -0.111801848 0.963634253
1403636682513555456.000000 1.211640954 -0.359586537 1.671724081 -0.018031567 -0.240064636 -0.112297468 0.964071214
1403636682563555840.000000 1.205575466 -0.357735068 1.666873932 -0.012935751 -0.238647074 -0.113543823 0.964358926
1403636682613555456.000000 1.200805545 -0.355799586 1.662640572 -0.008802884 -0.238110527 -0.114215441 0.964458823
1403636682663555584.000000 1.195622683 -0.353603452 1.658003092 -0.004827154 -0.237109199 -0.114399411 0.964711785
1403636682713555456.000000 1.190761089 -0.350981861 1.654375076 -0.002586707 -0.237462148 -0.112483457 0.964858890
1403636682763555840.000000 1.184338450 -0.348834872 1.648831844 -0.000344121 -0.236501217 -0.110420868 0.965336442
1403636682813555456.000000 1.179767370 -0.348102719 1.642763138 0.001455309 -0.235893339 -0.109136671 0.965630114
1403636682863555584.000000 1.175566077 -0.346933901 1.638463497 0.003478946 -0.235310733 -0.110453121 0.965617418
1403636682913555712.000000 1.170102000 -0.345886230 1.632633805 0.004133959 -0.233073816 -0.112350628 0.965938389
1403636682963555584.000000 1.163973212 -0.343894482 1.626962304 0.005261670 -0.231189340 -0.114794545 0.966098368
1403636683013555456.000000 1.158885837 -0.343521029 1.621042013 0.005355217 -0.229774535 -0.117825724 0.966070414
1403636683063555840.000000 1.153179169 -0.342969656 1.615151286 0.006305437 -0.229401991 -0.117905796 0.966143489
1403636683113555456.000000 1.148615241 -0.341339171 1.609551191 0.005364316 -0.230051816 -0.117525332 0.966040969
1403636683163555584.000000 1.143958807 -0.340072125 1.603528261 0.004073224 -0.231241822 -0.115668327 0.965987325
1403636683213555456.000000 1.138743401 -0.337975204 1.597263455 0.002193612 -0.232205242 -0.114227407 0.965933800
1403636683263555840.000000 1.133319855 -0.335963041 1.591799498 0.000997333 -0.233161345 -0.113221072 0.965823889
1403636683313555456.000000 1.128402233 -0.333196402 1.585142374 0.000228404 -0.234601900 -0.111894913 0.965630114
1403636683363555584.000000 1.124184966 -0.330275446 1.580000639 -0.000495360 -0.236474246 -0.110815309 0.965297759
1403636683413555712.000000 1.117746234 -0.327108204 1.573229909 -0.001000090 -0.236664191 -0.110667452 0.965267718
1403636683463555584.000000 1.111618638 -0.324588388 1.566675067 -0.002368042 -0.237606212 -0.110051006 0.965104461
1403636683513555456.000000 1.107830167 -0.321293741 1.560549736 -0.002284652 -0.238534451 -0.110097073 0.964870334
1403636683563555840.000000 1.102529764 -0.317152739 1.555510998 -0.002279870 -0.239497021 -0.109807268 0.964664936
1403636683613555456.000000 1.096867800 -0.313584834 1.549760342 -0.004141991 -0.239709839 -0.110259347 0.964554310
1403636683663555584.000000 1.092002273 -0.309439689 1.543714643 -0.006334627 -0.240462065 -0.109992974 0.964385569
1403636683713555456.000000 1.086858273 -0.306469440 1.537095070 -0.009438801 -0.240470111 -0.110412985 0.964310169
1403636683763555840.000000 1.082947731 -0.302994162 1.531883597 -0.012500477 -0.241865173 -0.109431982 0.964038253
1403636683813555456.000000 1.078026772 -0.299899042 1.525217056 -0.015594053 -0.241947100 -0.110582948 0.963841259
1403636683863555584.000000 1.073559642 -0.296125352 1.520401239 -0.018148679 -0.243604049 -0.108899780 0.963570714
1403636683913555712.000000 1.068155050 -0.293601930 1.513319373 -0.018289739 -0.243290246 -0.111207746 0.963383734
1403636683963555584.000000 1.063248754 -0.292255282 1.505827904 -0.018440368 -0.244068876 -0.110736951 0.963238180
1403636684013555456.000000 1.058745861 -0.290262878 1.500910878 -0.016559264 -0.245416105 -0.109879173 0.963028193
1403636684063555840.000000 1.054000854 -0.287900120 1.494911075 -0.013940440 -0.246392637 -0.109932818 0.962814212
1403636684113555456.000000 1.049682140 -0.287262231 1.488605738 -0.012330861 -0.247440234 -0.110268071 0.962529123
1403636684163555584.000000 1.045061946 -0.286313266 1.482671618 -0.011355767 -0.248769045 -0.110365391 0.962187409
1403636684213555456.000000 1.040069222 -0.285975456 1.475074530 -0.010137162 -0.249445245 -0.109697551 0.962102234
1403636684263555840.000000 1.035425782 -0.286025435 1.468896151 -0.008917689 -0.250904053 -0.108932920 0.961821854
1403636684313555456.000000 1.031239152 -0.285753638 1.463178635 -0.006417520 -0.251860976 -0.109153934 0.961566627
1403636684363555584.000000 1.026663303 -0.284642488 1.457483530 -0.004259732 -0.252875239 -0.108949788 0.961335540
1403636684413555712.000000 1.022059917 -0.284937471 1.450029612 -0.003470046 -0.253404915 -0.109495781 0.961137176
1403636684463555584.000000 1.017815113 -0.283267498 1.443814874 -0.002979332 -0.254284352 -0.108089656 0.961065710
1403636684513555456.000000 1.013433337 -0.282047331 1.437079787 -0.003127095 -0.255596817 -0.105588332 0.960995138
1403636684563555840.000000 1.009879351 -0.280621678 1.430935383 -0.002358257 -0.256806225 -0.103705086 0.960880041
1403636684613555456.000000 1.005863547 -0.278661281 1.425147653 -0.002179893 -0.257984728 -0.101692997 0.960779786
1403636684663555584.000000 1.002268910 -0.276576281 1.419624567 -0.001787103 -0.258678973 -0.100979388 0.960669160
1403636684713555456.000000 0.998648643 -0.274214715 1.412892580 -0.001145653 -0.258933455 -0.099864557 0.960718155
1403636684763555840.000000 0.995539367 -0.270839959 1.408754110 -0.000390215 -0.259246707 -0.100177839 0.960601568
1403636684813555456.000000 0.992518842 -0.268340230 1.402023792 -0.000066239 -0.259171307 -0.100289188 0.960610390
1403636684863555584.000000 0.990096867 -0.264698803 1.396636605 -0.000048937 -0.259048790 -0.101252630 0.960542381
1403636684913555712.000000 0.987222195 -0.261377096 1.391383410 0.001391748 -0.257941633 -0.104285039 0.960514903
1403636684963555584.000000 0.984757185 -0.257773966 1.385480642 0.001576967 -0.255762964 -0.110515848 0.960400522
1403636685013555456.000000 0.982205391 -0.254368573 1.379636765 0.001449127 -0.253791928 -0.113852255 0.960533857
1403636685063555840.000000 0.979493141 -0.251962960 1.373882174 0.000841918 -0.252410054 -0.116647035 0.960563362
1403636685113555456.000000 0.976922989 -0.248878106 1.368013144 -0.000340397 -0.251240313 -0.117345482 0.960785210
1403636685163555584.000000 0.974243283 -0.246287748 1.361224890 -0.002880533 -0.250505090 -0.117239185 0.960985899
1403636685213555456.000000 0.972449899 -0.244413614 1.355695724 -0.004854371 -0.248784363 -0.119422495 0.961156130
1403636685263555840.000000 0.969937027 -0.242088422 1.348815560 -0.005953581 -0.246270642 -0.122446686 0.961416721
1403636685313555456.000000 0.967583954 -0.241311505 1.342354774 -0.007165299 -0.244398654 -0.124852516 0.961576760
1403636685363555584.000000 0.965203404 -0.239437252 1.335645795 -0.007235963 -0.242905229 -0.125223249 0.961906374
1403636685413555712.000000 0.962573707 -0.238155454 1.328277349 -0.007388445 -0.241765052 -0.124805205 0.962246716
1403636685463555584.000000 0.959298491 -0.236424625 1.321500540 -0.008249488 -0.241291985 -0.122214757 0.962690890
1403636685513555456.000000 0.955815792 -0.234407753 1.314818740 -0.008412896 -0.240842953 -0.120158575 0.963060677
1403636685563555840.000000 0.953216970 -0.232664436 1.307803988 -0.009649144 -0.240627661 -0.118862115 0.963263750
1403636685613555456.000000 0.949990571 -0.230021104 1.300381303 -0.009637750 -0.240574718 -0.116535231 0.963561416
1403636685663555584.000000 0.947565913 -0.227113962 1.295208097 -0.008761382 -0.240052849 -0.116906002 0.963654995
1403636685713555456.000000 0.944401681 -0.224227697 1.288578987 -0.007658821 -0.239523709 -0.117461056 0.963728547
1403636685763555840.000000 0.941352189 -0.221754551 1.282238364 -0.007174972 -0.239186734 -0.118373632 0.963704348
1403636685813555456.000000 0.938727319 -0.217776746 1.275414824 -0.005021445 -0.238276318 -0.120377168 0.963695288
1403636685863555584.000000 0.935420871 -0.214107096 1.269993663 -0.003157108 -0.237737209 -0.121710591 0.963668823
1403636685913555712.000000 0.931654572 -0.210937291 1.263713002 -0.004143876 -0.237857535 -0.120376468 0.963802993
1403636685963555584.000000 0.928207159 -0.207198262 1.257187486 -0.006001904 -0.239041805 -0.118154809 0.963775158
1403636686013555456.000000 0.925657034 -0.202447012 1.250602961 -0.007943774 -0.240100384 -0.115842171 0.963778675
1403636686063555840.000000 0.922314405 -0.198680729 1.245004058 -0.011144588 -0.241497234 -0.112971887 0.963738680
1403636686113555456.000000 0.918096364 -0.195793122 1.238834143 -0.013587888 -0.242022067 -0.111175694 0.963784575
1403636686163555584.000000 0.915105224 -0.192919403 1.231580734 -0.013464627 -0.242060214 -0.110574424 0.963845849
1403636686213555456.000000 0.911619663 -0.189833164 1.224888206 -0.014289167 -0.242123842 -0.109793894 0.963907242
1403636686263555840.000000 0.908948720 -0.187771335 1.218327045 -0.015869925 -0.242344528 -0.108344503 0.963991106
1403636686313555456.000000 0.905630112 -0.185570374 1.211259246 -0.017110987 -0.242320612 -0.107523255 0.964067817
1403636686363555584.000000 0.902356744 -0.183748811 1.205462098 -0.018067297 -0.242692143 -0.106789045 0.964038551
1403636686413555712.000000 0.899165332 -0.182296932 1.199266434 -0.018877286 -0.242345467 -0.107370071 0.964045644
1403636686463555584.000000 0.895897269 -0.180905476 1.192381382 -0.020613778 -0.242136613 -0.107992701 0.963993013
1403636686513555456.000000 0.892654538 -0.178881168 1.185985684 -0.022149280 -0.242204249 -0.107053459 0.964046776
1403636686563555840.000000 0.889520109 -0.177371085 1.179924250 -0.022259710 -0.242159143 -0.107874297 0.963964045
1403636686613555456.000000 0.886524975 -0.175444514 1.174163342 -0.022627126 -0.242477223 -0.109678514 0.963671863
1403636686663555584.000000 0.883538842 -0.172406077 1.169250131 -0.022004506 -0.242335215 -0.109701544 0.963719428
1403636686713555456.000000 0.880371273 -0.169826403 1.163704634 -0.021666707 -0.242601991 -0.109635226 0.963667452
1403636686763555840.000000 0.877307057 -0.166975260 1.158966660 -0.019947931 -0.243236870 -0.108777970 0.963641763
1403636686813555456.000000 0.873891950 -0.164632231 1.153927684 -0.018319203 -0.243505031 -0.108888768 0.963593841
1403636686863555584.000000 0.871316433 -0.162875161 1.149086118 -0.017298784 -0.244546235 -0.107393652 0.963516772
1403636686913555712.000000 0.867982864 -0.161029220 1.144023061 -0.016030308 -0.245198622 -0.105903119 0.963537872
1403636686963555584.000000 0.865125597 -0.159556568 1.139005303 -0.015205935 -0.245848328 -0.105525903 0.963427067
1403636687013555456.000000 0.862435043 -0.158227801 1.134283543 -0.014063303 -0.246855229 -0.105633192 0.963175118
1403636687063555840.000000 0.858645439 -0.157992572 1.128945947 -0.014132459 -0.246565938 -0.104345664 0.963388562
1403636687113555456.000000 0.855186403 -0.157321870 1.124179840 -0.014130227 -0.246848315 -0.104114264 0.963341355
1403636687163555584.000000 0.852970898 -0.157333210 1.119060278 -0.013811901 -0.247468784 -0.104207344 0.963176727
1403636687213555456.000000 0.849535823 -0.156552121 1.114754558 -0.012381640 -0.247194320 -0.104627348 0.963221133
1403636687263555840.000000 0.847627580 -0.156246662 1.109153748 -0.012054507 -0.247991309 -0.104669325 0.963015795
1403636687313555456.000000 0.844520569 -0.154661447 1.105163097 -0.010971577 -0.247883305 -0.104394786 0.963086367
1403636687363555584.000000 0.841643810 -0.153429270 1.100966692 -0.009160486 -0.247595623 -0.105410777 0.963068545
1403636687413555712.000000 0.839106679 -0.151362672 1.096742749 -0.007306448 -0.247808799 -0.106049500 0.962959468
1403636687463555584.000000 0.837671220 -0.149838224 1.091882467 -0.006465541 -0.248397395 -0.106110655 0.962807119
1403636687513555456.000000 0.835915565 -0.148716003 1.087507010 -0.006407813 -0.248884276 -0.105745234 0.962722003
1403636687563555840.000000 0.833398640 -0.146952748 1.083342910 -0.007020733 -0.249709204 -0.104103535 0.962682962
1403636687613555456.000000 0.830937386 -0.144363374 1.079190493 -0.006254644 -0.250357687 -0.103467837 0.962588370
1403636687663555584.000000 0.828835309 -0.140424818 1.076875567 -0.005849533 -0.251319259 -0.101850107 0.962512851
1403636687713555456.000000 0.826879263 -0.137330249 1.072010756 -0.005156903 -0.252058297 -0.101153761 0.962397039
1403636687763555840.000000 0.826097369 -0.133559808 1.067696691 -0.005468216 -0.252937794 -0.100392483 0.962244272
1403636687813555456.000000 0.823220789 -0.129070774 1.065023065 -0.005129353 -0.252540588 -0.101487808 0.962235570
1403636687863555584.000000 0.822112381 -0.124904096 1.061630964 -0.005346819 -0.253106326 -0.101273187 0.962108314
1403636687913555712.000000 0.820409179 -0.121463656 1.057608843 -0.005760003 -0.252350301 -0.102820933 0.962140322
1403636687963555584.000000 0.818914950 -0.117216408 1.054506898 -0.005566420 -0.251643449 -0.105471827 0.962039709
1403636688013555456.000000 0.817024231 -0.112491935 1.050727248 -0.004797193 -0.250714004 -0.107731462 0.962036073
1403636688063555840.000000 0.815652251 -0.107161187 1.048196435 -0.003959516 -0.249789461 -0.111114115 0.961895704
1403636688113555456.000000 0.813158393 -0.102424450 1.044435859 -0.003377938 -0.248489305 -0.114409804 0.961848259
1403636688163555584.000000 0.811749399 -0.097872593 1.040904403 -0.003453303 -0.248272479 -0.115367249 0.961789608
1403636688213555456.000000 0.811005354 -0.094161257 1.037244081 -0.003874871 -0.248643488 -0.115183271 0.961714268
1403636688263555840.000000 0.808898568 -0.090917833 1.033759594 -0.003987033 -0.249085441 -0.114273451 0.961707950
1403636688313555456.000000 0.806831598 -0.086794473 1.029656649 -0.005084011 -0.249541238 -0.111834481 0.961871326
1403636688363555584.000000 0.805910707 -0.083838969 1.025494933 -0.006187472 -0.250726461 -0.109959058 0.961772799
1403636688413555712.000000 0.804882884 -0.080098502 1.021373153 -0.007666084 -0.251043230 -0.109045677 0.961783588
1403636688463555584.000000 0.802510977 -0.076937541 1.018062949 -0.007244626 -0.249963254 -0.111471280 0.961790025
1403636688513555456.000000 0.801862895 -0.072843008 1.013284922 -0.006768639 -0.249420896 -0.113338940 0.961715996
1403636688563555840.000000 0.800204277 -0.068622567 1.009678006 -0.005986004 -0.247784212 -0.117857262 0.961601198
1403636688613555456.000000 0.798668027 -0.064662494 1.005874991 -0.005755604 -0.246150076 -0.122511074 0.961440623
1403636688663555584.000000 0.796470106 -0.060587198 1.002900720 -0.005466118 -0.245244280 -0.125587553 0.961276889
1403636688713555456.000000 0.795181274 -0.055717587 0.999136746 -0.004879298 -0.245653987 -0.127314448 0.960948229
1403636688763555840.000000 0.793515861 -0.051305059 0.995258331 -0.005569534 -0.245885238 -0.129149884 0.960640311
1403636688813555456.000000 0.791674674 -0.046671323 0.991692960 -0.006133396 -0.247521907 -0.127580240 0.960426331
1403636688863555584.000000 0.789416373 -0.042788323 0.987081766 -0.007521755 -0.249416336 -0.128706306 0.959775805
1403636688913555712.000000 0.787229121 -0.038506076 0.982788861 -0.008784906 -0.253466845 -0.127651811 0.958844364
1403636688963555584.000000 0.784323335 -0.035111066 0.979027390 -0.011581736 -0.257029265 -0.126913875 0.957963884
1403636689013555456.000000 0.781750321 -0.031706586 0.973845541 -0.013428865 -0.260682076 -0.125552103 0.957131803
1403636689063555840.000000 0.778400540 -0.029414654 0.969470739 -0.015928755 -0.264327526 -0.124521345 0.956227839
1403636689113555456.000000 0.775773346 -0.027418323 0.964644909 -0.018535133 -0.268542111 -0.123149119 0.955183744
1403636689163555584.000000 0.772792220 -0.024310108 0.959853590 -0.020073371 -0.272060812 -0.121515557 0.954365790
1403636689213555456.000000 0.769349813 -0.023053996 0.955288291 -0.022253575 -0.274701297 -0.122736707 0.953404307
1403636689263555840.000000 0.767117918 -0.022475109 0.950500369 -0.024167284 -0.278129965 -0.122259766 0.952424407
1403636689313555456.000000 0.763394952 -0.020748604 0.945809841 -0.025348350 -0.280126363 -0.123003833 0.951712549
1403636689363555584.000000 0.760841787 -0.020182084 0.941357195 -0.025082035 -0.282717973 -0.122915059 0.950964510
1403636689413555712.000000 0.757613480 -0.019913793 0.936697483 -0.024598131 -0.283958048 -0.123618580 0.950516343
1403636689463555584.000000 0.753343582 -0.020181835 0.932397246 -0.024500847 -0.285061717 -0.123546936 0.950197697
1403636689513555456.000000 0.750280619 -0.020418163 0.928038716 -0.024744026 -0.286428243 -0.123564236 0.949778199
1403636689563555840.000000 0.746677697 -0.021476772 0.923696816 -0.026752699 -0.287345529 -0.123112448 0.949505270
1403636689613555456.000000 0.743699908 -0.023220215 0.919608295 -0.029917536 -0.288387001 -0.123070396 0.949100435
1403636689663555584.000000 0.739774585 -0.024953905 0.915515482 -0.034290064 -0.288997471 -0.122154869 0.948885143
1403636689713555456.000000 0.736381054 -0.026232079 0.911930561 -0.039107483 -0.290004313 -0.119415917 0.948740244
1403636689763555840.000000 0.733176470 -0.026629001 0.908242226 -0.044095103 -0.290583104 -0.114613786 0.948936641
1403636689813555456.000000 0.728671670 -0.027870599 0.905513108 -0.048004713 -0.290895253 -0.111231916 0.949053764
1403636689863555584.000000 0.724956572 -0.029106274 0.903268993 -0.048851732 -0.291390240 -0.107786648 0.949256182
1403636689913555712.000000 0.722119153 -0.029985048 0.900746703 -0.048416216 -0.293689013 -0.100352928 0.949385047
1403636689963555584.000000 0.718653619 -0.031247422 0.899147868 -0.047737621 -0.293836892 -0.096266821 0.949796677
1403636690013555456.000000 0.715999246 -0.031814776 0.897146344 -0.045791965 -0.293279201 -0.095315084 0.950160742
1403636690063555840.000000 0.711994469 -0.032961540 0.897113264 -0.045194075 -0.291822493 -0.097160026 0.950451016
1403636690113555456.000000 0.708939910 -0.034339357 0.896552920 -0.046452019 -0.289489210 -0.103419147 0.950443447
1403636690163555584.000000 0.706714392 -0.034049988 0.896978438 -0.044525336 -0.286971360 -0.108082823 0.950780272
1403636690213555456.000000 0.704131842 -0.035009552 0.897547066 -0.043966454 -0.284839600 -0.112884492 0.950889349
1403636690263555840.000000 0.701650023 -0.036219958 0.897504091 -0.042923536 -0.283631325 -0.115030445 0.951040983
1403636690313555456.000000 0.699102759 -0.037894275 0.898064494 -0.041255672 -0.282680601 -0.117102362 0.951144934
1403636690363555584.000000 0.696396232 -0.040021669 0.899110436 -0.040031999 -0.281610817 -0.118500978 0.951341391
1403636690413555712.000000 0.694060445 -0.042011347 0.900210142 -0.039089151 -0.281644225 -0.118781798 0.951335609
1403636690463555584.000000 0.690450966 -0.044781853 0.901336491 -0.038721081 -0.281530738 -0.117638662 0.951526284
1403636690513555456.000000 0.687478662 -0.046807818 0.902464986 -0.037689872 -0.282526344 -0.113645852 0.951757848
1403636690563555840.000000 0.684535980 -0.049643498 0.903836429 -0.037570678 -0.283774376 -0.110077865 0.951810658
1403636690613555456.000000 0.681737900 -0.051240291 0.906398833 -0.039198659 -0.285970658 -0.103604801 0.951814234
1403636690663555584.000000 0.678968549 -0.053032499 0.908549964 -0.039129145 -0.287873507 -0.097614229 0.951876700
1403636690713555456.000000 0.675965607 -0.054780241 0.910907865 -0.038039457 -0.290565759 -0.088475652 0.951996088
1403636690763555840.000000 0.673391998 -0.056019057 0.914358914 -0.038044211 -0.294008285 -0.078193255 0.951839089
1403636690813555456.000000 0.671591878 -0.056141619 0.918059766 -0.036530562 -0.297024488 -0.069726638 0.951619804
1403636690863555584.000000 0.669410348 -0.056100346 0.922234774 -0.033109408 -0.298956722 -0.063184619 0.951596737
1403636690913555712.000000 0.667797744 -0.056286488 0.926769137 -0.028016921 -0.300613552 -0.058850046 0.951516330
1403636690963555584.000000 0.667281032 -0.055763267 0.931534469 -0.019963650 -0.303251505 -0.051486760 0.951309204
1403636691013555456.000000 0.666595340 -0.056129761 0.936676443 -0.011128980 -0.304580122 -0.046911865 0.951265693
1403636691063555840.000000 0.667880595 -0.056783944 0.941832662 -0.002239415 -0.306787163 -0.043524090 0.950779855
1403636691113555456.000000 0.668969214 -0.057888448 0.946531534 0.003436396 -0.307023168 -0.043971241 0.950679481
1403636691163555584.000000 0.671242595 -0.059362352 0.951198578 0.011604616 -0.306779593 -0.046703808 0.950563252
1403636691213555456.000000 0.674251318 -0.060840171 0.956211388 0.019816946 -0.305103451 -0.054326568 0.950561881
1403636691263555840.000000 0.678047299 -0.062342696 0.960767269 0.027547710 -0.301819295 -0.065136693 0.950738430
1403636691313555456.000000 0.682635903 -0.064311042 0.964716613 0.031715341 -0.298837870 -0.075895637 0.950752318
1403636691363555584.000000 0.687230229 -0.066619843 0.968634248 0.032589067 -0.296306521 -0.085207626 0.950726151
1403636691413555712.000000 0.692763329 -0.069666103 0.971474707 0.025494184 -0.295662344 -0.092599429 0.950452089
1403636691463555584.000000 0.698829293 -0.072461829 0.974665344 0.017029488 -0.295756370 -0.097798519 0.950091362
1403636691513555456.000000 0.704727113 -0.075578943 0.976795137 0.008476239 -0.296009034 -0.100040615 0.949894071
1403636691563555840.000000 0.711481869 -0.079210959 0.978856087 0.003833080 -0.297074467 -0.101720572 0.949413002
1403636691613555456.000000 0.717683077 -0.083720595 0.979973078 -0.001102727 -0.296997309 -0.106192701 0.948954463
1403636691663555584.000000 0.724948287 -0.087104492 0.981925130 -0.001705204 -0.296102017 -0.111366786 0.948640168
1403636691713555456.000000 0.730514467 -0.091687024 0.983751595 -0.003800884 -0.293501228 -0.119823962 0.948411822
1403636691763555840.000000 0.737422466 -0.095435828 0.985322177 -0.003055142 -0.292238176 -0.125380009 0.948086202
1403636691813555456.000000 0.744236827 -0.099117942 0.986789346 -0.003848599 -0.292184472 -0.127145052 0.947864771
1403636691863555584.000000 0.751065373 -0.102380067 0.988447249 -0.005400136 -0.293038309 -0.125907883 0.947758734
1403636691913555712.000000 0.757459641 -0.105303049 0.990357220 -0.005948016 -0.293823570 -0.123517118 0.947826982
1403636691963555584.000000 0.763643444 -0.108521029 0.991898417 -0.002892768 -0.295249820 -0.119518660 0.947910607
1403636692013555456.000000 0.770628035 -0.111270517 0.993285656 0.000927758 -0.296582311 -0.116043814 0.947930396
1403636692063555840.000000 0.776593864 -0.113344103 0.994937718 0.001315181 -0.297039449 -0.113454580 0.948100209
1403636692113555456.000000 0.783505738 -0.115912400 0.996163428 0.001019437 -0.296104878 -0.115299642 0.948170304
1403636692163555584.000000 0.789906561 -0.118295684 0.997317135 0.002487419 -0.293608129 -0.120535590 0.948292851
1403636692213555456.000000 0.796900749 -0.121080302 0.998881400 0.002050349 -0.292543024 -0.123037271 0.948301792
1403636692263555840.000000 0.803672493 -0.125123799 0.999950826 0.000551749 -0.291721731 -0.124587014 0.948354542
1403636692313555456.000000 0.809916377 -0.129444584 0.999647856 -0.001156002 -0.291218042 -0.124918617 0.948465109
1403636692363555584.000000 0.816173434 -0.132963106 1.000399113 -0.002354083 -0.291659951 -0.121822968 0.948729753
1403636692413555712.000000 0.822694004 -0.137376219 1.000456333 -0.003964710 -0.290943354 -0.122159615 0.948901117
1403636692463555584.000000 0.829303980 -0.142192498 0.999997616 -0.004232119 -0.289603353 -0.124944910 0.948947251
1403636692513555456.000000 0.835468829 -0.147374734 1.000420213 -0.003566959 -0.287519246 -0.129842833 0.948926210
1403636692563555840.000000 0.841424286 -0.152493015 0.999648333 -0.003762332 -0.286341012 -0.130442455 0.949199378
1403636692613555456.000000 0.847956002 -0.157968402 0.998750031 -0.004519918 -0.286552072 -0.129048362 0.949322999
1403636692663555584.000000 0.854140520 -0.163104340 0.998032093 -0.004667617 -0.286114156 -0.127658725 0.949642122
1403636692713555456.000000 0.859731555 -0.168744758 0.997033715 -0.006627181 -0.284121126 -0.130859002 0.949793279
1403636692763555840.000000 0.865777850 -0.174272761 0.996554732 -0.008291615 -0.280668378 -0.138867244 0.949669659
1403636692813555456.000000 0.871190131 -0.178125054 0.995871663 -0.009171825 -0.276586294 -0.147937074 0.949489594
1403636692863555584.000000 0.875896394 -0.182326674 0.994987190 -0.009835774 -0.273255467 -0.155280024 0.949274957
1403636692913555712.000000 0.881323159 -0.186414182 0.994320929 -0.010691955 -0.271244287 -0.160385936 0.948993504
1403636692963555584.000000 0.886605263 -0.190613940 0.993331611 -0.012123967 -0.271238357 -0.160753503 0.948915720
1403636693013555456.000000 0.890237451 -0.194105208 0.991927743 -0.014230353 -0.272272170 -0.157789096 0.949087977
1403636693063555840.000000 0.894880712 -0.198519707 0.990896285 -0.014485584 -0.274218410 -0.153643981 0.949203908
1403636693113555456.000000 0.898056984 -0.202337354 0.990109146 -0.013576077 -0.275845230 -0.149606690 0.949390829
1403636693163555584.000000 0.902246475 -0.205455706 0.989181042 -0.013089125 -0.277911127 -0.145309687 0.949462652
1403636693213555456.000000 0.903698146 -0.208474129 0.988337636 -0.015797043 -0.278278768 -0.144571438 0.949426413
1403636693263555840.000000 0.906441808 -0.211179182 0.987309813 -0.020017181 -0.279183000 -0.142309219 0.949423134
1403636693313555456.000000 0.909037471 -0.212002993 0.986921787 -0.025065517 -0.280361772 -0.139806554 0.949327707
1403636693363555584.000000 0.912813067 -0.214942887 0.985362232 -0.030088685 -0.281821996 -0.137517363 0.949083805
1403636693413555712.000000 0.915255547 -0.216400966 0.984607995 -0.034272484 -0.283251375 -0.135973826 0.948738813
1403636693463555584.000000 0.917263567 -0.219073728 0.984812975 -0.039927568 -0.283985466 -0.135388792 0.948381782
1403636693513555456.000000 0.919919372 -0.220432997 0.984571278 -0.046511311 -0.284423441 -0.134194747 0.948120177
1403636693563555840.000000 0.921353161 -0.221866742 0.984702289 -0.053171936 -0.284229070 -0.135003820 0.947713315
1403636693613555456.000000 0.923380256 -0.223278433 0.985305607 -0.057709064 -0.284302831 -0.135996997 0.947283745
1403636693663555584.000000 0.924967885 -0.223972112 0.986439586 -0.059986565 -0.284258544 -0.136151806 0.947133243
1403636693713555456.000000 0.925077438 -0.225234270 0.987819612 -0.058820583 -0.284599900 -0.135640860 0.947177172
1403636693763555840.000000 0.926011741 -0.226456463 0.989243269 -0.053179920 -0.285635173 -0.134959996 0.947296321
1403636693813555456.000000 0.925844669 -0.228517771 0.991368473 -0.047709167 -0.285904735 -0.134658650 0.947549164
1403636693863555584.000000 0.926433325 -0.229973048 0.994040489 -0.040659584 -0.287248403 -0.132605642 0.947761059
1403636693913555712.000000 0.927133203 -0.231619880 0.995530486 -0.032665253 -0.288850546 -0.129531503 0.948008418
1403636693963555584.000000 0.926276326 -0.232829899 0.998298764 -0.024669401 -0.289281368 -0.128949776 0.948198080
1403636694013555456.000000 0.926175952 -0.233933344 1.001042247 -0.016962374 -0.290986389 -0.125670314 0.948285937
1403636694063555840.000000 0.926268220 -0.235625401 1.004277229 -0.011017111 -0.291886091 -0.124183886 0.948292971
1403636694113555456.000000 0.926175237 -0.236600488 1.006858945 -0.008376452 -0.292515695 -0.123648271 0.948195994
1403636694163555584.000000 0.926198602 -0.238038331 1.009296298 -0.005709961 -0.293126017 -0.122938380 0.948119581
1403636694213555456.000000 0.926274896 -0.238639385 1.012290001 -0.003621337 -0.293342263 -0.122403100 0.948132217
1403636694263555840.000000 0.926929951 -0.240241349 1.014820695 -0.003962340 -0.293611437 -0.123373047 0.947921813
1403636694313555456.000000 0.926142573 -0.242016494 1.017333031 -0.005817235 -0.293319196 -0.124085687 0.947909713
1403636694363555584.000000 0.926814795 -0.243887916 1.019019842 -0.008769518 -0.293616652 -0.123720184 0.947842717
1403636694413555712.000000 0.926924706 -0.245967150 1.020312905 -0.011876653 -0.293439537 -0.125171423 0.947673142
1403636694463555584.000000 0.927373648 -0.246839017 1.022515297 -0.013810227 -0.293003112 -0.125128210 0.947787642
1403636694513555456.000000 0.927270889 -0.248160288 1.024445891 -0.014829053 -0.292313427 -0.126252234 0.947836161
1403636694563555840.000000 0.926662803 -0.250199199 1.025828481 -0.016061509 -0.291995823 -0.127189368 0.947788656
1403636694613555456.000000 0.926450968 -0.250985295 1.028656244 -0.016504653 -0.291389614 -0.127223179 0.947963119
1403636694663555584.000000 0.926240802 -0.252105922 1.029993176 -0.016816651 -0.290500969 -0.127960935 0.948131084
1403636694713555456.000000 0.928058863 -0.252500832 1.032227397 -0.015357027 -0.290933222 -0.127728447 0.948054612
1403636694763555840.000000 0.927940011 -0.251962095 1.034488320 -0.013183785 -0.291223377 -0.124127880 0.948476374
1403636694813555456.000000 0.927141309 -0.253078938 1.037416577 -0.012002487 -0.290325820 -0.124389611 0.948732913
1403636694863555584.000000 0.926706433 -0.252810508 1.040142417 -0.013926728 -0.291930646 -0.118024476 0.949027359
1403636694913555712.000000 0.927593887 -0.253167957 1.042775273 -0.015788369 -0.293308139 -0.113527812 0.949122012
1403636694963555584.000000 0.927129745 -0.252701640 1.045171976 -0.017562339 -0.293961972 -0.108865403 0.949434757
1403636695013555456.000000 0.927827001 -0.252000242 1.047374606 -0.018948913 -0.294061452 -0.106656790 0.949627936
1403636695063555840.000000 0.928294659 -0.251419872 1.049467325 -0.019656278 -0.292799294 -0.108589649 0.949784458
1403636695113555456.000000 0.928892672 -0.251439959 1.052975178 -0.018468374 -0.290993541 -0.111406080 0.950037122
1403636695163555584.000000 0.929501474 -0.251394838 1.055748820 -0.018296765 -0.289549291 -0.113228410 0.950266182
1403636695213555456.000000 0.930813432 -0.251621485 1.058619976 -0.016768221 -0.287781835 -0.115927927 0.950505793
1403636695263555840.000000 0.931447804 -0.252599716 1.061231256 -0.015171638 -0.286076933 -0.118209369 0.950766265
1403636695313555456.000000 0.932316899 -0.253816098 1.063296437 -0.013811620 -0.284612596 -0.119929165 0.951011062
1403636695363555584.000000 0.932915926 -0.255753249 1.065925598 -0.012834362 -0.283222675 -0.121479265 0.951242924
1403636695413555712.000000 0.934434891 -0.256909579 1.067723751 -0.011928521 -0.282642514 -0.121260256 0.951455176
1403636695463555584.000000 0.934508085 -0.259461224 1.070098042 -0.011419410 -0.281494647 -0.122413710 0.951653957
1403636695513555456.000000 0.935432792 -0.261498541 1.071969628 -0.010250458 -0.280227900 -0.124783270 0.951733351
1403636695563555840.000000 0.936042786 -0.263103426 1.073996544 -0.008876477 -0.279226452 -0.125365689 0.951964974
1403636695613555456.000000 0.936392665 -0.264156580 1.076198220 -0.007547304 -0.277940720 -0.127313554 0.952094197
1403636695663555584.000000 0.937196016 -0.265356660 1.078185081 -0.005944689 -0.276431113 -0.129848942 0.952202618
1403636695713555456.000000 0.938305378 -0.266602814 1.080148458 -0.005767830 -0.276152611 -0.129974350 0.952267408
1403636695763555840.000000 0.939295888 -0.267587841 1.082114220 -0.007403129 -0.276658684 -0.127053902 0.952503324
1403636695813555456.000000 0.938651204 -0.267772734 1.084159613 -0.008005101 -0.275963008 -0.126596943 0.952761054
1403636695863555584.000000 0.939587355 -0.267171472 1.086328745 -0.007798732 -0.276161522 -0.125061586 0.952907979
1403636695913555712.000000 0.940061092 -0.267222047 1.087566733 -0.008860871 -0.275561333 -0.125428334 0.953024209
1403636695963555584.000000 0.940554738 -0.267023265 1.089343071 -0.011332571 -0.275489599 -0.124406874 0.953152657
1403636696013555456.000000 0.940761268 -0.266676933 1.090614319 -0.014115681 -0.275298178 -0.123620249 0.953273177
1403636696063555840.000000 0.940704703 -0.265964389 1.092615008 -0.017657422 -0.274185330 -0.124358565 0.953438878
1403636696113555456.000000 0.941698194 -0.265422791 1.094125032 -0.020779241 -0.272660613 -0.127077058 0.953454733
1403636696163555584.000000 0.943034410 -0.264245272 1.095799088 -0.021456411 -0.271224678 -0.130520761 0.953384042
1403636696213555456.000000 0.941992223 -0.263422132 1.098452091 -0.022452094 -0.269661099 -0.133102551 0.953447759
1403636696263555840.000000 0.942691207 -0.263062060 1.100783944 -0.019524628 -0.269388109 -0.134126857 0.953445792
1403636696313555456.000000 0.942616343 -0.261594027 1.102362394 -0.015887773 -0.269897401 -0.132552236 0.953589499
1403636696363555584.000000 0.942389727 -0.260831326 1.104346037 -0.008287165 -0.270641237 -0.129599586 0.953880847
1403636696413555712.000000 0.941930830 -0.260092556 1.106555104 -0.000888375 -0.272179753 -0.124634236 0.954140306
1403636696463555584.000000 0.940992355 -0.258970976 1.107244611 0.003258066 -0.273147613 -0.119350553 0.954534054
1403636696513555456.000000 0.940550566 -0.258176059 1.109526992 0.004954404 -0.273052663 -0.118396506 0.954672754
1403636696563555840.000000 0.939795971 -0.257895768 1.110882759 0.003426740 -0.272671133 -0.117397860 0.954911768
1403636696613555456.000000 0.939533710 -0.258056670 1.111062169 0.002476714 -0.272480041 -0.117372729 0.954972386
1403636696663555584.000000 0.939396858 -0.257653832 1.111865401 0.000374548 -0.272506565 -0.115925916 0.955144644
1403636696713555456.000000 0.939978600 -0.257703274 1.112488270 -0.000139787 -0.272883952 -0.115751185 0.955058157
1403636696763555840.000000 0.939593732 -0.257669866 1.111976266 -0.002010879 -0.272510201 -0.115836769 0.955152392
1403636696813555456.000000 0.940015197 -0.257159650 1.112306356 -0.001806935 -0.271912217 -0.116810575 0.955204606
1403636696863555584.000000 0.940050483 -0.257215410 1.112528682 -0.002825242 -0.271523476 -0.118004315 0.955166042
1403636696913555712.000000 0.939992249 -0.256368756 1.112407923 -0.002556041 -0.270736158 -0.120147146 0.955123127
1403636696963555584.000000 0.941055059 -0.255201280 1.112542629 -0.000336013 -0.268906325 -0.126091704 0.954877019
1403636697013555456.000000 0.941395342 -0.254014820 1.112487555 0.001498393 -0.266394109 -0.132599607 0.954698563
1403636697063555840.000000 0.941214263 -0.253102213 1.112470746 0.003200559 -0.264129698 -0.138777524 0.954445481
1403636697113555456.000000 0.941066265 -0.251817733 1.112410545 0.005120269 -0.261151582 -0.146170408 0.954153001
1403636697163555584.000000 0.941889405 -0.251626819 1.111283779 0.006671574 -0.259431839 -0.151105106 0.953843772
1403636697213555456.000000 0.940896749 -0.250757754 1.109425902 0.008594530 -0.258033097 -0.153769076 0.953782082
1403636697263555840.000000 0.940013528 -0.250898153 1.107320905 0.009115806 -0.257225394 -0.154760569 0.953835011
1403636697313555456.000000 0.939603209 -0.250473469 1.105450392 0.006351968 -0.258281052 -0.151885152 0.954034328
1403636697363555584.000000 0.937427700 -0.250935465 1.102655172 0.002497886 -0.259521365 -0.146489009 0.954559267
1403636697413555712.000000 0.935861051 -0.252140135 1.100138545 -0.002312107 -0.261840820 -0.140509292 0.954825222
1403636697463555584.000000 0.933853805 -0.253502905 1.096485734 -0.007118379 -0.263593584 -0.135883555 0.954988778
1403636697513555456.000000 0.931447446 -0.254351318 1.093039632 -0.010487819 -0.264054120 -0.132096320 0.955361784
1403636697563555840.000000 0.930123925 -0.256926417 1.088644505 -0.012715698 -0.263155460 -0.129974797 0.955873489
1403636697613555456.000000 0.927193522 -0.258434474 1.085786700 -0.012483949 -0.259200782 -0.129182592 0.957063794
1403636697663555584.000000 0.925313830 -0.259473383 1.082398295 -0.011690110 -0.253306925 -0.127714589 0.958847225
1403636697713555456.000000 0.921732724 -0.259985924 1.079547286 -0.011858993 -0.244884372 -0.124812432 0.961411953
1403636697763555840.000000 0.920149624 -0.260904700 1.075602055 -0.012963498 -0.234924167 -0.122521996 0.964173734
1403636697813555456.000000 0.916973352 -0.261654884 1.072954774 -0.012926953 -0.224222600 -0.119300149 0.967121840
1403636697863555584.000000 0.914183497 -0.262124181 1.069705248 -0.012635075 -0.214520365 -0.115579396 0.969774663
1403636697913555712.000000 0.911979377 -0.262357414 1.066579700 -0.013115276 -0.206064478 -0.111572541 0.972068429
1403636697963555584.000000 0.908680201 -0.261806846 1.064182162 -0.013149658 -0.198215485 -0.107007042 0.974211156
1403636698013555456.000000 0.905918300 -0.261299551 1.060944080 -0.013805624 -0.191685513 -0.104249984 0.975806415
1403636698063555840.000000 0.902938187 -0.260279566 1.058042169 -0.012967485 -0.186104476 -0.101920642 0.977143407
1403636698113555456.000000 0.899639845 -0.259290755 1.054391980 -0.013606078 -0.181470394 -0.098995447 0.978306353
1403636698163555584.000000 0.896248639 -0.257439047 1.051949501 -0.013603470 -0.177756175 -0.096736319 0.979213893
1403636698213555456.000000 0.893004656 -0.256243646 1.049698114 -0.013220079 -0.174119622 -0.094687462 0.980072379
1403636698263555840.000000 0.889527738 -0.255114198 1.046263218 -0.013692737 -0.169326574 -0.092267483 0.981136024
1403636698313555456.000000 0.886443853 -0.253513545 1.043599963 -0.013675187 -0.162786067 -0.091065995 0.982354641
1403636698363555584.000000 0.882508695 -0.250942439 1.041043162 -0.012838951 -0.154892534 -0.088221885 0.983900607
1403636698413555712.000000 0.880558968 -0.248518944 1.039363265 -0.013186147 -0.146729290 -0.086063921 0.985337377
1403636698463555584.000000 0.876511455 -0.246606439 1.036985159 -0.014577310 -0.137200207 -0.082891881 0.986961305
1403636698513555456.000000 0.872115552 -0.244105995 1.034979701 -0.015180880 -0.126582190 -0.080875508 0.988537133
1403636698563555840.000000 0.869611382 -0.241122246 1.031976223 -0.015045263 -0.115990683 -0.076809444 0.990161657
1403636698613555456.000000 0.865508735 -0.239477590 1.029457569 -0.016105756 -0.104231648 -0.073241703 0.991721749
1403636698663555584.000000 0.860892057 -0.236489058 1.027826190 -0.016824577 -0.092167325 -0.067965008 0.993278921
1403636698713555456.000000 0.857483089 -0.233610481 1.026423573 -0.017094655 -0.079942241 -0.062533192 0.994689226
1403636698763555840.000000 0.853243411 -0.230324030 1.024136662 -0.017740414 -0.066787057 -0.056888305 0.995986223
1403636698813555456.000000 0.849631786 -0.226878479 1.022772908 -0.018241536 -0.053098544 -0.051724184 0.997081995
1403636698863555584.000000 0.845515311 -0.223215610 1.021114945 -0.018601850 -0.039792448 -0.044719279 0.998033404
1403636698913555712.000000 0.842285633 -0.220451728 1.020037174 -0.018416839 -0.025883760 -0.039566666 0.998711824
1403636698963555584.000000 0.839374840 -0.217855409 1.017957211 -0.019143870 -0.013164867 -0.032635726 0.999197245
1403636699013555456.000000 0.834736884 -0.214638159 1.017140031 -0.018690404 0.000143859 -0.026734332 0.999467850
1403636699063555840.000000 0.830801725 -0.212968573 1.015159965 -0.018654851 0.013124782 -0.020161169 0.999536574
1403636699113555456.000000 0.827361822 -0.212161765 1.013231277 -0.018099850 0.025997469 -0.013002818 0.999413610
1403636699163555584.000000 0.823173583 -0.210455120 1.011873126 -0.017179510 0.038299680 -0.003488024 0.999112606
1403636699213555456.000000 0.819710553 -0.209516197 1.010074139 -0.017377025 0.051768884 0.004196783 0.998499155
1403636699263555840.000000 0.816378295 -0.209152341 1.007890821 -0.017672541 0.065328538 0.012802165 0.997625232
1403636699313555456.000000 0.812707186 -0.208957523 1.005967855 -0.019262113 0.078876182 0.021880547 0.996458113
1403636699363555584.000000 0.808874488 -0.207518891 1.005406499 -0.019320663 0.092718624 0.029015483 0.995081961
1403636699413555712.000000 0.806298673 -0.207783803 1.003365278 -0.020003002 0.105524637 0.037994757 0.993489206
1403636699463555584.000000 0.803592861 -0.208052516 1.001371026 -0.020570550 0.118088864 0.044361923 0.991798341
1403636699513555456.000000 0.801980257 -0.207858130 0.999817133 -0.020660056 0.130433455 0.049681298 0.989996016
1403636699563555840.000000 0.798854530 -0.207347140 0.998735905 -0.020393251 0.142784148 0.056056950 0.987954736
1403636699613555456.000000 0.797209859 -0.206800982 0.997587383 -0.019898690 0.154681623 0.062494926 0.985785067
1403636699663555584.000000 0.796217561 -0.206989646 0.995895565 -0.019601086 0.166044459 0.068935871 0.983510494
1403636699713555456.000000 0.794559538 -0.205809176 0.995257974 -0.018306313 0.178604722 0.073390126 0.981009305
1403636699763555840.000000 0.794874072 -0.204566479 0.993673444 -0.017613972 0.190225407 0.074124642 0.978779674
1403636699813555456.000000 0.793529034 -0.203341559 0.993645430 -0.016446348 0.201629221 0.072930515 0.976604521
1403636699863555584.000000 0.792874336 -0.202048138 0.992330611 -0.014452832 0.210627064 0.071190752 0.974863708
1403636699913555712.000000 0.792484224 -0.200662479 0.991428494 -0.012089638 0.217425063 0.070943728 0.973420382
1403636699963555584.000000 0.792949319 -0.199404299 0.989653230 -0.010041079 0.221531540 0.072560854 0.972398102
1403636700013555456.000000 0.792879581 -0.197894454 0.989267051 -0.009282288 0.225027680 0.073769420 0.971511424
1403636700063555840.000000 0.792400718 -0.195874274 0.988521874 -0.008908691 0.227432340 0.074685104 0.970884800
1403636700113555456.000000 0.791768074 -0.193799987 0.988225758 -0.007892872 0.228522941 0.076219492 0.970518231
1403636700163555584.000000 0.792761803 -0.191874057 0.986831903 -0.007538915 0.229711324 0.075939551 0.970262408
1403636700213555456.000000 0.793287933 -0.189878806 0.986993313 -0.007658500 0.230179265 0.076520957 0.970104873
1403636700263555840.000000 0.793757856 -0.186125398 0.986447930 -0.007244992 0.230647236 0.077255361 0.969938695
1403636700313555456.000000 0.795148730 -0.183492005 0.985971093 -0.008876367 0.231898829 0.079036653 0.969483078
1403636700363555584.000000 0.796044886 -0.179938808 0.985750318 -0.010134945 0.234268680 0.082816191 0.968585074
1403636700413555712.000000 0.796994269 -0.176991224 0.984921157 -0.010787508 0.237965897 0.086172886 0.967383146
1403636700463555584.000000 0.799131691 -0.172495469 0.984513998 -0.009296924 0.243106663 0.086565420 0.966084480
1403636700513555456.000000 0.799758971 -0.168778852 0.984711587 -0.006701414 0.248035997 0.086440012 0.964863420
1403636700563555840.000000 0.802099466 -0.165016741 0.982530117 -0.004627206 0.253138304 0.085189648 0.963660896
1403636700613555456.000000 0.805089414 -0.161270455 0.983135760 -0.002051685 0.259293735 0.083548903 0.962175727
1403636700663555584.000000 0.806277752 -0.156230062 0.982504427 -0.000559526 0.267394572 0.082045436 0.960087717
1403636700713555456.000000 0.809007764 -0.151837498 0.981346726 0.000937778 0.274018884 0.082955755 0.958139479
1403636700763555840.000000 0.809959412 -0.148428530 0.980848312 0.001651086 0.280620605 0.082444623 0.956269979
1403636700813555456.000000 0.813074648 -0.144306704 0.980782807 0.001116755 0.285256118 0.082604878 0.954884350
1403636700863555584.000000 0.815349340 -0.140948981 0.979536235 -0.001819762 0.288635731 0.083951458 0.953749657
1403636700913555712.000000 0.817352593 -0.137578487 0.977902293 -0.004157227 0.291293502 0.084519260 0.952883661
1403636700963555584.000000 0.819443345 -0.134915501 0.976573467 -0.007999572 0.293235272 0.085541382 0.952172160
1403636701013555456.000000 0.820740759 -0.131861523 0.974950075 -0.011002174 0.294328719 0.086838946 0.951687217
1403636701063555840.000000 0.822766781 -0.129892111 0.973578215 -0.015835132 0.294696748 0.087305062 0.951462507
1403636701113555456.000000 0.824889183 -0.128258303 0.972325325 -0.020884382 0.294297576 0.089122288 0.951320171
1403636701163555584.000000 0.826891422 -0.127172470 0.969498873 -0.023332886 0.293774873 0.087827913 0.951545179
1403636701213555456.000000 0.828791022 -0.126551658 0.967438579 -0.026192395 0.292798668 0.087793916 0.951774776
1403636701263555840.000000 0.830715239 -0.126262560 0.965403438 -0.026877796 0.291956991 0.087628737 0.952029407
1403636701313555456.000000 0.833661556 -0.126130551 0.964119792 -0.028240651 0.290710956 0.086639188 0.952461720
1403636701363555584.000000 0.836513221 -0.126573086 0.962768972 -0.027513472 0.289142311 0.086694434 0.952955365
1403636701413555712.000000 0.838082373 -0.127183437 0.961324334 -0.026100967 0.288669139 0.084269345 0.953355968
1403636701463555584.000000 0.842189670 -0.128170311 0.959407687 -0.023260366 0.286683708 0.082522370 0.954181075
1403636701513555456.000000 0.843297422 -0.128132403 0.958796382 -0.018628601 0.286499202 0.080401920 0.954519093
1403636701563555840.000000 0.846940339 -0.128247231 0.956521153 -0.014130742 0.284618318 0.078986667 0.955276906
1403636701613555456.000000 0.849201441 -0.130203575 0.956488729 -0.012288275 0.283657581 0.076831691 0.955763698
1403636701663555584.000000 0.851396859 -0.130506203 0.954799294 -0.010189877 0.282736689 0.074042998 0.956281245
1403636701713555456.000000 0.854094684 -0.131161362 0.953547001 -0.008587259 0.282496274 0.073428087 0.956415415
1403636701763555840.000000 0.856919229 -0.131554723 0.952860534 -0.007883131 0.283695996 0.074613310 0.955974519
1403636701813555456.000000 0.859765470 -0.131817073 0.950887680 -0.008300404 0.286275834 0.077140585 0.955000877
1403636701863555584.000000 0.863322079 -0.130400211 0.950476229 -0.008297970 0.291266143 0.078878157 0.953348577
1403636701913555712.000000 0.865164757 -0.130542725 0.950529158 -0.009058570 0.297265202 0.082151853 0.951211095
1403636701963555584.000000 0.868682444 -0.129738510 0.948931277 -0.008648502 0.304196477 0.085943505 0.948685110
1403636702013555456.000000 0.871941924 -0.128088340 0.949497879 -0.008556330 0.312336594 0.089624494 0.945695639
1403636702063555840.000000 0.874667883 -0.127248451 0.948927641 -0.007996710 0.321366131 0.093571343 0.942286730
1403636702113555456.000000 0.878410459 -0.125484332 0.948514342 -0.006962154 0.331290960 0.098123685 0.938386738
1403636702163555584.000000 0.882083058 -0.122412339 0.947247744 -0.005147661 0.341649473 0.102459170 0.934211612
1403636702213555456.000000 0.883251011 -0.121347964 0.946523428 -0.005475025 0.351716310 0.105827972 0.930089355
1403636702263555840.000000 0.886599064 -0.118385240 0.947946310 -0.006185479 0.360023737 0.108846642 0.926551223
1403636702313555456.000000 0.890350521 -0.115915939 0.947127759 -0.008916323 0.366802573 0.111574374 0.923540771
1403636702363555584.000000 0.893101335 -0.114025548 0.947382092 -0.011858315 0.373213410 0.113112643 0.920747936
1403636702413555712.000000 0.896043360 -0.110556319 0.947432876 -0.014286693 0.379229695 0.112706676 0.918301642
1403636702463555584.000000 0.900249243 -0.106251732 0.946895540 -0.016611775 0.383332253 0.113272116 0.916487813
1403636702513555456.000000 0.902518630 -0.103325769 0.946976185 -0.018734880 0.387529761 0.112671889 0.914753914
1403636702563555840.000000 0.905427873 -0.099350698 0.947796941 -0.019948164 0.390557289 0.112712257 0.913434744
1403636702613555456.000000 0.908796906 -0.096015908 0.948058367 -0.022504289 0.392670393 0.113289639 0.912397444
1403636702663555584.000000 0.911389649 -0.091997564 0.948414087 -0.025170015 0.394287050 0.113548361 0.911598086
1403636702713555456.000000 0.914695263 -0.088047124 0.950068951 -0.026706371 0.395892769 0.112277701 0.911015630
1403636702763555840.000000 0.917880356 -0.083522648 0.951799750 -0.027160484 0.396335542 0.113519073 0.910655797
1403636702813555456.000000 0.921252728 -0.080277964 0.952838302 -0.030130723 0.396257669 0.113603123 0.910585761
1403636702863555584.000000 0.924648821 -0.075299293 0.955278933 -0.031403761 0.396614641 0.113200866 0.910437405
1403636702913555712.000000 0.928025663 -0.071769461 0.956648111 -0.032317169 0.395741135 0.114243172 0.910655379
1403636702963555584.000000 0.931288600 -0.068101451 0.958665371 -0.032199275 0.395649731 0.113729492 0.910763562
1403636703013555456.000000 0.934620857 -0.064438373 0.960554123 -0.029268092 0.394664884 0.114971824 0.911133587
1403636703063555840.000000 0.938614607 -0.062186345 0.962858677 -0.026554633 0.394040436 0.115273595 0.911448836
1403636703113555456.000000 0.942429602 -0.060655609 0.965623140 -0.021894969 0.392972231 0.117470734 0.911753356
1403636703163555584.000000 0.945355058 -0.058890641 0.967455745 -0.014016172 0.391383976 0.120125733 0.912245631
1403636703213555456.000000 0.949067414 -0.057311326 0.969689608 -0.008234618 0.389375240 0.123756208 0.912690282
1403636703263555840.000000 0.953117311 -0.056399554 0.971772909 -0.002288155 0.387630969 0.128272519 0.912843525
1403636703313555456.000000 0.957289279 -0.055651397 0.973790765 0.002887674 0.385893643 0.131748393 0.913082778
1403636703363555584.000000 0.962026358 -0.054360032 0.974594474 0.005711511 0.385138482 0.131554887 0.913416147
1403636703413555712.000000 0.964911878 -0.054107487 0.976047873 0.005252617 0.387025982 0.127588794 0.913183689
1403636703463555584.000000 0.969481289 -0.053751379 0.976889312 0.001650529 0.388382852 0.122028388 0.913381159
1403636703513555456.000000 0.973339915 -0.054095626 0.976959467 -0.002910710 0.390088826 0.116848350 0.913328409
1403636703563555840.000000 0.977043927 -0.054084435 0.977204382 -0.006146235 0.391353220 0.112355299 0.913335264
1403636703613555456.000000 0.981369019 -0.054821059 0.977673888 -0.009666736 0.391418546 0.111486644 0.913383186
1403636703663555584.000000 0.984020472 -0.055605173 0.978060007 -0.012070162 0.391550690 0.110610113 0.913404524
1403636703713555456.000000 0.989287078 -0.055833265 0.978164315 -0.013221823 0.390754879 0.110752031 0.913712084
1403636703763555840.000000 0.992412627 -0.056614771 0.978447497 -0.011726795 0.390280455 0.111045040 0.913899720
1403636703813555456.000000 0.996185482 -0.057240158 0.979086876 -0.009786254 0.389270812 0.111835204 0.914256752
1403636703863555584.000000 0.999407530 -0.057007283 0.979774058 -0.006850432 0.388239890 0.113016576 0.914576530
1403636703913555712.000000 1.002866268 -0.058155328 0.981070876 -0.004564605 0.387031257 0.114479646 0.914920986
1403636703963555584.000000 1.007324934 -0.057113811 0.981711745 -0.003052370 0.386181623 0.114500977 0.915283561
1403636704013555456.000000 1.011015892 -0.056213304 0.982551277 -0.001207969 0.384570897 0.116205409 0.915751100
1403636704063555840.000000 1.013793468 -0.056019589 0.983412504 -0.000194504 0.383706570 0.116955549 0.916018963
1403636704113555456.000000 1.019561887 -0.054789901 0.984302402 -0.001558882 0.382196695 0.117811173 0.916539013
1403636704163555584.000000 1.022696018 -0.053581342 0.984687150 -0.004462416 0.381337702 0.118051000 0.916856408
1403636704213555456.000000 1.027046204 -0.052278683 0.985369682 -0.008746829 0.380720288 0.117473699 0.917156279
1403636704263555840.000000 1.030346274 -0.050764650 0.986477196 -0.012858082 0.380667508 0.116243437 0.917286396
1403636704313555456.000000 1.034085989 -0.049405754 0.987426817 -0.015633820 0.380642354 0.115313403 0.917371213
1403636704363555584.000000 1.038248539 -0.048003659 0.988018870 -0.018373081 0.380724609 0.113871597 0.917466342
1403636704413555712.000000 1.043309808 -0.047246113 0.988408208 -0.019666225 0.379520744 0.114408284 0.917871475
1403636704463555584.000000 1.046633244 -0.047808021 0.990102947 -0.023164965 0.380406380 0.112976655 0.917600572
1403636704513555456.000000 1.050301671 -0.047656417 0.990049124 -0.025895689 0.380675703 0.111871362 0.917551219
1403636704563555840.000000 1.054672956 -0.047280714 0.990870476 -0.027744286 0.380196720 0.112337321 0.917638898
1403636704613555456.000000 1.058240652 -0.048621491 0.992095709 -0.030331912 0.380352288 0.111610420 0.917581260
1403636704663555584.000000 1.063122153 -0.048839301 0.993101120 -0.032062184 0.380066872 0.112356722 0.917549610
1403636704713555456.000000 1.067578912 -0.049009666 0.994270921 -0.036844950 0.379727125 0.111872107 0.917569816
1403636704763555840.000000 1.071732640 -0.049311221 0.996028662 -0.039741259 0.379527092 0.111492500 0.917577922
1403636704813555456.000000 1.076133132 -0.049333662 0.998175263 -0.043209814 0.378637105 0.112586811 0.917655230
1403636704863555584.000000 1.080539107 -0.049891561 1.000720739 -0.047055244 0.377699137 0.114240408 0.917648256
1403636704913555712.000000 1.087104440 -0.048404336 1.003324509 -0.049321923 0.375884444 0.115866795 0.918070376
1403636704963555584.000000 1.091430545 -0.048583969 1.006252527 -0.052767009 0.375342518 0.116134092 0.918066740
1403636705013555456.000000 1.096834064 -0.048016384 1.009699821 -0.054903295 0.374809235 0.115875393 0.918192029
1403636705063555840.000000 1.101504207 -0.047548249 1.013111353 -0.056065932 0.375022113 0.114047371 0.918263733
1403636705113555456.000000 1.108169794 -0.046743035 1.018104076 -0.051303245 0.375260442 0.112017497 0.918694556
1403636705163555584.000000 1.113750219 -0.046462834 1.021999121 -0.043206204 0.376100242 0.108063862 0.919241011
1403636705213555456.000000 1.120590568 -0.045456916 1.027985454 -0.034742359 0.377291590 0.102884538 0.919705868
1403636705263555840.000000 1.127354622 -0.045970500 1.033128023 -0.028229956 0.377968997 0.099148110 0.920060933
1403636705313555456.000000 1.133376598 -0.046799608 1.038305163 -0.024099860 0.378437936 0.097212948 0.920192182
1403636705363555584.000000 1.138348103 -0.047843657 1.042629242 -0.021178592 0.378653973 0.096285075 0.920272708
1403636705413555712.000000 1.144513845 -0.048815399 1.047624111 -0.022582058 0.378197908 0.097201101 0.920330584
1403636705463555584.000000 1.149991035 -0.050394557 1.052874327 -0.024798146 0.378031671 0.098079875 0.920248628
1403636705513555456.000000 1.154633760 -0.051211916 1.058141470 -0.028293559 0.378099263 0.100194745 0.919892132
1403636705563555840.000000 1.162009954 -0.052647643 1.063731194 -0.031790644 0.376977623 0.101382203 0.920108080
1403636705613555456.000000 1.167866588 -0.053738922 1.069926739 -0.032870036 0.376894563 0.102900974 0.919935584
1403636705663555584.000000 1.173481822 -0.053979546 1.076232433 -0.034216009 0.377331734 0.103312880 0.919661105
1403636705713555456.000000 1.179129004 -0.054541782 1.082785845 -0.032337673 0.377521813 0.102816969 0.919706643
1403636705763555840.000000 1.185668826 -0.054793254 1.089999557 -0.029094532 0.377658933 0.103387430 0.919694662
1403636705813555456.000000 1.191089511 -0.055159077 1.095968366 -0.024842294 0.377076775 0.104290247 0.919956326
1403636705863555584.000000 1.196449161 -0.056317404 1.103031158 -0.020224757 0.376951844 0.104550406 0.920091093
1403636705913555712.000000 1.202345610 -0.057242617 1.109054446 -0.014410216 0.375726849 0.107714802 0.920336485
1403636705963555584.000000 1.207856536 -0.058948308 1.116086483 -0.009225253 0.374538094 0.110988222 0.920498669
1403636706013555456.000000 1.215119362 -0.061125010 1.122888684 -0.003912549 0.371675372 0.115473181 0.921145022
1403636706063555840.000000 1.220788240 -0.063389421 1.128780365 0.000388978 0.369109601 0.121109664 0.921461046
1403636706113555456.000000 1.226591825 -0.065203160 1.135149837 0.005406446 0.367337614 0.124297775 0.921728849
1403636706163555584.000000 1.232040405 -0.067023829 1.140844345 0.006488546 0.367790133 0.122111365 0.921833634
1403636706213555456.000000 1.238904715 -0.068906069 1.146026254 0.004342261 0.369183540 0.115228608 0.922175169
1403636706263555840.000000 1.245987177 -0.069760412 1.152069569 0.001479662 0.370059252 0.110615261 0.922398090
1403636706313555456.000000 1.250938177 -0.070186064 1.157790899 -0.002466654 0.371808887 0.103816167 0.922482669
1403636706363555584.000000 1.257047772 -0.070578814 1.162888050 -0.006746275 0.372667998 0.099910989 0.922545910
1403636706413555712.000000 1.262805104 -0.070428967 1.168093204 -0.010658467 0.373462230 0.096019469 0.922601104
1403636706463555584.000000 1.268160462 -0.070286937 1.174154282 -0.014340742 0.374207109 0.093109287 0.922547579
1403636706513555456.000000 1.274738073 -0.070736185 1.179806709 -0.016881907 0.374297440 0.091448203 0.922634065
1403636706563555840.000000 1.281069517 -0.071722798 1.185288668 -0.019242920 0.374439746 0.091221169 0.922552645
1403636706613555456.000000 1.285610557 -0.072100058 1.190467358 -0.020130118 0.374625295 0.090700909 0.922509730
1403636706663555584.000000 1.292618513 -0.072847486 1.196131468 -0.021346636 0.374567777 0.091237150 0.922452748
1403636706713555456.000000 1.298168778 -0.074122518 1.203400373 -0.023677506 0.375115544 0.091131240 0.922183812
1403636706763555840.000000 1.303597331 -0.075683132 1.207312346 -0.025770169 0.374250680 0.094207108 0.922169983
1403636706813555456.000000 1.309875965 -0.077517763 1.213725328 -0.028767999 0.374500841 0.095107689 0.921887219
1403636706863555584.000000 1.314487338 -0.079956830 1.219624519 -0.030338435 0.375419915 0.096319526 0.921337068
1403636706913555712.000000 1.319763064 -0.082196772 1.225593328 -0.030493939 0.376072973 0.097870253 0.920902133
1403636706963555584.000000 1.324871778 -0.085725471 1.230391860 -0.030638637 0.377113551 0.097641222 0.920495987
1403636707013555456.000000 1.329474330 -0.087928742 1.237137079 -0.027613347 0.378523916 0.097356528 0.920042932
1403636707063555840.000000 1.336013794 -0.091568872 1.243743896 -0.025500607 0.379997462 0.096069843 0.919631660
1403636707113555456.000000 1.341339231 -0.094561711 1.251130700 -0.022631824 0.381338090 0.095616095 0.919198990
1403636707163555584.000000 1.346654177 -0.097741455 1.256766796 -0.022790791 0.382598579 0.096062094 0.918624520
1403636707213555456.000000 1.351984859 -0.101150841 1.263366461 -0.023416987 0.384347826 0.096402794 0.917842507
1403636707263555840.000000 1.357474923 -0.104790106 1.269546032 -0.023750478 0.385669798 0.097416975 0.917172134
1403636707313555456.000000 1.362980962 -0.107856408 1.276304483 -0.024886943 0.387178987 0.096850187 0.916565955
1403636707363555584.000000 1.366881728 -0.113137260 1.283745050 -0.026128877 0.388843715 0.097349510 0.915773451
1403636707413555712.000000 1.372052193 -0.116958693 1.290296793 -0.026351549 0.389461458 0.098298937 0.915403008
1403636707463555584.000000 1.377419710 -0.121609837 1.296635628 -0.027452225 0.390006155 0.097645871 0.915208697
1403636707513555456.000000 1.381022215 -0.128076926 1.303268433 -0.027945392 0.390203387 0.099169344 0.914945841
1403636707563555840.000000 1.386752844 -0.133539006 1.309103489 -0.027237704 0.389777362 0.101278462 0.914917767
1403636707613555456.000000 1.391157866 -0.139086589 1.316978693 -0.027826993 0.389515430 0.103544027 0.914757907
1403636707663555584.000000 1.397418261 -0.144057497 1.322184801 -0.026359696 0.386208385 0.110302903 0.915413380
1403636707713555456.000000 1.402286291 -0.149246961 1.330193758 -0.025609234 0.384941071 0.114697650 0.915428340
1403636707763555840.000000 1.405931473 -0.154126540 1.338064909 -0.025186688 0.383639038 0.118272990 0.915531695
1403636707813555456.000000 1.411620378 -0.158312887 1.345857382 -0.024153210 0.382823974 0.119562231 0.915733278
1403636707863555584.000000 1.418024659 -0.160773337 1.353583097 -0.022010025 0.381626248 0.120097004 0.916217089
1403636707913555712.000000 1.421644807 -0.163824365 1.363233328 -0.019747663 0.381759286 0.119512439 0.916289628
1403636707963555584.000000 1.427390933 -0.166071236 1.370853901 -0.018487625 0.381112784 0.117914453 0.916791916
1403636708013555456.000000 1.432713509 -0.167800829 1.379910231 -0.017635787 0.380772203 0.115786821 0.917221367
1403636708063555840.000000 1.438215256 -0.168479934 1.388457060 -0.016703660 0.380432695 0.112629697 0.917772591
1403636708113555456.000000 1.444443941 -0.169864655 1.397248745 -0.015633386 0.379944324 0.109268233 0.918399930
1403636708163555584.000000 1.449547410 -0.170855194 1.406477928 -0.014614675 0.379724205 0.106438734 0.918839931
1403636708213555456.000000 1.455713272 -0.172097370 1.414476633 -0.012925236 0.378224105 0.106883608 0.919432104
1403636708263555840.000000 1.461259365 -0.172217444 1.422477603 -0.009794669 0.376574904 0.108747154 0.919929087
1403636708313555456.000000 1.466558456 -0.172936693 1.431587696 -0.005267169 0.374534249 0.112806842 0.920310318
1403636708363555584.000000 1.471675634 -0.172915846 1.440976381 0.000211212 0.371810675 0.119347461 0.920604706
1403636708413555712.000000 1.478546858 -0.174507424 1.447222233 0.003985893 0.369006753 0.125208795 0.920945644
1403636708463555584.000000 1.485948324 -0.173922628 1.455725312 0.007850646 0.367006928 0.128643647 0.921246529
1403636708513555456.000000 1.491088867 -0.176593095 1.462977648 0.008880044 0.366854936 0.130267709 0.921069443
1403636708563555840.000000 1.497547507 -0.177666247 1.471076727 0.010358126 0.367316395 0.128780201 0.921079278
1403636708613555456.000000 1.505129337 -0.178498715 1.477578640 0.009989457 0.368855774 0.124274381 0.921087205
1403636708663555584.000000 1.510190845 -0.178857729 1.484918356 0.007462912 0.372133076 0.117256887 0.920712888
1403636708713555456.000000 1.515102029 -0.180821478 1.491725922 0.005481130 0.376109213 0.108899578 0.920137346
1403636708763555840.000000 1.523105621 -0.181307718 1.497468591 0.002861051 0.378797024 0.101780251 0.919861615
1403636708813555456.000000 1.527005315 -0.182089850 1.505523205 0.002161801 0.383329093 0.094278038 0.918784976
1403636708863555584.000000 1.532935977 -0.182820961 1.510896444 0.000558238 0.385388732 0.091770105 0.918179452
1403636708913555712.000000 1.539995313 -0.182145104 1.517819285 0.001962656 0.387592793 0.089281671 0.917494893
1403636708963555584.000000 1.543926001 -0.182383657 1.523884296 0.002376704 0.390862942 0.086925499 0.916332126
1403636709013555456.000000 1.550663471 -0.183210745 1.529623747 0.004802736 0.391863525 0.086827375 0.915904462
1403636709063555840.000000 1.556068540 -0.184687078 1.534631729 0.005644390 0.394064873 0.084334821 0.915187836
1403636709113555456.000000 1.561395168 -0.185459137 1.540866733 0.006962970 0.395501941 0.084287696 0.914562941
1403636709163555584.000000 1.565295696 -0.188080385 1.546119452 0.005124807 0.397305250 0.084529988 0.913770735
1403636709213555456.000000 1.567928076 -0.189516023 1.551313877 0.002888338 0.398598552 0.086248972 0.913056374
1403636709263555840.000000 1.572311759 -0.190833107 1.555292130 -0.001024707 0.398965031 0.086695068 0.912858129
1403636709313555456.000000 1.575402498 -0.193785369 1.561894536 -0.004345163 0.399317712 0.088852383 0.912486613
1403636709363555584.000000 1.578077078 -0.196744740 1.567026138 -0.007430275 0.399467438 0.090687610 0.912220597
1403636709413555712.000000 1.579739690 -0.199743256 1.572106123 -0.010175733 0.400587261 0.089192599 0.911850333
1403636709463555584.000000 1.583131313 -0.200542629 1.576806903 -0.010303323 0.399753660 0.090535909 0.912082314
1403636709513555456.000000 1.584836364 -0.202755809 1.582475305 -0.012192465 0.400352031 0.089716576 0.911877573
1403636709563555840.000000 1.587584376 -0.203129426 1.588188887 -0.012841393 0.399710864 0.090181641 0.912104011
1403636709613555456.000000 1.588458061 -0.203371838 1.595631361 -0.013998218 0.400377452 0.090268582 0.911785901
1403636709663555584.000000 1.591070771 -0.205306932 1.600779057 -0.015605008 0.399439156 0.090670340 0.912131488
1403636709713555456.000000 1.593343616 -0.206726372 1.606114388 -0.016737694 0.398763448 0.090649426 0.912409008
1403636709763555840.000000 1.593807220 -0.207164928 1.613029838 -0.016218087 0.397970617 0.091274403 0.912702203
1403636709813555456.000000 1.595812917 -0.208498433 1.619599342 -0.016698765 0.397278637 0.090199329 0.913101912
1403636709863555584.000000 1.596883774 -0.209415853 1.626567125 -0.016035462 0.396409810 0.090475418 0.913464010
1403636709913555712.000000 1.597502589 -0.211280212 1.632731915 -0.015843328 0.396068484 0.089420244 0.913719177
1403636709963555584.000000 1.599534392 -0.211795986 1.638960600 -0.014636608 0.394788980 0.088489324 0.914383531
1403636710013555456.000000 1.599945307 -0.213637546 1.645790577 -0.014109573 0.393762380 0.088804752 0.914803743
1403636710063555840.000000 1.601371527 -0.216755778 1.652405500 -0.013889514 0.392736405 0.088596523 0.915268183
1403636710113555456.000000 1.600733042 -0.218764439 1.659158230 -0.012923810 0.392128378 0.087386854 0.915659308
1403636710163555584.000000 1.602110267 -0.220780134 1.664723396 -0.012719817 0.390567988 0.086539403 0.916409254
1403636710213555456.000000 1.600705028 -0.222750634 1.672336817 -0.012373053 0.390176892 0.085919239 0.916638911
1403636710263555840.000000 1.601505876 -0.223535508 1.679224014 -0.010858689 0.387727797 0.087014042 0.917593539
1403636710313555456.000000 1.600722909 -0.225072071 1.687525034 -0.007400573 0.384754479 0.091900632 0.918402791
1403636710363555584.000000 1.600177288 -0.226498365 1.695096493 -0.004469876 0.379889190 0.098468952 0.919765294
1403636710413555712.000000 1.599385142 -0.226394907 1.702297449 -0.001159459 0.374241918 0.103604957 0.921524704
1403636710463555584.000000 1.599259973 -0.227036253 1.710258126 0.000237800 0.367892921 0.108340472 0.923535109
1403636710513555456.000000 1.596798182 -0.227037668 1.717831731 0.002362618 0.361238867 0.111260414 0.925808907
1403636710563555840.000000 1.597603917 -0.227344319 1.724361420 0.003132481 0.353611231 0.112508133 0.928596437
1403636710613555456.000000 1.597695947 -0.226822093 1.731873751 0.004199846 0.347057730 0.112950221 0.931007862
1403636710663555584.000000 1.597137928 -0.226315558 1.738636971 0.004348303 0.339918375 0.111020707 0.933868885
1403636710713555456.000000 1.595811009 -0.224914163 1.747185230 0.004977941 0.334092498 0.107128084 0.936419308
1403636710763555840.000000 1.594863772 -0.224014848 1.754413605 0.005412559 0.327106714 0.102947690 0.939347506
1403636710813555456.000000 1.594680429 -0.223849475 1.759385109 0.004105287 0.320077062 0.094792843 0.942628384
1403636710863555584.000000 1.594223022 -0.222729921 1.767493486 0.001819624 0.313196987 0.085690148 0.945812643
1403636710913555712.000000 1.593212366 -0.221382439 1.773256540 0.000307935 0.305906206 0.077756502 0.948881090
1403636710963555584.000000 1.592780232 -0.221881434 1.779462099 -0.001219700 0.299073488 0.070021994 0.951656818
1403636711013555456.000000 1.593241572 -0.222918332 1.782831192 -0.005193285 0.292949080 0.061618757 0.954126298
1403636711063555840.000000 1.593674183 -0.221688554 1.788280249 -0.004801799 0.287061661 0.056816157 0.956213653
1403636711113555456.000000 1.592787981 -0.222944394 1.793065071 -0.006141241 0.283235580 0.051008962 0.957673252
1403636711163555584.000000 1.591346264 -0.224772543 1.798163295 -0.006230620 0.280333936 0.047692265 0.958696842
1403636711213555456.000000 1.589833856 -0.225651681 1.803626299 -0.005840822 0.277838171 0.044822272 0.959563911
1403636711263555840.000000 1.588177681 -0.227435157 1.809564590 -0.005677857 0.276341677 0.043204203 0.960071087
1403636711313555456.000000 1.586302280 -0.229581237 1.814002991 -0.004287268 0.273901701 0.044683903 0.960709572
1403636711363555584.000000 1.584663153 -0.230498031 1.819834471 -0.002058555 0.272297114 0.046361059 0.961093545
1403636711413555712.000000 1.583824635 -0.232684702 1.823860049 0.003628544 0.270654500 0.047735706 0.961485505
1403636711463555584.000000 1.581822157 -0.233553886 1.828655958 0.012247072 0.270155400 0.048311081 0.961525917
1403636711513555456.000000 1.579079509 -0.236871123 1.832887888 0.018126924 0.270809472 0.048369683 0.961246133
1403636711563555840.000000 1.576129794 -0.238476068 1.836411119 0.023100717 0.272739023 0.045527097 0.960732579
1403636711613555456.000000 1.573747873 -0.239235729 1.840857863 0.026186187 0.274355173 0.043220539 0.960299730
1403636711663555584.000000 1.570640326 -0.240950942 1.844403386 0.026936635 0.275979728 0.041414730 0.959892988
1403636711713555456.000000 1.567986131 -0.242208362 1.846868038 0.025484756 0.277501315 0.039617401 0.959569752
1403636711763555840.000000 1.563720107 -0.244407862 1.850204706 0.024189705 0.278915107 0.040348310 0.959162831
1403636711813555456.000000 1.560025573 -0.246189535 1.853267908 0.022163268 0.279196143 0.043250732 0.959003508
1403636711863555584.000000 1.555209398 -0.248856694 1.855949640 0.018962154 0.278905600 0.048266578 0.958917320
1403636711913555712.000000 1.551434517 -0.249762595 1.857611299 0.016626462 0.276884437 0.055407889 0.959160328
1403636711963555584.000000 1.546781659 -0.252125442 1.859554291 0.013811215 0.275436997 0.062268868 0.959200919
1403636712013555456.000000 1.542210460 -0.254240602 1.861405849 0.012333191 0.273651600 0.069637537 0.959225416
1403636712063555840.000000 1.536452055 -0.256167203 1.862574220 0.011706727 0.272250354 0.075687021 0.959173679
1403636712113555456.000000 1.531718493 -0.258588582 1.863835335 0.012570681 0.271465868 0.079248697 0.959097445
1403636712163555584.000000 1.526975632 -0.260058492 1.864901543 0.014121832 0.270762056 0.080323905 0.959185421
1403636712213555456.000000 1.522283554 -0.263774753 1.864792585 0.012377496 0.269719452 0.075377911 0.959904373
1403636712263555840.000000 1.517294765 -0.265390605 1.865849257 0.011452162 0.267556280 0.067829512 0.961083651
1403636712313555456.000000 1.512226701 -0.268615961 1.865101099 0.011231774 0.263842463 0.060027286 0.962630689
1403636712363555584.000000 1.507977724 -0.271368533 1.865191936 0.010528095 0.258922875 0.051689353 0.964456558
1403636712413555712.000000 1.503044009 -0.274327636 1.864406705 0.010547555 0.253977567 0.045826539 0.966066360
1403636712463555584.000000 1.497843862 -0.277795047 1.863419652 0.011352852 0.249036118 0.040174540 0.967594028
1403636712513555456.000000 1.492256165 -0.280781329 1.862732410 0.012062178 0.243788928 0.036627095 0.969061434
1403636712563555840.000000 1.487350941 -0.283502370 1.861652851 0.013229619 0.238726765 0.033861771 0.970406055
1403636712613555456.000000 1.480920553 -0.287455410 1.859487057 0.015981063 0.233177379 0.032901898 0.971746087
1403636712663555584.000000 1.475922346 -0.290982813 1.857925177 0.019554446 0.227739960 0.033111930 0.972962379
1403636712713555456.000000 1.469478965 -0.294351637 1.857726574 0.022607757 0.223906949 0.033258997 0.973780513
1403636712763555840.000000 1.462811470 -0.296276957 1.856274724 0.024348350 0.220046893 0.033495422 0.974610031
1403636712813555456.000000 1.457346559 -0.298209667 1.853851199 0.023660626 0.216634274 0.034052815 0.975371838
1403636712863555584.000000 1.449990273 -0.299899966 1.852491260 0.021470647 0.215050578 0.034284264 0.975764811
1403636712913555712.000000 1.443936229 -0.300277114 1.850275874 0.019401059 0.213296235 0.034683671 0.976179004
1403636712963555584.000000 1.437701941 -0.301240563 1.849057674 0.015955884 0.212627038 0.034072556 0.976408899
1403636713013555456.000000 1.430908918 -0.301994234 1.845652699 0.013625310 0.212763131 0.032652512 0.976463079
1403636713063555840.000000 1.424914002 -0.302005470 1.842560410 0.014356617 0.211574718 0.033308189 0.976688623
1403636713113555456.000000 1.418110728 -0.302508384 1.840384007 0.015093229 0.210130990 0.034714974 0.976940215
1403636713163555584.000000 1.411724925 -0.303863168 1.836538911 0.013824983 0.208642244 0.036006488 0.977231205
1403636713213555456.000000 1.404265165 -0.304679036 1.833348870 0.012674750 0.208064094 0.037429787 0.977316678
1403636713263555840.000000 1.397141814 -0.306345701 1.829614520 0.010074327 0.207666934 0.038522765 0.977388859
1403636713313555456.000000 1.390359282 -0.307547301 1.826252460 0.009223437 0.207928941 0.038522072 0.977341652
1403636713363555584.000000 1.384090304 -0.309477091 1.821479797 0.007133507 0.207411230 0.039190378 0.977442563
1403636713413555712.000000 1.377021313 -0.312316895 1.816996098 0.006786305 0.207130060 0.041669130 0.977402031
1403636713463555584.000000 1.370454073 -0.315629989 1.812200189 0.005889802 0.206811741 0.043172549 0.977410018
1403636713513555456.000000 1.363592505 -0.318672180 1.807486892 0.005187837 0.206455380 0.045519158 0.977382898
1403636713563555840.000000 1.356917858 -0.321548611 1.801887274 0.005528468 0.205903962 0.048433814 0.977357268
1403636713613555456.000000 1.350378752 -0.323106736 1.797322273 0.004330334 0.205530331 0.052377533 0.977238595
1403636713663555584.000000 1.343214273 -0.325377673 1.791774631 0.002920435 0.205316350 0.055770274 0.977101028
1403636713713555456.000000 1.335968494 -0.326428235 1.787917376 0.002869681 0.205494568 0.059211977 0.976861119
1403636713763555840.000000 1.330320954 -0.328548849 1.782824993 0.001728877 0.205351457 0.062400892 0.976695418
1403636713813555456.000000 1.325065732 -0.329713166 1.777661204 0.001092692 0.205190212 0.064814523 0.976573050
1403636713863555584.000000 1.319294930 -0.331469834 1.771474481 0.000365481 0.205798820 0.065253757 0.976416290
1403636713913555712.000000 1.313542485 -0.330666125 1.767316222 0.000197223 0.207777917 0.063813783 0.976092339
1403636713963555584.000000 1.306770086 -0.331299990 1.761909246 -0.000934107 0.209855363 0.061698824 0.975783348
1403636714013555456.000000 1.302046537 -0.331450820 1.757071972 -0.002588501 0.211335197 0.060435761 0.975539982
1403636714063555840.000000 1.296915174 -0.331642896 1.752309561 -0.002954980 0.214198232 0.055771656 0.975192249
1403636714113555456.000000 1.292675972 -0.331672460 1.746374011 -0.004092888 0.215278119 0.055151027 0.974985659
1403636714163555584.000000 1.288174987 -0.330182195 1.740842938 -0.003407776 0.216671288 0.054183025 0.974733889
1403636714213555456.000000 1.282837391 -0.329419434 1.735762000 -0.001612010 0.218103737 0.054505691 0.974401057
1403636714263555840.000000 1.277826548 -0.328883141 1.731106758 -0.000698542 0.218509659 0.056800991 0.974180043
1403636714313555456.000000 1.273333907 -0.328694314 1.725963712 -0.000392717 0.218563527 0.059616286 0.973999858
1403636714363555584.000000 1.268798590 -0.325863630 1.722216368 -0.000491249 0.219572574 0.060608324 0.973711669
1403636714413555712.000000 1.263803124 -0.324764490 1.716643929 -0.004371304 0.220341623 0.061253652 0.973487794
1403636714463555584.000000 1.261136293 -0.323217452 1.711236477 -0.009073915 0.218572080 0.062284883 0.973788798
1403636714513555456.000000 1.256458044 -0.320713818 1.705359221 -0.013483698 0.216193646 0.062082399 0.974281430
1403636714563555840.000000 1.252446055 -0.317219108 1.701011658 -0.016673356 0.211963847 0.062395312 0.975141108
1403636714613555456.000000 1.248072147 -0.313771605 1.697409034 -0.019686088 0.206754759 0.061285805 0.976273060
1403636714663555584.000000 1.244274735 -0.312329024 1.692576528 -0.022668939 0.200269058 0.058152720 0.977750838
1403636714713555456.000000 1.240526676 -0.311291009 1.687452435 -0.025461039 0.192129552 0.054913625 0.979501128
1403636714763555840.000000 1.237710476 -0.308365166 1.684260249 -0.026545068 0.183030590 0.049751759 0.981488645
1403636714813555456.000000 1.234035373 -0.309389889 1.678385258 -0.028013021 0.172916859 0.043328520 0.983584166
1403636714863555584.000000 1.230163813 -0.308693737 1.673486710 -0.028221672 0.162434146 0.035384923 0.985680819
1403636714913555712.000000 1.227300048 -0.308363855 1.668433189 -0.029042842 0.150894314 0.028314695 0.987717450
1403636714963555584.000000 1.224476099 -0.308037996 1.665588379 -0.029705137 0.139138490 0.023033217 0.989559293
1403636715013555456.000000 1.221297741 -0.308366150 1.661117435 -0.030486893 0.128667355 0.017464224 0.991065204
1403636715063555840.000000 1.218107939 -0.308593988 1.657132030 -0.031105636 0.119134672 0.012307226 0.992314458
1403636715113555456.000000 1.215934753 -0.311057955 1.652223825 -0.033134859 0.110868409 0.007149450 0.993256867
1403636715163555584.000000 1.212645173 -0.312156707 1.648599029 -0.033262484 0.103973657 0.004830003 0.994011998
1403636715213555456.000000 1.210307479 -0.313641906 1.645966172 -0.033622064 0.098684028 0.001676089 0.994549334
1403636715263555840.000000 1.207389116 -0.315355152 1.642042875 -0.032727230 0.093971960 0.000563452 0.995036662
1403636715313555456.000000 1.204856396 -0.316904783 1.639205933 -0.030669145 0.089964807 0.001023088 0.995472133
1403636715363555584.000000 1.202849388 -0.318401098 1.636684299 -0.029206868 0.086893439 0.000530318 0.995789289
1403636715413555712.000000 1.200689197 -0.318770200 1.633722544 -0.024815338 0.083652101 0.003544004 0.996179760
1403636715463555584.000000 1.198100805 -0.318845361 1.631636381 -0.020899322 0.081414200 0.006267353 0.996441543
1403636715513555456.000000 1.196148157 -0.318641126 1.629105568 -0.017100811 0.078528881 0.012235031 0.996690094
1403636715563555840.000000 1.193593979 -0.319884866 1.626323462 -0.014714959 0.075638771 0.020165220 0.996822774
1403636715613555456.000000 1.191720009 -0.318934113 1.625357866 -0.013814869 0.074731678 0.023241768 0.996837139
1403636715663555584.000000 1.190362453 -0.318748772 1.623673677 -0.009832337 0.075559452 0.022590110 0.996836960
1403636715713555456.000000 1.189370632 -0.317537129 1.622040987 -0.003583690 0.077661157 0.017687190 0.996816456
1403636715763555840.000000 1.187909245 -0.315966606 1.621144652 0.001905561 0.080681205 0.012789180 0.996656120
1403636715813555456.000000 1.186649680 -0.315703541 1.618496299 0.006116897 0.083346933 0.008746049 0.996463478
1403636715863555584.000000 1.185805559 -0.314840406 1.616711736 0.010648352 0.085271448 0.005948561 0.996283174
1403636715913555712.000000 1.184690475 -0.314462721 1.614246130 0.014519232 0.087779127 0.002236258 0.996031642
1403636715963555584.000000 1.183516979 -0.314012080 1.611935496 0.017169043 0.089484669 0.001699605 0.995838761
1403636716013555456.000000 1.183121681 -0.313215286 1.608697295 0.018813970 0.090463139 0.001324162 0.995721221
1403636716063555840.000000 1.182679534 -0.313548476 1.605211496 0.018063765 0.091472268 0.001499629 0.995642662
1403636716113555456.000000 1.181516290 -0.312040359 1.601939201 0.017653123 0.092216045 0.003986786 0.995574594
1403636716163555584.000000 1.180185199 -0.313183874 1.598142862 0.012291060 0.093159221 0.006189733 0.995556176
1403636716213555456.000000 1.179917097 -0.313133657 1.593933702 0.006118078 0.093624048 0.009308286 0.995545328
1403636716263555840.000000 1.178149343 -0.313834548 1.589436173 0.001731325 0.095497251 0.010470936 0.995373130
1403636716313555456.000000 1.177109122 -0.313599885 1.584954977 -0.001966140 0.097089820 0.012042552 0.995200872
1403636716363555584.000000 1.176434517 -0.313132584 1.580810070 -0.004665234 0.098542653 0.013008315 0.995036900
1403636716413555712.000000 1.175173402 -0.312573403 1.576126814 -0.005197884 0.099936143 0.013750132 0.994885325
1403636716463555584.000000 1.174681187 -0.310733408 1.572428107 -0.005783033 0.101289324 0.013774535 0.994744897
1403636716513555456.000000 1.173993468 -0.310512871 1.567951202 -0.005984755 0.102472827 0.014052655 0.994618535
1403636716563555840.000000 1.172935128 -0.308005899 1.564095855 -0.005008957 0.103160925 0.012136898 0.994578063
1403636716613555456.000000 1.172522545 -0.305803508 1.560098052 -0.005170883 0.102158397 0.010320190 0.994701207
1403636716663555584.000000 1.171800256 -0.304050237 1.555833459 -0.004634974 0.098974831 0.008572720 0.995042264
1403636716713555456.000000 1.171115637 -0.301167905 1.551748395 -0.004586475 0.094836883 0.006289201 0.995462418
1403636716763555840.000000 1.170481920 -0.298647791 1.548763156 -0.003732832 0.089553908 0.005069118 0.995962083
1403636716813555456.000000 1.169388771 -0.295894265 1.544304729 -0.004013545 0.082472891 0.003010535 0.996580720
1403636716863555584.000000 1.168241143 -0.293546200 1.540947080 -0.004583816 0.074642770 0.000607984 0.997199655
1403636716913555712.000000 1.168133497 -0.291350454 1.536169291 -0.005023677 0.064997882 -0.002280539 0.997870147
1403636716963555584.000000 1.167288065 -0.289084345 1.531612039 -0.006422328 0.054237217 -0.006659070 0.998485267
1403636717013555456.000000 1.165602565 -0.286751807 1.527593493 -0.006022449 0.043575022 -0.010427983 0.998977602
1403636717063555840.000000 1.165148139 -0.284760296 1.522177696 -0.006932277 0.031879310 -0.014827905 0.999357700
1403636717113555456.000000 1.164057374 -0.283729017 1.518769622 -0.007431466 0.021390723 -0.019115517 0.999560893
1403636717163555584.000000 1.162876368 -0.283012271 1.513605237 -0.007842963 0.012826532 -0.023624470 0.999607861
1403636717213555456.000000 1.161717415 -0.283032537 1.508025646 -0.008446835 0.005328191 -0.027884966 0.999561310
1403636717263555840.000000 1.161789298 -0.281736463 1.503048658 -0.008438548 -0.000545801 -0.033001773 0.999419570
1403636717313555456.000000 1.160169244 -0.279306501 1.498785257 -0.008240793 -0.003930201 -0.039641339 0.999172270
1403636717363555584.000000 1.159828663 -0.278785080 1.493983269 -0.007612740 -0.006277013 -0.047792628 0.998808622
1403636717413555712.000000 1.157811284 -0.277407527 1.489779353 -0.006828980 -0.007531446 -0.053661611 0.998507440
1403636717463555584.000000 1.156963348 -0.276476026 1.485416770 -0.006431669 -0.009054431 -0.057736546 0.998270154
1403636717513555456.000000 1.156068921 -0.275100648 1.480700016 -0.006624047 -0.010812382 -0.059057180 0.998174071
1403636717563555840.000000 1.153521061 -0.275187999 1.475980401 -0.007016509 -0.012449656 -0.058014050 0.998213470
1403636717613555456.000000 1.152619362 -0.272286803 1.471177578 -0.007200866 -0.014576153 -0.054368805 0.998388529
1403636717663555584.000000 1.150076747 -0.270595700 1.466796875 -0.006629636 -0.015255302 -0.052838255 0.998464584
1403636717713555456.000000 1.146973133 -0.268438071 1.462948322 -0.006123229 -0.015332188 -0.051192045 0.998552442
1403636717763555840.000000 1.145712495 -0.266344041 1.458064437 -0.006858022 -0.015442775 -0.054505881 0.998370528
1403636717813555456.000000 1.143060923 -0.263846189 1.453678131 -0.007485881 -0.017119097 -0.056062788 0.998252392
1403636717863555584.000000 1.140047193 -0.259579509 1.449528933 -0.007341601 -0.019944204 -0.058926120 0.998036087
1403636717913555712.000000 1.135925531 -0.258988529 1.443815827 -0.008247162 -0.024201868 -0.062350951 0.997726738
1403636717963555584.000000 1.133110404 -0.256366044 1.439546108 -0.007865617 -0.029743582 -0.065839902 0.997355819
1403636718013555456.000000 1.129620194 -0.254930109 1.434717417 -0.007591400 -0.037360433 -0.068768159 0.996904016
1403636718063555840.000000 1.125007510 -0.253799289 1.429723501 -0.008160165 -0.045514628 -0.070737183 0.996422648
1403636718113555456.000000 1.122406125 -0.252929062 1.423810959 -0.008322416 -0.056473762 -0.070152082 0.995901704
1403636718163555584.000000 1.117717624 -0.251990676 1.419373393 -0.009425888 -0.067496516 -0.068949461 0.995289624
1403636718213555456.000000 1.113885403 -0.250436306 1.412658095 -0.009852082 -0.077340342 -0.068313658 0.994612873
1403636718263555840.000000 1.107619524 -0.248235092 1.408322692 -0.010604979 -0.085335173 -0.068154886 0.993961990
1403636718313555456.000000 1.103149056 -0.246801063 1.403340697 -0.011988109 -0.093149967 -0.066968016 0.993325114
1403636718363555584.000000 1.097746134 -0.243750095 1.398840189 -0.012461682 -0.100946017 -0.067085840 0.992549360
1403636718413555712.000000 1.093427896 -0.241297081 1.393296242 -0.013972565 -0.109314896 -0.067439735 0.991618335
1403636718463555584.000000 1.088547349 -0.237178698 1.390016198 -0.014094185 -0.118202172 -0.066922918 0.990631640
1403636718513555456.000000 1.083749413 -0.233923301 1.385852814 -0.014116510 -0.126945287 -0.067717806 0.989494860
1403636718563555840.000000 1.078479409 -0.229757652 1.381770968 -0.014344694 -0.134961411 -0.066550836 0.988509297
1403636718613555456.000000 1.074784875 -0.225343227 1.378664136 -0.015217905 -0.142627403 -0.065476626 0.987491131
1403636718663555584.000000 1.069131851 -0.222586647 1.373199224 -0.017124362 -0.149544463 -0.061845232 0.986670375
1403636718713555456.000000 1.064318299 -0.219149962 1.369022608 -0.019302046 -0.155566424 -0.059750699 0.985827804
1403636718763555840.000000 1.060529470 -0.215507865 1.365900874 -0.019635314 -0.160623759 -0.059521597 0.985023737
1403636718813555456.000000 1.054675341 -0.210623652 1.362581491 -0.018999482 -0.162605017 -0.063573316 0.984457791
1403636718863555584.000000 1.052558422 -0.206907809 1.360069871 -0.018115761 -0.164256796 -0.070084214 0.983758032
1403636718913555712.000000 1.048155785 -0.202957153 1.356667638 -0.016599607 -0.164675951 -0.075181618 0.983338237
1403636718963555584.000000 1.044578075 -0.199238583 1.353703260 -0.014296154 -0.164802119 -0.080502257 0.982932031
1403636719013555456.000000 1.040812969 -0.194935128 1.349809647 -0.012249131 -0.164800540 -0.084245071 0.982646227
1403636719063555840.000000 1.038753033 -0.193157062 1.346856833 -0.010491226 -0.166003138 -0.086395852 0.982277274
1403636719113555456.000000 1.034934759 -0.192882046 1.342641354 -0.008546149 -0.166204363 -0.087507233 0.982163727
1403636719163555584.000000 1.030942917 -0.191019133 1.338607788 -0.005055015 -0.166494325 -0.087238006 0.982162774
1403636719213555456.000000 1.026785612 -0.189755231 1.334815979 -0.001828457 -0.166571349 -0.085988961 0.982271135
1403636719263555840.000000 1.024400234 -0.187498078 1.331448674 0.001768270 -0.166868314 -0.084841184 0.982320666
1403636719313555456.000000 1.021331191 -0.185142249 1.327674389 0.004036962 -0.167594090 -0.081850417 0.982444167
1403636719363555584.000000 1.017589927 -0.183015630 1.323946834 0.006473391 -0.167394534 -0.080391116 0.982585669
1403636719413555712.000000 1.013400912 -0.180352971 1.320277333 0.007917454 -0.166766390 -0.079376474 0.982764304
1403636719463555584.000000 1.010542870 -0.178179905 1.316075563 0.008211914 -0.166593879 -0.077598199 0.982933164
1403636719513555456.000000 1.007134438 -0.175113708 1.312194467 0.007958760 -0.165978447 -0.076101966 0.983156323
1403636719563555840.000000 1.004285216 -0.171327725 1.307722569 0.005328553 -0.165086895 -0.075714156 0.983354092
1403636719613555456.000000 1.000586390 -0.168621153 1.303485990 0.002037323 -0.164280444 -0.073908165 0.983638823
1403636719663555584.000000 0.998146951 -0.165312886 1.299492717 -0.001357404 -0.162832901 -0.074418172 0.983842254
1403636719713555456.000000 0.995078206 -0.162854269 1.294150472 -0.005237408 -0.161066383 -0.074373052 0.984123409
1403636719763555840.000000 0.992742181 -0.159139380 1.289593220 -0.007157669 -0.159634233 -0.073655777 0.984398603
1403636719813555456.000000 0.989596248 -0.157654569 1.284568906 -0.009444908 -0.157688692 -0.073192589 0.984727383
1403636719863555584.000000 0.987767458 -0.156537905 1.279887795 -0.010217138 -0.156568572 -0.072397880 0.984957099
1403636719913555712.000000 0.985819757 -0.155290708 1.275189638 -0.010754354 -0.155327201 -0.071568765 0.985208452
1403636719963555584.000000 0.983423233 -0.154015273 1.270738006 -0.012757966 -0.154306248 -0.070858799 0.985396326
1403636720013555456.000000 0.980979681 -0.151919752 1.266542196 -0.012709662 -0.152787834 -0.071239710 0.985606074
1403636720063555840.000000 0.978913546 -0.150585264 1.262607932 -0.013416929 -0.152442381 -0.070873693 0.985676587
1403636720113555456.000000 0.976170063 -0.148338720 1.258437514 -0.013778130 -0.151450828 -0.071051143 0.985811651
1403636720163555584.000000 0.974536777 -0.146144956 1.254407763 -0.014768505 -0.150811777 -0.071438611 0.985867321
1403636720213555456.000000 0.972920179 -0.143595099 1.250858426 -0.014973492 -0.151348218 -0.070586815 0.985843360
1403636720263555840.000000 0.971220911 -0.140818372 1.246834040 -0.014620311 -0.151393786 -0.070524275 0.985846162
1403636720313555456.000000 0.969697595 -0.138715163 1.242097139 -0.015077476 -0.151915669 -0.069300838 0.985845685
1403636720363555584.000000 0.968182743 -0.136029616 1.238452554 -0.014962971 -0.152183801 -0.069782652 0.985772133
1403636720413555712.000000 0.966503739 -0.133476645 1.235419750 -0.015203720 -0.152820826 -0.069721758 0.985674202
1403636720463555584.000000 0.965054631 -0.130211651 1.232094765 -0.015603531 -0.153722450 -0.068897486 0.985585690
1403636720513555456.000000 0.963988781 -0.127922207 1.227789879 -0.016399559 -0.154506773 -0.069002606 0.985442817
1403636720563555840.000000 0.962752938 -0.125001132 1.226087451 -0.016157357 -0.155564785 -0.068230003 0.985334098
1403636720613555456.000000 0.960829318 -0.123138785 1.221255183 -0.016752325 -0.155472025 -0.070062608 0.985210180
1403636720663555584.000000 0.959809065 -0.121509746 1.218772173 -0.016912671 -0.156775013 -0.068679541 0.985098362
1403636720713555456.000000 0.958689868 -0.120509796 1.214885235 -0.015685827 -0.156460017 -0.068843424 0.985157311
1403636720763555840.000000 0.957727551 -0.119413532 1.212252975 -0.015761098 -0.155286461 -0.068221934 0.985385001
1403636720813555456.000000 0.957566321 -0.118609287 1.208552837 -0.015681641 -0.152354270 -0.067948058 0.985862792
1403636720863555584.000000 0.956729352 -0.118528739 1.204447150 -0.016202714 -0.147411257 -0.067377411 0.986644685
1403636720913555712.000000 0.956986904 -0.117949948 1.201949835 -0.016319901 -0.141885534 -0.065341979 0.987589300
1403636720963555584.000000 0.955736160 -0.116431713 1.199511290 -0.015103765 -0.134980306 -0.062978588 0.988729477
1403636721013555456.000000 0.955485284 -0.115770459 1.196186185 -0.013926789 -0.129771665 -0.059770651 0.989642799
1403636721063555840.000000 0.955356181 -0.113892302 1.194507122 -0.011899078 -0.123662829 -0.056209873 0.990659595
1403636721113555456.000000 0.954257548 -0.111990362 1.192000628 -0.010740202 -0.116333894 -0.052770890 0.991749167
1403636721163555584.000000 0.954590380 -0.110257030 1.189392447 -0.008370950 -0.107970700 -0.050351776 0.992842913
1403636721213555456.000000 0.954591513 -0.108778082 1.187401891 -0.007324758 -0.099940553 -0.046720758 0.993868887
1403636721263555840.000000 0.954118073 -0.107281633 1.185391665 -0.004525768 -0.092582010 -0.043041904 0.994764090
1403636721313555456.000000 0.954340935 -0.106315449 1.182576180 -0.004614681 -0.086034954 -0.041417588 0.995420158
1403636721363555584.000000 0.954439282 -0.105117835 1.179897785 -0.004130960 -0.079513684 -0.039553583 0.996040165
1403636721413555712.000000 0.954910398 -0.104180999 1.177258253 -0.002876666 -0.074381322 -0.038771365 0.996471822
1403636721463555584.000000 0.954855919 -0.103781283 1.174072385 -0.003185318 -0.069757164 -0.037778441 0.996843338
1403636721513555456.000000 0.955594242 -0.104021832 1.171066284 -0.004097960 -0.064245842 -0.037928667 0.997204661
1403636721563555840.000000 0.956220508 -0.103620224 1.168439150 -0.004674052 -0.058738552 -0.036718350 0.997586966
1403636721613555456.000000 0.956650615 -0.103017107 1.165397882 -0.005571350 -0.052513801 -0.036722451 0.997929275
1403636721663555584.000000 0.957469940 -0.102551587 1.161686659 -0.007078933 -0.047606114 -0.036154196 0.998186648
1403636721713555456.000000 0.958751321 -0.101294376 1.159261942 -0.006204182 -0.043983325 -0.036191400 0.998357296
1403636721763555840.000000 0.959777117 -0.099198475 1.157662749 -0.006236721 -0.040427510 -0.037539106 0.998457670
1403636721813555456.000000 0.959711254 -0.097993955 1.154460907 -0.006339932 -0.038110301 -0.037050635 0.998566329
1403636721863555584.000000 0.961194396 -0.095943227 1.152194977 -0.005456328 -0.037470579 -0.036297508 0.998623371
1403636721913555712.000000 0.962291598 -0.093549736 1.150335312 -0.004920432 -0.036832627 -0.036099240 0.998657107
1403636721963555584.000000 0.962575078 -0.091245875 1.147389174 -0.004634227 -0.035618808 -0.038981386 0.998594165
1403636722013555456.000000 0.962911129 -0.088992119 1.143954515 -0.004170361 -0.034407653 -0.042500526 0.998495102
1403636722063555840.000000 0.963685632 -0.086507879 1.142339110 -0.003625489 -0.034050133 -0.045653064 0.998370349
1403636722113555456.000000 0.965101779 -0.085739315 1.138205767 -0.004147072 -0.034904316 -0.046332248 0.998307467
1403636722163555584.000000 0.965466380 -0.084702671 1.135224462 -0.004782125 -0.036251172 -0.045019902 0.998316646
1403636722213555456.000000 0.964932561 -0.084275365 1.131652474 -0.005278068 -0.037124470 -0.044163063 0.998320401
1403636722263555840.000000 0.965316892 -0.083788149 1.128054380 -0.006066165 -0.038714822 -0.042667285 0.998320580
1403636722313555456.000000 0.965015292 -0.083399370 1.124400020 -0.005980189 -0.040188234 -0.041620135 0.998307049
1403636722363555584.000000 0.965360999 -0.082942292 1.121016383 -0.006680976 -0.040653288 -0.040512186 0.998329341
1403636722413555712.000000 0.965281248 -0.081498481 1.117925167 -0.006659590 -0.039301757 -0.040510312 0.998383701
1403636722463555584.000000 0.965009451 -0.080865651 1.114641070 -0.006446919 -0.036479264 -0.040851384 0.998478293
1403636722513555456.000000 0.965619266 -0.079666659 1.110498309 -0.006367007 -0.034553990 -0.039133612 0.998616099
1403636722563555840.000000 0.964912415 -0.078202620 1.106950164 -0.006674337 -0.032053653 -0.038256567 0.998731494
1403636722613555456.000000 0.965184808 -0.075865187 1.105080009 -0.006349642 -0.030068185 -0.039008506 0.998766243
1403636722663555584.000000 0.965480983 -0.073995426 1.101847649 -0.006850245 -0.028173761 -0.039297242 0.998806834
1403636722713555456.000000 0.965040445 -0.072461739 1.098469734 -0.006513936 -0.026504178 -0.039795309 0.998835027
1403636722763555840.000000 0.965261161 -0.069731966 1.095017195 -0.006825960 -0.024820464 -0.040773366 0.998836815
1403636722813555456.000000 0.964773536 -0.068159699 1.092433929 -0.007444975 -0.023793051 -0.041285563 0.998836279
1403636722863555584.000000 0.964829385 -0.067297332 1.088447928 -0.007569506 -0.022985661 -0.042074878 0.998821378
1403636722913555712.000000 0.964294851 -0.066407301 1.085396886 -0.008114039 -0.022908073 -0.041067794 0.998860776
1403636722963555584.000000 0.964663267 -0.064757980 1.082393765 -0.008015355 -0.023432858 -0.040167250 0.998886049
1403636723013555456.000000 0.963411272 -0.064515457 1.078320503 -0.007819653 -0.023954039 -0.038099214 0.998956263
1403636723063555840.000000 0.962053239 -0.065463409 1.073822618 -0.007441918 -0.024428491 -0.035748832 0.999034524
1403636723113555456.000000 0.961835265 -0.064879365 1.071229458 -0.007085149 -0.024874782 -0.035267849 0.999043167
1403636723163555584.000000 0.960942149 -0.065489419 1.066881299 -0.007411710 -0.024703799 -0.034900606 0.999057949
1403636723213555456.000000 0.960774779 -0.065014109 1.062465429 -0.007326209 -0.024901606 -0.034139000 0.999080002
1403636723263555840.000000 0.960525870 -0.064358145 1.059486628 -0.008088249 -0.024302309 -0.035013519 0.999058545
1403636723313555456.000000 0.959676564 -0.063561425 1.056657553 -0.007720463 -0.022999750 -0.037232477 0.999012113
1403636723363555584.000000 0.959253192 -0.062632963 1.054033041 -0.007578616 -0.021079630 -0.037417736 0.999048650
1403636723413555712.000000 0.958765268 -0.061161783 1.050624490 -0.006735516 -0.017034331 -0.038705979 0.999082804
1403636723463555584.000000 0.957972586 -0.060241845 1.047190785 -0.004557367 -0.011382794 -0.039582811 0.999141097
1403636723513555456.000000 0.956902921 -0.058766939 1.043857455 -0.000271986 -0.005871497 -0.038066510 0.999257982
1403636723563555840.000000 0.956744373 -0.057406619 1.040572166 0.006313358 -0.001481202 -0.033699397 0.999411047
1403636723613555456.000000 0.955899298 -0.057203293 1.036653280 0.012144078 0.002584120 -0.029842842 0.999477506
1403636723663555584.000000 0.954575539 -0.057156928 1.031661034 0.013262954 0.006622951 -0.027002342 0.999525428
1403636723713555456.000000 0.954104781 -0.056662213 1.028924108 0.009670518 0.010383837 -0.025773309 0.999567151
1403636723763555840.000000 0.952686012 -0.056170467 1.023673773 0.005305096 0.014289859 -0.023919523 0.999597728
1403636723813555456.000000 0.951571882 -0.055779126 1.020395517 0.000496527 0.016842177 -0.021393761 0.999629200
1403636723863555584.000000 0.951045156 -0.054967180 1.015931845 -0.003006246 0.019159734 -0.019409787 0.999623537
1403636723913555712.000000 0.949699938 -0.054678872 1.010601282 -0.006850204 0.021339091 -0.017399613 0.999597430
1403636723963555584.000000 0.948633492 -0.053372301 1.006150126 -0.011130538 0.023284195 -0.015779331 0.999542415
1403636724013555456.000000 0.947613716 -0.051889900 1.002501130 -0.015340364 0.026549319 -0.014578843 0.999423444
1403636724063555840.000000 0.947438478 -0.050090894 0.998458385 -0.018614298 0.030632524 -0.012604890 0.999277890
1403636724113555456.000000 0.945980191 -0.048759300 0.994288445 -0.022709711 0.036727004 -0.011171310 0.999004841
1403636724163555584.000000 0.944760561 -0.046636306 0.991113961 -0.022580730 0.043795124 -0.009652122 0.998738706
1403636724213555456.000000 0.943642735 -0.044308290 0.987603724 -0.023524303 0.051208559 -0.006480589 0.998389900
1403636724263555840.000000 0.943060696 -0.042250171 0.984760940 -0.023385990 0.059862398 -0.003831066 0.997925341
1403636724313555456.000000 0.942437112 -0.040464520 0.982370257 -0.022497306 0.069362663 -0.002273970 0.997335255
1403636724363555584.000000 0.942498267 -0.036725052 0.980369925 -0.019782320 0.078805722 0.000439153 0.996693671
1403636724413555712.000000 0.941819072 -0.035223927 0.978352904 -0.016543506 0.088269107 0.003081215 0.995954514
1403636724463555584.000000 0.941021144 -0.034027141 0.975078702 -0.014689516 0.096051484 0.005588003 0.995252311
1403636724513555456.000000 0.939358354 -0.032995284 0.972411871 -0.011526948 0.103628114 0.006470656 0.994528353
1403636724563555840.000000 0.938782215 -0.032103017 0.969475687 -0.009443376 0.109189935 0.007801777 0.993945479
1403636724613555456.000000 0.937464476 -0.031694915 0.966828763 -0.008792337 0.114051685 0.009090910 0.993394375
1403636724663555584.000000 0.936753869 -0.032539774 0.964093328 -0.008333446 0.117688559 0.009912970 0.992966115
1403636724713555456.000000 0.935801864 -0.032352649 0.960676908 -0.008136922 0.120104373 0.010881309 0.992668331
1403636724763555840.000000 0.934046030 -0.033499651 0.957729399 -0.009059953 0.122348346 0.011841314 0.992375255
1403636724813555456.000000 0.932340443 -0.034323886 0.954261541 -0.009559155 0.123609655 0.012623942 0.992204607
1403636724863555584.000000 0.930590153 -0.036326919 0.949877322 -0.011008862 0.123965047 0.013936295 0.992127717
1403636724913555712.000000 0.929748058 -0.037813053 0.946871221 -0.011615137 0.122845620 0.015514969 0.992236555
1403636724963555584.000000 0.928324819 -0.039426617 0.944059372 -0.011881255 0.121697173 0.017915478 0.992334485
1403636725013555456.000000 0.926089883 -0.042440228 0.939986944 -0.012263787 0.120114036 0.020533651 0.992471993
1403636725063555840.000000 0.925464153 -0.044505138 0.937198639 -0.011235767 0.118243441 0.022951484 0.992655754
1403636725113555456.000000 0.923410296 -0.047833312 0.933429718 -0.011683370 0.117067948 0.024155952 0.992761374
1403636725163555584.000000 0.921961486 -0.051034164 0.930029452 -0.012520410 0.115838453 0.026145369 0.992844939
1403636725213555456.000000 0.921226382 -0.054258786 0.925773263 -0.012466133 0.115276515 0.025343215 0.992931843
1403636725263555840.000000 0.920458734 -0.057239600 0.922547519 -0.012922817 0.114291169 0.025405068 0.993038356
1403636725313555456.000000 0.919447362 -0.059730440 0.918596148 -0.013437771 0.114851043 0.023023436 0.993025005
1403636725363555584.000000 0.918448627 -0.062325992 0.915299833 -0.013676616 0.114986420 0.021798907 0.993033707
1403636725413555712.000000 0.917004466 -0.064219117 0.912081540 -0.013436901 0.115630805 0.019953610 0.993000925
1403636725463555584.000000 0.916042686 -0.066031069 0.909013391 -0.013358394 0.115937501 0.019150145 0.992982030
1403636725513555456.000000 0.915639222 -0.068491027 0.906116962 -0.013844619 0.116220310 0.017231522 0.992977500
1403636725563555840.000000 0.914802492 -0.069501497 0.903292358 -0.014501573 0.116824158 0.016290223 0.992913127
1403636725613555456.000000 0.915075302 -0.070586599 0.901363909 -0.014097633 0.117268093 0.015351800 0.992881596
1403636725663555584.000000 0.913933814 -0.071691170 0.899407625 -0.012540838 0.117653430 0.015018467 0.992861927
1403636725713555456.000000 0.912893534 -0.071751319 0.897490025 -0.011774947 0.118041821 0.015418799 0.992819071
1403636725763555840.000000 0.912137985 -0.072447628 0.894700885 -0.012275318 0.117839679 0.015718749 0.992832363
1403636725813555456.000000 0.911848783 -0.072549269 0.892536342 -0.011778434 0.117585078 0.015425180 0.992873192
1403636725863555584.000000 0.911000252 -0.072720185 0.891417503 -0.013579325 0.117235392 0.016009348 0.992882252
1403636725913555712.000000 0.909943342 -0.071928546 0.890280247 -0.013092787 0.116475992 0.017613975 0.992951035
1403636725963555584.000000 0.909642041 -0.072242543 0.887412548 -0.013828461 0.115484267 0.018576689 0.993039370
1403636726013555456.000000 0.908727050 -0.071861446 0.886295617 -0.013137329 0.114828594 0.018815486 0.993120253
1403636726063555840.000000 0.908745706 -0.070346728 0.885682166 -0.012476753 0.114469163 0.017963093 0.993186057
1403636726113555456.000000 0.907518268 -0.069348983 0.884783208 -0.012212576 0.114810772 0.016541755 0.993174553
1403636726163555584.000000 0.907601893 -0.068229400 0.882921636 -0.010543120 0.114353620 0.015093012 0.993269503
1403636726213555456.000000 0.906882584 -0.066369660 0.882070720 -0.009487323 0.114011779 0.014992642 0.993321002
1403636726263555840.000000 0.906123936 -0.065476671 0.881038964 -0.009445975 0.113673545 0.013682324 0.993379056
1403636726313555456.000000 0.906232834 -0.063692428 0.879751563 -0.008859983 0.112647265 0.013428019 0.993504822
1403636726363555584.000000 0.905273020 -0.063030809 0.879578829 -0.007794342 0.112611711 0.012493533 0.993530035
1403636726413555712.000000 0.904111445 -0.061904795 0.878716826 -0.006986177 0.112075947 0.011886182 0.993604004
1403636726463555584.000000 0.904194832 -0.061302871 0.877578855 -0.006050867 0.110818379 0.012351455 0.993745565
1403636726513555456.000000 0.903074622 -0.061427377 0.875690818 -0.005255205 0.109520152 0.014645451 0.993862808
1403636726563555840.000000 0.902522326 -0.062915474 0.873371601 -0.003911532 0.106320150 0.020921767 0.994104147
1403636726613555456.000000 0.901840687 -0.063543305 0.872126043 -0.002219383 0.102751791 0.029122408 0.994278193
1403636726663555584.000000 0.902040005 -0.064146176 0.869422793 0.000935469 0.099274315 0.036348201 0.994395554
1403636726713555456.000000 0.901517987 -0.065722868 0.867271543 0.000844715 0.098913454 0.037279863 0.994397163
1403636726763555840.000000 0.902311623 -0.067367591 0.865393877 0.001566798 0.099782676 0.033545412 0.994442403
1403636726813555456.000000 0.901825547 -0.069226384 0.863005936 0.001201842 0.101423599 0.027900938 0.994451344
1403636726863555584.000000 0.901885450 -0.071504980 0.859777331 0.001424115 0.101494826 0.021308960 0.994606853
1403636726913555712.000000 0.902921319 -0.073773399 0.856864274 0.000784531 0.100754231 0.016208868 0.994779050
1403636726963555584.000000 0.903509617 -0.076326855 0.853386939 0.000711074 0.099730231 0.012611268 0.994934380
1403636727013555456.000000 0.903482199 -0.079021148 0.849862397 0.000884351 0.098931640 0.010812992 0.995035112
1403636727063555840.000000 0.904453039 -0.082219295 0.847463608 0.000869027 0.098402470 0.008132651 0.995113075
1403636727113555456.000000 0.905131400 -0.085056476 0.843307674 0.000230082 0.097797886 0.005698062 0.995190024
1403636727163555584.000000 0.905175328 -0.087558642 0.840159655 -0.000883786 0.098004729 0.002492266 0.995182514
1403636727213555456.000000 0.905386329 -0.088852860 0.837267935 -0.001094537 0.098267116 -0.000062528 0.995159507
1403636727263555840.000000 0.905847430 -0.091344886 0.833744586 -0.002302646 0.098583408 -0.002933122 0.995121837
1403636727313555456.000000 0.905870497 -0.092496775 0.830816150 -0.002807250 0.099113062 -0.005788807 0.995055437
1403636727363555584.000000 0.905876100 -0.094052806 0.827587366 -0.004683431 0.099367917 -0.006591822 0.995017946
1403636727413555712.000000 0.905223250 -0.095219344 0.824703217 -0.005073590 0.099640056 -0.008221428 0.994976699
1403636727463555584.000000 0.906266212 -0.095620476 0.820904434 -0.004699508 0.099580362 -0.008856544 0.994979084
1403636727513555456.000000 0.904664993 -0.097616881 0.817520797 -0.003512410 0.099173345 -0.007187597 0.995038092
1403636727563555840.000000 0.903932095 -0.098822728 0.814644337 -0.001675106 0.097987637 -0.003435114 0.995180309
1403636727613555456.000000 0.903157055 -0.101125352 0.812060356 -0.000498842 0.097568266 -0.002720078 0.995225012
1403636727663555584.000000 0.902365744 -0.103112556 0.807829201 -0.000280013 0.096651487 -0.000278017 0.995318234
1403636727713555456.000000 0.900915384 -0.104595251 0.804919779 -0.001565731 0.097128071 -0.000714580 0.995270431
1403636727763555840.000000 0.900454640 -0.107006431 0.801291645 -0.002258415 0.097188205 -0.001753321 0.995261967
1403636727813555456.000000 0.899412096 -0.109056257 0.798181117 -0.002719439 0.097503752 -0.002874852 0.995227277
1403636727863555584.000000 0.897182703 -0.112922639 0.793922126 -0.004324046 0.099733077 -0.007920965 0.994973361
1403636727913555712.000000 0.895696878 -0.114626095 0.790298223 -0.004033850 0.101345576 -0.012263673 0.994767547
1403636727963555584.000000 0.893285632 -0.117485642 0.786502600 -0.004452568 0.102070957 -0.013663902 0.994673371
1403636728013555456.000000 0.891436338 -0.118874714 0.782707334 -0.004322681 0.101778664 -0.011989696 0.994725466
1403636728063555840.000000 0.889304399 -0.122114591 0.778273046 -0.004861610 0.101149127 -0.010533618 0.994803667
1403636728113555456.000000 0.888298750 -0.122734912 0.775293827 -0.002751660 0.099791214 -0.006855325 0.994981050
1403636728163555584.000000 0.884653866 -0.124134555 0.771653414 -0.001530925 0.099811003 -0.005353231 0.994990826
1403636728213555456.000000 0.882761836 -0.125846550 0.767994642 -0.000430174 0.099161305 -0.003383258 0.995065510
1403636728263555840.000000 0.880000591 -0.127112210 0.765247107 0.000002442 0.099016502 -0.002103312 0.995083570
1403636728313555456.000000 0.877749920 -0.128698617 0.760135949 -0.000416589 0.098395705 -0.000431247 0.995147228
1403636728363555584.000000 0.873533666 -0.127819210 0.757577360 -0.000608430 0.099133931 -0.000657240 0.995073736
1403636728413555712.000000 0.871696413 -0.128557235 0.754527390 -0.001157377 0.097494818 0.003473200 0.995229363
1403636728463555584.000000 0.868427515 -0.127631351 0.751616538 0.000049196 0.095534414 0.009792842 0.995378017
1403636728513555456.000000 0.866046906 -0.126273334 0.748516262 0.000353328 0.093007781 0.017167786 0.995517373
1403636728563555840.000000 0.863723159 -0.127246261 0.745489180 -0.000752797 0.091149591 0.020652156 0.995622814
1403636728613555456.000000 0.861022651 -0.125032514 0.742068350 0.000458318 0.088762879 0.022123002 0.995807052
1403636728663555584.000000 0.858793139 -0.123499572 0.740576744 -0.000320490 0.086892754 0.017785642 0.996058822
1403636728713555456.000000 0.855866075 -0.122818813 0.737346470 -0.000411138 0.084360108 0.010937786 0.996375263
1403636728763555840.000000 0.852815747 -0.123039700 0.732371509 -0.001336737 0.079804517 0.004063995 0.996801376
1403636728813555456.000000 0.851180613 -0.121975392 0.730077803 -0.001720154 0.073830493 -0.002633362 0.997265935
1403636728863555584.000000 0.847387016 -0.122111037 0.726257682 -0.001945517 0.068033420 -0.008116825 0.997648120
1403636728913555712.000000 0.845126987 -0.121990532 0.722265363 -0.000339087 0.062123865 -0.012677394 0.997987926
1403636728963555584.000000 0.843431234 -0.121692009 0.718941569 0.000526465 0.056541074 -0.015379586 0.998281717
1403636729013555456.000000 0.840874672 -0.121376336 0.715504944 0.001765202 0.051394552 -0.018176956 0.998511493
1403636729063555840.000000 0.838059247 -0.121147402 0.710936725 0.003323564 0.047273748 -0.020778429 0.998660386
1403636729113555456.000000 0.835328221 -0.120729886 0.707982600 0.004069826 0.043250799 -0.021837166 0.998817325
1403636729163555584.000000 0.834615886 -0.119836390 0.703078687 0.004067790 0.039848115 -0.023385454 0.998923779
1403636729213555456.000000 0.831118882 -0.118062250 0.698603511 0.002190760 0.037626389 -0.024116887 0.998998404
1403636729263555840.000000 0.827798665 -0.117158622 0.695722103 0.000708277 0.035068519 -0.022854831 0.999123275
1403636729313555456.000000 0.825152636 -0.115123421 0.691186428 0.000515363 0.033573065 -0.023333000 0.999163806
1403636729363555584.000000 0.822176516 -0.113357961 0.688380837 0.000580350 0.032346524 -0.022655211 0.999219775
1403636729413555712.000000 0.820051312 -0.111601450 0.683305800 0.001356070 0.031525783 -0.023131566 0.999234319
1403636729463555584.000000 0.816875577 -0.109430194 0.679349244 0.001782800 0.031092083 -0.023244258 0.999244630
1403636729513555456.000000 0.813870072 -0.109121621 0.674006283 0.001477405 0.030502448 -0.023137283 0.999265790
1403636729563555840.000000 0.811464489 -0.108315527 0.668190956 0.000769358 0.029766379 -0.022783058 0.999296963
1403636729613555456.000000 0.808443487 -0.106965542 0.665134788 0.000012250 0.029569380 -0.022544982 0.999308527
1403636729663555584.000000 0.805752456 -0.107060261 0.659293175 -0.000787901 0.029310208 -0.022643136 0.999313593
1403636729713555456.000000 0.801579475 -0.106831215 0.654227853 -0.000315724 0.029217254 -0.021720383 0.999337077
1403636729763555840.000000 0.799013197 -0.105674855 0.649758399 -0.002015626 0.029544566 -0.021864884 0.999322295
1403636729813555456.000000 0.797133148 -0.104670800 0.645289242 -0.003592553 0.029498000 -0.020728327 0.999343514
1403636729863555584.000000 0.792122364 -0.104450636 0.641203701 -0.006597430 0.030658467 -0.021569394 0.999275446
1403636729913555712.000000 0.789393127 -0.104236558 0.635841966 -0.008620271 0.030189537 -0.019612797 0.999314606
1403636729963555584.000000 0.786405146 -0.104346246 0.629838586 -0.010759937 0.030549448 -0.020713588 0.999260664
1403636730013555456.000000 0.783130527 -0.102541834 0.624756157 -0.012215574 0.030386386 -0.019484073 0.999273717
1403636730063555840.000000 0.780593693 -0.101399161 0.621023655 -0.013146991 0.030012568 -0.019334221 0.999276042
1403636730113555456.000000 0.777055025 -0.099174261 0.617042780 -0.013658491 0.029754914 -0.019149138 0.999280512
1403636730163555584.000000 0.774465740 -0.097478263 0.612610579 -0.013493437 0.029253390 -0.018010473 0.999318719
1403636730213555456.000000 0.771009743 -0.094545774 0.608919322 -0.014333005 0.029490750 -0.018914949 0.999283314
1403636730263555840.000000 0.768305898 -0.093534425 0.604454160 -0.014847415 0.029090907 -0.019642679 0.999273539
1403636730313555456.000000 0.764115393 -0.091702029 0.599314451 -0.014372249 0.028297903 -0.017922726 0.999335587
1403636730363555584.000000 0.761700690 -0.089969672 0.594820380 -0.015234017 0.027813982 -0.017595265 0.999342144
1403636730413555712.000000 0.759319127 -0.087571532 0.590560973 -0.016156379 0.027673727 -0.017953571 0.999325216
1403636730463555584.000000 0.756731272 -0.084062614 0.586793125 -0.019124843 0.026968807 -0.017039116 0.999308109
1403636730513555456.000000 0.752246559 -0.083552867 0.584658623 -0.023691613 0.027867761 -0.018750094 0.999154925
1403636730563555840.000000 0.748795867 -0.082376420 0.579696774 -0.028224165 0.027281076 -0.017993191 0.999067307
1403636730613555456.000000 0.746099949 -0.080168851 0.576699376 -0.030678444 0.026858691 -0.017329603 0.999018133
1403636730663555584.000000 0.742700696 -0.081240706 0.574031651 -0.032911491 0.027004696 -0.017265692 0.998944163
1403636730713555456.000000 0.741082191 -0.080340765 0.570303202 -0.033232193 0.026132939 -0.016387230 0.998971522
1403636730763555840.000000 0.737051547 -0.080256686 0.567144930 -0.034211535 0.026863895 -0.017208874 0.998905301
1403636730813555456.000000 0.735101402 -0.081447840 0.564143419 -0.034481794 0.026206885 -0.017342269 0.998911202
1403636730863555584.000000 0.733468533 -0.082575664 0.559894681 -0.035340674 0.025379581 -0.015457265 0.998933494
1403636730913555712.000000 0.728845358 -0.083368778 0.558612406 -0.036013752 0.024786958 -0.011800213 0.998974144
1403636730963555584.000000 0.725176454 -0.085469149 0.554306865 -0.035144705 0.023295479 -0.006466021 0.999089777
1403636731013555456.000000 0.722600281 -0.085826196 0.554328084 -0.033365630 0.022027757 -0.001710002 0.999198973
1403636731063555840.000000 0.719944179 -0.087186761 0.552646041 -0.028148292 0.020053733 0.005447419 0.999387801
1403636731113555456.000000 0.719085276 -0.088308237 0.550358534 -0.021527888 0.018746164 0.009962438 0.999542892
1403636731163555584.000000 0.715709746 -0.088914581 0.551919520 -0.016310276 0.019171488 0.011735284 0.999614298
1403636731213555456.000000 0.716100812 -0.088580564 0.546984673 -0.011931266 0.019093983 0.010561302 0.999690771
1403636731263555840.000000 0.713080168 -0.088696159 0.549515009 -0.008778242 0.021744518 0.005960180 0.999707341
1403636731313555456.000000 0.712071717 -0.089320771 0.545735717 -0.007086839 0.023829553 0.001001102 0.999690473
1403636731363555584.000000 0.711737394 -0.089244373 0.544598579 -0.006561542 0.025277408 -0.002983135 0.999654531
1403636731413555712.000000 0.710226715 -0.088571534 0.543435633 -0.007314797 0.027599758 -0.008048421 0.999559939
1403636731463555584.000000 0.708643198 -0.089014947 0.544615984 -0.007413839 0.028528191 -0.009982944 0.999515653
1403636731513555456.000000 0.708546281 -0.086947501 0.542648792 -0.007681000 0.027792789 -0.008568712 0.999547482
1403636731563555840.000000 0.707737207 -0.085341185 0.541190922 -0.008117243 0.026159573 -0.004448434 0.999614954
1403636731613555456.000000 0.708275497 -0.084471524 0.538933396 -0.007826110 0.024760306 -0.001072326 0.999662220
1403636731663555584.000000 0.706277728 -0.083714545 0.540476263 -0.008547396 0.024561508 0.000800076 0.999661505
1403636731713555456.000000 0.706656516 -0.081975989 0.538857162 -0.008320081 0.024557695 0.000666461 0.999663591
1403636731763555840.000000 0.706286252 -0.080329463 0.538113415 -0.008604501 0.025678551 -0.002599384 0.999629915
1403636731813555456.000000 0.705180824 -0.077822439 0.537969112 -0.008630491 0.026750611 -0.004717813 0.999593735
1403636731863555584.000000 0.705504775 -0.074813046 0.536449492 -0.008144286 0.027335932 -0.007380505 0.999565959
1403636731913555712.000000 0.708016157 -0.072949596 0.535209775 -0.008026759 0.026402296 -0.008561813 0.999582529
1403636731963555584.000000 0.707465827 -0.070830435 0.534587860 -0.007371795 0.026592312 -0.009123437 0.999577582
1403636732013555456.000000 0.707574844 -0.068090618 0.535181642 -0.006944706 0.026793817 -0.009602181 0.999570727
1403636732063555840.000000 0.707701802 -0.065020517 0.534823179 -0.005521643 0.026648892 -0.010984211 0.999569237
1403636732113555456.000000 0.708113194 -0.062427178 0.534009397 -0.005489802 0.026360160 -0.010497632 0.999582350
1403636732163555584.000000 0.708864689 -0.059303954 0.533705175 -0.005194484 0.026188917 -0.011174574 0.999581039
1403636732213555456.000000 0.708733797 -0.057054408 0.533676028 -0.004120166 0.026331283 -0.012464690 0.999567091
1403636732263555840.000000 0.707987845 -0.054163359 0.534398437 -0.003216698 0.027054094 -0.014305886 0.999526441
1403636732313555456.000000 0.709712088 -0.051788826 0.530899525 -0.002305505 0.025714615 -0.013311337 0.999578059
1403636732363555584.000000 0.711432278 -0.048781939 0.529105604 -0.002317595 0.025918832 -0.015457103 0.999541879
1403636732413555712.000000 0.711145401 -0.047132362 0.529525220 -0.000701501 0.027876906 -0.020054022 0.999409974
1403636732463555584.000000 0.712472379 -0.045613289 0.526546061 0.001872882 0.029906146 -0.026946826 0.999187708
1403636732513555456.000000 0.712535560 -0.044222541 0.525291622 0.004844668 0.032627132 -0.035612363 0.998821199
1403636732563555840.000000 0.713850200 -0.043395225 0.522700906 0.007951925 0.034032367 -0.041446947 0.998529375
1403636732613555456.000000 0.712352812 -0.042888734 0.520967066 0.011143995 0.035857763 -0.046478663 0.998213291
1403636732663555584.000000 0.711370885 -0.042695098 0.518424988 0.013391318 0.035360895 -0.046779938 0.998189390
1403636732713555456.000000 0.711377442 -0.042239491 0.516361594 0.015460506 0.033238247 -0.042723548 0.998414278
1403636732763555840.000000 0.710379601 -0.042958982 0.511438072 0.015140711 0.031270619 -0.038241610 0.998664379
1403636732813555456.000000 0.708079219 -0.042796481 0.509106278 0.016370755 0.029432803 -0.033344507 0.998876333
1403636732863555584.000000 0.706735075 -0.043414798 0.506136477 0.016063550 0.028434034 -0.031417698 0.998972714
1403636732913555712.000000 0.704448462 -0.042741366 0.502216876 0.015107786 0.028029719 -0.030380324 0.999031126
1403636732963555584.000000 0.702458262 -0.042011987 0.498167962 0.012947304 0.027491065 -0.029453039 0.999104202
1403636733013555456.000000 0.700850487 -0.041222069 0.495697051 0.009784374 0.027006734 -0.029339496 0.999156713
1403636733063555840.000000 0.700241268 -0.038551345 0.488729358 0.007717786 0.026102042 -0.028763082 0.999215603
1403636733113555456.000000 0.699007571 -0.037966739 0.484495908 0.003645388 0.025452329 -0.028354162 0.999267220
1403636733163555584.000000 0.696128070 -0.038317975 0.482073963 0.002747202 0.026856573 -0.032086447 0.999120474
1403636733213555456.000000 0.693938434 -0.036641199 0.475771010 0.001884525 0.026370164 -0.031612381 0.999150515
1403636733263555840.000000 0.691262305 -0.035666682 0.470953315 0.001429262 0.026254173 -0.032430157 0.999128163
1403636733313555456.000000 0.688811958 -0.035151914 0.466190308 0.001211465 0.025291730 -0.031046348 0.999197245
1403636733363555584.000000 0.685462773 -0.036375411 0.461002290 -0.001366695 0.024544489 -0.029172597 0.999272108
1403636733413555712.000000 0.683303893 -0.037384532 0.454585969 -0.004021517 0.023175178 -0.027720930 0.999338925
1403636733463555584.000000 0.680295587 -0.038552195 0.450389117 -0.006081989 0.022396980 -0.025320111 0.999410033
1403636733513555456.000000 0.677500546 -0.039378729 0.443328410 -0.008163275 0.021987367 -0.024744472 0.999418616
1403636733563555840.000000 0.674583077 -0.040491778 0.438144118 -0.009743161 0.021642208 -0.023864970 0.999433458
1403636733613555456.000000 0.670980394 -0.041279625 0.432223916 -0.011362600 0.021661352 -0.025111284 0.999385417
1403636733663555584.000000 0.667425156 -0.042133451 0.427832127 -0.012828073 0.021333745 -0.023489783 0.999414146
1403636733713555456.000000 0.665884793 -0.040833071 0.422198772 -0.013503980 0.020745406 -0.023614978 0.999414623
1403636733763555840.000000 0.662116826 -0.041600373 0.417742461 -0.014224923 0.021078676 -0.024695411 0.999371529
1403636733813555456.000000 0.658997416 -0.041418366 0.413460881 -0.016287813 0.020883739 -0.024534637 0.999348104
1403636733863555584.000000 0.656552374 -0.039343119 0.409809917 -0.016695796 0.020615991 -0.024282217 0.999353111
1403636733913555712.000000 0.652623415 -0.039603632 0.404587954 -0.016135700 0.021426342 -0.026010551 0.999301851
1403636733963555584.000000 0.650245607 -0.039338879 0.398985296 -0.014275515 0.022119788 -0.029405227 0.999220908
1403636734013555456.000000 0.647673845 -0.039008040 0.394998878 -0.010892903 0.022364644 -0.030289350 0.999231637
1403636734063555840.000000 0.645659447 -0.035652731 0.391087145 -0.007634274 0.022574907 -0.030054932 0.999264181
1403636734113555456.000000 0.641986609 -0.033534169 0.386868566 -0.005412583 0.022874288 -0.028775506 0.999309540
1403636734163555584.000000 0.638718367 -0.033223454 0.382793874 -0.005102700 0.023128064 -0.028448686 0.999314666
1403636734213555456.000000 0.635278583 -0.030934317 0.379037023 -0.004497600 0.022511633 -0.026860991 0.999375582
1403636734263555840.000000 0.632289827 -0.031327117 0.373540670 -0.003966082 0.021266252 -0.025555499 0.999439359
1403636734313555456.000000 0.628699183 -0.031037197 0.369172215 -0.005273482 0.020396689 -0.024418466 0.999479830
1403636734363555584.000000 0.625782728 -0.031465773 0.364759743 -0.006846385 0.019537859 -0.023395764 0.999511957
1403636734413555712.000000 0.620260119 -0.032495201 0.359595954 -0.008718138 0.019323464 -0.022144988 0.999529958
1403636734463555584.000000 0.617738903 -0.031454057 0.354146153 -0.009911614 0.018248027 -0.021680886 0.999549329
1403636734513555456.000000 0.615480304 -0.032816641 0.348611414 -0.012113499 0.017388547 -0.021555597 0.999543011
1403636734563555840.000000 0.612515688 -0.031460173 0.343497962 -0.013679930 0.016527943 -0.021166109 0.999545753
1403636734613555456.000000 0.608973920 -0.032732442 0.339309633 -0.016143946 0.016046444 -0.020816952 0.999524176
1403636734663555584.000000 0.606227160 -0.032775857 0.333959311 -0.018274527 0.015796063 -0.022252006 0.999460578
1403636734713555456.000000 0.602379799 -0.030912001 0.329491556 -0.018508613 0.015581093 -0.022524003 0.999453604
1403636734763555840.000000 0.599921465 -0.030666156 0.324978828 -0.018410303 0.014986562 -0.023841046 0.999433935
1403636734813555456.000000 0.596183777 -0.030531516 0.321423024 -0.019760145 0.014568579 -0.023625953 0.999419391
1403636734863555584.000000 0.593297899 -0.028123174 0.318123579 -0.019428600 0.013831701 -0.023511782 0.999439120
1403636734913555712.000000 0.589941144 -0.027631339 0.313235283 -0.020407233 0.013119910 -0.023791045 0.999422550
1403636734963555584.000000 0.587391198 -0.025424534 0.309668362 -0.020143239 0.012477182 -0.022586474 0.999464095
1403636735013555456.000000 0.584149599 -0.023438646 0.306876302 -0.019799642 0.012636025 -0.023955259 0.999437094
1403636735063555840.000000 0.582048774 -0.021050556 0.303342342 -0.018993799 0.011964383 -0.023209605 0.999478579
1403636735113555456.000000 0.578782797 -0.019289915 0.299382150 -0.018987518 0.011811892 -0.022443650 0.999498010
1403636735163555584.000000 0.574640036 -0.018217983 0.299200147 -0.019491585 0.012013046 -0.021518229 0.999506295
1403636735213555456.000000 0.571721077 -0.017165305 0.293941617 -0.020578289 0.011981577 -0.020411341 0.999508083
1403636735263555840.000000 0.569612801 -0.015768208 0.291271448 -0.021547884 0.011825429 -0.018415036 0.999528289
1403636735313555456.000000 0.565640152 -0.015940348 0.288421154 -0.023335580 0.012356672 -0.016813729 0.999509990
1403636735363555584.000000 0.564185262 -0.015275901 0.285337657 -0.024283960 0.012504619 -0.015978625 0.999499202
1403636735413555712.000000 0.561509371 -0.015936133 0.281446785 -0.022767279 0.013618890 -0.015609999 0.999526143
1403636735463555584.000000 0.558353186 -0.017097369 0.278320611 -0.021772802 0.014901250 -0.013952158 0.999554574
1403636735513555456.000000 0.554168463 -0.019590940 0.276943326 -0.021119036 0.017604241 -0.014763876 0.999512970
1403636735563555840.000000 0.553417206 -0.020333614 0.274193138 -0.018994031 0.018747907 -0.014325319 0.999541163
1403636735613555456.000000 0.549741864 -0.023456467 0.271487296 -0.018433738 0.020933360 -0.014674118 0.999503255
1403636735663555584.000000 0.547192752 -0.023078891 0.269365847 -0.016909761 0.022673603 -0.014342743 0.999496996
1403636735713555456.000000 0.545351207 -0.025259232 0.266500592 -0.017983256 0.023681102 -0.013727684 0.999463558
1403636735763555840.000000 0.543628573 -0.026658084 0.263390571 -0.018380741 0.025031930 -0.014171552 0.999417186
1403636735813555456.000000 0.541043401 -0.027202932 0.260801464 -0.017894529 0.025815856 -0.012979600 0.999422252
1403636735863555584.000000 0.539317071 -0.028609673 0.259018183 -0.017407563 0.026201131 -0.013119864 0.999419034
1403636735913555712.000000 0.536049962 -0.029076483 0.257140100 -0.016806178 0.026786227 -0.013083789 0.999414265
1403636735963555584.000000 0.535233617 -0.030045677 0.254752278 -0.016709482 0.026801500 -0.013801241 0.999405921
1403636736013555456.000000 0.532313287 -0.030823732 0.253740400 -0.015842048 0.025957048 -0.015041601 0.999424398
1403636736063555840.000000 0.530941546 -0.031975795 0.251747668 -0.015335760 0.022924144 -0.016883843 0.999477029
1403636736113555456.000000 0.527374506 -0.032680295 0.250954241 -0.013012771 0.018694993 -0.017760225 0.999582767
1403636736163555584.000000 0.527432323 -0.033699647 0.247984514 -0.010697486 0.012010335 -0.019456457 0.999681354
1403636736213555456.000000 0.523929417 -0.037044771 0.246069938 -0.009469161 0.005944447 -0.021915535 0.999697328
1403636736263555840.000000 0.521645129 -0.039401643 0.243321940 -0.008837854 0.000103184 -0.024088876 0.999670804
1403636736313555456.000000 0.518875062 -0.041510846 0.241088226 -0.008385404 -0.004813303 -0.026703440 0.999596655
1403636736363555584.000000 0.517162919 -0.041689850 0.239173010 -0.007265256 -0.009339970 -0.029010966 0.999509096
1403636736413555712.000000 0.516071498 -0.043514390 0.236833319 -0.007693328 -0.013532234 -0.031283148 0.999389410
1403636736463555584.000000 0.514130175 -0.045590330 0.235201105 -0.007346172 -0.015703093 -0.036413744 0.999186456
1403636736513555456.000000 0.512160540 -0.045610275 0.233431488 -0.006177669 -0.017167524 -0.041149300 0.998986483
1403636736563555840.000000 0.510233641 -0.047311395 0.231141031 -0.006060429 -0.018217664 -0.046360426 0.998740315
1403636736613555456.000000 0.507368267 -0.046497416 0.230957747 -0.004882924 -0.018863214 -0.050003882 0.998558939
1403636736663555584.000000 0.504572809 -0.047855906 0.229805261 -0.004730940 -0.019712947 -0.052009813 0.998440802
1403636736713555456.000000 0.502880812 -0.047063582 0.227752313 -0.003639840 -0.020793417 -0.053658865 0.998336196
1403636736763555840.000000 0.498272896 -0.046564627 0.228728920 -0.004647994 -0.020718100 -0.054369379 0.998295128
1403636736813555456.000000 0.495209396 -0.046518013 0.226822153 -0.003660705 -0.021368666 -0.055305704 0.998234093
1403636736863555584.000000 0.492336124 -0.045087501 0.225180924 -0.003185823 -0.022602282 -0.054103974 0.998274386
1403636736913555712.000000 0.489079237 -0.044507023 0.223579243 -0.004180913 -0.023316944 -0.055301774 0.998188734
1403636736963555584.000000 0.488204330 -0.042568799 0.221595272 -0.003815146 -0.025814001 -0.053092360 0.998248637
1403636737013555456.000000 0.482749134 -0.042963367 0.219723180 -0.005184786 -0.027329415 -0.050019298 0.998360813
1403636737063555840.000000 0.479599386 -0.041770887 0.218733788 -0.005027167 -0.029799711 -0.047131669 0.998431504
1403636737113555456.000000 0.477021843 -0.040017717 0.216425285 -0.004381307 -0.033039380 -0.043455318 0.998499334
1403636737163555584.000000 0.474131912 -0.037035834 0.214660168 -0.004182478 -0.034836676 -0.042218491 0.998492122
1403636737213555456.000000 0.471928984 -0.035883021 0.212443441 -0.004816896 -0.037188221 -0.041461676 0.998436213
1403636737263555840.000000 0.467552871 -0.033673551 0.211474225 -0.005558556 -0.038903501 -0.039024975 0.998465180
1403636737313555456.000000 0.462531775 -0.033204943 0.210289285 -0.008600173 -0.038986117 -0.040722392 0.998372674
1403636737363555584.000000 0.459106743 -0.031154169 0.208387688 -0.010471832 -0.040532000 -0.039932262 0.998325109
1403636737413555712.000000 0.457331836 -0.028043382 0.205938533 -0.011904143 -0.042251568 -0.040203258 0.998226881
1403636737463555584.000000 0.454549044 -0.026029846 0.203839242 -0.013753600 -0.043666974 -0.040024038 0.998149395
1403636737513555456.000000 0.452314436 -0.025848066 0.200975299 -0.015896205 -0.044548314 -0.041764379 0.998007298
1403636737563555840.000000 0.448730558 -0.025050504 0.200080067 -0.016760450 -0.045877807 -0.040322855 0.997992158
1403636737613555456.000000 0.445775390 -0.024429705 0.197455600 -0.017862210 -0.046958305 -0.038379375 0.997999489
1403636737663555584.000000 0.442522794 -0.025207598 0.194872826 -0.019585833 -0.048551247 -0.034796152 0.998022258
1403636737713555456.000000 0.439581662 -0.025807876 0.193039358 -0.021282502 -0.049998485 -0.031495623 0.998025715
1403636737763555840.000000 0.436959803 -0.026979489 0.190258324 -0.022005130 -0.050902773 -0.029360294 0.998029470
1403636737813555456.000000 0.433104157 -0.029017612 0.189019054 -0.023314819 -0.051219895 -0.027032141 0.998049200
1403636737863555584.000000 0.430773348 -0.030431788 0.186926678 -0.023461465 -0.051466126 -0.025230212 0.998080254
1403636737913555712.000000 0.428848773 -0.032424964 0.184224218 -0.023441235 -0.051653903 -0.024566405 0.998087645
1403636737963555584.000000 0.427074611 -0.034159038 0.181738988 -0.022838432 -0.051577348 -0.023900812 0.998121798
1403636738013555456.000000 0.425023943 -0.037226282 0.179878965 -0.022608753 -0.050790325 -0.024375940 0.998155892
1403636738063555840.000000 0.423097849 -0.040099077 0.178345799 -0.022732092 -0.049834788 -0.024552239 0.998196840
1403636738113555456.000000 0.419993818 -0.044766389 0.177182809 -0.021977399 -0.047444474 -0.027889313 0.998242617
1403636738163555584.000000 0.418821007 -0.046616964 0.175704673 -0.020288777 -0.046549302 -0.028742347 0.998296320
1403636738213555456.000000 0.417971611 -0.049054161 0.174038738 -0.018872116 -0.045420535 -0.029812170 0.998344660
1403636738263555840.000000 0.416393995 -0.050855983 0.173398241 -0.018261628 -0.044482827 -0.029574271 0.998405337
1403636738313555456.000000 0.415357083 -0.053503621 0.171844155 -0.018554758 -0.043521509 -0.030265329 0.998421609
1403636738363555584.000000 0.413785726 -0.055045865 0.171040148 -0.018690962 -0.042329822 -0.029882248 0.998481810
1403636738413555712.000000 0.414023072 -0.056150373 0.169745818 -0.018822527 -0.042073168 -0.029680081 0.998496234
1403636738463555584.000000 0.412387908 -0.057451792 0.168809682 -0.019173052 -0.039769597 -0.029356066 0.998593569
1403636738513555456.000000 0.410612524 -0.059950091 0.169736490 -0.021080544 -0.036118664 -0.028518248 0.998718083
1403636738563555840.000000 0.409285098 -0.059868965 0.170046046 -0.022282084 -0.030936852 -0.026065595 0.998932958
1403636738613555456.000000 0.409958214 -0.059796892 0.169828579 -0.023570279 -0.025699411 -0.022648817 0.999135137
1403636738663555584.000000 0.408376962 -0.060999140 0.170339763 -0.024261517 -0.017573545 -0.019451100 0.999361932
1403636738713555456.000000 0.408348292 -0.061534848 0.171070248 -0.023712240 -0.009184024 -0.015312935 0.999559402
1403636738763555840.000000 0.408618093 -0.061996851 0.171344385 -0.021033876 0.000263592 -0.010531275 0.999723315
1403636738813555456.000000 0.408480853 -0.061063711 0.171558529 -0.017940536 0.010433365 -0.004462071 0.999774754
1403636738863555584.000000 0.409670264 -0.060438335 0.172151759 -0.014645193 0.020714130 0.002179120 0.999675810
1403636738913555712.000000 0.410312653 -0.058714427 0.174205825 -0.012278370 0.031976148 0.008712427 0.999375224
1403636738963555584.000000 0.410709560 -0.058069300 0.175144523 -0.010822122 0.043610256 0.016355282 0.998856127
1403636739013555456.000000 0.410685092 -0.058087066 0.177249432 -0.009628234 0.056206170 0.023843642 0.998088062
1403636739063555840.000000 0.411915451 -0.056709390 0.178158939 -0.008994232 0.068975367 0.031629771 0.997076273
1403636739113555456.000000 0.413792342 -0.053986277 0.179655135 -0.007924773 0.082994558 0.035530809 0.995884895
1403636739163555584.000000 0.416304082 -0.052225530 0.181048214 -0.008567965 0.098070793 0.037143845 0.994449139
1403636739213555456.000000 0.418612450 -0.050759375 0.182538062 -0.008131691 0.113362774 0.038807381 0.992762208
1403636739263555840.000000 0.420601249 -0.047941413 0.183424860 -0.008216918 0.129302785 0.038799457 0.990811765
1403636739313555456.000000 0.423098177 -0.045587257 0.183886573 -0.007951031 0.145082057 0.038863052 0.988624156
1403636739363555584.000000 0.425896108 -0.041818455 0.185445860 -0.007947404 0.160822093 0.037846372 0.986225545
1403636739413555712.000000 0.428772658 -0.041072104 0.185129717 -0.008863743 0.175158694 0.038141962 0.983761191
1403636739463555584.000000 0.431153655 -0.038433671 0.187242642 -0.008798132 0.189063534 0.039820660 0.981117725
1403636739513555456.000000 0.433601201 -0.036753908 0.187647402 -0.009156958 0.201359302 0.043945190 0.978488386
1403636739563555840.000000 0.436398983 -0.036109243 0.188746348 -0.007994665 0.211541593 0.049527224 0.976080596
1403636739613555456.000000 0.439063132 -0.035227582 0.188280687 -0.007088649 0.219483882 0.054522179 0.974065661
1403636739663555584.000000 0.441501737 -0.034181073 0.188300118 -0.008071696 0.226732001 0.057208803 0.972242117
1403636739713555456.000000 0.443147242 -0.034510672 0.189137787 -0.007305156 0.232384875 0.059203207 0.970792949
1403636739763555840.000000 0.444520861 -0.033612523 0.189885661 -0.006575771 0.236031890 0.064355411 0.969589710
1403636739813555456.000000 0.447195441 -0.033799037 0.189476669 -0.006392459 0.238479450 0.066258691 0.968863547
1403636739863555584.000000 0.448993593 -0.032542288 0.189192772 -0.006539664 0.240541697 0.067925952 0.968237042
1403636739913555712.000000 0.451125264 -0.031758316 0.189121053 -0.006683959 0.241836756 0.068616480 0.967864752
1403636739963555584.000000 0.453176081 -0.029935900 0.191447839 -0.006496068 0.242945373 0.068011291 0.967631042
1403636740013555456.000000 0.454656959 -0.029470371 0.190445364 -0.007662225 0.243588224 0.066986538 0.967532396
1403636740063555840.000000 0.456521630 -0.027618701 0.191492990 -0.008456458 0.243902519 0.065497778 0.967548549
1403636740113555456.000000 0.459655583 -0.025033072 0.192097098 -0.008334271 0.243760839 0.062219102 0.967801690
1403636740163555584.000000 0.463175684 -0.022618268 0.191794828 -0.009024704 0.243804738 0.058157973 0.968036950
1403636740213555456.000000 0.463715822 -0.020680111 0.194265082 -0.009404766 0.244900480 0.052784879 0.968064606
1403636740263555840.000000 0.465896159 -0.016923424 0.194065854 -0.009328071 0.244491845 0.049865700 0.968323410
1403636740313555456.000000 0.467946440 -0.015399859 0.194747835 -0.007837467 0.243225724 0.050307155 0.968632638
1403636740363555584.000000 0.468631446 -0.012038703 0.195940673 -0.006610583 0.241442814 0.051276974 0.969036877
1403636740413555712.000000 0.471251160 -0.009838681 0.196900755 -0.005428477 0.238871247 0.054271728 0.969518304
1403636740463555584.000000 0.471830189 -0.005410871 0.198766634 -0.005025682 0.237492934 0.056592401 0.969726384
1403636740513555456.000000 0.474454463 -0.003938398 0.198055819 -0.003022592 0.234993637 0.058208913 0.970247746
1403636740563555840.000000 0.475908458 -0.000743458 0.199773595 -0.002314535 0.234035477 0.057733309 0.970509589
1403636740613555456.000000 0.478006214 0.001841909 0.199282557 -0.001950579 0.232443035 0.057794973 0.970889390
1403636740663555584.000000 0.477843642 0.002173785 0.200169414 -0.003504112 0.231602058 0.058607489 0.971037328
1403636740713555456.000000 0.478608817 0.005098205 0.201371849 -0.005404887 0.230645627 0.059526321 0.971200347
1403636740763555840.000000 0.481898248 0.010825219 0.201815188 -0.006946004 0.229266763 0.059901603 0.971493900
1403636740813555456.000000 0.483186662 0.012469875 0.202407390 -0.007506678 0.228344068 0.059869226 0.971709013
1403636740863555584.000000 0.484647125 0.014631528 0.202604547 -0.006446044 0.227720827 0.059905443 0.971860647
1403636740913555712.000000 0.485862911 0.017285358 0.203687742 -0.005773464 0.228508100 0.056226254 0.971899927
1403636740963555584.000000 0.488401204 0.020501332 0.203536659 -0.004357858 0.229300588 0.051556561 0.971979558
1403636741013555456.000000 0.488958031 0.023786906 0.205261320 -0.004683634 0.232029751 0.043507744 0.971723914
1403636741063555840.000000 0.491402507 0.027038943 0.203996748 -0.003977734 0.234653294 0.037450291 0.971349299
1403636741113555456.000000 0.493242085 0.030623529 0.204143882 -0.002728598 0.237303391 0.035757534 0.970773458
1403636741163555584.000000 0.494025528 0.033827405 0.205074906 -0.001105333 0.240765080 0.037279654 0.969866574
1403636741213555456.000000 0.495574415 0.038793501 0.205501735 0.001358135 0.243415132 0.042046022 0.969009519
1403636741263555840.000000 0.496557921 0.044145949 0.206179827 0.002981639 0.245095864 0.049217910 0.968244135
1403636741313555456.000000 0.496992707 0.048800975 0.207470596 0.002830538 0.246275932 0.054859955 0.967641771
1403636741363555584.000000 0.496909291 0.054795884 0.208634809 0.000089039 0.247717753 0.060940430 0.966913760
1403636741413555712.000000 0.497312665 0.058532495 0.208862215 -0.003758814 0.249332994 0.065143324 0.966216981
1403636741463555584.000000 0.498550951 0.065206192 0.208042637 -0.007268528 0.250359088 0.068356119 0.965709567
1403636741513555456.000000 0.497572184 0.067796662 0.208864659 -0.014804485 0.252110273 0.070861697 0.964986980
1403636741563555840.000000 0.499816120 0.071989752 0.208156615 -0.017936677 0.251089156 0.076605484 0.964761198
1403636741613555456.000000 0.500612020 0.076085724 0.208935052 -0.021712692 0.252787590 0.075424388 0.964333057
1403636741663555584.000000 0.501848340 0.080465429 0.207583755 -0.023317801 0.252964884 0.076212391 0.964187086
1403636741713555456.000000 0.501806200 0.081022911 0.208550572 -0.023701072 0.254004538 0.074717134 0.964021444
1403636741763555840.000000 0.503160536 0.083637670 0.208217338 -0.021366572 0.254317880 0.072367504 0.964172661
1403636741813555456.000000 0.503972411 0.084261090 0.208434671 -0.019997725 0.254741281 0.069225058 0.964320958
1403636741863555584.000000 0.504746318 0.088201977 0.210038990 -0.016649609 0.255162150 0.065507561 0.964533031
1403636741913555712.000000 0.506605268 0.089554884 0.210296467 -0.016309977 0.255248845 0.061536502 0.964777350
1403636741963555584.000000 0.507169306 0.092164919 0.210483700 -0.015965214 0.255862504 0.056023940 0.964956403
1403636742013555456.000000 0.509786904 0.095347688 0.210911959 -0.017741976 0.255252928 0.051763639 0.965324640
1403636742063555840.000000 0.511074781 0.098791867 0.211215898 -0.020842569 0.253749758 0.050438620 0.965729058
1403636742113555456.000000 0.511124611 0.100451842 0.213330984 -0.025987087 0.251913756 0.051991384 0.966002643
1403636742163555584.000000 0.511957824 0.104006886 0.214560464 -0.028363559 0.249250084 0.055205464 0.966448307
1403636742213555456.000000 0.513093472 0.105406277 0.214843765 -0.029823469 0.246834561 0.057187852 0.966908932
1403636742263555840.000000 0.514080942 0.107890166 0.215342790 -0.029234776 0.243785486 0.061008222 0.967466772
1403636742313555456.000000 0.513608217 0.108330324 0.217798114 -0.026984267 0.242448047 0.061458647 0.967839718
1403636742363555584.000000 0.515853822 0.109674476 0.218595996 -0.022656851 0.240459993 0.062428158 0.968384445
1403636742413555712.000000 0.516767383 0.111293495 0.219650999 -0.017867189 0.239102632 0.061978579 0.968849540
1403636742463555584.000000 0.518474817 0.109928228 0.220684484 -0.015514563 0.237931460 0.061882481 0.969184458
1403636742513555456.000000 0.518424928 0.111195095 0.222403765 -0.013223491 0.237514511 0.061212026 0.969363272
1403636742563555840.000000 0.519719660 0.109684758 0.223410025 -0.012775440 0.236399338 0.060898557 0.969661534
1403636742613555456.000000 0.521705985 0.109920621 0.224340141 -0.010354740 0.235820726 0.060110912 0.969880462
1403636742663555584.000000 0.520762503 0.109153621 0.226460934 -0.007872907 0.236224443 0.058929704 0.969878018
1403636742713555456.000000 0.523025811 0.110015608 0.226681918 -0.005147833 0.234733924 0.058428690 0.970288396
1403636742763555840.000000 0.523483753 0.110880300 0.228682905 -0.003209854 0.234612375 0.057592575 0.970376134
1403636742813555456.000000 0.524564743 0.111937195 0.229599491 -0.002039924 0.233940482 0.057065237 0.970572650
1403636742863555584.000000 0.525607288 0.112534948 0.231499001 -0.000846302 0.232982293 0.057628132 0.970771611
1403636742913555712.000000 0.527045608 0.115694083 0.232681304 0.000326681 0.231897548 0.058295019 0.970991790
1403636742963555584.000000 0.527771235 0.116767190 0.233634412 -0.000101589 0.232648626 0.058695741 0.970788121
1403636743013555456.000000 0.529049277 0.120424710 0.235518724 -0.001935626 0.234652624 0.060077645 0.970219135
1403636743063555840.000000 0.530209899 0.122834243 0.236952439 -0.007617633 0.236860231 0.062784635 0.969483018
1403636743113555456.000000 0.530915737 0.126487657 0.238378897 -0.015618479 0.239323288 0.066803336 0.968513191
1403636743163555584.000000 0.531952202 0.131167248 0.239655733 -0.026314704 0.241288498 0.071238242 0.967477381
1403636743213555456.000000 0.533460915 0.133289531 0.240600914 -0.034830958 0.243147925 0.074470729 0.966498852
1403636743263555840.000000 0.534271181 0.135609850 0.243702143 -0.043691598 0.245779961 0.075748876 0.965373218
1403636743313555456.000000 0.536327124 0.136952788 0.244390979 -0.047345236 0.246756539 0.078232422 0.964753509
1403636743363555584.000000 0.537453353 0.138055384 0.246190637 -0.048913110 0.247618720 0.080479622 0.964269459
1403636743413555712.000000 0.540055156 0.139875829 0.249618232 -0.048312895 0.248357415 0.081976809 0.963983536
1403636743463555584.000000 0.541176319 0.138970003 0.252424538 -0.045168422 0.249873266 0.081458896 0.963788211
1403636743513555456.000000 0.544564247 0.140285715 0.255469501 -0.041458424 0.250707299 0.080590442 0.963811338
1403636743563555840.000000 0.546986461 0.140744537 0.258598983 -0.036720578 0.251993507 0.079242170 0.963779867
1403636743613555456.000000 0.550436378 0.142859757 0.262599379 -0.031489071 0.253081143 0.075784281 0.963958085
1403636743663555584.000000 0.553895235 0.142589003 0.266057402 -0.028841333 0.253962755 0.072822899 0.964037299
1403636743713555456.000000 0.556781173 0.144943267 0.270566463 -0.023786101 0.255375057 0.069836646 0.964023173
1403636743763555840.000000 0.561152816 0.146204367 0.273972183 -0.018854868 0.257598639 0.067509130 0.963706374
1403636743813555456.000000 0.565134764 0.148362994 0.278196275 -0.015607086 0.260356396 0.068240553 0.962971568
1403636743863555584.000000 0.568596184 0.150341392 0.282380342 -0.011567158 0.262619853 0.071405768 0.962184131
1403636743913555712.000000 0.571283221 0.153791979 0.287474424 -0.008282525 0.266286761 0.069989443 0.961313844
1403636743963555584.000000 0.574554741 0.156620756 0.292308539 -0.005360303 0.269100249 0.069734678 0.960569382
1403636744013555456.000000 0.577353537 0.158431947 0.296390444 -0.004274828 0.271314085 0.070317127 0.959909379
1403636744063555840.000000 0.580491960 0.161336377 0.301147014 -0.003433640 0.275380373 0.068787493 0.958865047
1403636744113555456.000000 0.583912373 0.164569438 0.304925144 -0.002689937 0.279039830 0.069823965 0.957733870
1403636744163555584.000000 0.587465882 0.168181375 0.310130656 -0.001662596 0.283005476 0.071428306 0.956453383
1403636744213555456.000000 0.588144898 0.170970172 0.315922469 -0.000254108 0.286760211 0.073337860 0.955191195
1403636744263555840.000000 0.591321766 0.174644917 0.320438147 0.002282621 0.288669974 0.076967016 0.954327345
1403636744313555456.000000 0.593816340 0.180035561 0.325231373 0.003734124 0.290452063 0.079377100 0.953584313
1403636744363555584.000000 0.595868707 0.183872879 0.330246627 0.004355903 0.291843683 0.082295075 0.952909172
1403636744413555712.000000 0.599246264 0.188795358 0.334498048 0.005730188 0.291379005 0.086580254 0.952664316
1403636744463555584.000000 0.602184832 0.193420500 0.340002298 0.006455508 0.291011721 0.089810029 0.952472925
1403636744513555456.000000 0.604192853 0.198074266 0.344071209 0.007959606 0.289060920 0.095130034 0.952539146
1403636744563555840.000000 0.606968760 0.204541072 0.349585414 0.010523864 0.288584262 0.096434832 0.952527523
1403636744613555456.000000 0.609686494 0.210845172 0.353405386 0.013017252 0.287173390 0.099316850 0.952627003
1403636744663555584.000000 0.612639785 0.216153562 0.356935799 0.014377375 0.286574394 0.099471152 0.952771723
1403636744713555456.000000 0.614382744 0.224017292 0.361157924 0.016527735 0.287791640 0.095989607 0.952727079
1403636744763555840.000000 0.619037151 0.230892554 0.365555435 0.015909806 0.289168149 0.090919547 0.952818155
1403636744813555456.000000 0.620817304 0.236637086 0.368431717 0.014066224 0.291047513 0.086509816 0.952685475
1403636744863555584.000000 0.624579191 0.244057789 0.372158915 0.012041155 0.291518062 0.084082127 0.952786744
1403636744913555712.000000 0.626929879 0.248918548 0.374952495 0.006605439 0.292342842 0.081142344 0.952842057
1403636744963555584.000000 0.629020751 0.254029602 0.378402352 0.003241665 0.292317241 0.080102473 0.952955306
1403636745013555456.000000 0.631794453 0.259752035 0.381128043 -0.000967693 0.291006565 0.080797292 0.953302741
1403636745063555840.000000 0.634672999 0.265445620 0.382835537 -0.004111468 0.289154470 0.080605321 0.953873992
1403636745113555456.000000 0.636449933 0.268498480 0.385450631 -0.009438324 0.287384480 0.081621401 0.954284549
1403636745163555584.000000 0.639196754 0.272194177 0.387179345 -0.010712107 0.284543276 0.083477415 0.954961717
1403636745213555456.000000 0.641229689 0.276451737 0.389900684 -0.011185266 0.283030748 0.082141720 0.955521464
1403636745263555840.000000 0.644835830 0.280171156 0.391280830 -0.012267640 0.280489415 0.080984101 0.956356049
1403636745313555456.000000 0.646636665 0.283524752 0.393161774 -0.011533906 0.278879881 0.079031400 0.956999004
1403636745363555584.000000 0.648255467 0.284632415 0.396089345 -0.008316330 0.277870953 0.075236641 0.957631469
1403636745413555712.000000 0.650492966 0.286117077 0.398838997 -0.003876568 0.277324319 0.072471172 0.958031416
1403636745463555584.000000 0.653094113 0.288149804 0.400606871 -0.000320521 0.277041852 0.069287524 0.958356380
1403636745513555456.000000 0.656105638 0.289202124 0.401881009 0.002861381 0.276892662 0.069181964 0.958402872
1403636745563555840.000000 0.660021782 0.291396707 0.402985305 0.004846493 0.276850492 0.069287390 0.958399475
1403636745613555456.000000 0.661999822 0.292483062 0.404037476 0.006349138 0.278433025 0.069860704 0.957890511
1403636745663555584.000000 0.664904773 0.292513520 0.405474037 0.006712304 0.280488223 0.070455752 0.957244635
1403636745713555456.000000 0.666117549 0.292304605 0.407913923 0.006963029 0.283698291 0.069830835 0.956342340
1403636745763555840.000000 0.668038368 0.292162925 0.407277375 0.006245081 0.286813587 0.069605000 0.955434024
1403636745813555456.000000 0.669847369 0.292515486 0.408935368 0.005410661 0.290392190 0.069371633 0.954374492
1403636745863555584.000000 0.671066463 0.291303366 0.410729289 0.004055189 0.294752061 0.068063706 0.953138053
1403636745913555712.000000 0.673233151 0.290653437 0.410802424 0.003821176 0.298363954 0.067198843 0.952076018
1403636745963555584.000000 0.673945546 0.288733333 0.410117328 0.002254278 0.302882731 0.065047532 0.950802803
1403636746013555456.000000 0.676374197 0.287671477 0.410119057 0.001373051 0.306024402 0.063792780 0.949882984
1403636746063555840.000000 0.676263213 0.285310179 0.410118222 -0.000104153 0.310018629 0.062391460 0.948681056
1403636746113555456.000000 0.677106977 0.283515245 0.411005437 -0.002285230 0.313390940 0.060979143 0.947661638
1403636746163555584.000000 0.676447809 0.281366825 0.411781669 -0.001905107 0.316261351 0.059865434 0.946779430
1403636746213555456.000000 0.677017570 0.279540598 0.411539346 0.000423175 0.317799866 0.059787054 0.946270883
1403636746263555840.000000 0.675190628 0.275112659 0.411786377 0.004028229 0.319779754 0.058874030 0.945652485
1403636746313555456.000000 0.674927592 0.272422016 0.412870586 0.012502492 0.321416914 0.056787256 0.945150852
1403636746363555584.000000 0.674069047 0.269629568 0.411663622 0.018546285 0.321567595 0.056974795 0.944989026
1403636746413555712.000000 0.673023105 0.267699331 0.412636518 0.021622946 0.322014332 0.056745332 0.944785297
1403636746463555584.000000 0.670575380 0.265157670 0.412617803 0.019860687 0.320825636 0.060335234 0.945005953
1403636746513555456.000000 0.668430924 0.264018297 0.412521958 0.015151802 0.319168359 0.063678689 0.945434809
1403636746563555840.000000 0.667562366 0.264132977 0.411727130 0.007919803 0.315310180 0.069969811 0.946372569
1403636746613555456.000000 0.664518178 0.264509350 0.411800444 -0.002199572 0.312197357 0.075780459 0.946987569
1403636746663555584.000000 0.661817849 0.264067471 0.412271082 -0.012652493 0.308019817 0.082998730 0.947668195
1403636746713555456.000000 0.658489704 0.263677239 0.413041472 -0.021578329 0.303985566 0.091251440 0.948050857
1403636746763555840.000000 0.656211376 0.263352573 0.413807273 -0.026847459 0.299727559 0.098116048 0.948586285
1403636746813555456.000000 0.652713001 0.262235016 0.416229486 -0.028601596 0.297013015 0.102343611 0.948942065
1403636746863555584.000000 0.651670694 0.262541354 0.415939808 -0.027419629 0.293467283 0.106131278 0.949663758
1403636746913555712.000000 0.649611592 0.263627499 0.418112457 -0.025310744 0.291937381 0.107416473 0.950049281
1403636746963555584.000000 0.648171782 0.263362348 0.419392347 -0.024076082 0.290972114 0.105871260 0.950550854
1403636747013555456.000000 0.647253513 0.262660742 0.420857280 -0.021439152 0.290269047 0.105418526 0.950879157
1403636747063555840.000000 0.646182299 0.260861844 0.422363043 -0.019185713 0.292000383 0.099196941 0.951066613
1403636747113555456.000000 0.645931005 0.259694666 0.423008323 -0.016363980 0.293745577 0.092160501 0.951289773
1403636747163555584.000000 0.645670116 0.257563114 0.423481226 -0.012632607 0.294977546 0.087586075 0.951397657
1403636747213555456.000000 0.644616425 0.254933089 0.425652266 -0.010752812 0.297814816 0.081169702 0.951105773
1403636747263555840.000000 0.644750595 0.252207130 0.426523596 -0.008745963 0.299420238 0.077265896 0.950947404
1403636747313555456.000000 0.644215643 0.248674572 0.427537382 -0.008654606 0.300957352 0.074711218 0.950667202
1403636747363555584.000000 0.643787444 0.245729372 0.428899527 -0.007804179 0.301845789 0.073493049 0.950487792
1403636747413555712.000000 0.643412948 0.242573202 0.429482996 -0.007050553 0.302862644 0.072952017 0.950211883
1403636747463555584.000000 0.642735779 0.239642873 0.431102872 -0.007014067 0.304293782 0.072214119 0.949811220
1403636747513555456.000000 0.641446888 0.236048698 0.433075070 -0.008513666 0.305546999 0.073901273 0.949266672
1403636747563555840.000000 0.640536070 0.234243661 0.434211582 -0.009438196 0.306122810 0.074711673 0.949008942
1403636747613555456.000000 0.639562070 0.231518865 0.435977161 -0.010263361 0.306814104 0.076581441 0.948628008
1403636747663555584.000000 0.638394475 0.229247779 0.438909382 -0.010937262 0.308099359 0.076848254 0.948182225
1403636747713555456.000000 0.637938023 0.226527452 0.438649148 -0.010728588 0.308703959 0.078151643 0.947881401
1403636747763555840.000000 0.637469232 0.223167196 0.441225201 -0.011722646 0.309778571 0.078981146 0.947450161
1403636747813555456.000000 0.635682106 0.219677538 0.442469895 -0.011676707 0.310913354 0.079699472 0.947018802
1403636747863555584.000000 0.634275317 0.215752259 0.444436014 -0.010409417 0.311681360 0.081192859 0.946654201
1403636747913555712.000000 0.632974863 0.211100489 0.445747137 -0.007988743 0.310653120 0.088147871 0.946393609
1403636747963555584.000000 0.630967438 0.206085056 0.447504520 -0.002930749 0.309758127 0.095612079 0.945991397
1403636748013555456.000000 0.630553663 0.201248780 0.448609740 0.000266972 0.307768881 0.104093961 0.945749819
1403636748063555840.000000 0.630532503 0.198460609 0.449471414 0.002756572 0.306513399 0.109478585 0.945545614
1403636748113555456.000000 0.628629088 0.194261193 0.450542033 0.002783676 0.307035267 0.112024426 0.945077896
1403636748163555584.000000 0.627233386 0.191244572 0.452452481 0.003234910 0.306857795 0.115378343 0.944730520
1403636748213555456.000000 0.626290560 0.187904403 0.453661799 0.001754948 0.308331072 0.114161283 0.944402516
1403636748263555840.000000 0.626578033 0.185621634 0.455725253 -0.000929922 0.310372561 0.108921990 0.944353759
1403636748313555456.000000 0.626809120 0.183873475 0.457349062 -0.003525121 0.312917292 0.101911642 0.944290459
1403636748363555584.000000 0.626476586 0.181410804 0.457998514 -0.006416397 0.315756589 0.094013497 0.944149435
1403636748413555712.000000 0.627091825 0.179423600 0.460752547 -0.008191568 0.317691118 0.087531716 0.944109917
1403636748463555584.000000 0.627019525 0.176285967 0.462312579 -0.008529410 0.318695009 0.084081799 0.944082141
1403636748513555456.000000 0.626322389 0.173427567 0.463389575 -0.008452523 0.319827408 0.080578186 0.944005430
1403636748563555840.000000 0.626617849 0.171144128 0.465146303 -0.007717476 0.319774479 0.080587678 0.944028795
1403636748613555456.000000 0.626629651 0.168209970 0.466477215 -0.005329079 0.318707883 0.083833508 0.944123387
1403636748663555584.000000 0.626380801 0.164912865 0.468470961 -0.003191358 0.317887455 0.087520055 0.944075048
1403636748713555456.000000 0.626599610 0.160784289 0.469448835 -0.001130412 0.316469371 0.092344090 0.944096625
1403636748763555840.000000 0.626069605 0.158438623 0.471511036 0.001176478 0.315483421 0.096629426 0.943997681
1403636748813555456.000000 0.626506925 0.153976679 0.471823812 0.001808529 0.314849854 0.100830764 0.943768740
1403636748863555584.000000 0.626319885 0.151551157 0.472514451 0.003414491 0.314986527 0.103204697 0.943462074
1403636748913555712.000000 0.626555204 0.149026856 0.474179953 0.004699105 0.315522254 0.106185988 0.942946613
1403636748963555584.000000 0.626673937 0.146603703 0.475250542 0.005463749 0.316982836 0.106997162 0.942360699
1403636749013555456.000000 0.627555311 0.144282952 0.476272941 0.006129056 0.317977875 0.108721264 0.941823900
1403636749063555840.000000 0.627475858 0.142701149 0.477105618 0.007237296 0.318525791 0.111839853 0.941265583
1403636749113555456.000000 0.628514886 0.141060024 0.477819979 0.009432502 0.318161845 0.116261192 0.940833390
1403636749163555584.000000 0.629086614 0.139918268 0.478896648 0.010713857 0.318802297 0.117544174 0.940443397
1403636749213555456.000000 0.630658090 0.137531638 0.479600549 0.010242170 0.320214748 0.116516456 0.940096557
1403636749263555840.000000 0.632459104 0.135768250 0.479741871 0.009150583 0.323412776 0.110905692 0.939691663
1403636749313555456.000000 0.633506119 0.133281097 0.479406625 0.007879342 0.326376200 0.105443239 0.939307332
1403636749363555584.000000 0.634498298 0.131162703 0.480060756 0.006001827 0.329069167 0.100393243 0.938934863
1403636749413555712.000000 0.636488557 0.128623605 0.479016781 0.004724805 0.330715925 0.096411772 0.938780844
1403636749463555584.000000 0.637299240 0.125638589 0.478892565 0.003461610 0.333002597 0.091658391 0.938454092
1403636749513555456.000000 0.639447808 0.122929841 0.478501201 0.001873887 0.334222317 0.087523758 0.938419759
1403636749563555840.000000 0.640418470 0.120138347 0.476923823 -0.000439360 0.335532665 0.082780339 0.938384295
1403636749613555456.000000 0.641433120 0.117520519 0.477156430 -0.000670172 0.336981744 0.078050576 0.938270211
1403636749663555584.000000 0.642477095 0.114550218 0.475061029 -0.001255288 0.336620778 0.076950923 0.938490033
1403636749713555456.000000 0.643005490 0.112903565 0.475649804 0.000187366 0.336088538 0.076752126 0.938697815
1403636749763555840.000000 0.642654181 0.109509438 0.475809723 0.002817206 0.335615039 0.076540910 0.938880265
1403636749813555456.000000 0.644939899 0.107723624 0.474980146 0.007453347 0.333981544 0.076836452 0.939413130
1403636749863555584.000000 0.646524549 0.105737254 0.474425942 0.012354652 0.332431287 0.077683643 0.939841568
1403636749913555712.000000 0.645735145 0.104176700 0.473912358 0.015691040 0.331311554 0.077081077 0.940236747
1403636749963555584.000000 0.645280361 0.103492454 0.474026382 0.018658383 0.330170512 0.076298542 0.940647602
1403636750013555456.000000 0.645889997 0.101989344 0.473692685 0.020006966 0.328137189 0.076346055 0.941327274
1403636750063555840.000000 0.646306098 0.101988055 0.472366333 0.020826088 0.326190889 0.076354653 0.941985011
1403636750113555456.000000 0.645820677 0.102050476 0.472328901 0.019592753 0.324418545 0.076813810 0.942586005
1403636750163555584.000000 0.644969046 0.101037376 0.470779598 0.017356310 0.322920591 0.077492103 0.943088591
1403636750213555456.000000 0.643995464 0.100708529 0.470905602 0.015890401 0.321302682 0.078016721 0.943623662
1403636750263555840.000000 0.642200232 0.099677749 0.470005810 0.012429901 0.320326328 0.078086346 0.944001675
1403636750313555456.000000 0.640970230 0.097950794 0.468641758 0.009996417 0.318403870 0.079152763 0.944591939
1403636750363555584.000000 0.640110672 0.096925154 0.466823936 0.007117338 0.316855460 0.078315862 0.945208311
1403636750413555712.000000 0.638737679 0.094668388 0.463949651 0.006019707 0.314474493 0.080518633 0.945825756
1403636750463555584.000000 0.636851966 0.092226535 0.462616175 0.004420687 0.313360155 0.079219371 0.946314037
1403636750513555456.000000 0.635890186 0.088785000 0.459797233 0.004326216 0.311255574 0.078702100 0.947051883
1403636750563555840.000000 0.634141624 0.085670248 0.457983136 0.003396536 0.309795469 0.077975616 0.947594345
1403636750613555456.000000 0.632633090 0.082672253 0.454730928 0.002881020 0.307734221 0.077804655 0.948281527
1403636750663555584.000000 0.630944669 0.078550085 0.453404605 0.002109447 0.307312757 0.075257279 0.948625803
1403636750713555456.000000 0.628190160 0.074795395 0.450366348 0.001317314 0.306272060 0.074800149 0.948999822
1403636750763555840.000000 0.626243114 0.069600046 0.447458982 -0.000315029 0.305076301 0.074493147 0.949409902
1403636750813555456.000000 0.625071764 0.064810276 0.443406612 -0.001575886 0.303944498 0.073900610 0.949817896
1403636750863555584.000000 0.622298837 0.059951238 0.440988392 -0.002198064 0.303434551 0.073723778 0.949993432
1403636750913555712.000000 0.619895399 0.055120640 0.437642694 -0.004252880 0.303610414 0.072180577 0.950048804
1403636750963555584.000000 0.617626548 0.049644433 0.434628338 -0.005948229 0.303921819 0.070460789 0.950069249
1403636751013555456.000000 0.615659475 0.044298492 0.431595296 -0.007857988 0.304210037 0.069525361 0.950031996
1403636751063555840.000000 0.612839162 0.039461844 0.429403931 -0.008266550 0.304814130 0.069251709 0.949854851
1403636751113555456.000000 0.611200452 0.034964297 0.426011711 -0.008433436 0.304494023 0.070097938 0.949894011
1403636751163555584.000000 0.608887494 0.030939164 0.422684312 -0.010413476 0.304299891 0.072314568 0.949770391
1403636751213555456.000000 0.606401503 0.026779950 0.420799553 -0.015159197 0.304855317 0.072636582 0.949503779
1403636751263555840.000000 0.603143215 0.022856485 0.418833554 -0.019501554 0.304751903 0.075631090 0.949223876
1403636751313555456.000000 0.601207316 0.019444928 0.417060047 -0.021193812 0.304354310 0.077924319 0.949129641
1403636751363555584.000000 0.600074470 0.015343312 0.414820492 -0.020485312 0.303253025 0.082419582 0.949118018
1403636751413555712.000000 0.597043633 0.010752069 0.413128674 -0.017344953 0.302895367 0.086179920 0.948960841
1403636751463555584.000000 0.594643414 0.006946022 0.411715448 -0.012992153 0.302036136 0.090877675 0.948866069
1403636751513555456.000000 0.592226148 0.003216192 0.410601228 -0.008399168 0.300884187 0.094229788 0.948956847
1403636751563555840.000000 0.590845466 -0.001436174 0.408549994 -0.004110014 0.298111469 0.095963940 0.949686110
1403636751613555456.000000 0.588551879 -0.004557475 0.407189667 -0.001921849 0.295015544 0.097697258 0.950482726
1403636751663555584.000000 0.586967289 -0.009661015 0.405984521 -0.002108343 0.291725546 0.098926723 0.951370180
1403636751713555456.000000 0.585321665 -0.011889398 0.403638244 -0.004445099 0.288088769 0.100198045 0.952336848
1403636751763555840.000000 0.584584475 -0.015304394 0.402988344 -0.008732396 0.285248697 0.101923093 0.952978849
1403636751813555456.000000 0.582814097 -0.018505719 0.400081754 -0.013300660 0.282489032 0.102505416 0.953685343
1403636751863555584.000000 0.581822097 -0.022232242 0.398934096 -0.019162511 0.281602114 0.100437276 0.954067826
1403636751913555712.000000 0.580715775 -0.025270555 0.397142321 -0.022908444 0.281371742 0.095974319 0.954512477
1403636751963555584.000000 0.580364585 -0.028206404 0.396165192 -0.026004242 0.281548291 0.091051050 0.954863429
1403636752013555456.000000 0.580274820 -0.031403795 0.394901544 -0.028215781 0.282188058 0.086717241 0.955015182
1403636752063555840.000000 0.579795539 -0.034506861 0.393469691 -0.028100949 0.282478273 0.083381951 0.955229759
1403636752113555456.000000 0.581803560 -0.038039587 0.391519904 -0.026458420 0.281795502 0.081809141 0.955614209
1403636752163555584.000000 0.581734121 -0.041041136 0.391204000 -0.021927750 0.281201780 0.078989923 0.956140876
1403636752213555456.000000 0.582513750 -0.043404676 0.390825272 -0.016829330 0.279308110 0.076060086 0.957036376
1403636752263555840.000000 0.582351863 -0.047249198 0.390392661 -0.012681053 0.275659055 0.073417209 0.958363771
1403636752313555456.000000 0.584548891 -0.050035916 0.389201313 -0.006824409 0.270093441 0.070713148 0.960209668
1403636752363555584.000000 0.583957791 -0.054177180 0.389789015 -0.002582053 0.264531344 0.067182615 0.962030709
1403636752413555712.000000 0.584499538 -0.057516616 0.387672544 0.000082111 0.256882280 0.064511001 0.964287221
1403636752463555584.000000 0.583681703 -0.061673060 0.386717111 0.000563714 0.248375088 0.061797768 0.966690540
1403636752513555456.000000 0.583520710 -0.066061266 0.385924876 0.000396312 0.239454493 0.057976112 0.969175041
1403636752563555840.000000 0.584692895 -0.069787174 0.384649545 -0.001202086 0.229543254 0.054067500 0.971794844
1403636752613555456.000000 0.583691418 -0.073744953 0.384357899 -0.002948452 0.219998688 0.049714398 0.974228144
1403636752663555584.000000 0.584066212 -0.076773271 0.382563949 -0.005502202 0.209533557 0.046024274 0.976702273
1403636752713555456.000000 0.584106386 -0.079774439 0.380895793 -0.006078379 0.198974803 0.042596530 0.979059637
1403636752763555840.000000 0.583382785 -0.082166746 0.380659103 -0.007105637 0.188252851 0.038688835 0.981332541
1403636752813555456.000000 0.582785904 -0.084429242 0.380702138 -0.008092352 0.178395391 0.032830194 0.983377814
1403636752863555584.000000 0.583582759 -0.086668566 0.379289061 -0.009712677 0.166734025 0.028214047 0.985550344
1403636752913555712.000000 0.583698571 -0.088508762 0.378529489 -0.009442764 0.156669930 0.021065826 0.987381160
1403636752963555584.000000 0.582665384 -0.088775776 0.378040761 -0.009728084 0.146235228 0.013416065 0.989111066
1403636753013555456.000000 0.583651423 -0.090085328 0.377262682 -0.010812901 0.135085866 0.006860303 0.990751147
1403636753063555840.000000 0.581918836 -0.090905286 0.376328290 -0.011720009 0.124068461 0.000140440 0.992204428
1403636753113555456.000000 0.583187342 -0.091253482 0.376124263 -0.012234733 0.111571148 -0.005880493 0.993663788
1403636753163555584.000000 0.581073523 -0.091353297 0.376532823 -0.012643375 0.099964082 -0.011492128 0.994844317
1403636753213555456.000000 0.580865920 -0.091250993 0.376700252 -0.012897462 0.087516747 -0.017503409 0.995925784
1403636753263555840.000000 0.579833627 -0.090845771 0.376177311 -0.013512678 0.075806439 -0.024490107 0.996730208
1403636753313555456.000000 0.579633951 -0.088722490 0.376434356 -0.012575361 0.064137071 -0.031918492 0.997351289
1403636753363555584.000000 0.579380810 -0.087474391 0.375356019 -0.011011164 0.052508466 -0.036486696 0.997893035
1403636753413555712.000000 0.576670051 -0.087049291 0.376396984 -0.009989161 0.042820834 -0.038559292 0.998288512
1403636753463555584.000000 0.575100780 -0.087499283 0.376806229 -0.009740038 0.033405982 -0.037790406 0.998679698
1403636753513555456.000000 0.572686493 -0.087188043 0.376568347 -0.009055161 0.026281046 -0.036509037 0.998946667
1403636753563555840.000000 0.571144462 -0.087016471 0.375921100 -0.008519629 0.019840971 -0.034270819 0.999179363
1403636753613555456.000000 0.569845498 -0.086577661 0.376100898 -0.006383732 0.015150087 -0.032811366 0.999326348
1403636753663555584.000000 0.567645371 -0.087718174 0.374834687 -0.006346109 0.012154907 -0.031643137 0.999405205
1403636753713555456.000000 0.565912485 -0.088683777 0.376014829 -0.006531445 0.009976410 -0.030640479 0.999459326
1403636753763555840.000000 0.562311053 -0.088764042 0.376058519 -0.005391838 0.010083044 -0.031178195 0.999448419
1403636753813555456.000000 0.561044037 -0.089436911 0.375051558 -0.004704219 0.009567181 -0.032002680 0.999430954
1403636753863555584.000000 0.557738721 -0.090617716 0.375853568 -0.004681462 0.010743922 -0.032742728 0.999395132
1403636753913555712.000000 0.555384636 -0.090188920 0.375693053 -0.004869121 0.011246398 -0.030980097 0.999444902
1403636753963555584.000000 0.553258598 -0.090215310 0.375995249 -0.004699127 0.012273683 -0.031271495 0.999424577
1403636754013555456.000000 0.551390886 -0.089458175 0.375280827 -0.004038708 0.013539519 -0.031433087 0.999405980
1403636754063555840.000000 0.548671842 -0.089102440 0.374782324 -0.000724239 0.015041535 -0.030725744 0.999414384
1403636754113555456.000000 0.546506703 -0.089877188 0.373872459 0.002549367 0.015981199 -0.029913984 0.999421477
1403636754163555584.000000 0.543173671 -0.089855030 0.373786479 0.005383813 0.017780788 -0.030026486 0.999376476
1403636754213555456.000000 0.540363729 -0.090183482 0.373020947 0.007745047 0.019855931 -0.031151835 0.999287426
1403636754263555840.000000 0.536277771 -0.090397857 0.372201413 0.008926748 0.022233224 -0.032084048 0.999198020
1403636754313555456.000000 0.533973932 -0.091520794 0.370703727 0.008911286 0.023693170 -0.032612678 0.999147475
1403636754363555584.000000 0.531716764 -0.092561275 0.368734747 0.008967630 0.024554456 -0.033931468 0.999082327
1403636754413555712.000000 0.528802156 -0.091752522 0.366428524 0.009540470 0.023679148 -0.033647601 0.999107659
1403636754463555584.000000 0.526086509 -0.093245715 0.363870740 0.008979485 0.021563523 -0.033729114 0.999158084
1403636754513555456.000000 0.522184610 -0.093990460 0.360768199 0.008276273 0.019215606 -0.035015479 0.999167740
1403636754563555840.000000 0.518798053 -0.094437242 0.358189017 0.006327906 0.015578384 -0.037879270 0.999140918
1403636754613555456.000000 0.516030550 -0.094385453 0.354825407 0.004590748 0.010163311 -0.040585995 0.999113858
1403636754663555584.000000 0.510620356 -0.096177109 0.352987587 0.003535436 0.003980726 -0.043077707 0.999057531
1403636754713555456.000000 0.506189644 -0.094830230 0.350472957 0.002675840 -0.003489239 -0.044919550 0.998980939
1403636754763555840.000000 0.502277851 -0.093824260 0.347830534 0.003242957 -0.012076237 -0.046995584 0.998816848
1403636754813555456.000000 0.497906625 -0.092300035 0.345049173 0.003355719 -0.019702284 -0.049879625 0.998555243
1403636754863555584.000000 0.494422585 -0.091743596 0.341351479 0.002924050 -0.027655073 -0.051027127 0.998310030
1403636754913555712.000000 0.490319550 -0.090962142 0.339317620 0.003311944 -0.033514861 -0.053441972 0.998002887
1403636754963555584.000000 0.486220866 -0.089718327 0.335864127 0.002580985 -0.039673559 -0.054366078 0.997729301
1403636755013555456.000000 0.481220037 -0.087802969 0.333681077 0.002198359 -0.043609243 -0.057586923 0.997385204
1403636755063555840.000000 0.476705670 -0.085708864 0.330365837 0.002625738 -0.047488734 -0.057287265 0.997224212
1403636755113555456.000000 0.471171260 -0.084863603 0.327520102 0.001724787 -0.050257467 -0.058998898 0.996990681
1403636755163555584.000000 0.467186391 -0.083029993 0.323825419 0.001224657 -0.053157665 -0.058393639 0.996876597
1403636755213555456.000000 0.462622434 -0.081627898 0.320007801 0.000997039 -0.055413179 -0.058177367 0.996766686
1403636755263555840.000000 0.458768010 -0.080555417 0.315729290 -0.001397706 -0.057038166 -0.058767315 0.996639907
1403636755313555456.000000 0.453298032 -0.079709098 0.312091470 -0.006668388 -0.057721809 -0.058446683 0.996598125
1403636755363555584.000000 0.448334813 -0.079203412 0.307643145 -0.012869605 -0.058236413 -0.058395579 0.996510327
1403636755413555712.000000 0.442047656 -0.080059350 0.304552674 -0.018704062 -0.057541531 -0.059666298 0.996383011
1403636755463555584.000000 0.437999427 -0.079698712 0.299457192 -0.021913808 -0.057762314 -0.059065707 0.996340573
1403636755513555456.000000 0.433489323 -0.079115786 0.295929790 -0.022447238 -0.057324748 -0.059979200 0.996299386
1403636755563555840.000000 0.429313868 -0.078466251 0.291603893 -0.021977112 -0.056458134 -0.060948286 0.996300578
1403636755613555456.000000 0.424575686 -0.078619488 0.287508339 -0.020254632 -0.055827271 -0.061939020 0.996311545
1403636755663555584.000000 0.419322252 -0.078219779 0.283522666 -0.018998072 -0.055571012 -0.060026318 0.996467710
1403636755713555456.000000 0.413527906 -0.077347338 0.280785203 -0.018097594 -0.054946180 -0.059346985 0.996559739
1403636755763555840.000000 0.408273816 -0.076180242 0.277373791 -0.016460467 -0.054916192 -0.057529751 0.996696413
1403636755813555456.000000 0.403121293 -0.075006023 0.273759127 -0.013414315 -0.054753236 -0.055928200 0.996842146
1403636755863555584.000000 0.396504402 -0.074480981 0.271411270 -0.012148962 -0.054499645 -0.055262301 0.996909380
1403636755913555712.000000 0.392168850 -0.072789520 0.268383294 -0.009264812 -0.054913253 -0.054783635 0.996944070
1403636755963555584.000000 0.386009455 -0.071235619 0.265695363 -0.008142860 -0.054993179 -0.052982625 0.997046828
1403636756013555456.000000 0.379851699 -0.070551239 0.263252914 -0.007283481 -0.054939024 -0.052648172 0.997074127
1403636756063555840.000000 0.374591649 -0.069251105 0.259451628 -0.006198626 -0.055493120 -0.051753007 0.997097731
1403636756113555456.000000 0.368584037 -0.068961218 0.256544411 -0.005518340 -0.054832429 -0.053211883 0.997061491
1403636756163555584.000000 0.362521589 -0.069187447 0.253157467 -0.004489575 -0.054584846 -0.053592108 0.997059822
1403636756213555456.000000 0.357891440 -0.068829104 0.248735562 -0.003099322 -0.055263106 -0.053107981 0.997053683
1403636756263555840.000000 0.350878924 -0.069144420 0.245422602 -0.002985411 -0.055316970 -0.052733313 0.997070849
1403636756313555456.000000 0.346029073 -0.068666123 0.241629854 -0.002708321 -0.055992719 -0.052394599 0.997051775
1403636756363555584.000000 0.339903593 -0.068694673 0.238328129 -0.002345255 -0.056263130 -0.053234704 0.996993005
1403636756413555712.000000 0.335175872 -0.067322336 0.234072462 -0.001347496 -0.056585584 -0.053805131 0.996946037
1403636756463555584.000000 0.328839272 -0.066031173 0.231191501 -0.000936226 -0.056939319 -0.053431567 0.996946394
1403636756513555456.000000 0.323490471 -0.065097027 0.227091223 -0.000871448 -0.057795908 -0.053152423 0.996912122
1403636756563555840.000000 0.316360414 -0.064771064 0.224124447 -0.001484809 -0.057721008 -0.054027662 0.996868730
1403636756613555456.000000 0.311469346 -0.062446989 0.220187113 -0.000592056 -0.058644313 -0.053590171 0.996839345
1403636756663555584.000000 0.305331886 -0.060063377 0.217042282 0.000075025 -0.059256513 -0.053103119 0.996829391
1403636756713555456.000000 0.299919724 -0.058626972 0.213002592 0.001298540 -0.059931342 -0.053349800 0.996774971
1403636756763555840.000000 0.294068992 -0.057871379 0.208815575 0.001767700 -0.060465872 -0.053588003 0.996729195
1403636756813555456.000000 0.287808001 -0.056780573 0.205113292 0.002405832 -0.061041191 -0.052553602 0.996747911
1403636756863555584.000000 0.282410741 -0.056135178 0.200223744 0.002056583 -0.061850104 -0.052349791 0.996709526
1403636756913555712.000000 0.276269436 -0.056116089 0.196357161 0.001725719 -0.061953966 -0.052958548 0.996671557
1403636756963555584.000000 0.270364553 -0.055404350 0.191438898 0.001535031 -0.062697351 -0.052157816 0.996667624
1403636757013555456.000000 0.264692575 -0.054463096 0.185600102 0.002016510 -0.063012496 -0.052746702 0.996615887
1403636757063555840.000000 0.258825064 -0.055039544 0.181580052 0.000955120 -0.064155750 -0.050983861 0.996636271
1403636757113555456.000000 0.252555519 -0.055120207 0.176941290 0.001150413 -0.064134739 -0.050898936 0.996641815
1403636757163555584.000000 0.247760832 -0.053241961 0.171326458 0.000661228 -0.064323358 -0.051118735 0.996618807
1403636757213555456.000000 0.240901828 -0.052149877 0.170004427 0.001034006 -0.063950516 -0.051028874 0.996647060
1403636757263555840.000000 0.235154122 -0.050072707 0.164751053 0.000985918 -0.063832052 -0.051960621 0.996606588
1403636757313555456.000000 0.229443833 -0.049547710 0.160312608 -0.000324770 -0.063110016 -0.054541569 0.996515036
1403636757363555584.000000 0.223597690 -0.047338095 0.155795723 -0.001278819 -0.063454106 -0.054330584 0.996503949
1403636757413555712.000000 0.218876094 -0.043737903 0.150790721 -0.002536198 -0.063449688 -0.055941343 0.996412694
1403636757463555584.000000 0.213704139 -0.041005619 0.144913867 -0.004518465 -0.063009650 -0.058295481 0.996298671
1403636757513555456.000000 0.208071932 -0.039074339 0.140314922 -0.006948135 -0.064088494 -0.060796257 0.996066391
1403636757563555840.000000 0.202114135 -0.037556235 0.135131747 -0.011266222 -0.066297434 -0.062459957 0.995779395
1403636757613555456.000000 0.195429355 -0.035320144 0.129173607 -0.017255098 -0.069273628 -0.064918302 0.995333672
1403636757663555584.000000 0.190817311 -0.033773556 0.123226032 -0.023194931 -0.072904781 -0.066344641 0.994859457
1403636757713555456.000000 0.185183957 -0.032825902 0.118149273 -0.029624792 -0.076447681 -0.067721188 0.994329929
1403636757763555840.000000 0.178086549 -0.032340098 0.113409162 -0.034834452 -0.079875164 -0.068246208 0.993855655
1403636757813555456.000000 0.173496231 -0.031640772 0.105583072 -0.038361143 -0.083824292 -0.068856977 0.993358254
1403636757863555584.000000 0.168296099 -0.032892771 0.099440962 -0.041324716 -0.087676682 -0.069135174 0.992887437
1403636757913555712.000000 0.161745593 -0.033183835 0.095280498 -0.041273110 -0.090369068 -0.068879075 0.992666006
1403636757963555584.000000 0.155366376 -0.034476858 0.091027997 -0.038482826 -0.093486696 -0.067294620 0.992597997
1403636758013555456.000000 0.148723766 -0.035418317 0.088043056 -0.030021710 -0.095275216 -0.067053802 0.992736220
1403636758063555840.000000 0.142127484 -0.036880322 0.083897986 -0.023087600 -0.097549975 -0.065743141 0.992788374
1403636758113555456.000000 0.135595873 -0.038689930 0.079729296 -0.016962651 -0.099465184 -0.063882113 0.992843509
1403636758163555584.000000 0.129167616 -0.039572705 0.076095901 -0.011427744 -0.101036005 -0.062827364 0.992831290
1403636758213555456.000000 0.122560352 -0.040390708 0.071986221 -0.007216598 -0.102124102 -0.062260937 0.992795169
1403636758263555840.000000 0.116255932 -0.040532969 0.068824328 -0.005029892 -0.103100367 -0.061229303 0.992771864
1403636758313555456.000000 0.109907292 -0.041161008 0.065115176 -0.003666964 -0.103836916 -0.059577905 0.992801607
1403636758363555584.000000 0.103438288 -0.040477149 0.061895967 -0.005394049 -0.104087554 -0.058601793 0.992825568
1403636758413555712.000000 0.097034231 -0.039142307 0.058509864 -0.011817701 -0.104773976 -0.056293763 0.992831230
1403636758463555584.000000 0.091062315 -0.037829220 0.054921214 -0.021531094 -0.105791710 -0.053486545 0.992715359
1403636758513555456.000000 0.085317999 -0.036017746 0.052608941 -0.032830775 -0.107347526 -0.048425723 0.992498696
1403636758563555840.000000 0.079962835 -0.034475952 0.050876442 -0.044325005 -0.109364964 -0.042560119 0.992100418
1403636758613555456.000000 0.074089736 -0.032505099 0.048647754 -0.053135537 -0.110979185 -0.037223339 0.991702914
1403636758663555584.000000 0.068892390 -0.031270694 0.046750754 -0.055143014 -0.110985503 -0.036141787 0.991632640
1403636758713555456.000000 0.063692674 -0.030282402 0.044942159 -0.048588857 -0.110113256 -0.036533177 0.992058277
1403636758763555840.000000 0.058784422 -0.028914761 0.044530939 -0.039244056 -0.108378403 -0.039381877 0.992553890
1403636758813555456.000000 0.054368876 -0.027853251 0.044396546 -0.030822556 -0.108542055 -0.039033197 0.992846966
1403636758863555584.000000 0.050036784 -0.026872583 0.043916609 -0.021992156 -0.107586108 -0.041442603 0.993088186
1403636758913555712.000000 0.045755971 -0.025875237 0.042636517 -0.016235569 -0.105458990 -0.046953373 0.993181884
1403636758963555584.000000 0.041899808 -0.024031674 0.043073952 -0.011237998 -0.104851708 -0.048994862 0.993216693
1403636759013555456.000000 0.037854549 -0.022591267 0.042586818 -0.009004520 -0.104136564 -0.050724410 0.993227839
1403636759063555840.000000 0.034088440 -0.021159558 0.042193785 -0.006718990 -0.105087221 -0.048547760 0.993254602
1403636759113555456.000000 0.030205615 -0.019787196 0.041790292 -0.006292867 -0.107671499 -0.041469838 0.993301392
1403636759163555584.000000 0.026483791 -0.018108813 0.041367821 -0.006919406 -0.111777134 -0.030587401 0.993238389
1403636759213555456.000000 0.023318768 -0.016591292 0.040597290 -0.007927731 -0.115551136 -0.020423794 0.993059933
1403636759263555840.000000 0.020497900 -0.015012304 0.040079460 -0.008948184 -0.118608385 -0.011916718 0.992829323
1403636759313555456.000000 0.017814755 -0.012800344 0.040473338 -0.008919574 -0.119647659 -0.009699463 0.992729008
1403636759363555584.000000 0.016042845 -0.010132915 0.040431499 -0.007255331 -0.117584392 -0.016007816 0.992907405
1403636759413555712.000000 0.014848718 -0.007432453 0.040803056 -0.006610022 -0.115106151 -0.023854692 0.993044734
1403636759463555584.000000 0.013747343 -0.004390509 0.040914018 -0.004437747 -0.112576783 -0.032055143 0.993115902
1403636759513555456.000000 0.013239401 -0.001352133 0.041444343 -0.003454374 -0.110235997 -0.039977483 0.993095100
1403636759563555840.000000 0.012717922 0.001676115 0.041438051 -0.002339482 -0.109134905 -0.044787314 0.993014693
1403636759613555456.000000 0.012256043 0.004445522 0.041488077 -0.001402079 -0.107256204 -0.051703364 0.992885172
1403636759663555584.000000 0.012073672 0.006813092 0.041435923 -0.001193190 -0.106593631 -0.055273473 0.992764473
1403636759713555456.000000 0.011800805 0.008763456 0.040989090 -0.001556011 -0.106245063 -0.058073711 0.992641449
1403636759763555840.000000 0.011532860 0.010050848 0.040087786 -0.000946180 -0.106976159 -0.057085298 0.992621005
1403636759813555456.000000 0.011562412 0.010843463 0.039134182 0.000002760 -0.106592134 -0.058483567 0.992581427
1403636759863555584.000000 0.011168182 0.011804461 0.038116742 -0.000924130 -0.106572784 -0.058187801 0.992600441
1403636759913555712.000000 0.011149859 0.012805329 0.036769107 -0.006133042 -0.106525734 -0.058670018 0.992558599
1403636759963555584.000000 0.011099318 0.013884755 0.035524335 -0.011619909 -0.106092006 -0.059585653 0.992501438
1403636760013555456.000000 0.011015854 0.015109896 0.034335986 -0.016407613 -0.105940528 -0.059788693 0.992437840
1403636760063555840.000000 0.011063016 0.016308114 0.033149041 -0.020799180 -0.106146306 -0.058434181 0.992414117
1403636760113555456.000000 0.010888489 0.017716587 0.032171600 -0.025374753 -0.105333105 -0.059370149 0.992338836
1403636760163555584.000000 0.010921629 0.019103520 0.031261370 -0.028853245 -0.105226539 -0.059734009 0.992233217
1403636760213555456.000000 0.010915701 0.020211173 0.030539628 -0.024954749 -0.105594032 -0.058249146 0.992388189
1403636760263555840.000000 0.010810529 0.021362977 0.030077428 -0.017673260 -0.105758801 -0.057383563 0.992577374
1403636760313555456.000000 0.010758544 0.022659982 0.029622639 -0.010471471 -0.106713451 -0.055013672 0.992711484
1403636760363555584.000000 0.010690738 0.024121331 0.029424271 -0.006402698 -0.106140837 -0.056077316 0.992747962
1403636760413555712.000000 0.010768431 0.025728034 0.029009147 -0.002264946 -0.105993681 -0.057426915 0.992704570
1403636760463555584.000000 0.010759997 0.027415501 0.028470973 -0.000965706 -0.105165571 -0.059135579 0.992694438
1403636760513555456.000000 0.010952771 0.029294364 0.027981352 -0.002389184 -0.104818709 -0.061021749 0.992614567
1403636760563555840.000000 0.011125487 0.031301618 0.027340312 -0.007403325 -0.104446501 -0.062406857 0.992542982
1403636760613555456.000000 0.011264799 0.033360317 0.026649520 -0.012927985 -0.104019403 -0.064389758 0.992404580
1403636760663555584.000000 0.011498757 0.035276309 0.026055807 -0.016709890 -0.103640914 -0.066448875 0.992251933
1403636760713555456.000000 0.011468593 0.037074365 0.025364306 -0.020009765 -0.103157617 -0.069222897 0.992051542
1403636760763555840.000000 0.011323867 0.038683198 0.024632610 -0.019656999 -0.102625109 -0.071036711 0.991985619
1403636760813555456.000000 0.011156213 0.040179059 0.023962429 -0.017241322 -0.102798916 -0.071705900 0.991964459
1403636760863555584.000000 0.010810882 0.041652948 0.023422493 -0.013089209 -0.102448687 -0.073418550 0.991938889
1403636760913555712.000000 0.010225034 0.043048374 0.022490447 -0.009868562 -0.102475926 -0.074445575 0.991896749
1403636760963555584.000000 0.009861269 0.044641130 0.022056300 -0.010275809 -0.102794416 -0.074577220 0.991849780
1403636761013555456.000000 0.009166478 0.046283461 0.021335028 -0.013745836 -0.103429891 -0.073047780 0.991855502
1403636761063555840.000000 0.008386649 0.047954392 0.020615291 -0.018847279 -0.104297981 -0.071351163 0.991804302
1403636761113555456.000000 0.007297617 0.049540829 0.019626305 -0.025761576 -0.104699224 -0.069809347 0.991716206
1403636761163555584.000000 0.006306074 0.051211465 0.019035107 -0.033438567 -0.104678720 -0.069416367 0.991516888
1403636761213555456.000000 0.005284823 0.052811738 0.018542904 -0.040364698 -0.104660653 -0.070787914 0.991163909
1403636761263555840.000000 0.004194639 0.054192957 0.018270718 -0.045076270 -0.105016455 -0.069738895 0.990997553
1403636761313555456.000000 0.002926711 0.055223607 0.018190967 -0.046381533 -0.104735889 -0.070915602 0.990883529
1403636761363555584.000000 0.001508366 0.055935118 0.018398328 -0.043494843 -0.105315939 -0.069702111 0.991039038
1403636761413555712.000000 -0.000108927 0.056239199 0.018632723 -0.036703724 -0.105367914 -0.069775485 0.991303146
1403636761463555584.000000 -0.001662133 0.056396756 0.019178037 -0.028531753 -0.105612487 -0.068845309 0.991610944
1403636761513555456.000000 -0.003401552 0.056357514 0.019891968 -0.021118538 -0.105961673 -0.067373261 0.991860390
1403636761563555840.000000 -0.005070760 0.056228448 0.020460561 -0.014655733 -0.105759688 -0.066621117 0.992049277
1403636761613555456.000000 -0.006744794 0.055922572 0.021015897 -0.009979597 -0.106003508 -0.065312907 0.992168367
1403636761663555584.000000 -0.008579783 0.055546753 0.021389479 -0.008215561 -0.107012399 -0.061083030 0.992345631
1403636761713555456.000000 -0.010322873 0.055040445 0.021625258 -0.007444226 -0.108857490 -0.053907122 0.992566705
1403636761763555840.000000 -0.011927727 0.054535273 0.021803251 -0.007659121 -0.110862166 -0.048038602 0.992644548
1403636761813555456.000000 -0.013426285 0.053988926 0.021986881 -0.007969099 -0.111890092 -0.043096945 0.992753685
1403636761863555584.000000 -0.014567511 0.053321507 0.022021350 -0.008439893 -0.112879336 -0.039923765 0.992770433
1403636761913555712.000000 -0.015604647 0.052849393 0.022191770 -0.009033374 -0.112235002 -0.040739510 0.992805183
1403636761963555584.000000 -0.016280934 0.052250411 0.022204619 -0.009396051 -0.110802650 -0.044294983 0.992810369
1403636762013555456.000000 -0.016643863 0.051710997 0.022299720 -0.007814261 -0.107681274 -0.053155739 0.992732704
1403636762063555840.000000 -0.017089376 0.051015083 0.022209711 -0.006399554 -0.104024827 -0.062249769 0.992604077
1403636762113555456.000000 -0.017481122 0.050474059 0.022322927 -0.004312515 -0.099414162 -0.074055858 0.992277145
1403636762163555584.000000 -0.017875489 0.049842611 0.022080436 -0.004858681 -0.096480317 -0.082334742 0.991911769
1403636762213555456.000000 -0.018694984 0.049231380 0.021662164 -0.009342923 -0.094484895 -0.085976250 0.991762817
1403636762263555840.000000 -0.019719968 0.048783232 0.021309912 -0.017011488 -0.094314925 -0.085362777 0.991730154
1403636762313555456.000000 -0.021035146 0.048510917 0.020898249 -0.025732540 -0.094430543 -0.083606362 0.991680801
1403636762363555584.000000 -0.022542473 0.048665300 0.020750437 -0.032935753 -0.094828956 -0.080844373 0.991658688
1403636762413555712.000000 -0.024167469 0.049119350 0.020931212 -0.037075870 -0.096076258 -0.076678336 0.991723359
1403636762463555584.000000 -0.026128910 0.049677033 0.021291099 -0.039459307 -0.098848201 -0.069031231 0.991920769
1403636762513555456.000000 -0.028350711 0.050443213 0.021927500 -0.036749031 -0.103637598 -0.054098662 0.992462635
1403636762563555840.000000 -0.030405849 0.051433966 0.022923125 -0.032175072 -0.108222574 -0.040134013 0.992795050
1403636762613555456.000000 -0.032263950 0.052767340 0.024296863 -0.027484396 -0.112470619 -0.026625369 0.992917955
1403636762663555584.000000 -0.033691809 0.054381680 0.025899168 -0.022491759 -0.115646973 -0.018588953 0.992861748
1403636762713555456.000000 -0.034906115 0.056954574 0.027726611 -0.016707225 -0.114650808 -0.021986287 0.993022025
1403636762763555840.000000 -0.035569478 0.059587266 0.029778060 -0.013156146 -0.112936459 -0.028596841 0.993103504
1403636762813555456.000000 -0.036079139 0.062504329 0.032248084 -0.011153630 -0.110523880 -0.037787750 0.993092239
1403636762863555584.000000 -0.036141768 0.062593982 0.033515353 0.019992584 -0.115080178 -0.026855268 0.992791891
1403636762913555712.000000 -0.035094190 0.062251113 0.031987995 0.031272020 -0.109873503 -0.034270536 0.992862225
1403636762963555584.000000 -0.034664139 0.063019738 0.032508381 0.002729163 -0.099176832 -0.050176013 0.993800223
1403636763013555456.000000 -0.031689826 0.064448290 0.029830676 -0.005127215 -0.091644309 -0.037647758 0.995066702
1403636763063555840.000000 -0.030258050 0.065679401 0.029357402 -0.005838770 -0.083457075 -0.024453029 0.996194184
1403636763113555456.000000 -0.029426323 0.065607734 0.028963953 0.003014194 -0.076382071 -0.018926987 0.996894419
1403636763163555584.000000 -0.028642161 0.064627320 0.028405547 0.017756341 -0.070591412 -0.013663796 0.997253656
1403636763213555456.000000 -0.028357308 0.065183714 0.027962433 0.009274946 -0.068570465 -0.010425114 0.997548699
1403636763263555840.000000 -0.028495319 0.065449730 0.029057935 0.000622258 -0.069190040 -0.009080523 0.997561991
1403636763313555456.000000 -0.028520005 0.065349169 0.029582370 0.004291697 -0.069510601 -0.008143666 0.997538805
1403636763363555584.000000 -0.028375465 0.065257564 0.029395085 0.003930611 -0.069344923 -0.009161241 0.997542977
1403636763413555712.000000 -0.028517447 0.065287679 0.029444424 0.002962024 -0.069335259 -0.008576454 0.997552156
1403636763463555584.000000 -0.028388737 0.065334357 0.029354317 0.003044917 -0.069200374 -0.008999131 0.997557580
1403636763513555456.000000 -0.028417358 0.065271311 0.029336594 0.002883767 -0.069152787 -0.008593522 0.997564971
1403636763563555840.000000 -0.028474608 0.065262169 0.029468166 0.002920282 -0.068948515 -0.009199694 0.997573555
1403636763613555456.000000 -0.028520310 0.065320082 0.029459119 0.003131228 -0.068842314 -0.009064012 0.997581482
1403636763663555584.000000 -0.028404938 0.065241620 0.029297529 0.002986149 -0.069119111 -0.008637903 0.997566640
1403636763713555456.000000 -0.028461253 0.065251701 0.029352553 0.003157063 -0.068894617 -0.008704279 0.997581005
1403636763763555840.000000 -0.028471816 0.065297462 0.029336913 0.002916931 -0.068997182 -0.008939412 0.997572601
1403636763813555456.000000 -0.028537570 0.065299392 0.029489566 0.003331645 -0.068975843 -0.008410237 0.997577369
