1403636579763555584.000000 0.000000000 0.000000000 0.000000000 -0.000000000 -0.000000000 -0.000000000 1.000000000
1403636579813555456.000000 0.000281763 0.015055900 0.007046039 0.001421568 0.002619418 -0.000502005 0.999995470
1403636579863555584.000000 0.000598139 0.034279283 0.014140492 -0.000716046 0.004899197 -0.002268566 0.999985158
1403636579913555456.000000 0.000301704 0.056112632 0.021108828 -0.005883642 0.005827486 -0.002739183 0.999961972
1403636579963555584.000000 -0.000607433 0.079995982 0.028415762 -0.011989127 0.005752324 -0.002665012 0.999908030
1403636580013555456.000000 -0.001688578 0.104638629 0.034854203 -0.016948298 0.005698313 -0.000756180 0.999839842
1403636580063555584.000000 -0.001464822 0.131649673 0.041239079 -0.020514097 0.006005202 -0.000520664 0.999771416
1403636580113555456.000000 -0.001795701 0.156498879 0.048420753 -0.023018314 0.005622191 0.001871681 0.999717534
1403636580163555584.000000 -0.002524917 0.180852205 0.054923128 -0.024950350 0.005224617 0.003203325 0.999669969
1403636580213555456.000000 -0.002938540 0.204418063 0.061065819 -0.027039109 0.004712279 0.003389323 0.999617517
1403636580263555584.000000 -0.003736162 0.226051569 0.066271730 -0.029757991 0.004629971 0.002543615 0.999543190
1403636580313555456.000000 -0.004410614 0.246414736 0.070336334 -0.033492140 0.004731831 0.000157521 0.999427795
1403636580363555584.000000 -0.005301990 0.264150739 0.073170081 -0.039146595 0.003726490 -0.000376050 0.999226511
1403636580413555456.000000 -0.005801831 0.280436844 0.075403094 -0.046602495 0.003561235 -0.001659214 0.998905838
1403636580463555584.000000 -0.006838747 0.292628706 0.076966077 -0.055410683 0.003139156 -0.002207218 0.998456299
1403636580513555456.000000 -0.007537825 0.299317122 0.077893414 -0.063877381 0.002889879 -0.001943996 0.997951746
1403636580563555584.000000 -0.008519032 0.297993273 0.075847261 -0.070552923 0.002038565 -0.001525984 0.997504830
1403636580613555456.000000 -0.009087763 0.287795067 0.072369076 -0.073022507 0.000234399 -0.000236649 0.997330248
1403636580663555584.000000 -0.010065650 0.269844443 0.066746779 -0.071812473 -0.000093973 0.000537204 0.997418046
1403636580713555456.000000 -0.011015511 0.245134681 0.061392508 -0.067880623 0.001557712 -0.002204923 0.997689843
1403636580763555584.000000 -0.011575654 0.214233831 0.053683851 -0.062680021 0.003871354 -0.005091151 0.998013198
1403636580813555456.000000 -0.011652549 0.179382414 0.047222130 -0.056175910 0.007283209 -0.008943078 0.998354316
1403636580863555584.000000 -0.011833747 0.139663965 0.038690872 -0.048975442 0.012385518 -0.012470114 0.998645306
1403636580913555456.000000 -0.012642527 0.101478994 0.031189186 -0.041525673 0.017741250 -0.016463229 0.998844266
1403636580963555584.000000 -0.013826242 0.062577151 0.022775356 -0.033966891 0.019911177 -0.018466368 0.999053955
1403636581013555456.000000 -0.015174541 0.026358381 0.013888159 -0.027070435 0.019987354 -0.020012420 0.999233365
1403636581063555584.000000 -0.017982593 -0.007485636 0.009006733 -0.020095447 0.019281607 -0.019206356 0.999427676
1403636581113555456.000000 -0.019358659 -0.039153669 0.001509366 -0.013569158 0.019902062 -0.018345846 0.999541581
1403636581163555584.000000 -0.019458581 -0.068293318 -0.005362005 -0.005717014 0.020343276 -0.015375874 0.999658525
1403636581213555456.000000 -0.017662697 -0.092493959 -0.009500111 0.002614391 0.020731373 -0.013522929 0.999690175
1403636581263555584.000000 -0.017844629 -0.114489600 -0.016086608 0.011443193 0.020940078 -0.011129849 0.999653280
1403636581313555456.000000 -0.016642133 -0.130174533 -0.021596605 0.019006267 0.020533802 -0.011749245 0.999539435
1403636581363555584.000000 -0.014860551 -0.140302226 -0.025921753 0.024075499 0.021157440 -0.012150389 0.999412417
1403636581413555456.000000 -0.015103312 -0.138151169 -0.024774145 0.025494585 0.023343628 -0.014628959 0.999295354
1403636581463555584.000000 -0.012593975 -0.128118157 -0.023786239 0.023247888 0.024443042 -0.017374424 0.999279857
1403636581513555456.000000 -0.012387592 -0.110955313 -0.021989331 0.017878734 0.025772274 -0.019788975 0.999312043
1403636581563555584.000000 -0.011562455 -0.090255186 -0.016486501 0.011462876 0.026538780 -0.018867902 0.999404013
1403636581613555456.000000 -0.008551640 -0.062413037 -0.007203980 0.005171001 0.025399158 -0.017501188 0.999510825
1403636581663555584.000000 -0.007185947 -0.033853143 0.001070240 -0.000036796 0.024780313 -0.015047785 0.999579668
1403636581713555456.000000 -0.003985069 -0.002242791 0.010464750 -0.003563392 0.024062656 -0.016607555 0.999566197
1403636581763555584.000000 -0.003370040 0.029413067 0.017384663 -0.005324820 0.022805963 -0.015042432 0.999612570
1403636581813555456.000000 -0.001393854 0.062035456 0.025076525 -0.006720228 0.019814786 -0.015078623 0.999667406
1403636581863555584.000000 -0.000269109 0.095994808 0.033206992 -0.008989975 0.018641640 -0.014124086 0.999686062
1403636581913555456.000000 0.000603955 0.128938109 0.040713344 -0.013681867 0.016946066 -0.011963964 0.999691188
1403636581963555584.000000 0.000898057 0.160402372 0.046342671 -0.020540096 0.019040925 -0.010947128 0.999547780
1403636582013555456.000000 0.001294307 0.190808296 0.053612370 -0.028262408 0.020986473 -0.009298522 0.999337018
1403636582063555584.000000 0.000532268 0.217003658 0.059598725 -0.037085883 0.022782430 -0.009941698 0.999002934
1403636582113555456.000000 0.000418488 0.238456786 0.064158127 -0.045720436 0.022264086 -0.010459071 0.998651385
1403636582163555584.000000 -0.000532894 0.253531754 0.066925541 -0.053044185 0.020256270 -0.009398329 0.998342514
1403636582213555456.000000 -0.002147993 0.261486530 0.067841418 -0.058980614 0.018565923 -0.009880676 0.998037577
1403636582263555584.000000 -0.003323210 0.261204988 0.067914769 -0.062536895 0.017537247 -0.010260317 0.997835815
1403636582313555456.000000 -0.005010203 0.251340687 0.065140791 -0.063531294 0.016123328 -0.010100330 0.997798502
1403636582363555584.000000 -0.007158700 0.233897641 0.060787104 -0.061080303 0.015186281 -0.009795592 0.997969270
1403636582413555456.000000 -0.009792264 0.209662065 0.053295717 -0.054709680 0.014777111 -0.009368001 0.998349011
1403636582463555584.000000 -0.011590146 0.182190403 0.047049325 -0.046729185 0.015002505 -0.009277422 0.998751879
1403636582513555456.000000 -0.012513549 0.150666565 0.039113589 -0.040312797 0.016433969 -0.011470720 0.998986125
1403636582563555584.000000 -0.013843139 0.118485637 0.032058056 -0.035421796 0.018228611 -0.012228701 0.999131382
1403636582613555456.000000 -0.014567203 0.087037019 0.025568580 -0.032252919 0.021131294 -0.013973664 0.999158621
1403636582663555584.000000 -0.014286840 0.054007240 0.018171569 -0.029827368 0.023716042 -0.014236990 0.999172330
1403636582713555456.000000 -0.014576005 0.021092737 0.009172912 -0.027514094 0.025088783 -0.013656407 0.999213219
1403636582763555584.000000 -0.013212676 -0.010742994 0.002071130 -0.024070455 0.027203053 -0.011874104 0.999269545
1403636582813555456.000000 -0.009962131 -0.042695865 -0.003810823 -0.019093193 0.030226905 -0.008967943 0.999320447
1403636582863555584.000000 -0.007882966 -0.074348867 -0.008916249 -0.012375874 0.034893885 -0.006942861 0.999290287
1403636582913555456.000000 -0.007004326 -0.103419341 -0.016606586 -0.004084026 0.038108848 -0.004577835 0.999254823
1403636582963555584.000000 -0.004754546 -0.129811078 -0.022959437 0.004316193 0.039852865 -0.004159843 0.999187589
1403636583013555456.000000 -0.004365887 -0.151187256 -0.030836787 0.012419375 0.041676402 -0.004064264 0.999045730
1403636583063555584.000000 -0.001096515 -0.159737423 -0.031545699 0.018275699 0.041438922 -0.005378335 0.998959422
1403636583113555456.000000 -0.001639792 -0.164896920 -0.035263274 0.020539002 0.042496018 -0.006293499 0.998865664
1403636583163555584.000000 -0.000138255 -0.162770540 -0.034398183 0.020482363 0.044530869 -0.008753059 0.998759687
1403636583213555456.000000 -0.000143909 -0.151880950 -0.033529058 0.019269736 0.045012709 -0.010623039 0.998744071
1403636583263555584.000000 0.000347506 -0.134945288 -0.027678009 0.017415997 0.044229213 -0.011437003 0.998804152
1403636583313555456.000000 0.001314083 -0.114016496 -0.019796386 0.015301194 0.043299831 -0.011422302 0.998879671
1403636583363555584.000000 0.002155655 -0.089344881 -0.013171270 0.012812955 0.042468093 -0.011729222 0.998946846
1403636583413555456.000000 0.004862586 -0.059829399 -0.002859765 0.010504109 0.040176395 -0.011132996 0.999075413
1403636583463555584.000000 0.006700788 -0.027039060 0.005584546 0.007305265 0.037852988 -0.012734950 0.999175489
1403636583513555456.000000 0.009244940 0.005148635 0.015811821 0.004014605 0.036260933 -0.013378704 0.999244750
1403636583563555584.000000 0.009630866 0.038203966 0.022965256 -0.000669877 0.036174443 -0.015436315 0.999226093
1403636583613555456.000000 0.011963442 0.072620824 0.032013178 -0.006235834 0.038526721 -0.017134057 0.999091208
1403636583663555584.000000 0.013996687 0.106784925 0.041916315 -0.014495922 0.035353713 -0.015117801 0.999155343
1403636583713555456.000000 0.013489237 0.139578059 0.048597857 -0.025003826 0.033777114 -0.011443269 0.999051094
1403636583763555584.000000 0.014308291 0.169451907 0.055110440 -0.036351297 0.031611271 -0.007544210 0.998810470
1403636583813555456.000000 0.014735947 0.196519956 0.060431909 -0.046682585 0.031204885 -0.004691071 0.998411238
1403636583863555584.000000 0.015157574 0.221022964 0.066022798 -0.054221962 0.031204661 -0.003848346 0.998033881
1403636583913555456.000000 0.015843321 0.242642924 0.071367756 -0.059691299 0.031599987 -0.007025014 0.997691929
1403636583963555584.000000 0.015787808 0.259546369 0.073590726 -0.062785201 0.029992722 -0.010045940 0.997525692
1403636584013555456.000000 0.014584745 0.271170139 0.074662179 -0.063984551 0.027130179 -0.011340199 0.997517645
1403636584063555584.000000 0.012943212 0.276212394 0.074013948 -0.064031638 0.023497498 -0.012249291 0.997596025
1403636584113555456.000000 0.011496013 0.273607820 0.072485127 -0.064142406 0.020570565 -0.011940544 0.997657299
1403636584163555584.000000 0.010611053 0.264062136 0.070007741 -0.064170748 0.018326681 -0.012104171 0.997697234
1403636584213555456.000000 0.009586420 0.247040346 0.066198707 -0.064019755 0.017652636 -0.013144063 0.997705936
1403636584263555584.000000 0.008007200 0.224693522 0.060585108 -0.062524453 0.017572926 -0.013171691 0.997801781
1403636584313555456.000000 0.006715212 0.198747963 0.056653507 -0.060216557 0.017655836 -0.013152667 0.997942507
1403636584363555584.000000 0.006199573 0.168857336 0.049607601 -0.058627881 0.018987749 -0.015479784 0.997979283
1403636584413555456.000000 0.005923160 0.136246219 0.044151980 -0.056726485 0.022836264 -0.018820038 0.997951150
1403636584463555584.000000 0.006119854 0.101274259 0.036863718 -0.053392760 0.026147665 -0.021635523 0.997996747
1403636584513555456.000000 0.006349646 0.064701438 0.032067247 -0.048390731 0.027790288 -0.022248527 0.998193920
1403636584563555584.000000 0.005282056 0.028693937 0.025335552 -0.041503452 0.029801279 -0.021729771 0.998457432
1403636584613555456.000000 0.005187488 -0.009277835 0.020460768 -0.032731015 0.032371428 -0.020922804 0.998720706
1403636584663555584.000000 0.003609252 -0.042957209 0.011948343 -0.022341724 0.036210958 -0.019891469 0.998896420
1403636584713555456.000000 0.003177090 -0.079409696 0.005685908 -0.011697650 0.039428618 -0.019681934 0.998960078
1403636584763555584.000000 0.004025451 -0.107928060 -0.000410761 -0.001296358 0.043114040 -0.018989982 0.998888850
1403636584813555456.000000 0.003454891 -0.135237023 -0.008619512 0.006832441 0.044976369 -0.019051099 0.998783052
1403636584863555584.000000 0.000324113 -0.156705528 -0.015161740 0.014032199 0.046013698 -0.016736526 0.998702049
1403636584913555456.000000 -0.000183688 -0.173405319 -0.021685850 0.018752698 0.045607604 -0.015265703 0.998666704
1403636584963555584.000000 -0.001591501 -0.183702141 -0.026080655 0.021239953 0.046429478 -0.012093267 0.998622537
1403636585013555456.000000 -0.001283949 -0.187420964 -0.026232945 0.021058969 0.048177846 -0.010865994 0.998557687
1403636585063555584.000000 -0.001491549 -0.183725804 -0.025238058 0.019436646 0.049848709 -0.009439925 0.998522997
1403636585113555456.000000 -0.002655480 -0.176106393 -0.022606727 0.017025748 0.050229028 -0.009080412 0.998551369
1403636585163555584.000000 -0.000554943 -0.160374120 -0.015097084 0.014302107 0.052455585 -0.008304410 0.998486400
1403636585213555456.000000 0.001950160 -0.139958814 -0.007287444 0.011204088 0.055243902 -0.008785207 0.998371363
1403636585263555584.000000 0.005289838 -0.117219262 0.002198869 0.007793642 0.058310874 -0.012013368 0.998195767
1403636585313555456.000000 0.006259703 -0.094457924 0.007039634 0.004604138 0.060829002 -0.014849070 0.998027205
1403636585363555584.000000 0.010417633 -0.068085894 0.015684878 0.001430289 0.061853915 -0.019165741 0.997900188
1403636585413555456.000000 0.012897485 -0.042588457 0.026004609 -0.002199963 0.062453177 -0.021548629 0.997812808
1403636585463555584.000000 0.015751073 -0.016855909 0.031493712 -0.007271820 0.059155453 -0.023570929 0.997943997
1403636585513555456.000000 0.016665310 0.008885853 0.036263771 -0.012644367 0.056472316 -0.024706310 0.998018324
1403636585563555584.000000 0.018474316 0.033293143 0.039705202 -0.018384214 0.050433911 -0.025197631 0.998240232
1403636585613555456.000000 0.019174529 0.055379782 0.039994858 -0.024556782 0.043749999 -0.024781877 0.998433232
1403636585663555584.000000 0.019399608 0.073627003 0.038738426 -0.031430148 0.037460797 -0.022490393 0.998550534
1403636585713555456.000000 0.019011863 0.088593021 0.034704410 -0.038654938 0.031177603 -0.019784121 0.998570204
1403636585763555584.000000 0.018780770 0.099442028 0.030508580 -0.046564247 0.027095620 -0.016661510 0.998408794
1403636585813555456.000000 0.018039769 0.107233405 0.026734613 -0.054516681 0.022753319 -0.012327438 0.998177469
1403636585863555584.000000 0.017762281 0.111434855 0.021208344 -0.063738272 0.019057976 -0.008778811 0.997746050
1403636585913555456.000000 0.016797064 0.113945864 0.015681345 -0.072821476 0.016599510 -0.005562356 0.997191370
1403636585963555584.000000 0.016488971 0.114718288 0.011102688 -0.083613664 0.016951919 -0.003406923 0.996348262
1403636586013555456.000000 0.016275007 0.114826046 0.008237091 -0.095814422 0.020292457 -0.000911248 0.995191991
1403636586063555584.000000 0.016361652 0.114359148 0.006095747 -0.108454876 0.027239686 -0.000609331 0.993727922
1403636586113555456.000000 0.015375220 0.113873661 0.003489771 -0.118928432 0.033412825 0.001691512 0.992339075
1403636586163555584.000000 0.013533744 0.112171911 0.000100167 -0.128295228 0.038631931 0.004018366 0.990975201
1403636586213555456.000000 0.010743670 0.110842042 -0.003291799 -0.136859924 0.041212980 0.006196157 0.989713371
1403636586263555584.000000 0.008739232 0.109979711 -0.008041605 -0.146324068 0.041840069 0.007650870 0.988321900
1403636586313555456.000000 0.007013875 0.109313875 -0.013030539 -0.156222761 0.042838603 0.010274770 0.986738980
1403636586363555584.000000 0.006104422 0.109234050 -0.018495573 -0.166657403 0.043591093 0.012602347 0.984970272
1403636586413555456.000000 0.005313236 0.109844230 -0.024244923 -0.176643744 0.044174667 0.015630137 0.983158886
1403636586463555584.000000 0.005744281 0.110573322 -0.030444041 -0.186373368 0.044204831 0.016138345 0.981351316
1403636586513555456.000000 0.006758001 0.111440495 -0.036188670 -0.194710433 0.044210989 0.015519398 0.979740977
1403636586563555584.000000 0.009223118 0.111142166 -0.041474313 -0.201122120 0.042518411 0.015131594 0.978526056
1403636586613555456.000000 0.012703897 0.109490350 -0.044932242 -0.205166921 0.040728755 0.014664344 0.977769256
1403636586663555584.000000 0.016775139 0.107137874 -0.047445584 -0.205621690 0.040945116 0.015506151 0.977651715
1403636586713555456.000000 0.021495564 0.105443843 -0.048342187 -0.202989802 0.039902657 0.015449911 0.978245497
1403636586763555584.000000 0.025426196 0.103403844 -0.047792029 -0.199328050 0.037855793 0.016454674 0.979063094
1403636586813555456.000000 0.030344578 0.101577930 -0.046980616 -0.195123255 0.035773743 0.016630564 0.979984999
1403636586863555584.000000 0.033774815 0.100705236 -0.045148972 -0.191556275 0.034847572 0.015727900 0.980736732
1403636586913555456.000000 0.035570402 0.100422800 -0.043136194 -0.188810647 0.033096392 0.013596259 0.981361508
1403636586963555584.000000 0.037124641 0.100162357 -0.041062273 -0.186558366 0.030597515 0.012592878 0.981886566
1403636587013555456.000000 0.037824318 0.099245347 -0.038597878 -0.185710117 0.028422197 0.009706517 0.982145488
1403636587063555584.000000 0.038738824 0.098610401 -0.036171667 -0.186179966 0.026986908 0.008661376 0.982106864
1403636587113555456.000000 0.040387440 0.097872250 -0.033615701 -0.188432828 0.025573915 0.006510964 0.981731534
1403636587163555584.000000 0.042992968 0.097193576 -0.031180900 -0.190866232 0.025250450 0.005147659 0.981277764
1403636587213555456.000000 0.046953578 0.096700110 -0.028404668 -0.192331120 0.024478851 0.004565141 0.981014132
1403636587263555584.000000 0.052505642 0.096021414 -0.025404826 -0.193246007 0.024973713 0.005109921 0.980819166
1403636587313555456.000000 0.060493086 0.094929360 -0.022399865 -0.193966925 0.025355101 0.006194151 0.980660796
1403636587363555584.000000 0.069947012 0.093826711 -0.018877612 -0.194778830 0.026597086 0.007052457 0.980461180
1403636587413555456.000000 0.081240319 0.093172923 -0.015170697 -0.195335120 0.027636478 0.008295394 0.980311990
1403636587463555584.000000 0.093969531 0.091977224 -0.012339344 -0.196423635 0.028577089 0.010383015 0.980047643
1403636587513555456.000000 0.108416289 0.090648606 -0.010007851 -0.197406352 0.029398294 0.012485862 0.979801297
1403636587563555584.000000 0.124378361 0.089429349 -0.008222528 -0.197929502 0.030117296 0.014492086 0.979646325
1403636587613555456.000000 0.141351387 0.088505208 -0.006148378 -0.197103426 0.032312308 0.016351718 0.979713619
1403636587663555584.000000 0.159358367 0.085258618 -0.004357581 -0.195586890 0.034620933 0.017908297 0.979911506
1403636587713555456.000000 0.178243175 0.082699418 -0.002035453 -0.192260236 0.037439819 0.020252582 0.980420411
1403636587763555584.000000 0.197475210 0.079371482 0.000061928 -0.188822106 0.040550195 0.023201633 0.980899394
1403636587813555456.000000 0.216171026 0.078140236 0.002699503 -0.185641080 0.044399709 0.024753386 0.981301904
1403636587863555584.000000 0.234872669 0.076967597 0.004606059 -0.184725240 0.047682952 0.027124735 0.981257975
1403636587913555456.000000 0.252398372 0.077279657 0.006503555 -0.185707912 0.051226679 0.028060002 0.980867565
1403636587963555584.000000 0.270172715 0.077322438 0.007549867 -0.189848647 0.055602949 0.029309737 0.979799330
1403636588013555456.000000 0.286857754 0.079011261 0.009223000 -0.195211157 0.060724694 0.029189907 0.978444219
1403636588063555584.000000 0.301346689 0.080756865 0.010898480 -0.200067654 0.064500511 0.031218408 0.977158189
1403636588113555456.000000 0.314193994 0.082939379 0.012095775 -0.203176156 0.065417118 0.032257296 0.976421833
1403636588163555584.000000 0.325659394 0.084128343 0.012720138 -0.205473840 0.066049933 0.031640656 0.975918472
1403636588213555456.000000 0.334775537 0.087592080 0.013760835 -0.204784721 0.065396413 0.032107707 0.976092041
1403636588263555584.000000 0.342009604 0.089303598 0.014795578 -0.203891978 0.064494632 0.032668430 0.976320326
1403636588313555456.000000 0.346724838 0.090231791 0.015374430 -0.202172920 0.063195400 0.033539746 0.976733148
1403636588363555584.000000 0.349060446 0.091196664 0.015580490 -0.200270697 0.061616391 0.033939734 0.977211952
1403636588413555456.000000 0.349342257 0.092006169 0.015410632 -0.198734567 0.061034925 0.035014521 0.977524102
1403636588463555584.000000 0.347629696 0.092564948 0.015084631 -0.198289350 0.061136164 0.035672750 0.977584362
1403636588513555456.000000 0.344461083 0.092820510 0.014086942 -0.198658183 0.062755786 0.034938667 0.977433383
1403636588563555584.000000 0.338561296 0.091935009 0.012810382 -0.198702276 0.063959256 0.033877473 0.977383733
1403636588613555456.000000 0.330842882 0.090572871 0.010741142 -0.198261991 0.063597836 0.034216128 0.977484882
1403636588663555584.000000 0.320413858 0.089598998 0.008432068 -0.197682917 0.063084617 0.033621412 0.977656126
1403636588713555456.000000 0.308755219 0.089499548 0.005935652 -0.198093370 0.060984526 0.034422699 0.977678418
1403636588763555584.000000 0.295196295 0.090157844 0.002909589 -0.199509144 0.058615860 0.033084407 0.977581620
1403636588813555456.000000 0.281083405 0.090991132 0.000558942 -0.201005161 0.056068201 0.032796271 0.977434218
1403636588863555584.000000 0.263828427 0.090832382 -0.001647744 -0.202560648 0.054306224 0.032215595 0.977231920
1403636588913555456.000000 0.245781660 0.091556586 -0.003601431 -0.202348650 0.051421240 0.032206308 0.977432251
1403636588963555584.000000 0.226035237 0.091333874 -0.006191716 -0.201759145 0.048998788 0.031343117 0.977706552
1403636589013555456.000000 0.205290839 0.091285266 -0.008893296 -0.199932620 0.046030574 0.029849345 0.978272557
1403636589063555584.000000 0.183980480 0.090512447 -0.012743846 -0.197335020 0.042770818 0.028383180 0.978991330
1403636589113555456.000000 0.161613449 0.089410976 -0.015957190 -0.194643676 0.039920788 0.026465617 0.979703903
1403636589163555584.000000 0.140052050 0.088186108 -0.019067876 -0.192086101 0.037170615 0.025422741 0.980344296
1403636589213555456.000000 0.115736447 0.086745448 -0.021580689 -0.190871596 0.035579368 0.024591964 0.980661750
1403636589263555584.000000 0.092177205 0.085756756 -0.024334518 -0.191120088 0.033451542 0.023665506 0.980711043
1403636589313555456.000000 0.067634992 0.085870124 -0.026497085 -0.192290619 0.030759843 0.021561133 0.980618834
1403636589363555584.000000 0.042670898 0.087115221 -0.028940346 -0.194287598 0.028427079 0.019953594 0.980329573
1403636589413555456.000000 0.018502701 0.088655770 -0.030709112 -0.195942521 0.026344085 0.017464206 0.980105877
1403636589463555584.000000 -0.003927926 0.089994423 -0.031903047 -0.196494356 0.024397766 0.015598330 0.980077267
1403636589513555456.000000 -0.027421437 0.091039278 -0.033251349 -0.195738420 0.023057664 0.015253153 0.980266392
1403636589563555584.000000 -0.051812414 0.092854880 -0.034806076 -0.194279000 0.021359365 0.014911409 0.980600417
1403636589613555456.000000 -0.076548234 0.094033740 -0.037681922 -0.193054557 0.020575566 0.014007130 0.980872273
1403636589663555584.000000 -0.099766366 0.096022084 -0.038937166 -0.191758469 0.018936295 0.012848973 0.981175363
1403636589713555456.000000 -0.122962274 0.097966664 -0.040477678 -0.191235036 0.017648634 0.011967264 0.981312692
1403636589763555584.000000 -0.145961389 0.099560469 -0.043065935 -0.191856444 0.014196713 0.011733751 0.981250167
1403636589813555456.000000 -0.167568356 0.102956317 -0.044184949 -0.193666413 0.010301386 0.010806777 0.980953872
1403636589863555584.000000 -0.187130600 0.106253624 -0.045913354 -0.196721539 0.006387961 0.009716515 0.980390489
1403636589913555456.000000 -0.205028579 0.109119713 -0.047200583 -0.200224251 0.002028507 0.009196186 0.979704916
1403636589963555584.000000 -0.221787289 0.112561777 -0.047874749 -0.201707691 -0.002574612 0.009634536 0.979395032
1403636590013555456.000000 -0.236243576 0.114749297 -0.049061093 -0.201420426 -0.007120986 0.009626092 0.979431748
1403636590063555584.000000 -0.248212352 0.116095886 -0.049965400 -0.198750407 -0.010625620 0.009259888 0.979948878
1403636590113555456.000000 -0.258336574 0.116739385 -0.051039718 -0.195183963 -0.013594757 0.009202668 0.980629325
1403636590163555584.000000 -0.265168160 0.116328068 -0.051636301 -0.192030326 -0.016554186 0.009758400 0.981200874
1403636590213555456.000000 -0.269816250 0.115474954 -0.052969158 -0.190028533 -0.017412379 0.008977360 0.981583118
1403636590263555584.000000 -0.269802898 0.114429146 -0.054388274 -0.189556435 -0.017752072 0.008164747 0.981675386
1403636590313555456.000000 -0.267475605 0.114252597 -0.055733528 -0.190246999 -0.016815430 0.006620577 0.981569946
1403636590363555584.000000 -0.261917055 0.113439955 -0.057143386 -0.191294909 -0.014539143 0.006358170 0.981404364
1403636590413555456.000000 -0.252744943 0.111978307 -0.059054606 -0.192322314 -0.012158422 0.005404801 0.981241643
1403636590463555584.000000 -0.241377741 0.111786574 -0.059786431 -0.191605538 -0.008027114 0.005140827 0.981425762
1403636590513555456.000000 -0.227348253 0.110293426 -0.061080307 -0.190413937 -0.004591120 0.004080201 0.981684744
1403636590563555584.000000 -0.211095095 0.108409151 -0.062290005 -0.188842967 -0.000886855 0.003573798 0.982000411
1403636590613555456.000000 -0.193228215 0.106263265 -0.063814901 -0.187483549 0.001994820 0.003125125 0.982260823
1403636590663555584.000000 -0.174147218 0.105524018 -0.064253949 -0.186076000 0.005419571 0.003271798 0.982515037
1403636590713555456.000000 -0.153306231 0.103590511 -0.064956382 -0.186624631 0.008033188 0.003275070 0.982393026
1403636590763555584.000000 -0.131450474 0.102708600 -0.064895488 -0.188083634 0.010744231 0.004826176 0.982082427
1403636590813555456.000000 -0.109154142 0.102194414 -0.064195380 -0.190854490 0.011680369 0.006783217 0.981525481
1403636590863555584.000000 -0.086252309 0.102519788 -0.062596932 -0.193568259 0.012817790 0.009072856 0.980961144
1403636590913555456.000000 -0.062764913 0.102634430 -0.060775988 -0.196166158 0.014452120 0.010256764 0.980410576
1403636590963555584.000000 -0.038555123 0.102307878 -0.059345890 -0.197523966 0.015903018 0.010573645 0.980112076
1403636591013555456.000000 -0.014905406 0.102410451 -0.057201106 -0.197549090 0.016625529 0.011040583 0.980089843
1403636591063555584.000000 0.008168131 0.102288015 -0.055239808 -0.196559593 0.015696745 0.011519499 0.980298579
1403636591113555456.000000 0.031070760 0.102083966 -0.052290954 -0.195693821 0.014623287 0.012660014 0.980474353
1403636591163555584.000000 0.052554097 0.101161703 -0.050750058 -0.195766032 0.014810491 0.014052479 0.980438113
1403636591213555456.000000 0.073838443 0.100347295 -0.047134493 -0.196798533 0.015429474 0.015175757 0.980205059
1403636591263555584.000000 0.093098693 0.100945927 -0.044884492 -0.197635770 0.016715769 0.016176760 0.979999483
1403636591313555456.000000 0.111621290 0.101206087 -0.042708252 -0.199304387 0.018137753 0.017127872 0.979620099
1403636591363555584.000000 0.127437264 0.102676019 -0.039837912 -0.200666174 0.020612869 0.018187871 0.979273975
1403636591413555456.000000 0.140803382 0.104757138 -0.036466941 -0.201518849 0.022582270 0.018963579 0.979040682
1403636591463555584.000000 0.151803434 0.108107336 -0.033114854 -0.200927600 0.023928422 0.020574868 0.979097724
1403636591513555456.000000 0.162033722 0.110709883 -0.029034702 -0.200105101 0.026725702 0.020485600 0.979195714
1403636591563555584.000000 0.171370909 0.112901762 -0.024052070 -0.196791857 0.032644838 0.021011567 0.979676366
1403636591613555456.000000 0.179421723 0.115068763 -0.018142615 -0.190696850 0.040836338 0.021711368 0.980558872
1403636591663555584.000000 0.185678318 0.116598733 -0.012366809 -0.181592852 0.047757544 0.021934319 0.981968522
1403636591713555456.000000 0.190425992 0.118131556 -0.007972399 -0.170947880 0.053101178 0.020988384 0.983624220
1403636591763555584.000000 0.193746626 0.118119203 -0.002643013 -0.160759404 0.059470270 0.019703316 0.985003352
1403636591813555456.000000 0.197946802 0.116911367 0.001638498 -0.150081798 0.064999186 0.018941982 0.986352801
1403636591863555584.000000 0.200320989 0.115683690 0.005571126 -0.141296595 0.070170499 0.018946908 0.987295568
1403636591913555456.000000 0.203842789 0.114073321 0.009273672 -0.135621548 0.075007133 0.020473225 0.987705290
1403636591963555584.000000 0.206816480 0.112262867 0.013490898 -0.135254532 0.079079792 0.023605155 0.987367928
1403636592013555456.000000 0.211576238 0.110042006 0.018435705 -0.138810143 0.083351612 0.026898978 0.986438453
1403636592063555584.000000 0.217595547 0.108368091 0.025630808 -0.142190829 0.088580213 0.030941762 0.985382140
1403636592113555456.000000 0.224612102 0.106118426 0.034229137 -0.145676062 0.093757264 0.035306729 0.984246671
1403636592163555584.000000 0.232479915 0.103707947 0.044043656 -0.149816424 0.098112799 0.039106615 0.983056247
1403636592213555456.000000 0.239549071 0.101462908 0.054099124 -0.154535681 0.101364180 0.041450739 0.981899142
1403636592263555584.000000 0.246039629 0.098796293 0.065832175 -0.159098923 0.103357732 0.042876653 0.980900764
1403636592313555456.000000 0.251211047 0.095218360 0.077313244 -0.163304985 0.103116453 0.043883096 0.980190158
1403636592363555584.000000 0.254440963 0.091269158 0.090435557 -0.166703418 0.101089060 0.046694785 0.979699254
1403636592413555456.000000 0.255479783 0.086560562 0.104062952 -0.169431418 0.097018100 0.047147799 0.979621172
1403636592463555584.000000 0.254331708 0.081575766 0.119121365 -0.169544294 0.091589153 0.047049657 0.980128825
1403636592513555456.000000 0.250559062 0.075809546 0.133764744 -0.167152613 0.084363312 0.044872686 0.981289685
1403636592563555584.000000 0.244069710 0.069869168 0.148731738 -0.162828952 0.077096641 0.041505493 0.982761502
1403636592613555456.000000 0.234750658 0.064697117 0.164887011 -0.158096477 0.068635650 0.036781281 0.984348416
1403636592663555584.000000 0.224064216 0.060900941 0.179771125 -0.154121295 0.060214832 0.031397592 0.985715508
1403636592713555456.000000 0.211301476 0.056775555 0.193288729 -0.152016923 0.050791707 0.026489919 0.986716449
1403636592763555584.000000 0.194977850 0.054029722 0.205843985 -0.151241645 0.039548121 0.021789992 0.987465084
1403636592813555456.000000 0.175467670 0.051385645 0.216093525 -0.151839644 0.026597988 0.018284516 0.987878025
1403636592863555584.000000 0.152546167 0.049702242 0.222427025 -0.153696105 0.011650539 0.015769664 0.987923682
1403636592913555456.000000 0.127499685 0.050670777 0.228046030 -0.156287238 -0.002886367 0.012015258 0.987634420
1403636592963555584.000000 0.099342145 0.051568892 0.228089109 -0.159493640 -0.016974278 0.008965055 0.987012327
1403636593013555456.000000 0.071353711 0.052880269 0.223942354 -0.162443623 -0.031899694 0.005828821 0.986184835
1403636593063555584.000000 0.040672243 0.056261823 0.218099505 -0.165050209 -0.045815378 0.001986917 0.985218465
1403636593113555456.000000 0.009719381 0.060033251 0.208332747 -0.166956991 -0.058747124 -0.003181986 0.984207332
1403636593163555584.000000 -0.021433052 0.064872615 0.194360167 -0.167876914 -0.071898796 -0.005357983 0.983167946
1403636593213555456.000000 -0.051104076 0.068986669 0.177829131 -0.168397218 -0.083886191 -0.005313152 0.982128978
1403636593263555584.000000 -0.080696806 0.074448586 0.159855172 -0.168854028 -0.095067762 -0.003603819 0.981038988
1403636593313555456.000000 -0.105292998 0.080104545 0.139819950 -0.170904264 -0.103168726 -0.003720519 0.979864359
1403636593363555584.000000 -0.125862405 0.086878538 0.119015053 -0.173335895 -0.108173952 -0.004767457 0.978892446
1403636593413555456.000000 -0.142727420 0.095835470 0.098135807 -0.174955681 -0.110503934 -0.005106495 0.978342116
1403636593463555584.000000 -0.155037746 0.104321435 0.075111449 -0.176732823 -0.109817237 -0.006917389 0.978088856
1403636593513555456.000000 -0.162371337 0.113702238 0.052643888 -0.178333789 -0.106283054 -0.006852369 0.978189170
1403636593563555584.000000 -0.165363386 0.122941166 0.030280579 -0.180614710 -0.102244288 -0.004237100 0.978215992
1403636593613555456.000000 -0.164583936 0.132570773 0.008436978 -0.184171438 -0.095865384 -0.000603451 0.978207707
1403636593663555584.000000 -0.158465281 0.142413154 -0.012186210 -0.188491002 -0.089162335 0.004532065 0.978008509
1403636593713555456.000000 -0.149789944 0.153053045 -0.030672897 -0.192394808 -0.078575239 0.009297715 0.978122532
1403636593763555584.000000 -0.138001397 0.161479503 -0.047404129 -0.195528448 -0.064728290 0.015251395 0.978440762
1403636593813555456.000000 -0.119256467 0.168760747 -0.064527228 -0.196867779 -0.049471710 0.022972563 0.978911638
1403636593863555584.000000 -0.099622831 0.174177140 -0.079039402 -0.195215940 -0.031002449 0.030407237 0.979798496
1403636593913555456.000000 -0.078260869 0.178161278 -0.093492866 -0.191021085 -0.010602057 0.038732685 0.980764151
1403636593963555584.000000 -0.053243950 0.181442767 -0.104143761 -0.185381770 0.009625492 0.045351271 0.981572390
1403636594013555456.000000 -0.026217807 0.183255434 -0.112429559 -0.179859594 0.029549126 0.051375382 0.981905282
1403636594063555584.000000 0.000255264 0.184522808 -0.117942914 -0.175116137 0.049999483 0.056359634 0.981660843
1403636594113555456.000000 0.027949620 0.183885932 -0.121008471 -0.172478542 0.068662263 0.062255040 0.980643153
1403636594163555584.000000 0.057309706 0.182543099 -0.120368399 -0.172147006 0.084832355 0.067809373 0.979066312
1403636594213555456.000000 0.086801849 0.180888608 -0.116530634 -0.172610894 0.098979570 0.071621366 0.977383733
1403636594263555584.000000 0.116739802 0.179344490 -0.106651865 -0.173183978 0.110422730 0.073527612 0.975913823
1403636594313555456.000000 0.145157039 0.177439988 -0.092241265 -0.173303813 0.120442376 0.073853791 0.974682033
1403636594363555584.000000 0.174200937 0.171618149 -0.078161463 -0.173589349 0.128857002 0.073814832 0.973557413
1403636594413555456.000000 0.201748043 0.165899023 -0.059740175 -0.171248287 0.135270193 0.071802042 0.973252594
1403636594463555584.000000 0.227662519 0.159622058 -0.039631516 -0.167294130 0.139464200 0.068385705 0.973594308
1403636594513555456.000000 0.251272559 0.152469739 -0.017617160 -0.161778197 0.141618386 0.065039568 0.974444449
1403636594563555584.000000 0.272377849 0.144043833 0.006876676 -0.156162158 0.141535059 0.064529754 0.975406170
1403636594613555456.000000 0.286799490 0.137062132 0.030773610 -0.151252702 0.140677869 0.064617254 0.976297617
1403636594663555584.000000 0.295106858 0.129117712 0.052772988 -0.147610232 0.139089450 0.065131843 0.977048218
1403636594713555456.000000 0.297091365 0.122372277 0.076223589 -0.145154104 0.135683358 0.064619906 0.977928758
1403636594763555584.000000 0.292561352 0.116517559 0.097251832 -0.143165901 0.129222780 0.063385606 0.979176819
1403636594813555456.000000 0.280549794 0.112044372 0.117104359 -0.141411021 0.119679123 0.059217952 0.980904222
1403636594863555584.000000 0.261534095 0.109286234 0.137899101 -0.139328256 0.108534642 0.054117318 0.982791603
1403636594913555456.000000 0.237181753 0.106761537 0.153486788 -0.137358427 0.094849125 0.047069833 0.984845519
1403636594963555584.000000 0.206869975 0.105509087 0.165056556 -0.135836929 0.078770682 0.038975764 0.986825407
1403636595013555456.000000 0.172479644 0.104451001 0.173209533 -0.134737745 0.058341984 0.032490708 0.988628566
1403636595063555584.000000 0.134164676 0.104524396 0.176636219 -0.135517523 0.038135674 0.024561441 0.989736021
1403636595113555456.000000 0.095272213 0.106605813 0.177846909 -0.137825996 0.017506447 0.018391630 0.990130961
1403636595163555584.000000 0.053734861 0.110033013 0.177788183 -0.140539944 -0.000772707 0.012008846 0.990001917
1403636595213555456.000000 0.013935268 0.113607712 0.171273962 -0.143628612 -0.018876897 0.007562814 0.989422739
1403636595263555584.000000 -0.018941659 0.119341515 0.167240798 -0.145991713 -0.036451701 0.003681695 0.988607168
1403636595313555456.000000 -0.047559317 0.124279752 0.156154543 -0.148700565 -0.052047130 0.000166911 0.987511694
1403636595363555584.000000 -0.071857601 0.129014641 0.143907711 -0.150890589 -0.063557655 -0.003542597 0.986498833
1403636595413555456.000000 -0.089632131 0.134577766 0.130098030 -0.152211741 -0.071328193 -0.005625236 0.985754669
1403636595463555584.000000 -0.100507326 0.139552802 0.115141064 -0.153804347 -0.076761037 -0.006513649 0.985093653
1403636595513555456.000000 -0.104817957 0.145096362 0.099893257 -0.155641258 -0.079269320 -0.006473027 0.984606683
1403636595563555584.000000 -0.102007531 0.150521651 0.084106967 -0.158311889 -0.081234850 -0.007936004 0.984009802
1403636595613555456.000000 -0.092487618 0.156824037 0.068686768 -0.160266817 -0.080724522 -0.008509822 0.983730495
1403636595663555584.000000 -0.078624144 0.162809566 0.054460909 -0.162749365 -0.076564126 -0.009472311 0.983646750
1403636595713555456.000000 -0.058795180 0.168982893 0.039726201 -0.164099887 -0.069402970 -0.008392937 0.983963430
1403636595763555584.000000 -0.034855768 0.175968945 0.027364656 -0.164471209 -0.059155881 -0.009058554 0.984564781
1403636595813555456.000000 -0.007777367 0.182155326 0.014390573 -0.164694175 -0.044215560 -0.008166375 0.985319316
1403636595863555584.000000 0.020482851 0.188470542 0.001234267 -0.164444372 -0.028436031 -0.006222308 0.985956788
1403636595913555456.000000 0.048347462 0.194941714 -0.009817211 -0.164688706 -0.012225159 -0.001978567 0.986267924
1403636595963555584.000000 0.075955644 0.201531291 -0.019902518 -0.165390581 0.003351126 0.001722621 0.986221015
1403636596013555456.000000 0.099955142 0.207824185 -0.032957304 -0.167505577 0.019184573 0.005648696 0.985668302
1403636596063555584.000000 0.120090649 0.213948056 -0.047272831 -0.169606522 0.034366593 0.009954242 0.984862208
1403636596113555456.000000 0.134207323 0.219884098 -0.061806630 -0.171781167 0.047169492 0.014829381 0.983893514
1403636596163555584.000000 0.142498672 0.224310249 -0.078496166 -0.173203766 0.055905886 0.019163560 0.983111322
1403636596213555456.000000 0.143061742 0.228218406 -0.094716832 -0.172599897 0.061676264 0.023144051 0.982786715
1403636596263555584.000000 0.136260644 0.229977474 -0.111269496 -0.171961978 0.064462088 0.027450221 0.982608914
1403636596313555456.000000 0.124099247 0.230995804 -0.128370464 -0.169864804 0.065618217 0.030720335 0.982800364
1403636596363555584.000000 0.107973039 0.231850177 -0.147161797 -0.167573228 0.066862956 0.031655651 0.983080089
1403636596413555456.000000 0.089210823 0.232382253 -0.166554347 -0.164783642 0.067850709 0.030500125 0.983520448
1403636596463555584.000000 0.068312719 0.232200235 -0.186791450 -0.162438139 0.067400709 0.028232893 0.984009147
1403636596513555456.000000 0.048894104 0.233660415 -0.206437364 -0.159357384 0.065735206 0.025355155 0.984703660
1403636596563555584.000000 0.031597037 0.234150857 -0.223284826 -0.157457381 0.063605733 0.021527128 0.985240161
1403636596613555456.000000 0.014436610 0.234307349 -0.238167316 -0.157739818 0.063630342 0.019745447 0.985230684
1403636596663555584.000000 -0.000044391 0.235033512 -0.248936489 -0.158919901 0.063335598 0.018869050 0.985077202
1403636596713555456.000000 -0.011139451 0.236237735 -0.255570710 -0.160354555 0.062198538 0.018163191 0.984930396
1403636596763555584.000000 -0.018413333 0.236882508 -0.257359833 -0.160176501 0.061017986 0.015636150 0.985076606
1403636596813555456.000000 -0.021738749 0.236833468 -0.254306287 -0.157782748 0.060459930 0.013796599 0.985524774
1403636596863555584.000000 -0.021413673 0.235189646 -0.245781437 -0.154936239 0.060570803 0.010356101 0.986011505
1403636596913555456.000000 -0.018626789 0.232663587 -0.231877208 -0.152109474 0.061323725 0.007635531 0.986429930
1403636596963555584.000000 -0.012256507 0.228507891 -0.212827995 -0.152114674 0.062130820 0.004652844 0.986397147
1403636597013555456.000000 -0.005423928 0.222797602 -0.190205738 -0.154571876 0.063343734 0.004278039 0.985939622
1403636597063555584.000000 0.003250415 0.217164367 -0.164326563 -0.159764051 0.063442633 0.003250894 0.985109150
1403636597113555456.000000 0.011852050 0.209919631 -0.135926664 -0.165819421 0.060829666 0.003721007 0.984271228
1403636597163555584.000000 0.021321930 0.201880157 -0.105510302 -0.170699194 0.056031339 0.002878338 0.983724594
1403636597213555456.000000 0.029977880 0.190853536 -0.075322084 -0.174321339 0.049868520 0.000550035 0.983425140
1403636597263555584.000000 0.039186895 0.178781539 -0.044230774 -0.174677461 0.042629402 -0.002129482 0.983700216
1403636597313555456.000000 0.047189929 0.166870892 -0.012905397 -0.173470914 0.035357062 -0.006203247 0.984184563
1403636597363555584.000000 0.053148348 0.153731734 0.017972566 -0.171248481 0.027360829 -0.008991504 0.984806836
1403636597413555456.000000 0.058304317 0.141916528 0.048936900 -0.169158563 0.019437579 -0.013915904 0.985298872
1403636597463555584.000000 0.060707089 0.130986631 0.077459447 -0.167212829 0.010851540 -0.018062366 0.985695660
1403636597513555456.000000 0.061314970 0.121129781 0.102257170 -0.165385082 0.001058606 -0.022958035 0.985961258
1403636597563555584.000000 0.058174130 0.114610374 0.123718366 -0.162005916 -0.009712009 -0.025802743 0.986404598
1403636597613555456.000000 0.052022155 0.109082751 0.139868364 -0.158271506 -0.021876268 -0.027055243 0.986782491
1403636597663555584.000000 0.043620721 0.106804989 0.150888309 -0.153744146 -0.034239624 -0.028365903 0.987109780
1403636597713555456.000000 0.033036325 0.106148243 0.155410811 -0.149144530 -0.045873199 -0.028949125 0.987326443
1403636597763555584.000000 0.020574173 0.107444204 0.154690877 -0.144812688 -0.054968216 -0.030726049 0.987453222
1403636597813555456.000000 0.008436013 0.110293783 0.149111360 -0.140919462 -0.062484790 -0.032724541 0.987505257
1403636597863555584.000000 -0.002133541 0.115277819 0.139257088 -0.137897179 -0.067599572 -0.035985541 0.987481534
1403636597913555456.000000 -0.011385726 0.120698415 0.124991044 -0.136159331 -0.072347283 -0.040180098 0.987224519
1403636597963555584.000000 -0.019299420 0.128607824 0.108182773 -0.136250272 -0.075129457 -0.043979160 0.986842096
1403636598013555456.000000 -0.025316685 0.136577159 0.088750094 -0.138257533 -0.077216633 -0.046927013 0.986265838
1403636598063555584.000000 -0.030164493 0.145874828 0.068553008 -0.141956896 -0.077831052 -0.048440389 0.985618711
1403636598113555456.000000 -0.033432990 0.155265987 0.047582753 -0.148013443 -0.078173451 -0.047714628 0.984735668
1403636598163555584.000000 -0.034509208 0.165801510 0.027730303 -0.155655071 -0.076565161 -0.048795536 0.983630180
1403636598213555456.000000 -0.033944514 0.176487446 0.009601799 -0.165275589 -0.073703475 -0.049280155 0.982254207
1403636598263555584.000000 -0.031705551 0.188493967 -0.005915374 -0.174673393 -0.070805833 -0.051597361 0.980720937
1403636598313555456.000000 -0.027710702 0.198752552 -0.016764108 -0.181938916 -0.067579575 -0.051755767 0.979618609
1403636598363555584.000000 -0.022799071 0.208036959 -0.023336120 -0.186599970 -0.062989525 -0.054426115 0.978902817
1403636598413555456.000000 -0.016451469 0.216356993 -0.023784567 -0.188714668 -0.058872294 -0.055434991 0.978697062
1403636598463555584.000000 -0.009329693 0.223110601 -0.019672401 -0.188762739 -0.057436701 -0.056836642 0.978692651
1403636598513555456.000000 -0.003763216 0.228226408 -0.011906750 -0.185754836 -0.056402802 -0.056976974 0.979319930
1403636598563555584.000000 0.002125589 0.230951294 0.000420090 -0.180369213 -0.059032314 -0.057263341 0.980154634
1403636598613555456.000000 0.007663304 0.232404366 0.015596941 -0.173377171 -0.062264342 -0.056716133 0.981247544
1403636598663555584.000000 0.012874194 0.233120292 0.033431023 -0.165331990 -0.066970222 -0.056800064 0.982320786
1403636598713555456.000000 0.017829923 0.234707385 0.052282672 -0.155745789 -0.073347248 -0.056123648 0.983470201
1403636598763555584.000000 0.022198010 0.237506658 0.071343154 -0.144484937 -0.080181263 -0.055276599 0.984702826
1403636598813555456.000000 0.026019383 0.241623536 0.090181127 -0.132820636 -0.085883744 -0.053483907 0.985962629
1403636598863555584.000000 0.029885542 0.246510312 0.108630255 -0.120965369 -0.089655183 -0.051899340 0.987236440
1403636598913555456.000000 0.034110788 0.252549320 0.126811445 -0.110439591 -0.091537483 -0.049465675 0.988421559
1403636598963555584.000000 0.038055737 0.259828895 0.144179583 -0.101018175 -0.091666348 -0.050032552 0.989388406
1403636599013555456.000000 0.041193902 0.267131418 0.158937529 -0.093494974 -0.092516519 -0.049796890 0.990060449
1403636599063555584.000000 0.043301851 0.272930801 0.171670049 -0.085008748 -0.094557814 -0.047613315 0.990739763
1403636599113555456.000000 0.044951469 0.278041095 0.182521164 -0.075210452 -0.098441690 -0.045494758 0.991253197
1403636599163555584.000000 0.046229437 0.281183422 0.191185847 -0.062929615 -0.102857172 -0.041904800 0.991818666
1403636599213555456.000000 0.047461431 0.283809096 0.200261101 -0.046427492 -0.103616081 -0.040856246 0.992692828
1403636599263555584.000000 0.048004568 0.285392761 0.209074140 -0.030659761 -0.104072638 -0.037622195 0.993384898
1403636599313555456.000000 0.048554406 0.286860228 0.216211140 -0.017680885 -0.104043052 -0.034794673 0.993806720
1403636599363555584.000000 0.049099203 0.289019048 0.223437414 -0.008146851 -0.102894105 -0.032971624 0.994112372
1403636599413555456.000000 0.049924679 0.292129219 0.230574265 -0.002053305 -0.100100502 -0.033872802 0.994398475
1403636599463555584.000000 0.050480299 0.295661479 0.236715943 0.000200436 -0.096348390 -0.035574984 0.994711697
1403636599513555456.000000 0.050803307 0.298854053 0.242058203 -0.001100537 -0.091883458 -0.034128141 0.995184183
1403636599563555584.000000 0.051373683 0.302040428 0.246763960 -0.003907982 -0.087851465 -0.032785002 0.995586276
1403636599613555456.000000 0.051862366 0.305610985 0.249909997 -0.007364063 -0.085342273 -0.031288031 0.995833099
1403636599663555584.000000 0.052658841 0.309387356 0.252374470 -0.009728069 -0.083097227 -0.031836804 0.995985329
1403636599713555456.000000 0.053475052 0.312493950 0.254460484 -0.008027494 -0.082416520 -0.031728204 0.996060491
1403636599763555584.000000 0.054804474 0.312457949 0.254125088 0.000900324 -0.083912693 -0.031209758 0.995983899
1403636599813555456.000000 0.055838186 0.312273443 0.254370898 0.009024609 -0.084170163 -0.030078016 0.995956540
1403636599863555584.000000 0.056470770 0.312593758 0.254166394 0.015268233 -0.084580347 -0.028576750 0.995889783
1403636599913555456.000000 0.057125442 0.312860012 0.253457189 0.017236911 -0.085307002 -0.027258666 0.995832622
1403636599963555584.000000 0.057643645 0.313254446 0.253738433 0.016410824 -0.084152997 -0.025247427 0.995997787
1403636600013555456.000000 0.058070455 0.313554138 0.253801823 0.015943389 -0.083482750 -0.024368480 0.996083677
1403636600063555584.000000 0.058950208 0.314203799 0.253914982 0.015955839 -0.084267110 -0.022128368 0.996069729
1403636600113555456.000000 0.059765380 0.314011753 0.253640711 0.019061370 -0.085187286 -0.019624945 0.995989323
1403636600163555584.000000 0.060104810 0.314136982 0.253464311 0.019640710 -0.084794827 -0.021147531 0.995980382
1403636600213555456.000000 0.059729606 0.314101696 0.253502995 0.019371642 -0.085199520 -0.019772438 0.995979369
1403636600263555584.000000 0.059741318 0.314099401 0.253174037 0.019353913 -0.085483171 -0.019528141 0.995960236
1403636600313555456.000000 0.059525132 0.314207286 0.253409475 0.019399390 -0.085627325 -0.019280512 0.995951831
1403636600363555584.000000 0.059497125 0.314120710 0.253393292 0.019493632 -0.085705213 -0.018796582 0.995952487
1403636600413555456.000000 0.059485894 0.314111322 0.253470421 0.019469129 -0.085793167 -0.018844983 0.995944500
1403636600463555584.000000 0.059356812 0.314003140 0.253135949 0.019442074 -0.086191863 -0.017845210 0.995929003
1403636600513555456.000000 0.059493940 0.314057082 0.253287256 0.019796405 -0.085870802 -0.018297302 0.995941579
1403636600563555584.000000 0.059591472 0.314072281 0.253605396 0.019639637 -0.085883923 -0.018711319 0.995935798
1403636600613555456.000000 0.059351273 0.313891649 0.252653658 0.019542301 -0.086054042 -0.017979842 0.995936573
1403636600663555584.000000 0.059437450 0.313962340 0.253268093 0.019599438 -0.085940845 -0.018195383 0.995941281
1403636600713555456.000000 0.059372492 0.314006180 0.253146499 0.019542491 -0.085938327 -0.018190637 0.995942771
1403636600763555584.000000 0.059302367 0.314021468 0.253097594 0.019522090 -0.085908316 -0.018203966 0.995945454
1403636600813555456.000000 0.059464406 0.314009130 0.253381640 0.019569550 -0.085827328 -0.018532610 0.995945454
1403636600863555584.000000 0.059371978 0.313957304 0.253138244 0.019460844 -0.086089186 -0.017803339 0.995938241
1403636600913555456.000000 0.059540156 0.313976437 0.253509313 0.019569762 -0.085886560 -0.018427480 0.995942295
1403636600963555584.000000 0.059353188 0.313960075 0.253159016 0.019490749 -0.085986219 -0.017975332 0.995943487
1403636601013555456.000000 0.059422195 0.314042479 0.253260463 0.019544816 -0.085664265 -0.018806567 0.995954871
1403636601063555584.000000 0.059287623 0.313908905 0.252960980 0.019442277 -0.085890181 -0.018052431 0.995951355
1403636601113555456.000000 0.059469841 0.314035684 0.253393888 0.019545570 -0.085691161 -0.018678628 0.995954931
1403636601163555584.000000 0.059342545 0.313981742 0.252934784 0.019487185 -0.085933670 -0.017999951 0.995947659
1403636601213555456.000000 0.059449729 0.314016283 0.253089339 0.019487495 -0.085816041 -0.018435884 0.995949805
1403636601263555584.000000 0.059366874 0.313935429 0.252996027 0.019428464 -0.085970648 -0.017912634 0.995947182
1403636601313555456.000000 0.059463207 0.314041138 0.253311753 0.019469637 -0.085854530 -0.018339444 0.995948613
1403636601363555584.000000 0.059435692 0.313923597 0.253262967 0.019436572 -0.085924894 -0.017946776 0.995950401
1403636601413555456.000000 0.059376277 0.314002395 0.253237844 0.019492945 -0.085646152 -0.018645005 0.995960474
1403636601463555584.000000 0.059463818 0.313982666 0.253192037 0.019458724 -0.085959449 -0.017878156 0.995948195
1403636601513555456.000000 0.059510231 0.314063787 0.253277987 0.019538010 -0.085926265 -0.018156815 0.995944440
1403636601563555584.000000 0.059456162 0.313971758 0.253174543 0.019507328 -0.085886680 -0.018039314 0.995950580
1403636601613555456.000000 0.059449866 0.314029783 0.253265530 0.019500786 -0.085918963 -0.018029606 0.995948076
1403636601663555584.000000 0.059430636 0.314101160 0.253200591 0.019520635 -0.085872874 -0.018081844 0.995950758
1403636601713555456.000000 0.059448503 0.314006269 0.253325224 0.019451078 -0.085972808 -0.017878253 0.995947182
1403636601763555584.000000 0.059486818 0.314004093 0.253440410 0.019495890 -0.085903630 -0.018090794 0.995948434
1403636601813555456.000000 0.059361357 0.314067692 0.253310412 0.019421596 -0.085776895 -0.018294254 0.995957077
1403636601863555584.000000 0.059490167 0.314035028 0.253441542 0.019451777 -0.085986875 -0.017876532 0.995945990
1403636601913555456.000000 0.059520278 0.314048707 0.253437907 0.019452533 -0.086007223 -0.017756363 0.995946348
1403636601963555584.000000 0.059526879 0.314020246 0.253380418 0.019381059 -0.085918054 -0.017959485 0.995951831
1403636602013555456.000000 0.059512366 0.313978255 0.253310919 0.019430643 -0.085982896 -0.017777175 0.995948493
1403636602063555584.000000 0.059410699 0.314061284 0.253239453 0.019470148 -0.085923016 -0.018104276 0.995947003
1403636602113555456.000000 0.059546735 0.314059079 0.253329933 0.019437157 -0.085943989 -0.017737435 0.995952427
1403636602163555584.000000 0.059549943 0.314104706 0.253348529 0.019457186 -0.085847609 -0.018079817 0.995954216
1403636602213555456.000000 0.059452552 0.313921303 0.253302455 0.019465907 -0.085986212 -0.017664222 0.995949566
1403636602263555584.000000 0.059393670 0.314161599 0.253273427 0.019501878 -0.085857078 -0.018099228 0.995952129
1403636602313555456.000000 0.059410356 0.314026803 0.253248870 0.019435676 -0.085882649 -0.017871918 0.995955408
1403636602363555584.000000 0.059450995 0.314076096 0.253363997 0.019466059 -0.085722625 -0.018340562 0.995960057
1403636602413555456.000000 0.059408333 0.314063191 0.253191143 0.019437643 -0.085893385 -0.017933626 0.995953262
1403636602463555584.000000 0.059465479 0.314072281 0.253433824 0.019560857 -0.085814327 -0.018154547 0.995953679
1403636602513555456.000000 0.059400320 0.314039975 0.253330320 0.019475603 -0.085853323 -0.017979000 0.995955169
1403636602563555584.000000 0.059524760 0.314037353 0.253290713 0.019466655 -0.085933253 -0.017834231 0.995951116
1403636602613555456.000000 0.059452321 0.314033508 0.253377199 0.019480931 -0.085870750 -0.018072056 0.995951891
1403636602663555584.000000 0.059422139 0.314097643 0.253194362 0.019501753 -0.085833929 -0.018086595 0.995954335
1403636602713555456.000000 0.059443336 0.314061522 0.253242731 0.019508937 -0.085863099 -0.018040547 0.995952547
1403636602763555584.000000 0.059518464 0.313998699 0.253424197 0.019419866 -0.085972801 -0.017782377 0.995949507
1403636602813555456.000000 0.059402958 0.314089209 0.253249377 0.019512670 -0.085835867 -0.018069353 0.995954275
1403636602863555584.000000 0.059471402 0.314028949 0.253407270 0.019510671 -0.085888550 -0.018049855 0.995950162
1403636602913555456.000000 0.059409402 0.314042389 0.253228158 0.019424547 -0.085916623 -0.017941080 0.995951355
1403636602963555584.000000 0.059501261 0.314051151 0.253431439 0.019469401 -0.085937418 -0.017871730 0.995949984
1403636603013555456.000000 0.059423789 0.314137518 0.253268629 0.019544818 -0.085850142 -0.018121326 0.995951533
1403636603063555584.000000 0.059366975 0.314097613 0.253140718 0.019498583 -0.085860834 -0.018029317 0.995953202
1403636603113555456.000000 0.059427179 0.314110100 0.253327608 0.019522665 -0.085856438 -0.018059805 0.995952547
1403636603163555584.000000 0.059365500 0.314074665 0.253319144 0.019579072 -0.085727170 -0.018066036 0.995962441
1403636603213555456.000000 0.059411507 0.314083368 0.253281444 0.019591561 -0.085798874 -0.018208710 0.995953441
1403636603263555584.000000 0.059432443 0.314196706 0.253272086 0.019655995 -0.085753568 -0.018177286 0.995956659
1403636603313555456.000000 0.059484482 0.314172417 0.253218830 0.019530255 -0.085863858 -0.017991636 0.995952964
1403636603363555584.000000 0.059445813 0.314086795 0.253481567 0.019548513 -0.085844547 -0.017964851 0.995954812
1403636603413555456.000000 0.059468146 0.314053982 0.253368169 0.019504085 -0.085965194 -0.017774519 0.995948672
1403636603463555584.000000 0.059376836 0.314128339 0.253054976 0.019557197 -0.085878015 -0.017952343 0.995951891
1403636603513555456.000000 0.059352841 0.314160705 0.253286898 0.019615389 -0.085711449 -0.018314162 0.995958567
1403636603563555584.000000 0.059468221 0.314124554 0.253289968 0.019546533 -0.085912175 -0.017988520 0.995948613
1403636603613555456.000000 0.059478227 0.314087957 0.253483951 0.019539798 -0.085933320 -0.017991967 0.995946825
1403636603663555584.000000 0.059436724 0.314115018 0.253359288 0.019523483 -0.085879289 -0.018061699 0.995950520
1403636603713555456.000000 0.059497930 0.314206600 0.253353655 0.019592455 -0.085819058 -0.018032631 0.995954812
1403636603763555584.000000 0.059449762 0.314184159 0.253483564 0.019554280 -0.085873440 -0.018008353 0.995951414
1403636603813555456.000000 0.059471555 0.314125419 0.253339589 0.019463668 -0.085912041 -0.017881908 0.995952129
1403636603863555584.000000 0.059429903 0.314152420 0.253302336 0.019607164 -0.085873313 -0.017899329 0.995952308
1403636603913555456.000000 0.059492994 0.314144880 0.253216267 0.019466380 -0.085972250 -0.017825983 0.995947838
1403636603963555584.000000 0.059473909 0.314102948 0.253310323 0.019574989 -0.085767187 -0.018180288 0.995957017
1403636604013555456.000000 0.059502043 0.314105749 0.253273845 0.019528709 -0.085943602 -0.017761497 0.995950282
1403636604063555584.000000 0.059519757 0.314185619 0.253390700 0.019581648 -0.085867554 -0.018042466 0.995950699
1403636604113555456.000000 0.059457418 0.314078987 0.253111601 0.019568786 -0.085845985 -0.017930247 0.995954871
1403636604163555584.000000 0.059398569 0.314097941 0.253167182 0.019525923 -0.085833170 -0.018042654 0.995954812
1403636604213555456.000000 0.059426855 0.314100266 0.253432512 0.019604223 -0.085616603 -0.018226562 0.995968580
1403636604263555584.000000 0.059451208 0.314152986 0.253279865 0.019587981 -0.085893154 -0.017966840 0.995949745
1403636604313555456.000000 0.059474319 0.314070493 0.253393948 0.019584663 -0.085847244 -0.017973308 0.995953619
1403636604363555584.000000 0.059461992 0.314118952 0.253319085 0.019492472 -0.085855223 -0.017978989 0.995954692
1403636604413555456.000000 0.059489205 0.314098537 0.253288507 0.019516731 -0.085942008 -0.017758848 0.995950639
1403636604463555584.000000 0.059415281 0.314129144 0.253291845 0.019569470 -0.085765608 -0.018120335 0.995958388
1403636604513555456.000000 0.059449852 0.314138144 0.253433168 0.019585151 -0.085827686 -0.018062141 0.995953679
1403636604563555584.000000 0.059523635 0.314123571 0.253441870 0.019523008 -0.085869238 -0.017965721 0.995953143
1403636604613555456.000000 0.059488688 0.314111352 0.253310442 0.019488418 -0.085813843 -0.017982507 0.995958269
1403636604663555584.000000 0.059457183 0.314112723 0.253363490 0.019539855 -0.085811190 -0.018017313 0.995956838
1403636604713555456.000000 0.059392255 0.314111233 0.253416777 0.019555315 -0.085812636 -0.018044967 0.995956004
1403636604763555584.000000 0.059457492 0.314100474 0.253387839 0.019487239 -0.085946247 -0.017814165 0.995949924
1403636604813555456.000000 0.059510700 0.314164162 0.253484368 0.019612115 -0.085856795 -0.018060490 0.995950758
1403636604863555584.000000 0.059443925 0.314127028 0.253288925 0.019575089 -0.085794039 -0.018079778 0.995956481
1403636604913555456.000000 0.059343301 0.314098626 0.253316045 0.019548720 -0.085602798 -0.018446704 0.995966792
1403636604963555584.000000 0.059431899 0.314183414 0.253398091 0.019628569 -0.085735455 -0.018265478 0.995957136
1403636605013555456.000000 0.059422109 0.314135075 0.253461659 0.019470684 -0.085714087 -0.018324407 0.995961010
1403636605063555584.000000 0.059487402 0.314112931 0.253178537 0.019515056 -0.085874349 -0.017965375 0.995952845
1403636605113555456.000000 0.059465550 0.314108759 0.253451258 0.019548442 -0.085780121 -0.018179409 0.995956421
1403636605163555584.000000 0.059506800 0.314160109 0.253507018 0.019575682 -0.085861310 -0.017987998 0.995952427
1403636605213555456.000000 0.059427314 0.314180911 0.253283054 0.019627595 -0.085649908 -0.018191764 0.995965838
1403636605263555584.000000 0.059432343 0.314126343 0.253452927 0.019512417 -0.085763045 -0.018089458 0.995960236
1403636605313555456.000000 0.059319559 0.314101815 0.253130108 0.019569572 -0.085578859 -0.018381590 0.995969594
1403636605363555584.000000 0.059510786 0.314077228 0.253448993 0.019496171 -0.085837632 -0.018039359 0.995955050
1403636605413555456.000000 0.059449103 0.314148933 0.253344685 0.019509206 -0.085878372 -0.018028237 0.995951474
1403636605463555584.000000 0.059435427 0.314104944 0.253485382 0.019510651 -0.085729316 -0.018212730 0.995960891
1403636605513555456.000000 0.059320100 0.314134926 0.253145844 0.019565092 -0.085584983 -0.018300124 0.995970666
1403636605563555584.000000 0.059325017 0.314095795 0.253245175 0.019502932 -0.085599929 -0.018379813 0.995969117
1403636605613555456.000000 0.059377708 0.314147770 0.253451169 0.019610737 -0.085633680 -0.018340681 0.995964885
1403636605663555584.000000 0.059457462 0.314128220 0.253477752 0.019454002 -0.085763484 -0.018139375 0.995960474
1403636605713555456.000000 0.059345644 0.314116001 0.253064543 0.019527851 -0.085581683 -0.018445823 0.995968997
1403636605763555584.000000 0.059482880 0.314106852 0.253394753 0.019523222 -0.085837580 -0.018030588 0.995954692
1403636605813555456.000000 0.059373002 0.314112514 0.253297448 0.019626500 -0.085702218 -0.018293887 0.995959520
1403636605863555584.000000 0.059318285 0.314103663 0.253441572 0.019625522 -0.085620202 -0.018416053 0.995964289
1403636605913555456.000000 0.059415102 0.314096689 0.253324986 0.019518582 -0.085887484 -0.017931659 0.995952249
1403636605963555584.000000 0.059306271 0.314121366 0.253143698 0.019560486 -0.085587077 -0.018336289 0.995969951
1403636606013555456.000000 0.059406243 0.314096600 0.253285855 0.019476689 -0.085741065 -0.018163230 0.995961487
1403636606063555584.000000 0.059340857 0.314060628 0.253080755 0.019463310 -0.085784584 -0.018065793 0.995959759
1403636606113555456.000000 0.059307877 0.314117342 0.253269345 0.019592229 -0.085678406 -0.018106805 0.995965600
1403636606163555584.000000 0.059451684 0.314045787 0.253254086 0.019500960 -0.085821219 -0.017985621 0.995957375
1403636606213555456.000000 0.059429571 0.314035296 0.253226876 0.019473674 -0.085837752 -0.017993715 0.995956302
1403636606263555584.000000 0.059510451 0.314113110 0.253171682 0.019435598 -0.085982233 -0.017751625 0.995948970
1403636606313555456.000000 0.059456706 0.314038217 0.253275186 0.019459303 -0.085922174 -0.017823229 0.995952368
1403636606363555584.000000 0.059362695 0.314096689 0.253237545 0.019492138 -0.085796148 -0.018033538 0.995958805
1403636606413555456.000000 0.059446942 0.314054251 0.253244251 0.019473877 -0.085965596 -0.017705664 0.995950460
1403636606463555584.000000 0.059371311 0.314098030 0.253193706 0.019544635 -0.085805111 -0.018047476 0.995956779
1403636606513555456.000000 0.059418172 0.314082354 0.253274143 0.019427147 -0.085917488 -0.017896382 0.995952070
1403636606563555584.000000 0.059423547 0.314085990 0.253137439 0.019439032 -0.085916191 -0.017845821 0.995952904
1403636606613555456.000000 0.059457354 0.314052880 0.253261447 0.019379582 -0.085817814 -0.017926436 0.995961070
1403636606663555584.000000 0.059419885 0.314068884 0.253229618 0.019494822 -0.085798100 -0.017966505 0.995959759
1403636606713555456.000000 0.059417915 0.314026982 0.253145099 0.019464364 -0.085920393 -0.017754357 0.995953619
1403636606763555584.000000 0.059414376 0.314036697 0.253314435 0.019446956 -0.085863240 -0.017884146 0.995956659
1403636606813555456.000000 0.059352599 0.314053744 0.253150374 0.019469025 -0.085737117 -0.018066131 0.995963752
1403636606863555584.000000 0.059390016 0.314101279 0.253396004 0.019536145 -0.085836329 -0.018022081 0.995954692
1403636606913555456.000000 0.059428997 0.314017385 0.253212541 0.019396521 -0.085881546 -0.017849164 0.995956600
1403636606963555584.000000 0.059340525 0.314069152 0.253242135 0.019533804 -0.085661218 -0.018277800 0.995965183
1403636607013555456.000000 0.059353586 0.314108551 0.253156722 0.019521950 -0.085629769 -0.018167676 0.995970130
1403636607063555584.000000 0.059300564 0.314055204 0.253022015 0.019507281 -0.085526951 -0.018443897 0.995974123
1403636607113555456.000000 0.059411000 0.314061880 0.253220111 0.019473994 -0.085827000 -0.017974958 0.995957553
1403636607163555584.000000 0.059394501 0.314022273 0.253227025 0.019509720 -0.085679404 -0.018082103 0.995967627
1403636607213555456.000000 0.059429556 0.314045101 0.253149539 0.019498246 -0.085780889 -0.018053437 0.995959640
1403636607263555584.000000 0.059389547 0.314050734 0.253160030 0.019440150 -0.085828729 -0.017867193 0.995959997
1403636607313555456.000000 0.059428047 0.314077407 0.253140837 0.019450426 -0.085797302 -0.017814845 0.995963514
1403636607363555584.000000 0.059415441 0.314098805 0.253186822 0.019461399 -0.085880145 -0.017885365 0.995954812
1403636607413555456.000000 0.059456691 0.314080298 0.253201544 0.019427704 -0.085859001 -0.017831910 0.995958269
1403636607463555584.000000 0.059392072 0.314114332 0.253317356 0.019465571 -0.085864455 -0.017832637 0.995957077
1403636607513555456.000000 0.059421264 0.314108223 0.253164947 0.019494874 -0.085794717 -0.017976854 0.995959878
1403636607563555584.000000 0.059402693 0.314049512 0.253150553 0.019437332 -0.085755922 -0.017999196 0.995963991
1403636607613555456.000000 0.059492297 0.314070076 0.253153831 0.019402783 -0.085947096 -0.017686883 0.995953739
1403636607663555584.000000 0.059473321 0.314107031 0.253334403 0.019500468 -0.085809983 -0.018049041 0.995957136
1403636607713555456.000000 0.059381083 0.314076722 0.253137171 0.019490881 -0.085812598 -0.017998829 0.995958090
1403636607763555584.000000 0.059398025 0.314089894 0.253153831 0.019507177 -0.085795559 -0.018003199 0.995959163
1403636607813555456.000000 0.059419464 0.314079106 0.253303587 0.019441176 -0.085868225 -0.017900886 0.995956004
1403636607863555584.000000 0.059327103 0.314130574 0.252983987 0.019508230 -0.085618667 -0.018242322 0.995969951
1403636607913555456.000000 0.059396114 0.314113110 0.253311485 0.019581433 -0.085717700 -0.018194012 0.995960891
1403636607963555584.000000 0.059382364 0.314105839 0.253006637 0.019480616 -0.085844412 -0.018025475 0.995954990
1403636608013555456.000000 0.059423152 0.314111531 0.253296018 0.019517524 -0.085800536 -0.018005289 0.995958447
1403636608063555584.000000 0.059428353 0.314036369 0.253163725 0.019446854 -0.085907035 -0.017824536 0.995953858
1403636608113555456.000000 0.059408631 0.314094394 0.253395349 0.019478787 -0.085838541 -0.018028392 0.995955527
1403636608163555584.000000 0.059430461 0.314071059 0.253327519 0.019446410 -0.085898347 -0.017846176 0.995954275
1403636608213555456.000000 0.059398014 0.314091980 0.253173232 0.019410247 -0.085868001 -0.017890250 0.995956838
1403636608263555584.000000 0.059418518 0.314097941 0.253230989 0.019485449 -0.085799493 -0.018022917 0.995958805
1403636608313555456.000000 0.059405826 0.314095885 0.253146648 0.019489907 -0.085791320 -0.018017719 0.995959580
1403636608363555584.000000 0.059349611 0.314104676 0.253060341 0.019522464 -0.085808165 -0.018007748 0.995957613
1403636608413555456.000000 0.059458993 0.314081550 0.253298402 0.019453445 -0.085885257 -0.017869085 0.995954812
1403636608463555584.000000 0.059464701 0.314139664 0.253232718 0.019422909 -0.085873134 -0.017913353 0.995955706
1403636608513555456.000000 0.059453398 0.314035505 0.253130436 0.019446068 -0.085907184 -0.017875036 0.995952964
1403636608563555584.000000 0.059449259 0.314055830 0.253141314 0.019402988 -0.085902169 -0.017858410 0.995954514
1403636608613555456.000000 0.059391312 0.314069450 0.253096402 0.019414332 -0.085890725 -0.017883223 0.995954871
1403636608663555584.000000 0.059428860 0.314048916 0.253334075 0.019420126 -0.085873276 -0.017909460 0.995955765
1403636608713555456.000000 0.059447546 0.314070016 0.253208756 0.019420484 -0.085873477 -0.017914424 0.995955706
1403636608763555584.000000 0.059468258 0.314076513 0.253217965 0.019407192 -0.085909665 -0.017717579 0.995956302
1403636608813555456.000000 0.059469610 0.314104199 0.253302664 0.019458588 -0.085887805 -0.017897267 0.995954037
1403636608863555584.000000 0.059427440 0.314100653 0.253335387 0.019509042 -0.085802995 -0.017970111 0.995959044
1403636608913555456.000000 0.059406050 0.314082801 0.253227919 0.019477751 -0.085846543 -0.017964026 0.995956004
1403636608963555584.000000 0.059408732 0.314071566 0.253196001 0.019448338 -0.085865036 -0.017874945 0.995956600
1403636609013555456.000000 0.059342321 0.314149708 0.253185242 0.019502543 -0.085610531 -0.018211152 0.995971382
1403636609063555584.000000 0.059430860 0.314154029 0.253166765 0.019469509 -0.085799709 -0.018019902 0.995959222
1403636609113555456.000000 0.059455942 0.314036280 0.253298968 0.019395169 -0.085924387 -0.017737741 0.995954990
1403636609163555584.000000 0.059335828 0.314111292 0.253242493 0.019447735 -0.085685447 -0.018021822 0.995969415
1403636609213555456.000000 0.059296854 0.314123631 0.253173709 0.019538503 -0.085578926 -0.018230565 0.995972991
1403636609263555584.000000 0.059389547 0.314142495 0.253196627 0.019494090 -0.085810483 -0.018033974 0.995957494
1403636609313555456.000000 0.059438802 0.314043045 0.253143847 0.019439775 -0.085896939 -0.017757483 0.995956063
1403636609363555584.000000 0.059477285 0.314105570 0.253282189 0.019434776 -0.085887730 -0.017861661 0.995955110
1403636609413555456.000000 0.059350815 0.314103484 0.253128707 0.019481165 -0.085834637 -0.017986791 0.995956540
1403636609463555584.000000 0.059397705 0.314053386 0.253128678 0.019489730 -0.085783817 -0.018064277 0.995959342
1403636609513555456.000000 0.059381451 0.314088553 0.253205687 0.019542418 -0.085764900 -0.018058667 0.995959997
1403636609563555584.000000 0.059446670 0.314142972 0.253291994 0.019533971 -0.085828677 -0.018002711 0.995955765
1403636609613555456.000000 0.059397038 0.314051181 0.253214031 0.019417562 -0.085874997 -0.017808747 0.995957494
1403636609663555584.000000 0.059405964 0.314106643 0.253361851 0.019424459 -0.085856415 -0.017948458 0.995956481
1403636609713555456.000000 0.059360389 0.314141154 0.253298491 0.019506453 -0.085710190 -0.018171312 0.995963395
1403636609763555584.000000 0.059393045 0.314144790 0.253337562 0.019581812 -0.085809693 -0.017961223 0.995957136
1403636609813555456.000000 0.059473425 0.314158648 0.253417879 0.019422559 -0.085943140 -0.017712412 0.995953262
1403636609863555584.000000 0.059352793 0.314110041 0.253258646 0.019519834 -0.085799091 -0.017964328 0.995959282
1403636609913555456.000000 0.059420150 0.314180017 0.253306299 0.019534724 -0.085793197 -0.017990308 0.995959044
1403636609963555584.000000 0.059441715 0.314080656 0.253204942 0.019507907 -0.085822813 -0.017936481 0.995957971
1403636610013555456.000000 0.059362240 0.314070165 0.253334165 0.019554622 -0.085812896 -0.017928986 0.995958030
1403636610063555584.000000 0.059448134 0.314093798 0.253074497 0.019523090 -0.085715905 -0.018019905 0.995965302
1403636610113555456.000000 0.059360091 0.314153790 0.253325552 0.019610213 -0.085692413 -0.018029826 0.995965540
1403636610163555584.000000 0.059356902 0.314166665 0.253235757 0.019636692 -0.085665889 -0.018061798 0.995966673
1403636610213555456.000000 0.059379965 0.314088196 0.253318816 0.019517956 -0.085848197 -0.017843151 0.995957255
1403636610263555584.000000 0.059467059 0.314112902 0.253457874 0.019449944 -0.085744023 -0.018113468 0.995962679
1403636610313555456.000000 0.059406362 0.314040303 0.253134727 0.019459615 -0.085889257 -0.017773248 0.995956063
1403636610363555584.000000 0.059364617 0.314147741 0.253186464 0.019507427 -0.085780226 -0.017990600 0.995960653
1403636610413555456.000000 0.059291359 0.314099252 0.253060222 0.019502049 -0.085531950 -0.018266631 0.995977104
1403636610463555584.000000 0.059387252 0.314073116 0.253135204 0.019526552 -0.085799754 -0.017814867 0.995961785
1403636610513555456.000000 0.059421103 0.314140171 0.253091842 0.019462425 -0.085843019 -0.017882451 0.995958090
1403636610563555584.000000 0.059425388 0.314010084 0.253252953 0.019409887 -0.085929126 -0.017662348 0.995955646
1403636610613555456.000000 0.059385594 0.314138263 0.253015399 0.019508975 -0.085814841 -0.017932996 0.995958686
1403636610663555584.000000 0.059388652 0.314103991 0.253215849 0.019431937 -0.085858375 -0.017795460 0.995958865
1403636610713555456.000000 0.059298515 0.314161837 0.253222376 0.019512173 -0.085518263 -0.018509846 0.995973527
1403636610763555584.000000 0.059336066 0.314095438 0.253166944 0.019295698 -0.085752182 -0.018236795 0.995962739
1403636610813555456.000000 0.059437674 0.314018786 0.253407478 0.019245347 -0.085759297 -0.018168190 0.995964348
1403636610863555584.000000 0.059448250 0.314110875 0.253323048 0.019237516 -0.086021982 -0.018037677 0.995944202
1403636610913555456.000000 0.059370197 0.314180046 0.253361344 0.019402290 -0.085751213 -0.018555818 0.995954812
1403636610963555584.000000 0.059433348 0.314191490 0.253198475 0.019238127 -0.085903950 -0.018339166 0.995948851
1403636611013555456.000000 0.059486102 0.314064801 0.253258109 0.019404737 -0.085799217 -0.018392820 0.995953679
1403636611063555584.000000 0.059414037 0.314092100 0.253271967 0.019258779 -0.085810386 -0.018431040 0.995954871
1403636611113555456.000000 0.059417095 0.314115912 0.253331482 0.019344337 -0.085810944 -0.018367743 0.995954275
1403636611163555584.000000 0.059438452 0.314134896 0.253425479 0.019297777 -0.085872114 -0.018271651 0.995951712
1403636611213555456.000000 0.059488442 0.314124316 0.253131747 0.019310987 -0.085812867 -0.018500064 0.995952308
1403636611263555584.000000 0.059488878 0.314165503 0.253375202 0.019352844 -0.085909970 -0.018256474 0.995947659
1403636611313555456.000000 0.059352793 0.314079851 0.253119260 0.019338293 -0.085679702 -0.018580768 0.995961785
1403636611363555584.000000 0.059061807 0.314104676 0.252743006 0.019078499 -0.086339585 -0.017734731 0.995925188
1403636611413555456.000000 0.059145596 0.314099371 0.252825499 0.019288829 -0.085937031 -0.018202022 0.995947480
1403636611463555584.000000 0.059740525 0.314318925 0.253203154 0.019104376 -0.086238019 -0.017397566 0.995939493
1403636611513555456.000000 0.060056020 0.314338386 0.253127724 0.019487983 -0.085385032 -0.018929057 0.995977581
1403636611563555584.000000 0.059929632 0.314237028 0.253069967 0.019128650 -0.085833944 -0.017971840 0.995963693
1403636611613555456.000000 0.059932597 0.314299971 0.253295332 0.019363586 -0.085578240 -0.018563308 0.995970368
1403636611663555584.000000 0.059800182 0.314221740 0.253136784 0.019237729 -0.085957378 -0.017707955 0.995955706
1403636611713555456.000000 0.060000110 0.314350575 0.253266871 0.019688413 -0.085528448 -0.018498497 0.995969415
1403636611763555584.000000 0.059820551 0.314280242 0.253277034 0.019403154 -0.085987687 -0.017731244 0.995949447
1403636611813555456.000000 0.059811819 0.314304292 0.253293067 0.019457288 -0.085946247 -0.017545788 0.995955229
1403636611863555584.000000 0.060133744 0.314309567 0.253590614 0.019833816 -0.085533179 -0.018140977 0.995972753
1403636611913555456.000000 0.059890628 0.314361572 0.253296524 0.019463530 -0.085690677 -0.018199982 0.995965421
1403636611963555584.000000 0.059856828 0.314314038 0.253353894 0.019454710 -0.086123101 -0.017546356 0.995939970
1403636612013555456.000000 0.059726268 0.314229786 0.253403217 0.019577719 -0.086222172 -0.017257310 0.995934069
1403636612063555584.000000 0.059958372 0.314231783 0.253327370 0.019429790 -0.085613891 -0.018516239 0.995966852
1403636612113555456.000000 0.059666436 0.314184606 0.253324956 0.019289980 -0.086425439 -0.016932333 0.995927632
1403636612163555584.000000 0.059654318 0.314052194 0.253509909 0.019558528 -0.086482763 -0.017025631 0.995915830
1403636612213555456.000000 0.059643693 0.314264357 0.253361315 0.019283578 -0.086267583 -0.017297333 0.995935202
1403636612263555584.000000 0.060489632 0.314427644 0.253595680 0.019895816 -0.085343949 -0.019719543 0.995957732
1403636612313555456.000000 0.059556510 0.314181298 0.252900034 0.019421332 -0.086408101 -0.016913092 0.995926976
1403636612363555584.000000 0.060346566 0.314405084 0.253356874 0.019692762 -0.085386351 -0.019587751 0.995960712
1403636612413555456.000000 0.059715904 0.314204603 0.253226936 0.019457569 -0.086249039 -0.017206458 0.995934963
1403636612463555584.000000 0.060275156 0.314374834 0.253320664 0.019680807 -0.085628711 -0.019008281 0.995951414
1403636612513555456.000000 0.059870735 0.314202458 0.253222108 0.019485841 -0.086294234 -0.017325738 0.995928466
1403636612563555584.000000 0.060151447 0.314312279 0.253225744 0.019623557 -0.085644767 -0.018809522 0.995954871
1403636612613555456.000000 0.059973434 0.314322531 0.253155351 0.019637782 -0.086025886 -0.017766824 0.995940924
1403636612663555584.000000 0.060055632 0.314307213 0.253052264 0.019581202 -0.085672595 -0.018737322 0.995954692
1403636612713555456.000000 0.059935570 0.314283878 0.252967775 0.019631967 -0.086051323 -0.017908406 0.995936334
1403636612763555584.000000 0.060091551 0.314359993 0.253248215 0.019658061 -0.085596502 -0.018800681 0.995958507
1403636612813555456.000000 0.059920602 0.314282358 0.253239185 0.019673442 -0.085763812 -0.018228168 0.995954454
1403636612863555584.000000 0.059989180 0.314260632 0.253188819 0.019545779 -0.085785687 -0.018407952 0.995951772
1403636612913555456.000000 0.060045253 0.314278245 0.253071249 0.019623384 -0.085637450 -0.018603340 0.995959401
1403636612963555584.000000 0.059908900 0.314319015 0.253129274 0.019704545 -0.085762233 -0.018200032 0.995954514
1403636613013555456.000000 0.060062233 0.314335436 0.253102720 0.019797068 -0.085718319 -0.018378310 0.995953143
1403636613063555584.000000 0.059936222 0.314376622 0.253033549 0.019774431 -0.085856296 -0.017908536 0.995950341
1403636613113555456.000000 0.060047600 0.314332038 0.253087014 0.019651350 -0.085591041 -0.018733535 0.995960414
1403636613163555584.000000 0.059705269 0.314278126 0.252987206 0.019813132 -0.085724965 -0.017922061 0.995960593
1403636613213555456.000000 0.060129963 0.314401299 0.253124893 0.019764837 -0.085685827 -0.018393844 0.995956361
1403636613263555584.000000 0.059898242 0.314345747 0.253164709 0.019765463 -0.085835479 -0.017927459 0.995951891
1403636613313555456.000000 0.060092516 0.314325750 0.253100693 0.019861486 -0.085697666 -0.018301059 0.995955110
1403636613363555584.000000 0.059815682 0.314387858 0.253077716 0.019773470 -0.085789226 -0.017979791 0.995954812
1403636613413555456.000000 0.060138922 0.314336181 0.253238976 0.019779462 -0.085751109 -0.018297842 0.995952249
1403636613463555584.000000 0.059834644 0.314342320 0.253098696 0.019802827 -0.085675992 -0.018010566 0.995963454
1403636613513555456.000000 0.060119249 0.314348698 0.253163427 0.019832125 -0.085786939 -0.018121673 0.995951295
1403636613563555584.000000 0.059845436 0.314355195 0.252934843 0.019793585 -0.085752830 -0.017984308 0.995957494
1403636613613555456.000000 0.060068708 0.314349532 0.253050447 0.019820629 -0.085647769 -0.018295515 0.995960295
1403636613663555584.000000 0.059870142 0.314342022 0.253034234 0.019795269 -0.085777126 -0.017919943 0.995956540
1403636613713555456.000000 0.060013060 0.314326316 0.252975315 0.019843493 -0.085765630 -0.017983563 0.995955408
1403636613763555584.000000 0.059981760 0.314330280 0.253050238 0.019882459 -0.085702002 -0.018064125 0.995958626
1403636613813555456.000000 0.059987448 0.314339489 0.253203869 0.019870672 -0.085703902 -0.018021910 0.995959461
1403636613863555584.000000 0.060039148 0.314419687 0.253155380 0.019871349 -0.085772097 -0.017970627 0.995954514
1403636613913555456.000000 0.059944130 0.314354122 0.253008246 0.019860137 -0.085704923 -0.018034022 0.995959342
1403636613963555584.000000 0.059992269 0.314330131 0.253043145 0.019799402 -0.085658684 -0.018149197 0.995962501
1403636614013555456.000000 0.059977189 0.314368546 0.253186852 0.019868305 -0.085726894 -0.018046565 0.995957077
1403636614063555584.000000 0.059949804 0.314346969 0.253231525 0.019865591 -0.085711785 -0.018052267 0.995958388
1403636614113555456.000000 0.059979592 0.314392805 0.253098518 0.019839268 -0.085686535 -0.018077597 0.995960593
1403636614163555584.000000 0.059953049 0.314385474 0.253180981 0.019862216 -0.085725285 -0.018066874 0.995956957
1403636614213555456.000000 0.059935104 0.314367533 0.253326088 0.019864023 -0.085683882 -0.018011823 0.995961547
1403636614263555584.000000 0.060031921 0.314375907 0.253377795 0.019833200 -0.085759044 -0.018104291 0.995953977
1403636614313555456.000000 0.059956912 0.314379811 0.253098279 0.019898195 -0.085698269 -0.018086966 0.995958209
1403636614363555584.000000 0.060083341 0.314289540 0.253008932 0.019851472 -0.085699685 -0.018106230 0.995958686
1403636614413555456.000000 0.059880577 0.314363241 0.253181010 0.019831443 -0.085740216 -0.017991086 0.995957732
1403636614463555584.000000 0.060030073 0.314412057 0.253008664 0.019849243 -0.085689485 -0.018144274 0.995958924
1403636614513555456.000000 0.059882205 0.314393669 0.253077656 0.019852566 -0.085786022 -0.017894199 0.995955050
1403636614563555584.000000 0.060079683 0.314396918 0.253066927 0.019832661 -0.085706599 -0.018224958 0.995956361
1403636614613555456.000000 0.059913516 0.314383894 0.253087312 0.019864885 -0.085654132 -0.018104261 0.995962381
1403636614663555584.000000 0.060004741 0.314362049 0.253206670 0.019817896 -0.085631870 -0.018251210 0.995962620
1403636614713555456.000000 0.059893135 0.314391583 0.253121465 0.019882813 -0.085703120 -0.018088283 0.995958090
1403636614763555584.000000 0.059993450 0.314319700 0.253287405 0.019812912 -0.085652843 -0.018198412 0.995961785
1403636614813555456.000000 0.059929021 0.314358711 0.253305942 0.019872386 -0.085740164 -0.018055184 0.995955706
1403636614863555584.000000 0.059993029 0.314367324 0.253049701 0.019861704 -0.085718803 -0.018155184 0.995955944
1403636614913555456.000000 0.060022265 0.314331681 0.253072590 0.019836944 -0.085718945 -0.018129053 0.995956898
1403636614963555584.000000 0.059976161 0.314302325 0.253061503 0.019829364 -0.085701160 -0.018174240 0.995957792
1403636615013555456.000000 0.059933353 0.314382881 0.253221959 0.019848866 -0.085721880 -0.018049164 0.995957851
1403636615063555584.000000 0.060019661 0.314361423 0.253297746 0.019833360 -0.085721366 -0.018103471 0.995957255
1403636615113555456.000000 0.059989840 0.314356357 0.253262907 0.019803278 -0.085636340 -0.018202232 0.995963335
1403636615163555584.000000 0.060014047 0.314362049 0.252977669 0.019771144 -0.085662745 -0.018162476 0.995962441
1403636615213555456.000000 0.059981804 0.314352453 0.253233641 0.019858278 -0.085717499 -0.018082837 0.995957434
1403636615263555584.000000 0.059964493 0.314381987 0.253271252 0.019880144 -0.085751109 -0.018067423 0.995954394
1403636615313555456.000000 0.060049251 0.314314038 0.253080815 0.019794082 -0.085680887 -0.018170886 0.995960295
1403636615363555584.000000 0.059920937 0.314405590 0.253430992 0.019859532 -0.085632816 -0.018178031 0.995962977
1403636615413555456.000000 0.060041111 0.314367026 0.253155202 0.019815244 -0.085730150 -0.018036272 0.995958030
1403636615463555584.000000 0.060099944 0.314382821 0.253173679 0.019835321 -0.085746214 -0.018134892 0.995954454
1403636615513555456.000000 0.060036168 0.314377964 0.253373832 0.019829512 -0.085647061 -0.018245203 0.995961130
1403636615563555584.000000 0.059974059 0.314311653 0.253365397 0.019805240 -0.085742511 -0.018041719 0.995957136
1403636615613555456.000000 0.059967637 0.314367890 0.253335536 0.019861590 -0.085707039 -0.018182084 0.995956481
1403636615663555584.000000 0.059965301 0.314395130 0.253153682 0.019893358 -0.085679322 -0.018116388 0.995959461
1403636615713555456.000000 0.059897222 0.314298272 0.253248066 0.019801417 -0.085668340 -0.018192766 0.995960772
1403636615763555584.000000 0.059968844 0.314335555 0.253162354 0.019793730 -0.085657090 -0.018161327 0.995962501
1403636615813555456.000000 0.059980851 0.314318776 0.253076673 0.019810451 -0.085662410 -0.018185981 0.995961249
1403636615863555584.000000 0.059881054 0.314358532 0.253142297 0.019813834 -0.085634492 -0.018108128 0.995965004
1403636615913555456.000000 0.060018726 0.314363241 0.253151298 0.019855723 -0.085715957 -0.018097818 0.995957375
1403636615963555584.000000 0.059992597 0.314399809 0.253509969 0.019853519 -0.085753731 -0.018048480 0.995955050
1403636616013555456.000000 0.059978057 0.314383507 0.253499687 0.019854685 -0.085625716 -0.018175140 0.995963752
1403636616063555584.000000 0.059947595 0.314390719 0.253272772 0.019822199 -0.085654818 -0.018156592 0.995962203
1403636616113555456.000000 0.059978191 0.314346641 0.253333896 0.019837996 -0.085746691 -0.018077957 0.995955467
1403636616163555584.000000 0.059974413 0.314324766 0.253280938 0.019832265 -0.085705183 -0.018163497 0.995957613
1403636616213555456.000000 0.060015380 0.314353615 0.253104955 0.019818986 -0.085662171 -0.018156644 0.995961666
1403636616263555584.000000 0.059958544 0.314331621 0.253180325 0.019811139 -0.085640490 -0.018175794 0.995963335
1403636616313555456.000000 0.060037687 0.314363480 0.253212243 0.019812459 -0.085725568 -0.018109402 0.995957196
1403636616363555584.000000 0.059926104 0.314401805 0.253125191 0.019855015 -0.085696392 -0.018089032 0.995959222
1403636616413555456.000000 0.060054176 0.314331681 0.253043324 0.019797368 -0.085750930 -0.018049305 0.995956421
1403636616463555584.000000 0.059953220 0.314336956 0.253441662 0.019828223 -0.085675091 -0.018167267 0.995960176
1403636616513555456.000000 0.059944391 0.314343154 0.253293306 0.019830670 -0.085727118 -0.018082082 0.995957196
1403636616563555584.000000 0.059967168 0.314368337 0.253342897 0.019847102 -0.085717089 -0.018095912 0.995957494
1403636616613555456.000000 0.060115963 0.314374983 0.253299087 0.019850506 -0.085734241 -0.018155681 0.995954812
1403636616663555584.000000 0.059976917 0.314327121 0.253197074 0.019816028 -0.085649028 -0.018097231 0.995963871
1403636616713555456.000000 0.060010847 0.314314485 0.253178477 0.019806340 -0.085753426 -0.018019546 0.995956540
1403636616763555584.000000 0.060024984 0.314351290 0.253110558 0.019851265 -0.085685432 -0.018210104 0.995958030
1403636616813555456.000000 0.060013086 0.314305037 0.253343880 0.019781699 -0.085689589 -0.018115964 0.995960772
1403636616863555584.000000 0.059991207 0.314384997 0.253312409 0.019814076 -0.085728996 -0.018046554 0.995957971
1403636616913555456.000000 0.059937164 0.314305186 0.253378063 0.019837882 -0.085717373 -0.018092085 0.995957673
1403636616963555584.000000 0.059932690 0.314344913 0.253279895 0.019788001 -0.085635960 -0.018212775 0.995963514
1403636617013555456.000000 0.059987273 0.314339578 0.253177345 0.019776789 -0.085665390 -0.018103277 0.995963216
1403636617063555584.000000 0.060026143 0.314307034 0.253244132 0.019842368 -0.085737616 -0.018067904 0.995956302
1403636617113555456.000000 0.060038332 0.314308643 0.253221929 0.019811431 -0.085649326 -0.018156802 0.995962918
1403636617163555584.000000 0.060023140 0.314385206 0.253320366 0.019838894 -0.085644387 -0.018130548 0.995963275
1403636617213555456.000000 0.059968866 0.314344555 0.253182203 0.019840786 -0.085747689 -0.017986186 0.995956957
1403636617263555584.000000 0.060017314 0.314334005 0.253502160 0.019795179 -0.085660495 -0.018206194 0.995961368
1403636617313555456.000000 0.059962712 0.314377308 0.253307909 0.019810596 -0.085730165 -0.018048489 0.995957971
1403636617363555584.000000 0.060004670 0.314361513 0.253299564 0.019831493 -0.085746184 -0.018036751 0.995956361
1403636617413555456.000000 0.059960872 0.314378053 0.253230333 0.019819794 -0.085663125 -0.018093850 0.995962679
1403636617463555584.000000 0.059959840 0.314397871 0.253413916 0.019822391 -0.085662834 -0.018120829 0.995962143
1403636617513555456.000000 0.060013674 0.314323723 0.253146857 0.019844823 -0.085698307 -0.018152373 0.995958090
1403636617563555584.000000 0.060033619 0.314386249 0.253157705 0.019837052 -0.085731447 -0.018060932 0.995957077
1403636617613555456.000000 0.060072031 0.314345598 0.253334284 0.019827664 -0.085750014 -0.018013829 0.995956540
1403636617663555584.000000 0.060033046 0.314320892 0.253154546 0.019835981 -0.085747488 -0.018022027 0.995956421
1403636617713555456.000000 0.060044367 0.314354002 0.253164351 0.019837463 -0.085696310 -0.018062495 0.995960116
1403636617763555584.000000 0.059975766 0.314399213 0.253176689 0.019847516 -0.085737459 -0.018071661 0.995956123
1403636617813555456.000000 0.059951574 0.314354211 0.252963156 0.019804273 -0.085654728 -0.018144019 0.995962799
1403636617863555584.000000 0.059964210 0.314386576 0.253255844 0.019838680 -0.085717574 -0.017960953 0.995960057
1403636617913555456.000000 0.060051441 0.314362258 0.253256083 0.019811865 -0.085771456 -0.017994162 0.995955348
1403636617963555584.000000 0.060021393 0.314378887 0.253193915 0.019844383 -0.085693933 -0.018103989 0.995959342
1403636618013555456.000000 0.060045827 0.314319164 0.253197283 0.019839115 -0.085707940 -0.018113099 0.995958090
1403636618063555584.000000 0.059942309 0.314394087 0.253255725 0.019878695 -0.085676499 -0.018036379 0.995961428
1403636618113555456.000000 0.060015257 0.314372152 0.253047079 0.019831572 -0.085699849 -0.018139979 0.995958447
1403636618163555584.000000 0.059960265 0.314435750 0.253220499 0.019855613 -0.085747845 -0.018035958 0.995955706
1403636618213555456.000000 0.059994873 0.314346552 0.253212869 0.019835051 -0.085746385 -0.018129945 0.995954573
1403636618263555584.000000 0.060011201 0.314350188 0.253059059 0.019805439 -0.085756525 -0.018059460 0.995955527
1403636618313555456.000000 0.059963837 0.314309925 0.253169090 0.019805074 -0.085746348 -0.018092226 0.995955884
1403636618363555584.000000 0.060027771 0.314346403 0.253281593 0.019856060 -0.085718289 -0.018049445 0.995958030
1403636618413555456.000000 0.059916154 0.314315856 0.253134608 0.019813722 -0.085619733 -0.018204078 0.995964527
1403636618463555584.000000 0.060035501 0.314331234 0.253192514 0.019842086 -0.085717753 -0.018165240 0.995956302
1403636618513555456.000000 0.060022350 0.314333946 0.253443778 0.019783482 -0.086008109 -0.018252688 0.995930791
1403636618563555584.000000 0.059929278 0.314374059 0.253149688 0.019808900 -0.085928977 -0.018107971 0.995939791
1403636618613555456.000000 0.059867423 0.314354718 0.253169835 0.019789590 -0.085843265 -0.018123442 0.995947242
1403636618663555584.000000 0.059886727 0.314309895 0.253303885 0.019832730 -0.085785903 -0.018040134 0.995952845
1403636618713555456.000000 0.060014524 0.314407319 0.253459305 0.019890411 -0.085514352 -0.018185064 0.995972455
1403636618763555584.000000 0.059980843 0.314272940 0.252959937 0.019843658 -0.085668609 -0.018050583 0.995962501
1403636618813555456.000000 0.059920486 0.314376175 0.253186107 0.019828714 -0.085647270 -0.018007563 0.995965421
1403636618863555584.000000 0.059869193 0.314331442 0.253094494 0.019877139 -0.085706167 -0.018013578 0.995959342
1403636618913555456.000000 0.059901558 0.314279467 0.253212959 0.019746864 -0.086121239 -0.017816551 0.995929599
1403636618963555584.000000 0.059796106 0.314338326 0.253177524 0.019885045 -0.085998870 -0.018004239 0.995934129
1403636619013555456.000000 0.059844635 0.314283431 0.253271878 0.019828944 -0.085993193 -0.017896026 0.995937645
1403636619063555584.000000 0.059845027 0.314340413 0.253193974 0.019780852 -0.085838273 -0.018049151 0.995949209
1403636619113555456.000000 0.059879955 0.314288139 0.252951443 0.019816317 -0.085735552 -0.017824113 0.995961428
1403636619163555584.000000 0.059918758 0.314329624 0.253295064 0.019831447 -0.085678391 -0.017885217 0.995964944
1403636619213555456.000000 0.059934888 0.314280957 0.253375798 0.019883115 -0.085637271 -0.017727571 0.995970249
1403636619263555584.000000 0.059991416 0.314349413 0.253297031 0.019892879 -0.085608505 -0.017827999 0.995970786
1403636619313555456.000000 0.059917949 0.314318299 0.253261536 0.019849097 -0.085621409 -0.018082602 0.995965958
1403636619363555584.000000 0.059856519 0.314348012 0.253121823 0.019796971 -0.086007498 -0.018004470 0.995935082
1403636619413555456.000000 0.059891779 0.314310461 0.253066093 0.019883426 -0.086041123 -0.017972363 0.995931029
1403636619463555584.000000 0.059872787 0.314312339 0.252993584 0.019763101 -0.085976265 -0.018051188 0.995937586
1403636619513555456.000000 0.059886452 0.314293444 0.253195673 0.019824002 -0.085829832 -0.018061653 0.995948851
1403636619563555584.000000 0.059852269 0.314331472 0.253170222 0.019840790 -0.085729234 -0.017997444 0.995958328
1403636619613555456.000000 0.059876230 0.314323217 0.253239423 0.019858638 -0.085730687 -0.017991820 0.995957971
1403636619663555584.000000 0.059897032 0.314251602 0.253050447 0.019857021 -0.085714877 -0.017975567 0.995959640
1403636619713555456.000000 0.060009751 0.314310044 0.253315210 0.019895218 -0.085679933 -0.018006690 0.995961308
1403636619763555584.000000 0.059942625 0.314331710 0.253276885 0.019855820 -0.085666791 -0.017989626 0.995963573
1403636619813555456.000000 0.060068518 0.314378560 0.253421515 0.019879840 -0.085696712 -0.018056756 0.995959282
1403636619863555584.000000 0.059897169 0.314283729 0.253083318 0.019814054 -0.085618541 -0.018053742 0.995967388
1403636619913555456.000000 0.060040317 0.314263970 0.253135145 0.019836998 -0.085671127 -0.018091815 0.995961726
1403636619963555584.000000 0.059924796 0.314314932 0.253299445 0.019862492 -0.085726008 -0.017992396 0.995958269
1403636620013555456.000000 0.059962716 0.314300507 0.252968043 0.019798005 -0.085674740 -0.018052759 0.995962858
1403636620063555584.000000 0.059912726 0.314333677 0.253236413 0.019867802 -0.085588604 -0.018229730 0.995965660
1403636620113555456.000000 0.059953067 0.314325720 0.253468364 0.019859608 -0.085662894 -0.018269239 0.995958686
1403636620163555584.000000 0.059975334 0.314329654 0.253266841 0.019831708 -0.085649215 -0.018228570 0.995961189
1403636620213555456.000000 0.060054649 0.314287245 0.253276557 0.019792704 -0.085642152 -0.018227365 0.995962620
1403636620263555584.000000 0.059973408 0.314287812 0.253155738 0.019787820 -0.085669056 -0.018278560 0.995959461
1403636620313555456.000000 0.060086384 0.314333349 0.253358126 0.019824455 -0.085670188 -0.018157056 0.995960891
1403636620363555584.000000 0.060046148 0.314322531 0.253412932 0.019816261 -0.085664667 -0.018176122 0.995961130
1403636620413555456.000000 0.059965439 0.314298540 0.253208697 0.019810801 -0.085650072 -0.018197019 0.995962143
1403636620463555584.000000 0.059977107 0.314282209 0.253294289 0.019821525 -0.085688308 -0.018094582 0.995960474
1403636620513555456.000000 0.060041931 0.314323634 0.253225714 0.019835325 -0.085750252 -0.018053215 0.995955646
1403636620563555584.000000 0.060026199 0.314311445 0.253203362 0.019794824 -0.085688613 -0.018103048 0.995960832
1403636620613555456.000000 0.059954982 0.314287752 0.253389210 0.019812981 -0.085655823 -0.018141711 0.995962620
1403636620663555584.000000 0.059999134 0.314353377 0.253106982 0.019846572 -0.085610621 -0.018151093 0.995965660
1403636620713555456.000000 0.059994318 0.314329207 0.253323972 0.019825196 -0.085716486 -0.018056056 0.995958686
1403636620763555584.000000 0.060033083 0.314312816 0.253249347 0.019814614 -0.085656986 -0.018204832 0.995961308
1403636620813555456.000000 0.059982415 0.314257532 0.253213584 0.019819332 -0.085709773 -0.018088130 0.995958805
1403636620863555584.000000 0.059991032 0.314258665 0.253171086 0.019825187 -0.085620783 -0.018213753 0.995964050
1403636620913555456.000000 0.059999846 0.314270616 0.253283978 0.019820482 -0.085684486 -0.018098904 0.995960772
1403636620963555584.000000 0.060026165 0.314288974 0.253235608 0.019803768 -0.085676357 -0.018137187 0.995961130
1403636621013555456.000000 0.059951454 0.314294368 0.253377229 0.019876955 -0.085695341 -0.018124094 0.995958209
1403636621063555584.000000 0.060104944 0.314297855 0.253390431 0.019887250 -0.085555948 -0.018345624 0.995965958
1403636621113555456.000000 0.059985571 0.314263791 0.253295183 0.019843562 -0.085651293 -0.018054930 0.995963991
1403636621163555584.000000 0.060155459 0.314276814 0.253360212 0.019833177 -0.085626699 -0.018402809 0.995959938
1403636621213555456.000000 0.059948914 0.314266175 0.253393382 0.019889744 -0.085720651 -0.018055784 0.995957077
1403636621263555584.000000 0.060206115 0.314287633 0.253249407 0.019825604 -0.085623316 -0.018306125 0.995962143
1403636621313555456.000000 0.059991799 0.314282775 0.253224730 0.019830013 -0.085706957 -0.018086871 0.995958805
1403636621363555584.000000 0.060165565 0.314329952 0.253300548 0.019905793 -0.085669793 -0.018204154 0.995958388
1403636621413555456.000000 0.059905954 0.314288050 0.253113240 0.019819800 -0.085627720 -0.018108031 0.995965481
1403636621463555584.000000 0.060186207 0.314360082 0.253289640 0.019857977 -0.085641772 -0.018247208 0.995960951
1403636621513555456.000000 0.060060725 0.314284325 0.253140390 0.019827230 -0.085730605 -0.018063448 0.995957315
1403636621563555584.000000 0.060106538 0.314303041 0.253418028 0.019838311 -0.085592560 -0.018306823 0.995964468
1403636621613555456.000000 0.060070697 0.314330518 0.253399104 0.019871194 -0.085620210 -0.018270962 0.995962143
1403636621663555584.000000 0.060146991 0.314351022 0.253365308 0.019891836 -0.085721292 -0.018133976 0.995955527
1403636621713555456.000000 0.060021419 0.314256012 0.253123224 0.019828942 -0.085677341 -0.018063692 0.995961845
1403636621763555584.000000 0.060130004 0.314335883 0.253259361 0.019832095 -0.085646503 -0.018228224 0.995961428
1403636621813555456.000000 0.060031917 0.314259976 0.253169894 0.019806309 -0.085663274 -0.018074289 0.995963275
1403636621863555584.000000 0.060192406 0.314311087 0.253225744 0.019837873 -0.085729226 -0.018166665 0.995955348
1403636621913555456.000000 0.060140539 0.314331383 0.253316432 0.019851629 -0.085700445 -0.018150741 0.995957792
1403636621963555584.000000 0.060007066 0.314298064 0.253147364 0.019850273 -0.085729368 -0.018040523 0.995957375
1403636622013555456.000000 0.060058553 0.314329118 0.253564626 0.019839866 -0.085674398 -0.018229447 0.995958865
1403636622063555584.000000 0.060042962 0.314348996 0.253505528 0.019850412 -0.085635021 -0.018113932 0.995964110
1403636622113555456.000000 0.060121261 0.314315021 0.253308564 0.019838821 -0.085648432 -0.018219195 0.995961308
1403636622163555584.000000 0.060039677 0.314325094 0.253625751 0.019826282 -0.085670538 -0.018188456 0.995960236
1403636622213555456.000000 0.060081620 0.314342350 0.253382325 0.019882072 -0.085682817 -0.018149404 0.995958745
1403636622263555584.000000 0.060086727 0.314294636 0.253337085 0.019820366 -0.085666627 -0.018267674 0.995959222
1403636622313555456.000000 0.060136493 0.314328194 0.253404111 0.019851238 -0.085710965 -0.018112769 0.995957553
1403636622363555584.000000 0.060202718 0.314338237 0.253362775 0.019907797 -0.085718110 -0.018149743 0.995955169
1403636622413555456.000000 0.060127132 0.314311653 0.253362924 0.019860964 -0.085736841 -0.018140130 0.995954633
1403636622463555584.000000 0.060106102 0.314305037 0.253295034 0.019816939 -0.085667677 -0.018204346 0.995960295
1403636622513555456.000000 0.060076363 0.314292729 0.253183991 0.019803867 -0.085672036 -0.018140713 0.995961368
1403636622563555584.000000 0.060005508 0.314322978 0.253175437 0.019827470 -0.085629180 -0.018169979 0.995964110
1403636622613555456.000000 0.060131673 0.314396173 0.253393441 0.019860519 -0.085626185 -0.018192111 0.995963275
1403636622663555584.000000 0.060152043 0.314312667 0.253217518 0.019856773 -0.085691944 -0.018157968 0.995958269
1403636622713555456.000000 0.060168725 0.314330190 0.253415078 0.019885894 -0.085728608 -0.018097799 0.995955706
1403636622763555584.000000 0.060136087 0.314303011 0.253333986 0.019890575 -0.085731618 -0.018105691 0.995955169
1403636622813555456.000000 0.060173195 0.314326912 0.253482223 0.019883661 -0.085759297 -0.017934265 0.995956063
1403636622863555584.000000 0.060179912 0.314261734 0.253288299 0.019885182 -0.085575655 -0.018035265 0.995969951
1403636622913555456.000000 0.060205493 0.314214706 0.253405988 0.020012653 -0.085479386 -0.017911738 0.995977938
1403636622963555584.000000 0.060104199 0.314143270 0.253289282 0.019979106 -0.085350782 -0.018012661 0.995987773
1403636623013555456.000000 0.060142983 0.314069927 0.253352970 0.020088775 -0.085432611 -0.018025432 0.995978355
1403636623063555584.000000 0.060126450 0.314107597 0.253008574 0.020090632 -0.085434094 -0.018021030 0.995978296
1403636623113555456.000000 0.060157001 0.314134419 0.253119618 0.020209780 -0.085279129 -0.018253671 0.995984852
1403636623163555584.000000 0.060137447 0.314076573 0.253036201 0.020193674 -0.085301496 -0.018157700 0.995985031
1403636623213555456.000000 0.060119346 0.314096749 0.253239483 0.020119319 -0.085302368 -0.018204778 0.995985687
1403636623263555584.000000 0.060131002 0.314095140 0.253131598 0.020097539 -0.085303649 -0.018132048 0.995987296
1403636623313555456.000000 0.060132302 0.314062148 0.253158391 0.020175019 -0.085138097 -0.018433677 0.995994329
1403636623363555584.000000 0.060115125 0.314042866 0.253242761 0.020060860 -0.085224576 -0.017935492 0.995998383
1403636623413555456.000000 0.060273807 0.314022809 0.253239751 0.020187944 -0.085201494 -0.018265510 0.995991766
1403636623463555584.000000 0.060148939 0.314066947 0.253339261 0.020170018 -0.085139833 -0.018146094 0.995999575
1403636623513555456.000000 0.060335569 0.314083815 0.253510982 0.020144273 -0.085204713 -0.018090639 0.995995581
1403636623563555584.000000 0.060205363 0.314017743 0.253607661 0.020028507 -0.085114658 -0.017838767 0.996010125
1403636623613555456.000000 0.060373869 0.313955039 0.253674179 0.020034038 -0.085004941 -0.017870793 0.996018827
1403636623663555584.000000 0.060301945 0.314078361 0.253629893 0.019960683 -0.085026875 -0.017873835 0.996018350
1403636623713555456.000000 0.060391910 0.314024687 0.253565222 0.020046441 -0.084874876 -0.017801976 0.996030927
1403636623763555584.000000 0.060316011 0.313987762 0.253436625 0.020077383 -0.084636278 -0.017703207 0.996052325
1403636623813555456.000000 0.060456667 0.313945532 0.253450394 0.019776691 -0.084531412 -0.017565707 0.996069670
1403636623863555584.000000 0.060424861 0.313973159 0.253300279 0.019900177 -0.084314182 -0.017323870 0.996089876
1403636623913555456.000000 0.060534719 0.314103633 0.253759414 0.019788789 -0.084216893 -0.017357716 0.996099770
1403636623963555584.000000 0.060337603 0.314009637 0.253474504 0.019646272 -0.083947293 -0.017221745 0.996127605
1403636624013555456.000000 0.060495473 0.313955754 0.253305972 0.019731523 -0.083902024 -0.017626222 0.996122718
1403636624063555584.000000 0.060445484 0.313987404 0.253347456 0.019711701 -0.083756916 -0.017424064 0.996138871
1403636624113555456.000000 0.060420878 0.313922852 0.253419608 0.019313114 -0.082971767 -0.017676702 0.996207952
1403636624163555584.000000 0.060459971 0.313813686 0.253551155 0.019072618 -0.082870908 -0.017011533 0.996232569
1403636624213555456.000000 0.060605586 0.313846022 0.253523052 0.018866712 -0.082817152 -0.017090730 0.996239603
1403636624263555584.000000 0.060731322 0.313879251 0.253469199 0.018670101 -0.082924798 -0.017201643 0.996232450
1403636624313555456.000000 0.061019585 0.314015627 0.253112316 0.015971839 -0.081682988 -0.017965138 0.996368527
1403636624363555584.000000 0.062313899 0.314498991 0.252372593 0.011264121 -0.080341451 -0.018543908 0.996531308
1403636624413555456.000000 0.064261347 0.314954460 0.251244485 0.007809317 -0.078488812 -0.019414244 0.996695399
1403636624463555584.000000 0.066879518 0.315395504 0.249394059 0.002950970 -0.077116758 -0.018746017 0.996841490
1403636624513555456.000000 0.070254356 0.316120297 0.247457832 -0.001675592 -0.075167812 -0.019118404 0.996986270
1403636624563555584.000000 0.073604621 0.316614002 0.245251834 -0.004890684 -0.073283233 -0.019503653 0.997108519
1403636624613555456.000000 0.077963538 0.317167133 0.242545664 -0.005812125 -0.071773171 -0.021157961 0.997179687
1403636624663555584.000000 0.083107792 0.317713559 0.240671724 -0.003718115 -0.070634179 -0.023183158 0.997226000
1403636624713555456.000000 0.089238532 0.320012540 0.236710131 -0.003191661 -0.068895362 -0.027792424 0.997231603
1403636624763555584.000000 0.095611118 0.321333468 0.232668921 -0.000524349 -0.068044350 -0.030290551 0.997222245
1403636624813555456.000000 0.103166752 0.323434621 0.228621617 -0.003653486 -0.065882668 -0.037623275 0.997111142
1403636624863555584.000000 0.111430459 0.323981762 0.222214073 -0.007256773 -0.063795172 -0.044752270 0.996932685
1403636624913555456.000000 0.120079972 0.323564351 0.215200752 -0.013657452 -0.061461613 -0.052641608 0.996626735
1403636624963555584.000000 0.127971202 0.320738614 0.206758812 -0.019939596 -0.059176777 -0.060552992 0.996209800
1403636625013555456.000000 0.135538414 0.315612137 0.197110891 -0.025724301 -0.057857946 -0.066180997 0.995796621
1403636625063555584.000000 0.140295655 0.308606237 0.187956691 -0.031741690 -0.056412872 -0.070050091 0.995441139
1403636625113555456.000000 0.144587636 0.299446404 0.178755492 -0.036980428 -0.056748062 -0.070577264 0.995204031
1403636625163555584.000000 0.147219017 0.288055420 0.170024753 -0.039747369 -0.058242805 -0.066596128 0.995285392
1403636625213555456.000000 0.148654252 0.274364173 0.161548227 -0.038395260 -0.060143139 -0.062164821 0.995512068
1403636625263555584.000000 0.149214268 0.260923475 0.155124843 -0.034757927 -0.061499260 -0.058928981 0.995759547
1403636625313555456.000000 0.149723977 0.249557212 0.150132477 -0.030934650 -0.063192628 -0.056239948 0.995935142
1403636625363555584.000000 0.150452971 0.243486375 0.147199005 -0.028830243 -0.065014534 -0.053903259 0.996010303
1403636625413555456.000000 0.150793687 0.242431492 0.146306455 -0.030303922 -0.065421090 -0.054206848 0.995923400
1403636625463555584.000000 0.150431857 0.245032653 0.147193938 -0.033502363 -0.065769568 -0.054700490 0.995771050
1403636625513555456.000000 0.150732696 0.248689085 0.148731858 -0.034942947 -0.066312745 -0.054771062 0.995681584
1403636625563555584.000000 0.149963215 0.252141863 0.151964962 -0.036201090 -0.066578157 -0.055559218 0.995575249
1403636625613555456.000000 0.148901239 0.253245980 0.155682862 -0.036095854 -0.066950433 -0.056540500 0.995498836
1403636625663555584.000000 0.147395074 0.249972358 0.159187257 -0.034383636 -0.067411534 -0.057367221 0.995481014
1403636625713555456.000000 0.144589782 0.241804808 0.162520990 -0.031463381 -0.068577811 -0.056400180 0.995553195
1403636625763555584.000000 0.141209528 0.228864938 0.164886624 -0.026240876 -0.069123685 -0.056288190 0.995673120
1403636625813555456.000000 0.137212649 0.212300971 0.166296899 -0.021090584 -0.069770493 -0.055607866 0.995788634
1403636625863555584.000000 0.133075818 0.192181900 0.168034866 -0.015158137 -0.071102038 -0.053889155 0.995896995
1403636625913555456.000000 0.127890661 0.168457195 0.169315919 -0.011516472 -0.071992412 -0.052220929 0.995970607
1403636625963555584.000000 0.123614922 0.142041072 0.168803424 -0.008695940 -0.072836287 -0.051475320 0.995976686
1403636626013555456.000000 0.117946640 0.116910145 0.168545157 -0.006303954 -0.073324934 -0.050707538 0.995998263
1403636626063555584.000000 0.112707034 0.091587089 0.168511763 -0.005124725 -0.075007521 -0.046630077 0.996078968
1403636626113555456.000000 0.108140022 0.066096522 0.167399719 -0.005109184 -0.077073328 -0.041485507 0.996148884
1403636626163555584.000000 0.102801926 0.043484896 0.166722253 -0.004497030 -0.078777865 -0.036803633 0.996202469
1403636626213555456.000000 0.099264704 0.022549232 0.166370481 -0.004297408 -0.080323353 -0.032579385 0.996227026
1403636626263555584.000000 0.097229086 0.005257055 0.169085801 -0.004146799 -0.081497215 -0.029687708 0.996222734
1403636626313555456.000000 0.096100882 -0.009283095 0.165666118 -0.004208582 -0.081962191 -0.029021114 0.996203959
1403636626363555584.000000 0.096097782 -0.018812701 0.169076055 -0.003835557 -0.082042664 -0.029162278 0.996194720
1403636626413555456.000000 0.096636958 -0.025854217 0.173289627 -0.003211468 -0.081663355 -0.030652259 0.996183336
1403636626463555584.000000 0.097321950 -0.031148035 0.173258573 -0.002115807 -0.080841765 -0.033713438 0.996154368
1403636626513555456.000000 0.101223551 -0.035270017 0.178876877 0.001533654 -0.080288939 -0.037033495 0.996082246
1403636626563555584.000000 0.105111547 -0.037667330 0.181371927 0.005547069 -0.079739057 -0.040825292 0.995963991
1403636626613555456.000000 0.108614855 -0.038098518 0.185359120 0.009266115 -0.079376593 -0.044128072 0.995824397
1403636626663555584.000000 0.112417549 -0.038498513 0.185721144 0.012165123 -0.079223543 -0.047321636 0.995658755
1403636626713555456.000000 0.118687265 -0.037323717 0.187236011 0.011976792 -0.079853274 -0.048618380 0.995548248
1403636626763555584.000000 0.123988636 -0.034949366 0.188795075 0.009495322 -0.080860905 -0.049296781 0.995460272
1403636626813555456.000000 0.127613634 -0.031390421 0.185391381 0.006673954 -0.081150025 -0.050279371 0.995410562
1403636626863555584.000000 0.135001436 -0.026908532 0.185956702 0.002721176 -0.082080036 -0.050893627 0.995321751
1403636626913555456.000000 0.142049894 -0.020560579 0.184662715 -0.001393859 -0.082436599 -0.051520050 0.995262742
1403636626963555584.000000 0.146010041 -0.013724694 0.181127280 -0.006142704 -0.082051486 -0.052716676 0.995213926
1403636627013555456.000000 0.151622251 -0.005910990 0.180515632 -0.010329287 -0.082017712 -0.053315513 0.995150149
1403636627063555584.000000 0.156416863 0.000836930 0.177599043 -0.014470281 -0.081511073 -0.054428343 0.995079935
1403636627113555456.000000 0.162104145 0.005547388 0.173779190 -0.019336306 -0.081582338 -0.054719664 0.994975448
1403636627163555584.000000 0.166088268 0.006892570 0.170275927 -0.018352959 -0.081728481 -0.054662425 0.994985282
1403636627213555456.000000 0.171566024 0.005847923 0.168424562 -0.015528363 -0.082036205 -0.054643910 0.995009005
1403636627263555584.000000 0.175543025 0.002409945 0.165839478 -0.011396824 -0.082195707 -0.054640893 0.995051920
1403636627313555456.000000 0.179620981 -0.004262082 0.160159290 -0.008280554 -0.083068937 -0.053229012 0.995086789
1403636627363555584.000000 0.183647111 -0.011747882 0.155781701 -0.006916834 -0.083492741 -0.052119151 0.995120466
1403636627413555456.000000 0.188321978 -0.021294214 0.150155455 -0.006505973 -0.083986983 -0.051247701 0.995126903
1403636627463555584.000000 0.191043496 -0.035001557 0.140401259 -0.005779969 -0.083741799 -0.049714636 0.995229840
1403636627513555456.000000 0.195949152 -0.045916583 0.134110257 -0.006725743 -0.082102418 -0.047863904 0.995451152
1403636627563555584.000000 0.201554373 -0.055226270 0.125964344 -0.007801446 -0.078904092 -0.045753274 0.995801151
1403636627613555456.000000 0.207202002 -0.060006868 0.122742742 -0.009253031 -0.074866690 -0.044225611 0.996169388
1403636627663555584.000000 0.213388860 -0.059690122 0.119947642 -0.012006798 -0.071220174 -0.043568771 0.996436298
1403636627713555456.000000 0.219737962 -0.056948304 0.115212351 -0.017058816 -0.066334121 -0.042605545 0.996741474
1403636627763555584.000000 0.225813240 -0.050884712 0.113067701 -0.022837624 -0.060380198 -0.042148657 0.997023642
1403636627813555456.000000 0.233538881 -0.044298768 0.112985656 -0.028279899 -0.053968251 -0.041484091 0.997279704
1403636627863555584.000000 0.240771204 -0.037515417 0.113572292 -0.033420347 -0.046989392 -0.040294014 0.997522712
1403636627913555456.000000 0.248064682 -0.032000218 0.114107013 -0.038320195 -0.041239921 -0.039899487 0.997616649
1403636627963555584.000000 0.254449725 -0.029642113 0.115842015 -0.041053250 -0.036131166 -0.039760832 0.997711539
1403636628013555456.000000 0.260783851 -0.030345423 0.118165210 -0.041928679 -0.031782471 -0.039188564 0.997845769
1403636628063555584.000000 0.266978741 -0.033496406 0.122144938 -0.039641283 -0.028721372 -0.038258575 0.998068154
1403636628113555456.000000 0.272337556 -0.041365128 0.124344811 -0.033142015 -0.026173996 -0.037043635 0.998420894
1403636628163555584.000000 0.277042449 -0.052025035 0.127300411 -0.024062838 -0.024504308 -0.034684397 0.998808086
1403636628213555456.000000 0.281453520 -0.062775932 0.132796854 -0.015577859 -0.023584951 -0.031917196 0.999090791
1403636628263555584.000000 0.284597665 -0.076221108 0.136132821 -0.009518903 -0.023168581 -0.027743824 0.999301195
1403636628313555456.000000 0.289457053 -0.090636492 0.138595209 -0.005453837 -0.023917891 -0.022798060 0.999439061
1403636628363555584.000000 0.295132250 -0.105609715 0.141422406 -0.003839625 -0.024316166 -0.020251185 0.999491811
1403636628413555456.000000 0.300300986 -0.118281879 0.144740552 -0.003444574 -0.024807634 -0.017719427 0.999529302
1403636628463555584.000000 0.305904061 -0.131072074 0.147465631 -0.003354665 -0.025268329 -0.016459389 0.999539554
1403636628513555456.000000 0.313133329 -0.138199195 0.152855292 -0.003517687 -0.026053561 -0.015481437 0.999534488
1403636628563555584.000000 0.320144147 -0.148543328 0.152818814 -0.004495330 -0.026774611 -0.014448157 0.999526978
1403636628613555456.000000 0.328769803 -0.156673253 0.154625192 -0.005179307 -0.028003065 -0.013757451 0.999499798
1403636628663555584.000000 0.339051574 -0.162612468 0.157057270 -0.005398498 -0.028715128 -0.013948522 0.999475777
1403636628713555456.000000 0.348758548 -0.166267335 0.160591051 -0.005473186 -0.027344603 -0.015643384 0.999488711
1403636628763555584.000000 0.361534655 -0.169171333 0.162616208 -0.007902402 -0.024169778 -0.018266127 0.999509811
1403636628813555456.000000 0.374685317 -0.169064403 0.167542487 -0.011296979 -0.019700870 -0.020715946 0.999527454
1403636628863555584.000000 0.389256567 -0.168027967 0.172871083 -0.015507624 -0.015065328 -0.022331808 0.999516845
1403636628913555456.000000 0.402598053 -0.168962121 0.176160485 -0.019661423 -0.010554301 -0.023350621 0.999478281
1403636628963555584.000000 0.416658074 -0.170464501 0.180587992 -0.023188604 -0.007055059 -0.023616966 0.999427259
1403636629013555456.000000 0.428610474 -0.175607100 0.185590491 -0.026079683 -0.004062170 -0.023518505 0.999374926
1403636629063555584.000000 0.444508702 -0.184106126 0.189673170 -0.027665081 -0.001193710 -0.023048341 0.999350846
1403636629113555456.000000 0.455491275 -0.191325590 0.193096414 -0.027861949 0.002201851 -0.023581926 0.999331176
1403636629163555584.000000 0.470081002 -0.200793490 0.197677881 -0.028178314 0.006241628 -0.021925773 0.999342918
1403636629213555456.000000 0.483873338 -0.208394960 0.205466688 -0.026997343 0.011680021 -0.020309037 0.999360979
1403636629263555584.000000 0.498273641 -0.215125099 0.211653054 -0.024987577 0.016686734 -0.018339576 0.999380291
1403636629313555456.000000 0.511388421 -0.222186849 0.219662279 -0.022719773 0.020954894 -0.015348591 0.999404430
1403636629363555584.000000 0.523157179 -0.227386937 0.229285792 -0.020158954 0.024388125 -0.011888915 0.999428630
1403636629413555456.000000 0.541647613 -0.234363601 0.237719148 -0.017358078 0.026527315 -0.007225902 0.999471247
1403636629463555584.000000 0.555973828 -0.236964792 0.248424351 -0.013558886 0.030415583 -0.001565208 0.999444187
1403636629513555456.000000 0.571201205 -0.237530813 0.257323951 -0.011300563 0.035510246 0.003512523 0.999299288
1403636629563555584.000000 0.586195588 -0.236827686 0.268351912 -0.011706603 0.041843262 0.007668282 0.999026179
1403636629613555456.000000 0.604454339 -0.232603446 0.280005157 -0.014407047 0.050379053 0.010225206 0.998573959
1403636629663555584.000000 0.624454379 -0.225977406 0.291721553 -0.019227317 0.059296660 0.012411201 0.997978091
1403636629713555456.000000 0.642885983 -0.222985700 0.302254945 -0.024489703 0.069568291 0.013762644 0.997181594
1403636629763555584.000000 0.663341641 -0.214255497 0.319626331 -0.028698698 0.080433801 0.015706569 0.996222973
1403636629813555456.000000 0.682692051 -0.207878366 0.336980402 -0.031732041 0.091910914 0.018349046 0.995092392
1403636629863555584.000000 0.706204176 -0.201012284 0.348450333 -0.034232739 0.102908373 0.021530544 0.993868470
1403636629913555456.000000 0.726420879 -0.194676727 0.367223233 -0.035897255 0.113312230 0.025033852 0.992595077
1403636629963555584.000000 0.748920321 -0.187908202 0.385052383 -0.036309406 0.122550488 0.027074246 0.991428256
1403636630013555456.000000 0.769859314 -0.187834427 0.402578950 -0.036412466 0.130185366 0.028932691 0.990398288
1403636630063555584.000000 0.792986274 -0.187923089 0.420115054 -0.034464862 0.136323333 0.030477230 0.989595532
1403636630113555456.000000 0.816417038 -0.191584393 0.436018407 -0.029819122 0.141544491 0.031513337 0.988980770
1403636630163555584.000000 0.837855518 -0.197041824 0.455631256 -0.022643059 0.146071017 0.032214563 0.988490164
1403636630213555456.000000 0.860192239 -0.204533324 0.471863478 -0.015799431 0.150019541 0.032087397 0.988035977
1403636630263555584.000000 0.882960618 -0.212976411 0.490180165 -0.009704241 0.152867511 0.032338332 0.987669766
1403636630313555456.000000 0.905334413 -0.221635371 0.508758724 -0.005968572 0.155045390 0.032087639 0.987368047
1403636630363555584.000000 0.925433278 -0.233114839 0.526015043 -0.006635414 0.156452060 0.032040279 0.987143457
1403636630413555456.000000 0.949512482 -0.246335343 0.541398168 -0.008001965 0.157012001 0.032151368 0.987040818
1403636630463555584.000000 0.973645627 -0.258242279 0.554831088 -0.011018709 0.157223120 0.030991474 0.987015188
1403636630513555456.000000 0.996136069 -0.269083381 0.567509174 -0.012286148 0.157052189 0.029795581 0.987064302
1403636630563555584.000000 1.018342614 -0.285934687 0.580929816 -0.014523436 0.157066241 0.026777048 0.987118185
1403636630613555456.000000 1.038960457 -0.299690485 0.598455310 -0.015000795 0.156703591 0.024021816 0.987239540
1403636630663555584.000000 1.059791923 -0.317283094 0.611870706 -0.016866395 0.155795783 0.021593723 0.987409174
1403636630713555456.000000 1.080875158 -0.329545826 0.625237823 -0.017763361 0.154647723 0.020169212 0.987604082
1403636630763555584.000000 1.105083585 -0.341565013 0.639661252 -0.017418630 0.152661949 0.020993775 0.987901926
1403636630813555456.000000 1.122766972 -0.351969332 0.658186555 -0.017902600 0.150815755 0.022343596 0.988147199
1403636630863555584.000000 1.143084407 -0.362122267 0.676098466 -0.017810462 0.149031535 0.023717990 0.988387525
1403636630913555456.000000 1.161722302 -0.370928288 0.691190958 -0.017520865 0.147143021 0.025202904 0.988638818
1403636630963555584.000000 1.179745674 -0.380803198 0.719021738 -0.017445594 0.146021962 0.026308468 0.988777637
1403636631013555456.000000 1.199099779 -0.383673489 0.740198195 -0.016986066 0.145309031 0.026849523 0.988876104
1403636631063555584.000000 1.216236949 -0.391331524 0.759318173 -0.016076446 0.144501641 0.026876384 0.989008904
1403636631113555456.000000 1.235335231 -0.398941278 0.782718599 -0.014498743 0.144120917 0.026683703 0.989094019
1403636631163555584.000000 1.257915020 -0.402170509 0.797660589 -0.012770398 0.143455133 0.026687291 0.989214540
1403636631213555456.000000 1.275840402 -0.405421138 0.818550229 -0.010633537 0.142880470 0.026539380 0.989326954
1403636631263555584.000000 1.294361591 -0.412148714 0.837160945 -0.009556171 0.142798290 0.025424616 0.989379048
1403636631313555456.000000 1.312564611 -0.415513247 0.857817948 -0.009471492 0.142269135 0.025707239 0.989448845
1403636631363555584.000000 1.332167506 -0.418787479 0.878017843 -0.009573176 0.142036721 0.025010392 0.989499092
1403636631413555456.000000 1.351657629 -0.418895036 0.900096416 -0.009461567 0.141481653 0.024974469 0.989580572
1403636631463555584.000000 1.367982864 -0.416876197 0.924104154 -0.009618263 0.141465202 0.024113966 0.989602745
1403636631513555456.000000 1.387514234 -0.415723145 0.943618655 -0.009978217 0.141181394 0.022812998 0.989670634
1403636631563555584.000000 1.405919909 -0.412057936 0.967471421 -0.009801183 0.141129881 0.021370040 0.989711881
1403636631613555456.000000 1.424664021 -0.409825176 0.986319363 -0.010275941 0.140794128 0.019950546 0.989784539
1403636631663555584.000000 1.442056894 -0.408635855 1.009661913 -0.011026291 0.140207961 0.018941231 0.989879489
1403636631713555456.000000 1.459863067 -0.409531713 1.030183077 -0.011367801 0.139764652 0.018484088 0.989946961
1403636631763555584.000000 1.475466013 -0.411070317 1.053221822 -0.011911929 0.139580622 0.017702073 0.989980817
1403636631813555456.000000 1.495392442 -0.412640661 1.066867709 -0.011510146 0.138597190 0.017455628 0.990128100
1403636631863555584.000000 1.507039428 -0.421346486 1.091651320 -0.012489916 0.139105305 0.015910154 0.990071058
1403636631913555456.000000 1.526723862 -0.424971849 1.107469440 -0.013439686 0.138762042 0.015233462 0.990117371
1403636631963555584.000000 1.540625930 -0.430978298 1.130522013 -0.013828219 0.138985470 0.014542614 0.990091145
1403636632013555456.000000 1.553940058 -0.438157976 1.145297647 -0.013557885 0.139073864 0.014704430 0.990080059
1403636632063555584.000000 1.566310406 -0.445099205 1.166550636 -0.011994801 0.139597356 0.014162729 0.990034401
1403636632113555456.000000 1.577104449 -0.454873145 1.188218117 -0.010687574 0.140315786 0.012572270 0.989969313
1403636632163555584.000000 1.590977430 -0.461529225 1.205906868 -0.009284467 0.141826257 0.009652182 0.989800990
1403636632213555456.000000 1.605380058 -0.471603245 1.225962162 -0.009925360 0.142404795 0.008569594 0.989721715
1403636632263555584.000000 1.616641641 -0.474035412 1.242248654 -0.008794401 0.142661303 0.009645162 0.989685535
1403636632313555456.000000 1.627462864 -0.479832739 1.252955198 -0.008675446 0.142804697 0.010889706 0.989652991
1403636632363555584.000000 1.634171009 -0.486801863 1.278746963 -0.008522257 0.143206358 0.011554522 0.989588737
1403636632413555456.000000 1.648072720 -0.486233294 1.296207428 -0.009269847 0.143329173 0.012345299 0.989554703
1403636632463555584.000000 1.652691603 -0.484346628 1.319905043 -0.011886406 0.142895877 0.015619794 0.989543140
1403636632513555456.000000 1.659887314 -0.485308170 1.340500355 -0.015142546 0.140380070 0.019396644 0.989791870
1403636632563555584.000000 1.668083787 -0.477915615 1.362226248 -0.019812591 0.136027187 0.024812335 0.990196168
1403636632613555456.000000 1.673379421 -0.478666395 1.383905530 -0.024778673 0.130534470 0.028996490 0.990709841
1403636632663555584.000000 1.682090998 -0.476062566 1.407540560 -0.028307173 0.123711914 0.031204512 0.991423428
1403636632713555456.000000 1.691111088 -0.468268722 1.427935362 -0.030056881 0.115279838 0.031721260 0.992371380
1403636632763555584.000000 1.699053526 -0.467851400 1.454582930 -0.031215837 0.105973817 0.030300470 0.993416846
1403636632813555456.000000 1.706734300 -0.468172193 1.469025373 -0.030685401 0.095794134 0.025282437 0.994606853
1403636632863555584.000000 1.714110255 -0.470598698 1.493041873 -0.027819518 0.085966006 0.017020628 0.995764196
1403636632913555456.000000 1.727084041 -0.475139678 1.513498902 -0.023650857 0.075575322 0.008181280 0.996825993
1403636632963555584.000000 1.737618208 -0.481436312 1.534857154 -0.021023877 0.066764235 0.000028155 0.997547328
1403636633013555456.000000 1.746841669 -0.488680452 1.558066130 -0.018611297 0.059082609 -0.007266491 0.998053193
1403636633063555584.000000 1.758286595 -0.497871637 1.582675815 -0.018031400 0.051844738 -0.012832856 0.998409927
1403636633113555456.000000 1.769734740 -0.505403340 1.603884339 -0.017090086 0.045421440 -0.016262950 0.998689353
1403636633163555584.000000 1.780271649 -0.514705837 1.625745535 -0.017103851 0.040093951 -0.019537652 0.998858511
1403636633213555456.000000 1.787596703 -0.521999598 1.650027037 -0.017102774 0.035909094 -0.021324359 0.998981178
1403636633263555584.000000 1.797195315 -0.526248038 1.677250147 -0.018272758 0.032066416 -0.021344205 0.999090791
1403636633313555456.000000 1.805793405 -0.530611575 1.700177073 -0.019679938 0.029049488 -0.020636603 0.999171138
1403636633363555584.000000 1.814331293 -0.534293890 1.728812099 -0.021582272 0.026272414 -0.018453874 0.999251485
1403636633413555456.000000 1.821802616 -0.535534561 1.756305337 -0.023679912 0.024788611 -0.016396277 0.999277771
1403636633463555584.000000 1.828603864 -0.538208365 1.785356402 -0.025694897 0.023789626 -0.014210056 0.999285698
1403636633513555456.000000 1.838952303 -0.538642943 1.812100649 -0.027248595 0.023468122 -0.013089410 0.999267519
1403636633563555584.000000 1.848644733 -0.535495043 1.844104528 -0.028738555 0.023813579 -0.011420022 0.999238014
1403636633613555456.000000 1.859537244 -0.535910487 1.871752620 -0.030850695 0.024341868 -0.010600789 0.999171376
1403636633663555584.000000 1.866572142 -0.537540436 1.903680086 -0.032249853 0.026168704 -0.010133900 0.999085844
1403636633713555456.000000 1.876613021 -0.540471792 1.933461189 -0.031909529 0.027616715 -0.009397448 0.999064982
1403636633763555584.000000 1.887630582 -0.543921530 1.964639068 -0.030927004 0.028664965 -0.008097631 0.999077737
1403636633813555456.000000 1.898143053 -0.556782246 1.994895458 -0.031363152 0.029936813 -0.007438425 0.999031961
1403636633863555584.000000 1.905557513 -0.567115903 2.026601791 -0.030184904 0.031170795 -0.005395488 0.999043703
1403636633913555456.000000 1.917598248 -0.578548908 2.054593325 -0.029082537 0.031063456 -0.001503036 0.999093175
1403636633963555584.000000 1.929291487 -0.591151357 2.087937593 -0.027155392 0.031165604 0.003090208 0.999140501
1403636634013555456.000000 1.934674144 -0.606744885 2.128060818 -0.025826305 0.032154106 0.006565811 0.999127686
1403636634063555584.000000 1.950493693 -0.614038408 2.151665211 -0.025183536 0.032447241 0.008984684 0.999115765
1403636634113555456.000000 1.965878606 -0.622921288 2.185820818 -0.025425190 0.032059859 0.009696215 0.999115467
1403636634163555584.000000 1.978108764 -0.634139538 2.216454029 -0.026824141 0.032128558 0.008333420 0.999089062
1403636634213555456.000000 1.993280768 -0.647684515 2.250227690 -0.028263614 0.032534670 0.005300058 0.999056876
1403636634263555584.000000 2.012078285 -0.660420239 2.280417204 -0.027763903 0.032951672 0.000953277 0.999070823
1403636634313555456.000000 2.026522398 -0.677830756 2.317553043 -0.024688201 0.033338826 -0.002717862 0.999135435
1403636634363555584.000000 2.042391300 -0.695498765 2.351556778 -0.020129388 0.033491805 -0.006035063 0.999218047
1403636634413555456.000000 2.058223486 -0.711018205 2.386901140 -0.015573013 0.033568896 -0.009269421 0.999272108
1403636634463555584.000000 2.075007439 -0.725213885 2.420318127 -0.012671513 0.033441287 -0.011673506 0.999292254
1403636634513555456.000000 2.091359854 -0.739374340 2.456697226 -0.009270088 0.032875590 -0.013347466 0.999327362
1403636634563555584.000000 2.108472586 -0.751659036 2.490735531 -0.007129203 0.032124098 -0.014751922 0.999349594
1403636634613555456.000000 2.121650934 -0.761091352 2.528597593 -0.006015962 0.031044837 -0.016629022 0.999361515
1403636634663555584.000000 2.137203693 -0.767479241 2.563712358 -0.005111599 0.027757321 -0.018905453 0.999422848
1403636634713555456.000000 2.153072596 -0.778483629 2.595963240 -0.005094264 0.024337918 -0.022244461 0.999443352
1403636634763555584.000000 2.167976379 -0.781758785 2.630101681 -0.006402679 0.020689502 -0.023779549 0.999482632
1403636634813555456.000000 2.178852320 -0.794368446 2.662948847 -0.008912817 0.017426223 -0.024971629 0.999496579
1403636634863555584.000000 2.190519571 -0.806049645 2.697659969 -0.011296161 0.014338336 -0.025810519 0.999500215
1403636634913555456.000000 2.205942869 -0.816220284 2.727073193 -0.012581402 0.010566383 -0.026503801 0.999513686
1403636634963555584.000000 2.220327377 -0.830560982 2.757709026 -0.015316129 0.007501529 -0.028196944 0.999456942
1403636635013555456.000000 2.234325171 -0.842478096 2.786806822 -0.015423713 0.004717503 -0.029846638 0.999424398
1403636635063555584.000000 2.244375706 -0.858084917 2.814533234 -0.017091066 0.002789506 -0.031467240 0.999354780
1403636635113555456.000000 2.260300875 -0.869798362 2.843638182 -0.018239755 0.000642907 -0.032563530 0.999303043
1403636635163555584.000000 2.268557072 -0.881657779 2.875521421 -0.019344507 -0.000637003 -0.032921005 0.999270558
1403636635213555456.000000 2.279467106 -0.892965257 2.908835411 -0.021116735 -0.002149779 -0.033342194 0.999218583
1403636635263555584.000000 2.288018703 -0.901406169 2.940278292 -0.021841493 -0.004110127 -0.031401642 0.999259770
1403636635313555456.000000 2.298946857 -0.909722149 2.972280264 -0.023435365 -0.005793673 -0.029537536 0.999272108
1403636635363555584.000000 2.307361126 -0.917027473 3.006440163 -0.025179766 -0.007564852 -0.025620244 0.999325991
1403636635413555456.000000 2.319074631 -0.927973151 3.039654970 -0.026694944 -0.009054087 -0.024450352 0.999303579
1403636635463555584.000000 2.327623844 -0.938054740 3.076111078 -0.026391428 -0.009518859 -0.022816019 0.999345958
1403636635513555456.000000 2.338907719 -0.947744071 3.106325388 -0.026529735 -0.010800671 -0.019790987 0.999393761
1403636635563555584.000000 2.349458456 -0.961641371 3.138446331 -0.026620323 -0.010906039 -0.018956374 0.999406338
1403636635613555456.000000 2.359415531 -0.977817357 3.174460888 -0.025994660 -0.011026283 -0.017719960 0.999444187
1403636635663555584.000000 2.371074438 -0.996295333 3.207887888 -0.025176009 -0.010901994 -0.016932089 0.999480247
1403636635713555456.000000 2.383317947 -1.015349388 3.241111279 -0.023821937 -0.010665335 -0.016309777 0.999526262
1403636635763555584.000000 2.394698858 -1.036795974 3.274231911 -0.020457819 -0.010735008 -0.013835263 0.999637365
1403636635813555456.000000 2.404843330 -1.063909054 3.308928251 -0.016734969 -0.011416489 -0.009877811 0.999746025
1403636635863555584.000000 2.420452595 -1.090143919 3.339831591 -0.014210190 -0.012114652 -0.006030537 0.999807537
1403636635913555456.000000 2.434340477 -1.115720034 3.371322155 -0.015574107 -0.012857103 -0.002396756 0.999793231
1403636635963555584.000000 2.448895454 -1.141888618 3.404347420 -0.018857343 -0.012471172 -0.001562455 0.999743223
1403636636013555456.000000 2.463768005 -1.168207765 3.437199831 -0.024339147 -0.011187624 -0.003836290 0.999633789
1403636636063555584.000000 2.482365370 -1.193955541 3.470701694 -0.028535163 -0.009379244 -0.008048368 0.999516428
1403636636113555456.000000 2.498871088 -1.217213750 3.504769564 -0.031209450 -0.007377192 -0.012894677 0.999402463
1403636636163555584.000000 2.515619755 -1.243680000 3.539579391 -0.029778553 -0.005751168 -0.017379541 0.999388933
1403636636213555456.000000 2.534374237 -1.270509243 3.573476076 -0.024525907 -0.004526376 -0.022137024 0.999443889
1403636636263555584.000000 2.552352905 -1.295640588 3.596230030 -0.018140215 -0.003850805 -0.024877183 0.999518514
1403636636313555456.000000 2.571185827 -1.328091145 3.629539013 -0.012857739 -0.003317591 -0.026821816 0.999552071
1403636636363555584.000000 2.588165760 -1.359398484 3.664689064 -0.006034154 -0.002624792 -0.028410470 0.999574721
1403636636413555456.000000 2.606853485 -1.390369654 3.695883274 0.002569746 -0.002662882 -0.029289169 0.999564171
1403636636463555584.000000 2.622300863 -1.417469382 3.730515003 0.009694509 -0.002472959 -0.029943690 0.999501586
1403636636513555456.000000 2.640133381 -1.444461584 3.761322737 0.012321387 -0.001355793 -0.033254068 0.999370039
1403636636563555584.000000 2.660122633 -1.466522336 3.790150881 0.013610701 -0.000543279 -0.036420070 0.999243796
1403636636613555456.000000 2.675373077 -1.487514734 3.823318958 0.014190562 0.000901023 -0.040831212 0.999064922
1403636636663555584.000000 2.692413092 -1.505974412 3.851269245 0.013758100 0.002292474 -0.045308806 0.998875737
1403636636713555456.000000 2.707031727 -1.523042560 3.878243685 0.013655415 0.003657926 -0.049125344 0.998692632
1403636636763555584.000000 2.721127272 -1.536092281 3.903996944 0.012917710 0.004958142 -0.053122498 0.998492241
1403636636813555456.000000 2.735996246 -1.547658086 3.934687138 0.012589145 0.006271090 -0.058364779 0.998196244
1403636636863555584.000000 2.742774963 -1.555488110 3.962935925 0.011053279 0.007995439 -0.062874138 0.997928262
1403636636913555456.000000 2.750839233 -1.559941769 3.988895416 0.008342196 0.006575681 -0.060218681 0.998128772
1403636636963555584.000000 2.758652210 -1.564679146 4.015747070 0.006140250 0.003822084 -0.055105172 0.998454452
1403636637013555456.000000 2.763514280 -1.569414496 4.038637161 0.003373292 0.000836731 -0.047956742 0.998843431
1403636637063555584.000000 2.767886877 -1.571123123 4.066096783 0.001741459 -0.002118037 -0.042274386 0.999102294
1403636637113555456.000000 2.770940304 -1.571338534 4.085941315 -0.000788434 -0.004362149 -0.037314635 0.999293745
1403636637163555584.000000 2.774262667 -1.572423100 4.107393742 -0.004547429 -0.005767924 -0.034637038 0.999373019
1403636637213555456.000000 2.779943466 -1.570850134 4.136042595 -0.008949590 -0.006657250 -0.033649955 0.999371409
1403636637263555584.000000 2.783755779 -1.569809914 4.156064987 -0.011773852 -0.007558412 -0.032400049 0.999377072
1403636637313555456.000000 2.787579298 -1.571652651 4.177042007 -0.014704688 -0.008093247 -0.032749128 0.999322653
1403636637363555584.000000 2.788592100 -1.577538729 4.197314739 -0.016540339 -0.008110319 -0.033301946 0.999275565
1403636637413555456.000000 2.792922020 -1.576580763 4.222767830 -0.017048843 -0.009244166 -0.032838192 0.999272525
1403636637463555584.000000 2.794063807 -1.584567666 4.238878250 -0.019309334 -0.009879262 -0.033924721 0.999189019
1403636637513555456.000000 2.794838905 -1.593434095 4.259977818 -0.019645592 -0.010461078 -0.033072885 0.999205112
1403636637563555584.000000 2.794865847 -1.602031231 4.277737141 -0.020997711 -0.011213979 -0.032878384 0.999175847
1403636637613555456.000000 2.799290657 -1.620180607 4.297784805 -0.021588566 -0.012399214 -0.031933788 0.999179959
1403636637663555584.000000 2.793346405 -1.625041842 4.317476749 -0.021994282 -0.012446490 -0.031579580 0.999181747
1403636637713555456.000000 2.793169737 -1.640982747 4.337311268 -0.021201961 -0.012815254 -0.032025222 0.999180079
1403636637763555584.000000 2.792153597 -1.659271479 4.359426498 -0.019918567 -0.013190363 -0.032443978 0.999188066
1403636637813555456.000000 2.792453527 -1.678233027 4.376411915 -0.017437993 -0.013430540 -0.032862894 0.999217510
1403636637863555584.000000 2.793955326 -1.701133966 4.394300461 -0.015979547 -0.013940526 -0.033029750 0.999229431
1403636637913555456.000000 2.792644978 -1.723034501 4.413521767 -0.014029965 -0.014275806 -0.033020567 0.999254227
1403636637963555584.000000 2.792958021 -1.741401076 4.433076382 -0.011386184 -0.014732031 -0.033049688 0.999280334
1403636638013555456.000000 2.794814110 -1.759834290 4.451736450 -0.009764260 -0.015180485 -0.032946065 0.999294162
1403636638063555584.000000 2.793130636 -1.771449089 4.473046780 -0.008020436 -0.015387705 -0.033061281 0.999302745
1403636638113555456.000000 2.791737318 -1.780194521 4.494600296 -0.005884666 -0.015605487 -0.033026878 0.999315321
1403636638163555584.000000 2.793042660 -1.788099051 4.519138813 -0.004609406 -0.016096808 -0.032730255 0.999324024
1403636638213555456.000000 2.791779757 -1.787247181 4.542063236 -0.003996545 -0.016138505 -0.032814283 0.999323189
1403636638263555584.000000 2.793109894 -1.788913846 4.567962646 -0.003242967 -0.016236717 -0.032857779 0.999322891
1403636638313555456.000000 2.794415951 -1.791536689 4.588602543 -0.005354333 -0.017379919 -0.031421054 0.999340832
1403636638363555584.000000 2.794030905 -1.792023778 4.609379768 -0.011499314 -0.018781627 -0.027272971 0.999385476
1403636638413555456.000000 2.794991493 -1.784035683 4.631545067 -0.021267159 -0.020527354 -0.021551689 0.999330699
1403636638463555584.000000 2.798384905 -1.784104586 4.654766083 -0.031970218 -0.022258513 -0.017526465 0.999087274
1403636638513555456.000000 2.798029661 -1.780427456 4.678311348 -0.040562592 -0.023378873 -0.013464010 0.998812735
1403636638563555584.000000 2.801922798 -1.778123260 4.704384804 -0.045496680 -0.023777762 -0.012093576 0.998608232
1403636638613555456.000000 2.804551125 -1.775822163 4.731126308 -0.047140457 -0.023024492 -0.014026254 0.998524368
1403636638663555584.000000 2.806978941 -1.777491570 4.755466938 -0.045156859 -0.021551494 -0.019234343 0.998562217
1403636638713555456.000000 2.815164089 -1.785906672 4.786241055 -0.042544618 -0.020620393 -0.023219578 0.998611867
1403636638763555584.000000 2.821904182 -1.797455907 4.814398766 -0.037909739 -0.020081284 -0.026100861 0.998738408
1403636638813555456.000000 2.826815128 -1.809187055 4.842970371 -0.032593161 -0.019972980 -0.027882705 0.998880088
1403636638863555584.000000 2.830289364 -1.825367808 4.878414154 -0.028280471 -0.019820735 -0.027637677 0.999021292
1403636638913555456.000000 2.837829351 -1.840976596 4.906534672 -0.024816953 -0.020935316 -0.025626497 0.999144197
1403636638963555584.000000 2.845917702 -1.859544516 4.936178684 -0.022494778 -0.022222925 -0.023194822 0.999230802
1403636639013555456.000000 2.850082159 -1.878355622 4.964946747 -0.021933503 -0.023784675 -0.017954662 0.999315262
1403636639063555584.000000 2.859519720 -1.898727179 4.992998600 -0.021625346 -0.026245167 -0.012305615 0.999345839
1403636639113555456.000000 2.865241766 -1.913360000 5.024394512 -0.021086605 -0.027910672 -0.007563659 0.999359369
1403636639163555584.000000 2.874738693 -1.928063989 5.057892323 -0.021948503 -0.029277636 -0.003190777 0.999325275
1403636639213555456.000000 2.890180826 -1.935305953 5.087332726 -0.022190006 -0.030649148 -0.000331154 0.999283791
1403636639263555584.000000 2.902574778 -1.941462874 5.120298862 -0.023234539 -0.031103326 0.000976024 0.999245584
1403636639313555456.000000 2.916536331 -1.942714810 5.157533169 -0.023201788 -0.029579988 -0.003242371 0.999287844
1403636639363555584.000000 2.932480097 -1.944017768 5.195558071 -0.023326991 -0.027619740 -0.009686052 0.999299407
1403636639413555456.000000 2.948509932 -1.943861008 5.231834888 -0.023591043 -0.025499605 -0.016122848 0.999266386
1403636639463555584.000000 2.965026140 -1.941409707 5.272458553 -0.023258109 -0.023403173 -0.022401966 0.999204457
1403636639513555456.000000 2.984383821 -1.940582514 5.310045242 -0.022001186 -0.021429356 -0.029044108 0.999106228
1403636639563555584.000000 3.001368523 -1.936907530 5.350206375 -0.019491449 -0.019047581 -0.036152594 0.998974621
1403636639613555456.000000 3.018173695 -1.934995055 5.390275002 -0.017715128 -0.017484779 -0.041687094 0.998820662
1403636639663555584.000000 3.035912991 -1.930037618 5.429226875 -0.013766898 -0.017273411 -0.043361660 0.998815238
1403636639713555456.000000 3.049325943 -1.932348013 5.469573498 -0.009790359 -0.017881613 -0.042153139 0.998903155
1403636639763555584.000000 3.068136215 -1.939552307 5.500933170 -0.006558102 -0.019650372 -0.039074160 0.999021590
1403636639813555456.000000 3.077952385 -1.938692689 5.542629242 -0.004147706 -0.019914778 -0.037372835 0.999094307
1403636639863555584.000000 3.093636274 -1.945006490 5.577430248 -0.002969605 -0.021216093 -0.034489833 0.999175429
1403636639913555456.000000 3.106642008 -1.948637486 5.615141869 -0.002125456 -0.022372298 -0.032086637 0.999232471
1403636639963555584.000000 3.117131948 -1.955478311 5.645923138 -0.001732618 -0.022731842 -0.031778675 0.999234915
1403636640013555456.000000 3.127987862 -1.963030577 5.676692009 -0.000943273 -0.023327632 -0.031463072 0.999232233
1403636640063555584.000000 3.145022392 -1.975796103 5.716042519 -0.000749154 -0.025553623 -0.033090431 0.999125361
1403636640113555456.000000 3.152426004 -1.986794829 5.738656998 -0.000622952 -0.028258910 -0.036989633 0.998915792
1403636640163555584.000000 3.164070129 -1.996937633 5.765553474 -0.000298386 -0.032622166 -0.039002147 0.998706460
1403636640213555456.000000 3.175543547 -2.010302782 5.792644978 -0.000048983 -0.036979828 -0.040650085 0.998488903
1403636640263555584.000000 3.187786102 -2.028295040 5.816718102 -0.001686441 -0.040518530 -0.042916130 0.998255312
1403636640313555456.000000 3.198568106 -2.041952610 5.842541695 -0.002341744 -0.043635428 -0.043847792 0.998082101
1403636640363555584.000000 3.209175348 -2.054622650 5.869934559 -0.002233967 -0.046425682 -0.045236468 0.997894466
1403636640413555456.000000 3.222898006 -2.062748432 5.892454147 -0.001921377 -0.048884999 -0.046469919 0.997720957
1403636640463555584.000000 3.235066414 -2.068965197 5.918140411 -0.001525563 -0.050874434 -0.047652148 0.997566402
1403636640513555456.000000 3.242234707 -2.080099583 5.943204880 -0.003256362 -0.052408289 -0.048089277 0.997461855
1403636640563555584.000000 3.254606485 -2.085608721 5.965974808 -0.003115792 -0.053922139 -0.049084827 0.997333229
1403636640613555456.000000 3.265300989 -2.088926554 5.992908478 -0.002954158 -0.055065002 -0.049398322 0.997255743
1403636640663555584.000000 3.277140379 -2.093916178 6.014471531 -0.002558020 -0.056068815 -0.049749319 0.997183442
1403636640713555456.000000 3.287197113 -2.096364021 6.040946484 -0.003278225 -0.056759395 -0.049968038 0.997131288
1403636640763555584.000000 3.298134327 -2.098642111 6.061744213 -0.004888986 -0.057601348 -0.049752049 0.997087240
1403636640813555456.000000 3.308153152 -2.102339268 6.085729599 -0.006195393 -0.057986401 -0.050390564 0.997025609
1403636640863555584.000000 3.318424463 -2.104992867 6.107484818 -0.007798661 -0.058398269 -0.051048771 0.996956825
1403636640913555456.000000 3.326936722 -2.108500481 6.128038883 -0.008301147 -0.058573011 -0.050955392 0.996947289
1403636640963555584.000000 3.337243795 -2.116075754 6.146215439 -0.008582368 -0.058485456 -0.051613931 0.996916175
1403636641013555456.000000 3.342054367 -2.123058796 6.167633533 -0.007953697 -0.057922516 -0.051636398 0.996953070
1403636641063555584.000000 3.350603104 -2.131874561 6.188733578 -0.006898046 -0.057907257 -0.051028129 0.996993124
1403636641113555456.000000 3.362864256 -2.137603045 6.211180210 -0.006290347 -0.057783499 -0.051051967 0.997003138
1403636641163555584.000000 3.372122765 -2.141871929 6.229122639 -0.006562589 -0.057345241 -0.051570572 0.996999979
1403636641213555456.000000 3.377632618 -2.143202782 6.247072697 -0.005463440 -0.056727011 -0.051429406 0.997049272
1403636641263555584.000000 3.385256529 -2.146062136 6.269665718 -0.004527688 -0.057013333 -0.049977638 0.997111499
1403636641313555456.000000 3.390897274 -2.146617651 6.286889553 -0.005153325 -0.057508573 -0.046154611 0.997264266
1403636641363555584.000000 3.398259163 -2.142352819 6.302578449 -0.005319508 -0.058606707 -0.041613605 0.997399271
1403636641413555456.000000 3.404827833 -2.142416239 6.323771954 -0.006071837 -0.059482869 -0.038112521 0.997483015
1403636641463555584.000000 3.411016941 -2.141953945 6.346682072 -0.006236822 -0.059271224 -0.037493922 0.997518063
1403636641513555456.000000 3.419859409 -2.135915518 6.362339497 -0.005399284 -0.058586102 -0.038572565 0.997522295
1403636641563555584.000000 3.430135965 -2.134882927 6.381212711 -0.005453995 -0.058024589 -0.040345941 0.997484684
1403636641613555456.000000 3.433284998 -2.136837006 6.403848171 -0.005620509 -0.056389656 -0.042453531 0.997490048
1403636641663555584.000000 3.442880392 -2.138101339 6.420564175 -0.005908117 -0.055886742 -0.044419732 0.997431040
1403636641713555456.000000 3.450719595 -2.141876936 6.435228348 -0.004946964 -0.055196170 -0.045690779 0.997417331
1403636641763555584.000000 3.455776930 -2.147138119 6.451310635 -0.005538485 -0.054273855 -0.046286475 0.997437358
1403636641813555456.000000 3.465301514 -2.152963877 6.462862492 -0.004614491 -0.054182447 -0.046558216 0.997434437
1403636641863555584.000000 3.472719908 -2.160900354 6.474690437 -0.003830122 -0.053960994 -0.046556853 0.997449756
1403636641913555456.000000 3.482243299 -2.168998003 6.484008312 -0.003517993 -0.052965246 -0.046302091 0.997516155
1403636641963555584.000000 3.488728046 -2.182655573 6.497600079 -0.003388146 -0.050352301 -0.044842899 0.997718573
1403636642013555456.000000 3.495954752 -2.193514824 6.507153034 -0.001853402 -0.046238936 -0.043525588 0.997979999
1403636642063555584.000000 3.502046108 -2.204658031 6.514014244 -0.001023630 -0.041504040 -0.041324295 0.998282909
1403636642113555456.000000 3.510525703 -2.217943907 6.523989201 -0.000148295 -0.036995646 -0.040603660 0.998490214
1403636642163555584.000000 3.519450426 -2.231024027 6.532718182 0.000190936 -0.033069998 -0.039679773 0.998665094
1403636642213555456.000000 3.525935411 -2.240061045 6.544375896 0.001156272 -0.029718889 -0.038417690 0.998819113
1403636642263555584.000000 3.532704592 -2.250093937 6.550699234 0.001297545 -0.026809072 -0.036951486 0.998956621
1403636642313555456.000000 3.541069746 -2.252660275 6.557502270 0.001848638 -0.023277823 -0.034898862 0.999118030
1403636642363555584.000000 3.548006058 -2.259542227 6.566967010 0.002060844 -0.018343680 -0.033452913 0.999269843
1403636642413555456.000000 3.555090666 -2.259847164 6.573808670 0.003097291 -0.014014152 -0.031267218 0.999408066
1403636642463555584.000000 3.562340260 -2.258667946 6.579881668 0.003041626 -0.010223901 -0.029924300 0.999495268
1403636642513555456.000000 3.569800854 -2.255840778 6.589388847 0.001864359 -0.007073398 -0.028136523 0.999577343
1403636642563555584.000000 3.578278303 -2.254835844 6.598396778 -0.001524841 -0.004100230 -0.027974758 0.999599099
1403636642613555456.000000 3.584789991 -2.250980616 6.604716301 -0.005667690 -0.002182462 -0.026607594 0.999627531
1403636642663555584.000000 3.591475964 -2.243928671 6.612085819 -0.010071550 -0.000383820 -0.025760662 0.999617398
1403636642713555456.000000 3.600168228 -2.234219074 6.616909981 -0.013725278 0.001175257 -0.025193291 0.999587715
1403636642763555584.000000 3.603402615 -2.234410048 6.629299164 -0.018104600 0.002409342 -0.024601247 0.999530494
1403636642813555456.000000 3.612862825 -2.226733208 6.636190414 -0.020620536 0.002673362 -0.023768872 0.999501228
1403636642863555584.000000 3.618410587 -2.229658842 6.645262718 -0.022933668 0.002957121 -0.023105336 0.999465644
1403636642913555456.000000 3.627791882 -2.220860481 6.648223400 -0.023998942 0.002893051 -0.022691067 0.999450266
1403636642963555584.000000 3.633011341 -2.227244139 6.656770229 -0.025028715 0.002931581 -0.022111839 0.999437869
1403636643013555456.000000 3.639699697 -2.231820822 6.666023731 -0.024359988 0.002733513 -0.021560084 0.999467015
1403636643063555584.000000 3.649526119 -2.241037846 6.675712109 -0.020983359 0.002253432 -0.021484209 0.999546468
1403636643113555456.000000 3.653308392 -2.245378733 6.683589935 -0.016455550 0.002417413 -0.020837264 0.999644518
1403636643163555584.000000 3.658394098 -2.249670744 6.693586349 -0.013300152 0.002017481 -0.020310521 0.999703228
1403636643213555456.000000 3.665067196 -2.252238274 6.701375961 -0.010679129 0.001918063 -0.019876624 0.999743640
1403636643263555584.000000 3.675554276 -2.254776955 6.709879398 -0.009716960 0.001245359 -0.019988371 0.999752223
1403636643313555456.000000 3.682490349 -2.255162954 6.722365856 -0.010034912 0.001233449 -0.020463079 0.999739528
1403636643363555584.000000 3.689716101 -2.257258892 6.734186172 -0.012206031 0.001187713 -0.020810226 0.999708295
1403636643413555456.000000 3.695138454 -2.258373976 6.746662140 -0.014628194 0.001033405 -0.020025443 0.999691904
1403636643463555584.000000 3.702617168 -2.261712790 6.752508163 -0.018354630 0.000375317 -0.019727644 0.999636889
1403636643513555456.000000 3.714960814 -2.264987946 6.757301331 -0.022115089 -0.000514741 -0.019903444 0.999557197
1403636643563555584.000000 3.724851131 -2.270747662 6.766557217 -0.025497619 -0.001028894 -0.020016791 0.999473989
1403636643613555456.000000 3.731255770 -2.277859688 6.775645733 -0.029049795 -0.000943765 -0.020787137 0.999361336
1403636643663555584.000000 3.741577864 -2.290091515 6.785997868 -0.032378197 -0.001840805 -0.021771109 0.999236882
1403636643713555456.000000 3.747423172 -2.307239056 6.799973011 -0.035519417 -0.001991782 -0.022627851 0.999110878
1403636643763555584.000000 3.757730961 -2.319296122 6.807643890 -0.036700547 -0.002255902 -0.023548519 0.999046326
1403636643813555456.000000 3.767852306 -2.335287094 6.817661762 -0.039807785 -0.002170142 -0.025141012 0.998888671
1403636643863555584.000000 3.777045965 -2.346279860 6.832130432 -0.042508021 -0.002384278 -0.025411049 0.998770118
1403636643913555456.000000 3.785479784 -2.361727476 6.845631599 -0.044689402 -0.002480040 -0.026537683 0.998645365
1403636643963555584.000000 3.792032003 -2.373098135 6.863203526 -0.046540469 -0.002027488 -0.026858822 0.998553216
1403636644013555456.000000 3.802966595 -2.384628057 6.880378723 -0.047646355 -0.001911723 -0.027820939 0.998475015
1403636644063555584.000000 3.811596394 -2.391924858 6.902443409 -0.048129648 -0.001868624 -0.027622830 0.998457372
1403636644113555456.000000 3.820471048 -2.399931431 6.924903870 -0.048817080 -0.001510674 -0.027609218 0.998425007
1403636644163555584.000000 3.827782631 -2.408273697 6.952521324 -0.047417242 -0.001316956 -0.027857671 0.998485804
1403636644213555456.000000 3.839588881 -2.418508768 6.970537663 -0.042398836 -0.002637233 -0.025755245 0.998765230
1403636644263555584.000000 3.845606327 -2.426300526 7.003684521 -0.035030294 -0.003877221 -0.020066887 0.999177337
1403636644313555456.000000 3.855052233 -2.432514668 7.021904469 -0.026762735 -0.006226711 -0.013516460 0.999531031
1403636644363555584.000000 3.865340948 -2.437158346 7.051248074 -0.019091796 -0.007816108 -0.007342326 0.999760270
1403636644413555456.000000 3.876441002 -2.441820860 7.083136082 -0.013315820 -0.009000380 -0.003699194 0.999864042
1403636644463555584.000000 3.889915943 -2.444154263 7.112786770 -0.008149146 -0.009915603 -0.000902749 0.999917269
1403636644513555456.000000 3.900881052 -2.447537661 7.148087025 -0.003839832 -0.011386939 0.004068992 0.999919534
1403636644563555584.000000 3.916889906 -2.442999840 7.176010132 -0.000913044 -0.012985203 0.008012965 0.999883175
1403636644613555456.000000 3.933351994 -2.441217422 7.207615376 0.000440541 -0.013281977 0.009256555 0.999868870
1403636644663555584.000000 3.952103615 -2.434697151 7.239395618 0.001552574 -0.011820966 0.005032805 0.999916315
1403636644713555456.000000 3.971337080 -2.426342964 7.271787643 0.002450200 -0.009140647 -0.001875301 0.999953508
1403636644763555584.000000 3.994902372 -2.416594505 7.296816349 0.002063857 -0.006263607 -0.010691763 0.999921143
1403636644813555456.000000 4.017117977 -2.402983427 7.328333855 0.002560077 -0.002884507 -0.019197524 0.999808311
1403636644863555584.000000 4.039520264 -2.389950514 7.357611179 0.000693099 -0.000089885 -0.025419939 0.999676645
1403636644913555456.000000 4.061747551 -2.377148867 7.386084080 -0.002023066 0.001346435 -0.027385769 0.999622047
1403636644963555584.000000 4.083553314 -2.365018845 7.412290573 -0.004880223 0.001778248 -0.027509339 0.999608099
1403636645013555456.000000 4.106626987 -2.357741833 7.439294815 -0.012758889 0.002203794 -0.027659541 0.999533594
1403636645063555584.000000 4.126085758 -2.342355967 7.463821411 -0.023699773 0.002525887 -0.025646176 0.999386966
1403636645113555456.000000 4.143070221 -2.339174747 7.490943909 -0.035762522 0.002768866 -0.023890089 0.999070942
1403636645163555584.000000 4.165086269 -2.336137772 7.517369747 -0.046355039 0.003551116 -0.024889784 0.998608589
1403636645213555456.000000 4.184099197 -2.331105947 7.547054768 -0.055066314 0.003840945 -0.023155712 0.998206794
1403636645263555584.000000 4.200933456 -2.333477020 7.570203781 -0.059850562 0.004436922 -0.023924232 0.997910798
1403636645313555456.000000 4.224367142 -2.336188793 7.601623058 -0.059060387 0.004134144 -0.023495166 0.997969329
1403636645363555584.000000 4.246017456 -2.344341993 7.632601261 -0.054551888 0.004283363 -0.023706444 0.998220325
1403636645413555456.000000 4.265800476 -2.356793880 7.669857502 -0.049985375 0.004876334 -0.024376869 0.998440504
1403636645463555584.000000 4.280620098 -2.361201048 7.703885555 -0.045514897 0.005366424 -0.024186831 0.998656452
1403636645513555456.000000 4.305517197 -2.371531725 7.746852398 -0.042523801 0.005259093 -0.024005448 0.998793185
1403636645563555584.000000 4.322943211 -2.376307011 7.779764175 -0.040923059 0.005741314 -0.024758147 0.998839021
1403636645613555456.000000 4.340935230 -2.380566597 7.822380543 -0.038670275 0.006303945 -0.025055051 0.998917997
1403636645663555584.000000 4.353892803 -2.386469841 7.857752800 -0.037224971 0.006807567 -0.026019905 0.998944938
1403636645713555456.000000 4.377883911 -2.397821188 7.905351639 -0.036306363 0.006479927 -0.026024546 0.998980820
1403636645763555584.000000 4.394255638 -2.407606363 7.947093487 -0.035376057 0.006091350 -0.025306525 0.999035060
1403636645813555456.000000 4.413110256 -2.419256449 7.989641666 -0.035095874 0.005605120 -0.024335258 0.999071956
1403636645863555584.000000 4.429308891 -2.431491137 8.031547546 -0.035875320 0.005611851 -0.023664739 0.999060333
1403636645913555456.000000 4.444691658 -2.450184107 8.078917503 -0.036686301 0.005241159 -0.022551034 0.999058604
1403636645963555584.000000 4.462451458 -2.468597412 8.121796608 -0.031862430 0.006163778 -0.020672359 0.999259472
1403636646013555456.000000 4.478493214 -2.491005659 8.165132523 -0.027615063 0.008672914 -0.017453177 0.999428689
1403636646063555584.000000 4.501904488 -2.514806509 8.204952240 -0.024020080 0.011704489 -0.012282538 0.999567568
1403636646113555456.000000 4.518743038 -2.537659407 8.247817993 -0.020396082 0.017947108 -0.007209863 0.999604940
1403636646163555584.000000 4.539655685 -2.562412262 8.290829659 -0.016951313 0.026024524 -0.001853134 0.999515891
1403636646213555456.000000 4.561079025 -2.584586143 8.333633423 -0.013116330 0.035288829 0.004959818 0.999278784
1403636646263555584.000000 4.583760262 -2.610414743 8.378920555 -0.010104827 0.046223205 0.011755630 0.998810887
1403636646313555456.000000 4.602924347 -2.626208305 8.418559074 -0.004872607 0.058505852 0.018516444 0.998103499
1403636646363555584.000000 4.628495216 -2.650263786 8.465218544 -0.000992484 0.070854291 0.025656227 0.997156262
1403636646413555456.000000 4.651089191 -2.667080641 8.506159782 0.002729716 0.085743524 0.029504493 0.995876551
1403636646463555584.000000 4.682475090 -2.688090086 8.557702065 0.007464075 0.098701291 0.030473571 0.994622409
1403636646513555456.000000 4.708305836 -2.705610275 8.598567963 0.011882321 0.110983558 0.029770844 0.993305206
1403636646563555584.000000 4.734929562 -2.721663237 8.637662888 0.014710396 0.121639431 0.029271495 0.992033660
1403636646613555456.000000 4.759975433 -2.741800547 8.675220490 0.014311198 0.130003124 0.029832674 0.990961373
1403636646663555584.000000 4.786424637 -2.761039019 8.708658218 0.011775353 0.137557074 0.028881090 0.990002692
1403636646713555456.000000 4.814348698 -2.779025078 8.737094879 0.010026709 0.142785341 0.029499771 0.989263237
1403636646763555584.000000 4.837532997 -2.804043770 8.771326065 0.008773227 0.147652075 0.030323898 0.988535523
1403636646813555456.000000 4.867816925 -2.826329708 8.796792030 0.009145634 0.150724873 0.031021385 0.988046587
1403636646863555584.000000 4.890465260 -2.851354599 8.823660851 0.009344273 0.153926671 0.030813096 0.987557530
1403636646913555456.000000 4.907990456 -2.875458956 8.846429825 0.008511573 0.155791447 0.031496312 0.987251103
1403636646963555584.000000 4.931851387 -2.897867680 8.873340607 0.006998099 0.157240629 0.031851735 0.987021744
1403636647013555456.000000 4.960565567 -2.924458027 8.897372246 0.004875144 0.157875568 0.032310925 0.986918211
1403636647063555584.000000 4.985904694 -2.943298101 8.916525841 0.002460729 0.157952979 0.031459183 0.986942351
1403636647113555456.000000 5.010151863 -2.958188534 8.936241150 -0.001213143 0.157813400 0.031658366 0.986960649
1403636647163555584.000000 5.031682014 -2.976885557 8.965990067 -0.004496910 0.157745764 0.032309685 0.986940861
1403636647213555456.000000 5.049531937 -2.992562056 8.997515678 -0.006757942 0.158631042 0.031771932 0.986803472
1403636647263555584.000000 5.074157715 -3.007396460 9.019305229 -0.006800773 0.157701001 0.032059584 0.986942947
1403636647313555456.000000 5.096837997 -3.021563530 9.043042183 -0.005709891 0.156441763 0.033147797 0.987114310
1403636647363555584.000000 5.119121075 -3.032432556 9.067201614 -0.003705293 0.155355930 0.033968229 0.987267435
1403636647413555456.000000 5.143710613 -3.044922829 9.089918137 -0.001980418 0.154187039 0.034323964 0.987443328
1403636647463555584.000000 5.165606499 -3.053850412 9.114201546 0.000239488 0.152774185 0.035322931 0.987629712
1403636647513555456.000000 5.191630363 -3.061765909 9.134565353 0.003695766 0.150885552 0.035708807 0.987899184
1403636647563555584.000000 5.215310574 -3.071465731 9.157046318 0.008018465 0.148998275 0.037197690 0.988105059
1403636647613555456.000000 5.238298893 -3.080572844 9.178405762 0.013617557 0.147462457 0.039631099 0.988179505
1403636647663555584.000000 5.265043736 -3.090313673 9.195235252 0.014448044 0.147980615 0.040002149 0.988075376
1403636647713555456.000000 5.287399292 -3.101700068 9.215447426 0.013270012 0.149458289 0.039683677 0.987882257
1403636647763555584.000000 5.312957287 -3.106316328 9.228749275 0.011321168 0.150806725 0.038467299 0.987749696
1403636647813555456.000000 5.336094379 -3.114104509 9.236070633 0.010158177 0.152872786 0.037013449 0.987500310
1403636647863555584.000000 5.362588882 -3.124238253 9.245654106 0.008018848 0.155603871 0.037194867 0.987086535
1403636647913555456.000000 5.395271301 -3.134276390 9.262527466 0.007464357 0.159996793 0.037632283 0.986371696
1403636647963555584.000000 5.417284012 -3.138078690 9.278608322 0.007720177 0.166581124 0.039304856 0.985213876
1403636648013555456.000000 5.448957443 -3.135536671 9.283865929 0.007561828 0.173759222 0.041244272 0.983895123
1403636648063555584.000000 5.475338459 -3.139394999 9.301813126 0.006718839 0.183550134 0.044491913 0.981980026
1403636648113555456.000000 5.498103619 -3.147853374 9.307481766 0.005533977 0.194497347 0.048223387 0.979701340
1403636648163555584.000000 5.533449650 -3.136857510 9.318155289 0.006527581 0.206071720 0.052601941 0.977100253
1403636648213555456.000000 5.564151287 -3.132490873 9.333684921 0.006931380 0.218192324 0.056118771 0.974266350
1403636648263555584.000000 5.600408554 -3.123856068 9.321134567 0.007700991 0.229198799 0.061088257 0.971430361
1403636648313555456.000000 5.619975567 -3.119844437 9.343095779 0.007739500 0.243009955 0.066234097 0.967729032
1403636648363555584.000000 5.650823593 -3.112735271 9.353790283 0.008306704 0.256235749 0.070006482 0.964040101
1403636648413555456.000000 5.677513123 -3.104033947 9.361432076 0.008001586 0.269641131 0.074122697 0.960070550
1403636648463555584.000000 5.705996513 -3.092696905 9.370115280 0.007779527 0.283208311 0.079011068 0.955766618
1403636648513555456.000000 5.735836506 -3.082949877 9.373938560 0.007797788 0.295832098 0.083641723 0.951539099
1403636648563555584.000000 5.766616344 -3.075217962 9.382195473 0.007835249 0.307267398 0.087767623 0.947534859
1403636648613555456.000000 5.792875767 -3.059228659 9.380673409 0.008419259 0.316941947 0.090779856 0.944052994
1403636648663555584.000000 5.822736740 -3.056212902 9.388107300 0.006356458 0.325575739 0.093225896 0.940887392
1403636648713555456.000000 5.845343590 -3.039492846 9.381970406 0.004136549 0.332713246 0.094375782 0.938284636
1403636648763555584.000000 5.878466606 -3.042167664 9.385236740 0.000130480 0.337919325 0.096534297 0.936211348
1403636648813555456.000000 5.893343449 -3.033176899 9.398190498 -0.006495202 0.342735022 0.099909931 0.934081674
1403636648863555584.000000 5.896977425 -3.030967712 9.410078049 -0.012970646 0.347026527 0.102843553 0.932109237
1403636648913555456.000000 5.920578957 -3.036985874 9.414417267 -0.020229314 0.349234581 0.104801916 0.930936396
1403636648963555584.000000 5.945633888 -3.034168243 9.408036232 -0.024237623 0.350217819 0.106117614 0.930322051
1403636649013555456.000000 5.970521450 -3.034024000 9.412073135 -0.025002029 0.351835608 0.105457239 0.929766297
1403636649063555584.000000 5.992839336 -3.051635742 9.406210899 -0.022742372 0.352747858 0.103983343 0.929644704
1403636649113555456.000000 6.011445522 -3.068166256 9.413326263 -0.016376143 0.354466826 0.101123750 0.929440260
1403636649163555584.000000 6.044838428 -3.084361792 9.400246620 -0.008886395 0.353771001 0.098754071 0.930061758
1403636649213555456.000000 6.069994926 -3.102850437 9.396852493 -0.002830575 0.354204506 0.095324785 0.930292606
1403636649263555584.000000 6.084342480 -3.089370251 9.398767471 0.004600022 0.354405582 0.092209905 0.930522919
1403636649313555456.000000 6.081305981 -3.122750759 9.433155060 0.004661052 0.357232183 0.090495750 0.929609597
1403636649363555584.000000 6.132018089 -3.136818886 9.397808075 0.003843820 0.352776110 0.090818569 0.931282103
1403636649413555456.000000 6.134583473 -3.144661665 9.412197113 0.002178072 0.353340417 0.090167053 0.931136787
1403636649463555584.000000 6.176478863 -3.172008038 9.383495331 -0.002097577 0.349220246 0.090634570 0.932644784
1403636649513555456.000000 6.220523834 -3.206276178 9.347907066 -0.002771623 0.344787002 0.090710409 0.934283674
1403636649563555584.000000 6.249811649 -3.212276459 9.331136703 0.001271263 0.341989517 0.089614108 0.935420156
1403636649613555456.000000 6.284743309 -3.231314659 9.301694870 0.005245730 0.339087546 0.090512261 0.936375797
1403636649663555584.000000 6.310439587 -3.260022640 9.298663139 0.009272960 0.339940369 0.091534957 0.935935855
1403636649713555456.000000 6.266462803 -3.291900635 9.363869667 0.011464478 0.349924982 0.093172528 0.932062209
1403636649763555584.000000 6.284677982 -3.302615166 9.345628738 0.013994781 0.353604436 0.093566224 0.930598497
1403636649813555456.000000 6.301637173 -3.317325354 9.345985413 0.014983042 0.358075947 0.093416162 0.928886712
1403636649863555584.000000 6.317602634 -3.348386049 9.334271431 0.014663063 0.362087727 0.093750186 0.927301705
1403636649913555456.000000 6.339166164 -3.369096756 9.339183807 0.014497926 0.366226047 0.093224384 0.925730884
1403636649963555584.000000 6.405292988 -3.361989260 9.269540787 0.015855525 0.363309294 0.093542226 0.926825166
1403636650013555456.000000 6.423353672 -3.371938229 9.259941101 0.015420222 0.365956694 0.093538843 0.925790727
1403636650063555584.000000 6.440729141 -3.374623537 9.251500130 0.016390031 0.368509412 0.094098039 0.924704134
1403636650113555456.000000 6.458674908 -3.382079124 9.239136696 0.016722355 0.372201920 0.095767111 0.923046470
1403636650163555584.000000 6.473629475 -3.383455276 9.229673386 0.017255994 0.377950877 0.097662926 0.920498431
1403636650213555456.000000 6.491591930 -3.373225212 9.217548370 0.017265910 0.385542274 0.099522896 0.917144656
1403636650263555584.000000 6.505191803 -3.369433403 9.212309837 0.016824793 0.395296127 0.102807753 0.912627280
1403636650313555456.000000 6.516557693 -3.375129700 9.205832481 0.015664726 0.405896455 0.107819684 0.907401621
1403636650363555584.000000 6.529526711 -3.366188526 9.190290451 0.014542959 0.417088270 0.112413026 0.901770055
1403636650413555456.000000 6.533203602 -3.354659557 9.197731018 0.013253115 0.430163085 0.117015034 0.895037234
1403636650463555584.000000 6.558922291 -3.334901810 9.166463852 0.011092532 0.440407574 0.121741474 0.889436424
1403636650513555456.000000 6.575934887 -3.320806026 9.153715134 0.008161506 0.451298594 0.126711279 0.883293450
1403636650563555584.000000 6.583519936 -3.347381830 9.155593872 0.002670144 0.461920351 0.133434400 0.876822531
1403636650613555456.000000 6.591431618 -3.306068897 9.138719559 0.002774351 0.469622701 0.136717573 0.872212827
1403636650663555584.000000 6.607100964 -3.288805485 9.119684219 0.001565182 0.475711286 0.139690608 0.868437052
1403636650713555456.000000 6.618923664 -3.276365280 9.101684570 -0.000018563 0.481573820 0.142292425 0.864777207
1403636650763555584.000000 6.619680405 -3.271871090 9.107962608 -0.000604625 0.487846076 0.144579694 0.860873163
1403636650813555456.000000 6.622415543 -3.267415524 9.097493172 -0.000269226 0.492484123 0.145717189 0.858036101
1403636650863555584.000000 6.642318726 -3.245380402 9.080404282 0.002642088 0.495312721 0.144787028 0.856560051
1403636650913555456.000000 6.622457027 -3.273687840 9.099207878 0.004134602 0.501882672 0.143970355 0.852859497
1403636650963555584.000000 6.639678955 -3.252707005 9.091238022 0.009075268 0.503642380 0.142325312 0.852059603
1403636651013555456.000000 6.643200874 -3.254305840 9.067690849 0.011262867 0.505016446 0.140629187 0.851501644
1403636651063555584.000000 6.672361374 -3.246146917 9.023462296 0.012581883 0.502936780 0.138850480 0.853004694
1403636651113555456.000000 6.677237988 -3.258252382 9.019850731 0.013376064 0.503829300 0.138479099 0.852526128
1403636651163555584.000000 6.689755440 -3.247159004 8.985683441 0.013602525 0.502417445 0.137280196 0.853549004
1403636651213555456.000000 6.687239647 -3.254357576 8.977130890 0.011985183 0.502017498 0.138600126 0.853595316
1403636651263555584.000000 6.688520908 -3.242056370 8.954895973 0.010913347 0.500688374 0.139102310 0.854308307
1403636651313555456.000000 6.673901558 -3.292960405 8.957098961 0.005128915 0.501188576 0.141611040 0.853656948
1403636651363555584.000000 6.664586544 -3.300410986 8.963209152 0.002636462 0.501402676 0.142992437 0.853312135
1403636651413555456.000000 6.688588619 -3.274080515 8.911408424 0.002845525 0.496873438 0.141895011 0.856139362
1403636651463555584.000000 6.699792862 -3.262077808 8.883991241 0.003010888 0.493906945 0.142103806 0.857819021
1403636651513555456.000000 6.673768997 -3.249669552 8.895967484 0.004923536 0.495368779 0.140956208 0.857156277
1403636651563555584.000000 6.685767651 -3.240169525 8.868623734 0.007844957 0.492892027 0.139153659 0.858855188
1403636651613555456.000000 6.677805901 -3.260064125 8.875591278 0.009761353 0.493989050 0.137638032 0.858449399
1403636651663555584.000000 6.703048229 -3.218632698 8.817049026 0.015322905 0.489333242 0.135308638 0.861399949
1403636651713555456.000000 6.679959297 -3.247615337 8.836376190 0.016011784 0.491662174 0.136301383 0.859903395
1403636651763555584.000000 6.693713665 -3.230367661 8.808069229 0.019657621 0.490179032 0.138021946 0.860399961
1403636651813555456.000000 6.707847118 -3.228430986 8.774162292 0.022830116 0.489898592 0.142030746 0.859828770
1403636651863555584.000000 6.695689201 -3.233522892 8.762994766 0.026028836 0.493577540 0.146899074 0.856810629
1403636651913555456.000000 6.695721626 -3.215062618 8.741033554 0.029022371 0.498337060 0.150619492 0.853306353
1403636651963555584.000000 6.689416885 -3.181092262 8.732130051 0.033390701 0.505570292 0.154349595 0.848209918
1403636652013555456.000000 6.659606934 -3.192432880 8.741426468 0.033018991 0.517514288 0.157347187 0.840434849
1403636652063555584.000000 6.657862186 -3.201260090 8.717929840 0.029622700 0.528382242 0.161716059 0.832936168
1403636652113555456.000000 6.647332668 -3.206420422 8.684098244 0.024143970 0.540465593 0.164688841 0.824737370
1403636652163555584.000000 6.613668442 -3.198314667 8.701229095 0.019520689 0.557764590 0.166562676 0.812880397
1403636652213555456.000000 6.622792244 -3.159574270 8.661355972 0.016056022 0.570823610 0.172014430 0.802691579
1403636652263555584.000000 6.713750362 -3.109806538 8.554946899 0.012182334 0.576427042 0.176089957 0.797856987
1403636652313555456.000000 6.706275940 -3.083329439 8.532900810 0.006762002 0.590065300 0.183494940 0.786197782
1403636652363555584.000000 6.700101852 -3.063489437 8.512640953 0.001766775 0.603166521 0.191577405 0.774264276
1403636652413555456.000000 6.694298267 -3.038541794 8.483961105 -0.001583615 0.614198446 0.197769105 0.763966739
1403636652463555584.000000 6.692659378 -3.012914181 8.453888893 -0.003625876 0.622820139 0.203141540 0.755523384
1403636652513555456.000000 6.680963039 -3.002363920 8.436244965 -0.005831166 0.630812943 0.209601685 0.747066438
1403636652563555584.000000 6.679046154 -2.985069752 8.411109924 -0.008512810 0.636815429 0.215255052 0.740310073
1403636652613555456.000000 6.682181835 -2.974730730 8.390436172 -0.012295581 0.641474605 0.220297232 0.734730124
1403636652663555584.000000 6.661502361 -2.965017080 8.392599106 -0.016528549 0.647088230 0.223555341 0.728715777
1403636652713555456.000000 6.664314270 -2.949742556 8.351756096 -0.020051179 0.649715483 0.224311695 0.726052403
1403636652763555584.000000 6.663632393 -2.942095757 8.327672005 -0.020969039 0.651613474 0.226067588 0.723777294
1403636652813555456.000000 6.667702198 -2.945711851 8.305454254 -0.021893583 0.653826654 0.227461770 0.721313119
1403636652863555584.000000 6.687901974 -2.938832760 8.277682304 -0.021023547 0.654399812 0.227313817 0.720865726
1403636652913555456.000000 6.698783875 -2.931995153 8.230357170 -0.019868365 0.654008031 0.225770697 0.721738398
1403636652963555584.000000 6.704719543 -2.927654743 8.202259064 -0.018500865 0.654647529 0.223276585 0.721970856
1403636653013555456.000000 6.711087704 -2.926653862 8.175933838 -0.017201664 0.655139923 0.221176118 0.722202957
1403636653063555584.000000 6.720930576 -2.921592474 8.150980949 -0.016122960 0.655486047 0.217823640 0.722932279
1403636653113555456.000000 6.731797218 -2.913494825 8.130262375 -0.013432141 0.655514121 0.214921013 0.723829985
1403636653163555584.000000 6.743280888 -2.905785799 8.105948448 -0.010991620 0.655426979 0.211230919 0.725035310
1403636653213555456.000000 6.751288414 -2.893559217 8.086843491 -0.006864252 0.655878067 0.206309557 0.726094544
1403636653263555584.000000 6.761096001 -2.879039764 8.064067841 -0.002157135 0.655769348 0.201570824 0.727551460
1403636653313555456.000000 6.773462772 -2.875695705 8.043828964 0.000253783 0.655613780 0.197050050 0.728932023
1403636653363555584.000000 6.781829357 -2.862339973 8.018295288 0.002409070 0.654506981 0.193912849 0.730761707
1403636653413555456.000000 6.796558380 -2.863032818 7.996120930 0.002505467 0.653180778 0.192303091 0.732371569
1403636653463555584.000000 6.803758144 -2.851935387 7.965724945 0.002653900 0.651301563 0.191285878 0.734308541
1403636653513555456.000000 6.804969311 -2.850904465 7.950616360 0.002332569 0.650196433 0.190632358 0.735458076
1403636653563555584.000000 6.808305264 -2.856412411 7.935454369 0.001729590 0.649014056 0.190974295 0.736414790
1403636653613555456.000000 6.814596653 -2.863700867 7.909346581 0.003071632 0.647860825 0.190212473 0.737621963
1403636653663555584.000000 6.829280853 -2.861196518 7.887979984 0.005239993 0.647055209 0.188268006 0.738814890
1403636653713555456.000000 6.835396767 -2.872340679 7.867661953 0.006433615 0.646862268 0.186819062 0.739341915
1403636653763555584.000000 6.842160225 -2.872105122 7.846408844 0.008654154 0.646630585 0.185404956 0.739877820
1403636653813555456.000000 6.845330715 -2.857569933 7.824330330 0.010007109 0.646319151 0.182787612 0.740783513
1403636653863555584.000000 6.851477623 -2.856107235 7.803950310 0.010622455 0.646503568 0.181384251 0.740958929
1403636653913555456.000000 6.851171970 -2.846494436 7.774821281 0.010991873 0.646011651 0.180901170 0.741500497
1403636653963555584.000000 6.855456352 -2.846203089 7.763978481 0.010615622 0.645460427 0.183674246 0.741304219
1403636654013555456.000000 6.856732845 -2.840268135 7.750700951 0.010285355 0.644552767 0.186563805 0.741376996
1403636654063555584.000000 6.854558945 -2.826978922 7.731761932 0.011171709 0.643759549 0.188884541 0.741465747
1403636654113555456.000000 6.862787247 -2.811682701 7.713534832 0.012583650 0.643717825 0.190378070 0.741097331
1403636654163555584.000000 6.859061241 -2.799716473 7.701778889 0.014275162 0.645825386 0.190762311 0.739131689
1403636654213555456.000000 6.863296509 -2.791851044 7.674098969 0.015038573 0.648326516 0.191645786 0.736694276
1403636654263555584.000000 6.862606525 -2.783006668 7.654028893 0.013724531 0.652328193 0.192441165 0.732970655
1403636654313555456.000000 6.858329296 -2.775053263 7.637711525 0.012404500 0.657347620 0.193717107 0.728157938
1403636654363555584.000000 6.856155872 -2.770262241 7.613989353 0.010216390 0.662249625 0.196408898 0.723010778
1403636654413555456.000000 6.852831364 -2.769057274 7.595130444 0.008022152 0.668350995 0.199370325 0.716585100
1403636654463555584.000000 6.848776817 -2.773321390 7.577621460 0.006191647 0.674688339 0.202962086 0.709622264
1403636654513555456.000000 6.842268467 -2.775067568 7.551193714 0.004672206 0.681625962 0.205585495 0.702209949
1403636654563555584.000000 6.834337711 -2.773217201 7.528209209 0.003593957 0.689015210 0.207892045 0.694280982
1403636654613555456.000000 6.825182915 -2.772705317 7.508255005 0.002759263 0.694577277 0.212615401 0.687276959
1403636654663555584.000000 6.821444988 -2.772810698 7.487551212 0.002783363 0.698872805 0.218279138 0.681119204
1403636654713555456.000000 6.812527657 -2.772151470 7.466263771 0.001919662 0.702981472 0.221688241 0.675771952
1403636654763555584.000000 6.804513931 -2.774027348 7.450101376 0.000629228 0.706635654 0.224900767 0.670884013
1403636654813555456.000000 6.795473099 -2.769234180 7.422817707 -0.000416090 0.709666848 0.226266488 0.667215347
1403636654863555584.000000 6.788686752 -2.769586563 7.404725552 -0.001608440 0.712408423 0.228078082 0.663665593
1403636654913555456.000000 6.779248238 -2.757405758 7.384856701 -0.000983699 0.714989305 0.228286862 0.660813510
1403636654963555584.000000 6.770112514 -2.749156952 7.372788429 0.000900664 0.718458652 0.225042939 0.658158183
1403636655013555456.000000 6.763485909 -2.740483284 7.349216461 0.004696075 0.720832407 0.221751899 0.656661868
1403636655063555584.000000 6.760436058 -2.734579086 7.341536522 0.007857258 0.723207116 0.219040647 0.654928267
1403636655113555456.000000 6.754892349 -2.726865768 7.324205399 0.010693512 0.724638343 0.217388421 0.653855741
1403636655163555584.000000 6.745106697 -2.711063385 7.305621624 0.013291037 0.725839078 0.214676410 0.653372109
1403636655213555456.000000 6.730256081 -2.708448887 7.293978214 0.015528814 0.726594388 0.213658735 0.652816534
1403636655263555584.000000 6.719686031 -2.697077751 7.279144287 0.018238863 0.727731526 0.213735715 0.651453257
1403636655313555456.000000 6.707538605 -2.688109875 7.266126156 0.019814840 0.729815245 0.213931188 0.649007380
1403636655363555584.000000 6.694039345 -2.674067259 7.252295494 0.022184093 0.732141972 0.214806810 0.646013975
1403636655413555456.000000 6.680264473 -2.663983583 7.237971783 0.024067294 0.734379113 0.216063529 0.642981052
1403636655463555584.000000 6.665329933 -2.654297113 7.224846363 0.024658181 0.737600446 0.216348290 0.639164329
1403636655513555456.000000 6.648802757 -2.646740437 7.210701466 0.024776669 0.741121769 0.218393341 0.634372950
1403636655563555584.000000 6.632154465 -2.640555382 7.196740150 0.022345509 0.744091570 0.223446593 0.629205883
1403636655613555456.000000 6.611011982 -2.634339333 7.185761452 0.018782582 0.747210205 0.230645716 0.622998238
1403636655663555584.000000 6.592990398 -2.614336967 7.159412861 0.016814193 0.749126196 0.237484157 0.618165433
1403636655713555456.000000 6.571052551 -2.604865551 7.152560234 0.014448684 0.751577854 0.244258344 0.612584531
1403636655763555584.000000 6.552435875 -2.592754364 7.142907143 0.011898523 0.754679501 0.249026597 0.606879830
1403636655813555456.000000 6.533361435 -2.574615955 7.126531601 0.011179676 0.758017957 0.253279239 0.600943744
1403636655863555584.000000 6.508292198 -2.551418304 7.116891861 0.011322752 0.762336314 0.257174462 0.593781590
1403636655913555456.000000 6.484108925 -2.537486792 7.104016304 0.011891258 0.767262518 0.261885017 0.585305989
1403636655963555584.000000 6.463288307 -2.511647701 7.084192276 0.012918972 0.772446275 0.264598459 0.577189386
1403636656013555456.000000 6.443551064 -2.495568275 7.071111679 0.014200441 0.777268112 0.266888648 0.569581568
1403636656063555584.000000 6.425662041 -2.477656364 7.058189869 0.014623353 0.782161534 0.267899483 0.562351823
1403636656113555456.000000 6.406589985 -2.458832264 7.038868904 0.013118607 0.785963118 0.268805176 0.556627095
1403636656163555584.000000 6.385414600 -2.443358898 7.017354012 0.012025526 0.789053380 0.269403934 0.551970720
1403636656213555456.000000 6.368226528 -2.427978992 6.999963760 0.008490001 0.791828513 0.269594938 0.547954500
1403636656263555584.000000 6.352612495 -2.424443960 6.983078957 0.006873638 0.793875396 0.270832837 0.544393539
1403636656313555456.000000 6.333738804 -2.416797638 6.958754539 0.005229420 0.794813275 0.272086293 0.542414546
1403636656363555584.000000 6.309862614 -2.412758350 6.932178497 0.005389551 0.795368731 0.273740590 0.540763974
1403636656413555456.000000 6.293841839 -2.406706333 6.896324635 0.004325552 0.795219421 0.274511546 0.540602326
1403636656463555584.000000 6.279551029 -2.406510830 6.875187397 0.004127562 0.795706987 0.274305552 0.539990664
1403636656513555456.000000 6.260568142 -2.413154125 6.853397369 0.002546981 0.795867622 0.274309248 0.539761782
1403636656563555584.000000 6.241995811 -2.410450459 6.822411537 0.002333627 0.795992732 0.272309124 0.540590465
1403636656613555456.000000 6.229586124 -2.410530567 6.797773361 0.001808134 0.796457827 0.269274980 0.541426539
1403636656663555584.000000 6.214961052 -2.408638000 6.771862984 0.004279803 0.797318995 0.265131295 0.542189598
1403636656713555456.000000 6.202555656 -2.405087471 6.742486000 0.009442664 0.798552454 0.258745790 0.543392599
1403636656763555584.000000 6.188201427 -2.403177977 6.716816902 0.013386038 0.799846530 0.252482414 0.544351935
1403636656813555456.000000 6.176460743 -2.396988630 6.689523220 0.015326070 0.800816953 0.247159570 0.545316100
1403636656863555584.000000 6.160981178 -2.392431736 6.665795803 0.015532539 0.801445484 0.243460760 0.546050191
1403636656913555456.000000 6.146118641 -2.383563995 6.641821861 0.016672177 0.801624417 0.240200311 0.547196627
1403636656963555584.000000 6.132684231 -2.370310068 6.616930008 0.018118694 0.801397622 0.238158867 0.548373938
1403636657013555456.000000 6.114469051 -2.361105204 6.593439102 0.020405127 0.800649881 0.237850562 0.549518526
1403636657063555584.000000 6.097882271 -2.345533133 6.572599411 0.022633929 0.800078630 0.237345845 0.550480604
1403636657113555456.000000 6.080609322 -2.330158234 6.553320885 0.025003944 0.799253941 0.237802073 0.551378310
1403636657163555584.000000 6.062557220 -2.316234589 6.535901070 0.027604753 0.798535705 0.239069387 0.551746905
1403636657213555456.000000 6.040465355 -2.305652142 6.516856194 0.028746365 0.797388196 0.240787089 0.552600443
1403636657263555584.000000 6.020162106 -2.294938326 6.495868683 0.028647076 0.796075642 0.244381368 0.552920163
1403636657313555456.000000 6.001032352 -2.272493362 6.473917007 0.027736034 0.795246065 0.245479450 0.553673506
1403636657363555584.000000 5.977632999 -2.260709047 6.446213722 0.027508426 0.793493509 0.249887481 0.554227054
1403636657413555456.000000 5.944520473 -2.265309334 6.437788963 0.025525397 0.792778194 0.255497217 0.552786112
1403636657463555584.000000 5.910769463 -2.260077000 6.423784733 0.022905704 0.791372836 0.260840923 0.552418649
1403636657513555456.000000 5.896967411 -2.237194300 6.391080379 0.022158517 0.789126813 0.265310585 0.553532362
1403636657563555584.000000 5.856527805 -2.222973824 6.367595196 0.020473732 0.788259029 0.268163592 0.553459048
1403636657613555456.000000 5.828995705 -2.207399130 6.346632004 0.019529108 0.787991703 0.269172788 0.553383887
1403636657663555584.000000 5.802773476 -2.191585064 6.325887680 0.019121910 0.788061559 0.269337744 0.553218424
1403636657713555456.000000 5.775954247 -2.176157713 6.301897049 0.019745853 0.788232148 0.269161731 0.553039074
1403636657763555584.000000 5.749763489 -2.159688473 6.280960083 0.020735297 0.789127946 0.269770831 0.551426291
1403636657813555456.000000 5.722815990 -2.138094425 6.254498482 0.021953490 0.789496362 0.271254212 0.550122559
1403636657863555584.000000 5.697138309 -2.115016937 6.229535103 0.024387514 0.789266407 0.274603724 0.548686266
1403636657913555456.000000 5.670414448 -2.095959187 6.203427792 0.025916880 0.788376749 0.279385120 0.547480106
1403636657963555584.000000 5.645027161 -2.079984903 6.175641537 0.026483044 0.787703812 0.283548415 0.546279907
1403636658013555456.000000 5.617801666 -2.060779810 6.146318913 0.025629880 0.788177013 0.284318805 0.545236528
1403636658063555584.000000 5.590679169 -2.043139219 6.115175247 0.022217145 0.789038301 0.283830494 0.544394433
1403636658113555456.000000 5.564892769 -2.026331186 6.079133987 0.017679477 0.790953517 0.280075699 0.543725729
1403636658163555584.000000 5.539586544 -2.015521526 6.047227859 0.012816297 0.792661071 0.277870923 0.542505383
1403636658213555456.000000 5.514183998 -2.004168034 6.014629364 0.009250062 0.794317544 0.275353074 0.541437745
1403636658263555584.000000 5.488017082 -1.993393898 5.980273724 0.004800296 0.795955598 0.272961885 0.540299535
1403636658313555456.000000 5.459225178 -1.979257584 5.945094109 0.001586705 0.796995103 0.271307707 0.539618850
1403636658363555584.000000 5.437776089 -1.958704352 5.907657623 -0.000353740 0.797578931 0.270424843 0.539201498
1403636658413555456.000000 5.409522533 -1.944848537 5.874409676 -0.002669448 0.798016429 0.270249218 0.538635433
1403636658463555584.000000 5.383882523 -1.928471923 5.836496353 -0.005545845 0.798548400 0.270024091 0.537937582
1403636658513555456.000000 5.364150524 -1.910343528 5.799366951 -0.008623285 0.799162626 0.268637091 0.537679255
1403636658563555584.000000 5.342245579 -1.892664075 5.768187523 -0.012554539 0.800435245 0.266015589 0.537011623
1403636658613555456.000000 5.324420452 -1.872485638 5.732408524 -0.015538511 0.801127076 0.263801187 0.536994338
1403636658663555584.000000 5.304652214 -1.852018833 5.699637890 -0.016935254 0.801640391 0.262402743 0.536871374
1403636658713555456.000000 5.288899422 -1.833092570 5.669115067 -0.017642235 0.802563787 0.260765195 0.536266446
1403636658763555584.000000 5.273981094 -1.814210415 5.637465477 -0.018586596 0.803623915 0.258181572 0.535896897
1403636658813555456.000000 5.258251667 -1.796099186 5.607974052 -0.020265412 0.805198789 0.253545940 0.535685360
1403636658863555584.000000 5.243681431 -1.774695873 5.579449654 -0.019785909 0.806645632 0.249464110 0.535442829
1403636658913555456.000000 5.230677605 -1.753374696 5.551373482 -0.015152078 0.807257175 0.247739732 0.535472989
1403636658963555584.000000 5.214175224 -1.733736277 5.531589508 -0.009929387 0.807904780 0.247316599 0.534813881
1403636659013555456.000000 5.213963509 -1.717683315 5.495171547 -0.006200184 0.806713820 0.248496041 0.536119640
1403636659063555584.000000 5.204566479 -1.701314926 5.471416473 -0.002074913 0.807222247 0.247452199 0.535868943
1403636659113555456.000000 5.185272694 -1.672093630 5.462012291 0.001845978 0.808735788 0.244728446 0.534837484
1403636659163555584.000000 5.171458244 -1.662858486 5.428932190 0.003257181 0.807369530 0.246498048 0.536080837
1403636659213555456.000000 5.157108784 -1.643990517 5.415071487 0.004618732 0.807980835 0.245960623 0.535396218
1403636659263555584.000000 5.137762547 -1.604856014 5.398183346 0.006407588 0.808278739 0.243202150 0.536187649
1403636659313555456.000000 5.132346153 -1.596846938 5.386212349 0.004517648 0.807821810 0.247644737 0.534860492
1403636659363555584.000000 5.117543221 -1.585036993 5.377204895 0.001395048 0.807807028 0.251165926 0.533255756
1403636659413555456.000000 5.101836681 -1.552812338 5.344151974 -0.000850099 0.804986060 0.252754748 0.536760390
1403636659463555584.000000 5.074748039 -1.524559975 5.324763298 -0.002753954 0.803389788 0.254488111 0.538324296
1403636659513555456.000000 5.059433460 -1.510574818 5.308557987 -0.004737864 0.803410411 0.254714519 0.538172722
1403636659563555584.000000 5.046540737 -1.500630736 5.292795658 -0.004010045 0.803109467 0.256433070 0.537811637
1403636659613555456.000000 5.031695843 -1.486611247 5.277091503 -0.003949969 0.803900480 0.254277945 0.537653506
1403636659663555584.000000 5.017826557 -1.474504709 5.259127617 -0.003148602 0.804367423 0.253103852 0.537514329
1403636659713555456.000000 5.004398823 -1.460648060 5.249709129 -0.002547520 0.805635095 0.251290709 0.536468685
1403636659763555584.000000 4.992348671 -1.443988085 5.237637043 -0.001500214 0.806589782 0.249768317 0.535748601
1403636659813555456.000000 4.979949951 -1.427019954 5.227919102 -0.002022219 0.807347775 0.249101594 0.534914911
1403636659863555584.000000 4.968650341 -1.413413525 5.221981049 -0.001102988 0.807830393 0.250197917 0.533675849
1403636659913555456.000000 4.957788944 -1.394390583 5.214875698 -0.002159415 0.808000803 0.251656651 0.532727897
1403636659963555584.000000 4.942069054 -1.373454332 5.208059311 -0.005121875 0.807529867 0.254319727 0.532156706
1403636660013555456.000000 4.929768562 -1.354418635 5.199844837 -0.007617662 0.806501687 0.258281678 0.531777859
1403636660063555584.000000 4.917514801 -1.334897280 5.196150780 -0.010000559 0.805722356 0.262609065 0.530799389
1403636660113555456.000000 4.904772758 -1.308641434 5.189588547 -0.012281291 0.804838955 0.264774770 0.531015754
1403636660163555584.000000 4.895229340 -1.291767716 5.189276695 -0.014699112 0.804381192 0.268153608 0.529951334
1403636660213555456.000000 4.888622761 -1.265699506 5.179321766 -0.015314131 0.803665638 0.268788427 0.530697525
1403636660263555584.000000 4.878428459 -1.244286656 5.176308155 -0.017551333 0.802881420 0.271482766 0.530443788
1403636660313555456.000000 4.869416714 -1.216025352 5.177637100 -0.019168204 0.802411556 0.273155928 0.530239701
1403636660363555584.000000 4.863724709 -1.197268724 5.177098751 -0.023595329 0.800843954 0.278577358 0.529610157
1403636660413555456.000000 4.859103680 -1.179079413 5.174686432 -0.026958473 0.799143791 0.283919811 0.529180586
1403636660463555584.000000 4.855545521 -1.163665056 5.168657780 -0.028918395 0.797920048 0.286257029 0.529664397
1403636660513555456.000000 4.856642723 -1.149531841 5.164978981 -0.029566640 0.798011243 0.286091715 0.529580474
1403636660563555584.000000 4.860579491 -1.137323976 5.159877777 -0.028180929 0.799319208 0.282479197 0.529622734
1403636660613555456.000000 4.866565704 -1.122618914 5.155713081 -0.024838712 0.801456451 0.276245534 0.529848218
1403636660663555584.000000 4.873946190 -1.106114268 5.152534485 -0.021320991 0.804222941 0.268337816 0.529873371
1403636660713555456.000000 4.882276535 -1.093187928 5.147699356 -0.019057877 0.806684256 0.260679394 0.530041158
1403636660763555584.000000 4.888526440 -1.071625471 5.146759033 -0.017513745 0.809295774 0.251660973 0.530471921
1403636660813555456.000000 4.898189545 -1.053448796 5.143774986 -0.018513834 0.811103821 0.244868845 0.530855119
1403636660863555584.000000 4.908789158 -1.033218145 5.145663261 -0.020235253 0.812925637 0.239039555 0.530662477
1403636660913555456.000000 4.919059277 -1.013937354 5.146849632 -0.020836735 0.813871503 0.235339820 0.530843019
1403636660963555584.000000 4.929950714 -0.993925691 5.153937817 -0.018847262 0.814045012 0.234971091 0.530814707
1403636661013555456.000000 4.943656445 -0.976291299 5.162719727 -0.015053253 0.813739359 0.236526042 0.530713916
1403636661063555584.000000 4.950102329 -0.951603353 5.173375130 -0.011165944 0.813557267 0.236748442 0.530989707
1403636661113555456.000000 4.961369991 -0.930239975 5.185599804 -0.007227072 0.813274920 0.237544164 0.531135082
1403636661163555584.000000 4.972092628 -0.911112905 5.197600365 -0.004426292 0.812777638 0.239330813 0.531125009
1403636661213555456.000000 4.982406139 -0.891686141 5.211741447 -0.001052654 0.812964320 0.239056408 0.530980229
1403636661263555584.000000 4.991083145 -0.872757554 5.226341248 0.000092936 0.812435985 0.240546927 0.531116724
1403636661313555456.000000 5.002460480 -0.858895421 5.238274574 0.001921489 0.812358737 0.241039574 0.531008124
1403636661363555584.000000 5.009677887 -0.848787904 5.250787735 0.002216120 0.811973333 0.241614759 0.531334877
1403636661413555456.000000 5.014704227 -0.832898736 5.263686180 0.002573904 0.811808705 0.240775034 0.531965613
1403636661463555584.000000 5.022869110 -0.822157025 5.278543472 0.003145896 0.811616361 0.241177723 0.532073677
1403636661513555456.000000 5.028312206 -0.813358963 5.295328140 0.003199741 0.811247110 0.242333293 0.532111347
1403636661563555584.000000 5.035335541 -0.810430527 5.309028625 0.003888292 0.810224354 0.244737715 0.532564521
1403636661613555456.000000 5.039594173 -0.804523349 5.325634003 0.004754475 0.809373260 0.246859446 0.532872200
1403636661663555584.000000 5.044828892 -0.802908301 5.340954781 0.006504283 0.809079111 0.247079462 0.533198357
1403636661713555456.000000 5.048388004 -0.804597080 5.353929520 0.007044890 0.809003770 0.246437639 0.533602715
1403636661763555584.000000 5.053205967 -0.807599306 5.368672848 0.011892403 0.808393300 0.247757435 0.533830702
1403636661813555456.000000 5.056350708 -0.811623394 5.385093689 0.017104672 0.807575583 0.249503240 0.534113586
1403636661863555584.000000 5.058925629 -0.818478405 5.398677826 0.020350615 0.806900799 0.250347674 0.534624279
1403636661913555456.000000 5.060202122 -0.825205922 5.412220001 0.022225134 0.806744397 0.250280201 0.534817100
1403636661963555584.000000 5.060689926 -0.834461808 5.424149513 0.023188610 0.806305528 0.250566572 0.535303771
1403636662013555456.000000 5.058784485 -0.843532205 5.435411453 0.023041828 0.806317568 0.249823615 0.535639048
1403636662063555584.000000 5.056194782 -0.854306579 5.448622704 0.023089767 0.806817830 0.248688430 0.535412014
1403636662113555456.000000 5.053297520 -0.867099464 5.457997799 0.022560164 0.806734443 0.248283878 0.535747886
1403636662163555584.000000 5.048864365 -0.877115190 5.469444752 0.019063979 0.807167172 0.247562662 0.535565674
1403636662213555456.000000 5.043216705 -0.885986507 5.481575966 0.014006678 0.807810962 0.246149197 0.535402596
1403636662263555584.000000 5.036135674 -0.892908394 5.493900299 0.008375418 0.808653772 0.244159311 0.535159111
1403636662313555456.000000 5.029907703 -0.900620103 5.506868362 0.004230207 0.809190333 0.243967831 0.534483790
1403636662363555584.000000 5.021579742 -0.904585600 5.521538258 0.000180317 0.809438884 0.243847206 0.534179032
1403636662413555456.000000 5.015195847 -0.908702195 5.537274361 -0.002934042 0.809230328 0.245791107 0.533595920
1403636662463555584.000000 5.007471085 -0.910526931 5.553908825 -0.006218048 0.808312118 0.249612391 0.533185244
1403636662513555456.000000 5.000725269 -0.913964987 5.571832657 -0.009218778 0.807234168 0.253880292 0.532759666
1403636662563555584.000000 4.996051311 -0.915263414 5.590159893 -0.009876308 0.806203365 0.257953793 0.532351851
1403636662613555456.000000 4.989593029 -0.915731549 5.608684540 -0.005974580 0.804609656 0.263042986 0.532330751
1403636662663555584.000000 4.985676765 -0.918433189 5.628062248 0.001383556 0.803116858 0.268745959 0.531767786
1403636662713555456.000000 4.981516361 -0.919266641 5.646056175 0.009004559 0.801972449 0.272278994 0.531623304
1403636662763555584.000000 4.978368282 -0.919419706 5.666792870 0.015270122 0.801562607 0.274318963 0.531049371
1403636662813555456.000000 4.972757816 -0.914721370 5.682327271 0.020241996 0.801097810 0.275485903 0.530980289
1403636662863555584.000000 4.968613625 -0.911027968 5.699183464 0.020956276 0.800309122 0.277912438 0.530877471
1403636662913555456.000000 4.966317177 -0.905098975 5.717642307 0.017569240 0.800153911 0.279932290 0.530172706
1403636662963555584.000000 4.959607124 -0.897241890 5.732164860 0.015494131 0.799128294 0.282876819 0.530221283
1403636663013555456.000000 4.957717419 -0.891907632 5.746787071 0.015736377 0.797635615 0.287804335 0.529809773
1403636663063555584.000000 4.954375267 -0.886672854 5.757950306 0.017689805 0.795914114 0.292998344 0.529490173
1403636663113555456.000000 4.949766159 -0.879889131 5.769230843 0.020471580 0.794595957 0.296453178 0.529446602
1403636663163555584.000000 4.947273731 -0.874399662 5.776440620 0.019692972 0.793734014 0.299193233 0.529227734
1403636663213555456.000000 4.943314552 -0.869368434 5.781510353 0.015677005 0.794684827 0.297746509 0.528750658
1403636663263555584.000000 4.942263126 -0.864332557 5.786653519 0.005357531 0.797126412 0.292338490 0.528298318
1403636663313555456.000000 4.941356659 -0.854816258 5.790033340 -0.003894989 0.798923850 0.288289696 0.527820647
1403636663363555584.000000 4.937477589 -0.843906522 5.790303230 -0.012359093 0.799870014 0.284994215 0.528046966
1403636663413555456.000000 4.944152355 -0.835513830 5.794513702 -0.021558965 0.800468326 0.284034401 0.527361512
1403636663463555584.000000 4.945727348 -0.823699117 5.796824455 -0.027427187 0.800230026 0.284413189 0.527246535
1403636663513555456.000000 4.948975086 -0.810110927 5.799609184 -0.032888364 0.800067425 0.284964204 0.526883245
1403636663563555584.000000 4.958084583 -0.793827653 5.804008484 -0.036655083 0.799854040 0.285470545 0.526684582
1403636663613555456.000000 4.964643002 -0.780951262 5.808287621 -0.038013320 0.799299836 0.286438733 0.526903808
1403636663663555584.000000 4.977018356 -0.762823343 5.810492516 -0.039451838 0.799073219 0.286675036 0.527013302
1403636663713555456.000000 4.988705158 -0.745802522 5.811746597 -0.042836335 0.799600720 0.283940703 0.527428985
1403636663763555584.000000 5.008346081 -0.733109117 5.817556381 -0.046795025 0.800719798 0.280090630 0.527453661
1403636663813555456.000000 5.026889801 -0.721361876 5.820238113 -0.049988206 0.802543223 0.273256689 0.527973890
1403636663863555584.000000 5.048346996 -0.711195707 5.823929310 -0.052736510 0.804332554 0.266035318 0.528671324
1403636663913555456.000000 5.072561741 -0.705884337 5.828647614 -0.053227138 0.805597365 0.260613799 0.529396176
1403636663963555584.000000 5.100324154 -0.702398658 5.834615231 -0.053738099 0.807665884 0.252447307 0.530149519
1403636664013555456.000000 5.127606869 -0.699423671 5.840776443 -0.052757606 0.809648037 0.244185105 0.531093657
1403636664063555584.000000 5.158537388 -0.699301720 5.848930836 -0.050314613 0.810318112 0.240125880 0.532158434
1403636664113555456.000000 5.190780163 -0.704064846 5.857920647 -0.045430593 0.810078263 0.238568082 0.533661485
1403636664163555584.000000 5.226485729 -0.708080411 5.871396065 -0.039074536 0.810078740 0.237518072 0.534631491
1403636664213555456.000000 5.261156559 -0.714924693 5.883130074 -0.031851105 0.809294879 0.236907244 0.536565304
1403636664263555584.000000 5.296563148 -0.722004533 5.900226116 -0.025089158 0.809116006 0.235466674 0.537826419
1403636664313555456.000000 5.332147121 -0.729057312 5.919870377 -0.019170541 0.808526874 0.235591233 0.538900256
1403636664363555584.000000 5.365912437 -0.728900552 5.940841675 -0.015895046 0.807631612 0.234993383 0.540607750
1403636664413555456.000000 5.399210930 -0.727924109 5.960943222 -0.012521148 0.806559324 0.234911472 0.542330146
1403636664463555584.000000 5.437330723 -0.720508099 5.984371185 -0.010168948 0.805459201 0.234943554 0.543997705
1403636664513555456.000000 5.470672607 -0.711619258 6.014384747 -0.007089645 0.805043697 0.233405292 0.545322239
1403636664563555584.000000 5.507129192 -0.708293676 6.036880493 -0.004952000 0.803208172 0.234183356 0.547713757
1403636664613555456.000000 5.538308144 -0.703918815 6.065925598 0.002007546 0.801063538 0.236550465 0.549851954
1403636664663555584.000000 5.575580120 -0.704729795 6.096381664 0.004979474 0.800018787 0.237891719 0.550774693
1403636664713555456.000000 5.606531620 -0.712331653 6.130649567 0.007774448 0.798594177 0.242020994 0.551010728
1403636664763555584.000000 5.641583443 -0.710698724 6.156387329 0.004000813 0.797068834 0.242117628 0.553212762
1403636664813555456.000000 5.669954300 -0.713804483 6.186040878 -0.000102295 0.796429396 0.241448283 0.554439366
1403636664863555584.000000 5.702887535 -0.715110302 6.210413933 -0.000980458 0.795074582 0.241593808 0.556316376
1403636664913555456.000000 5.730235577 -0.716681480 6.238960743 0.000106801 0.794005573 0.241507664 0.557879090
1403636664963555584.000000 5.758467197 -0.723744631 6.266682625 -0.001617671 0.792381704 0.243903682 0.559141934
1403636665013555456.000000 5.786591053 -0.732245564 6.292797089 -0.002215401 0.790166378 0.248078361 0.560436845
1403636665063555584.000000 5.811254025 -0.741100907 6.322913170 -0.005094718 0.788496912 0.251389593 0.561293185
1403636665113555456.000000 5.839720726 -0.756567717 6.351521492 -0.006772135 0.786567628 0.255692124 0.562038422
1403636665163555584.000000 5.865240097 -0.767878652 6.378155231 -0.008341694 0.785380006 0.257552594 0.562828004
1403636665213555456.000000 5.893558979 -0.790548444 6.406788349 -0.005428035 0.783859968 0.261450559 0.563185334
1403636665263555584.000000 5.923333168 -0.806327462 6.429155350 0.002095387 0.783040464 0.262747169 0.563743949
1403636665313555456.000000 5.949972630 -0.818748713 6.454728127 0.007465960 0.783415675 0.260248840 0.564335585
1403636665363555584.000000 5.977073669 -0.836414456 6.482890606 0.009724244 0.783811033 0.258943379 0.564352870
1403636665413555456.000000 6.004810333 -0.847938895 6.507572174 0.008628884 0.784650207 0.256311268 0.564406037
1403636665463555584.000000 6.033485889 -0.865111709 6.524988651 0.003845962 0.785231888 0.255464852 0.564033628
1403636665513555456.000000 6.056490898 -0.873803854 6.550980091 -0.002344280 0.786627769 0.251914710 0.563693523
1403636665563555584.000000 6.084745407 -0.888432503 6.575519085 -0.007725471 0.788237870 0.248608828 0.562863231
1403636665613555456.000000 6.113516808 -0.908277154 6.594428062 -0.012838536 0.788541436 0.248938084 0.562198758
1403636665663555584.000000 6.141424179 -0.926714063 6.618169308 -0.015348609 0.789433539 0.248335361 0.561149538
1403636665713555456.000000 6.164726734 -0.944349170 6.645181656 -0.015708037 0.790802777 0.246145457 0.560175598
1403636665763555584.000000 6.190145493 -0.947956324 6.669504166 -0.014862932 0.792323112 0.240694329 0.560419023
1403636665813555456.000000 6.217724800 -0.972289562 6.697803497 -0.012465638 0.793614030 0.239910349 0.558985233
1403636665863555584.000000 6.249141693 -0.997272611 6.721170902 -0.003774955 0.793375313 0.242543116 0.558313608
1403636665913555456.000000 6.273322105 -1.014718413 6.750787258 0.005078002 0.792833447 0.244946152 0.558024049
1403636665963555584.000000 6.300159931 -1.035185575 6.778905869 0.012178051 0.792142034 0.248783350 0.557198048
1403636666013555456.000000 6.326067924 -1.048627615 6.804962635 0.017305488 0.791250587 0.252064377 0.556854248
1403636666063555584.000000 6.347884655 -1.069086671 6.834649086 0.019438673 0.790895760 0.254305989 0.556268394
1403636666113555456.000000 6.375407696 -1.077198148 6.860081196 0.018936034 0.791435242 0.252614528 0.556289196
1403636666163555584.000000 6.396757126 -1.098250985 6.886543274 0.015865915 0.792667389 0.250667304 0.555511236
1403636666213555456.000000 6.420658588 -1.099040627 6.909634590 0.014576291 0.793369472 0.246722803 0.556309581
1403636666263555584.000000 6.442398071 -1.107519388 6.941545963 0.015046906 0.793817818 0.245273978 0.556298196
1403636666313555456.000000 6.457426071 -1.113227606 6.970237255 0.016659504 0.793964624 0.244207382 0.556511879
1403636666363555584.000000 6.477749348 -1.119751692 6.999608994 0.019714708 0.793433249 0.244439945 0.557067573
1403636666413555456.000000 6.497622490 -1.128186464 7.027105331 0.022130780 0.792284846 0.247085631 0.557443976
1403636666463555584.000000 6.515649796 -1.136343479 7.055553913 0.023112558 0.791043103 0.249720827 0.557992935
1403636666513555456.000000 6.530189037 -1.144378543 7.080678463 0.022819921 0.789883435 0.251427948 0.558880568
1403636666563555584.000000 6.546313286 -1.154391527 7.107197285 0.018926403 0.789333045 0.252271086 0.559423447
1403636666613555456.000000 6.560873032 -1.165601015 7.130527020 0.014283328 0.788566351 0.253448188 0.560109913
1403636666663555584.000000 6.572858810 -1.179903865 7.151224613 0.008345780 0.788087547 0.253418773 0.560916543
1403636666713555456.000000 6.586096764 -1.192143798 7.176907063 0.002297005 0.787223220 0.254534155 0.561682105
1403636666763555584.000000 6.601140499 -1.207570910 7.198892117 -0.002291352 0.786090553 0.257011324 0.562140286
1403636666813555456.000000 6.613615513 -1.222295642 7.216074467 -0.004558575 0.784066558 0.260526180 0.563333869
1403636666863555584.000000 6.626661777 -1.234681845 7.236234665 -0.005244886 0.781608284 0.266211450 0.564085543
1403636666913555456.000000 6.638084412 -1.244626284 7.257890224 -0.001111542 0.777591228 0.275662094 0.565120518
1403636666963555584.000000 6.655945778 -1.255236387 7.281289577 0.003651970 0.774032593 0.284884840 0.565421045
1403636667013555456.000000 6.671522617 -1.266848564 7.301476479 0.006842598 0.772642374 0.288234770 0.565595090
1403636667063555584.000000 6.688991070 -1.275416732 7.319807529 0.009159750 0.772624254 0.287801713 0.565807521
1403636667113555456.000000 6.705848694 -1.283803701 7.333557606 0.008977433 0.775698960 0.278768837 0.566125810
1403636667163555584.000000 6.726276875 -1.287754774 7.353803635 0.007674034 0.780197144 0.266495705 0.565874219
1403636667213555456.000000 6.744591713 -1.292076349 7.371100426 0.006761945 0.783463955 0.256813377 0.565849423
1403636667263555584.000000 6.764773846 -1.295781732 7.384553909 0.003971801 0.786219954 0.247756451 0.566091239
1403636667313555456.000000 6.779793262 -1.295409441 7.402983189 0.002268617 0.788018942 0.241825908 0.566163778
1403636667363555584.000000 6.796599388 -1.296341300 7.418689251 0.002072865 0.788675547 0.238913730 0.566486478
1403636667413555456.000000 6.814746857 -1.294790030 7.434162617 0.000446319 0.788514197 0.238180995 0.567023039
1403636667463555584.000000 6.828538418 -1.294105768 7.460059643 -0.002298717 0.787925065 0.240362376 0.566917002
1403636667513555456.000000 6.843809128 -1.294955134 7.473140240 -0.004678016 0.786113322 0.243866608 0.567920029
1403636667563555584.000000 6.859738350 -1.293275118 7.496431828 -0.005015009 0.783835709 0.250807375 0.568042278
1403636667613555456.000000 6.878752708 -1.307626605 7.516155720 -0.004966098 0.781582594 0.258846700 0.567540705
1403636667663555584.000000 6.891713142 -1.305405736 7.538990974 -0.003718228 0.779826581 0.263187647 0.567969084
1403636667713555456.000000 6.908933640 -1.313468575 7.558144093 -0.001415924 0.778583348 0.267061234 0.567876995
1403636667763555584.000000 6.926889896 -1.322427034 7.573241711 0.000080621 0.778081059 0.268170178 0.568044484
1403636667813555456.000000 6.937704086 -1.334849477 7.586151123 0.001769790 0.778015733 0.268270761 0.568083882
1403636667863555584.000000 6.951471806 -1.336873055 7.603866577 0.002655258 0.778434455 0.267430633 0.567902923
1403636667913555456.000000 6.976724148 -1.351538539 7.625084400 0.003719456 0.778903067 0.268529207 0.566734850
1403636667963555584.000000 6.985193729 -1.361828566 7.635108948 0.002431820 0.778690338 0.269053310 0.566785514
1403636668013555456.000000 7.015014648 -1.352925301 7.650026798 0.003189222 0.779385507 0.267319918 0.566646397
1403636668063555584.000000 7.031026840 -1.355512142 7.661867619 0.001227611 0.780510426 0.265579551 0.565923572
1403636668113555456.000000 7.048420429 -1.356346607 7.676558018 -0.001086754 0.781898141 0.263495028 0.564981878
1403636668163555584.000000 7.071082592 -1.359090686 7.690841675 -0.004190699 0.783274055 0.261917293 0.563793898
1403636668213555456.000000 7.088651657 -1.360567451 7.702655315 -0.007635963 0.783951461 0.262220174 0.562674403
1403636668263555584.000000 7.109982967 -1.348427773 7.720373631 -0.010132187 0.784978032 0.261296570 0.561632514
1403636668313555456.000000 7.124238014 -1.338211179 7.728380203 -0.011191264 0.785587490 0.261096328 0.560852706
1403636668363555584.000000 7.151586533 -1.339372158 7.745569229 -0.012598317 0.786561191 0.261182398 0.559416294
1403636668413555456.000000 7.173569202 -1.331154585 7.762301922 -0.012097404 0.787742198 0.260077506 0.558279157
1403636668463555584.000000 7.191905975 -1.326069593 7.776330471 -0.011479524 0.788955450 0.258340538 0.557384610
1403636668513555456.000000 7.217249393 -1.314986229 7.793278217 -0.011205189 0.790020525 0.257155359 0.556428969
1403636668563555584.000000 7.235915184 -1.314044595 7.806723595 -0.011173178 0.790482461 0.257641792 0.555547893
1403636668613555456.000000 7.264887333 -1.305379510 7.832513332 -0.011382776 0.791664600 0.257172436 0.554075837
1403636668663555584.000000 7.293825626 -1.299031496 7.845752239 -0.012306881 0.792129099 0.257660329 0.553164601
1403636668713555456.000000 7.308686256 -1.292219996 7.860280514 -0.014828696 0.793309152 0.254956007 0.552664697
1403636668763555584.000000 7.328222752 -1.288075924 7.878233910 -0.018347530 0.795280635 0.250146657 0.551922858
1403636668813555456.000000 7.370067120 -1.273602366 7.903972149 -0.020266242 0.797814369 0.244877815 0.550560117
1403636668863555584.000000 7.390740395 -1.280687213 7.922252178 -0.024456562 0.799652457 0.239689201 0.550006390
1403636668913555456.000000 7.420759678 -1.277017236 7.944329739 -0.025902143 0.801832080 0.233858496 0.549276590
1403636668963555584.000000 7.444750309 -1.280446410 7.965785027 -0.022690898 0.802481830 0.232566789 0.549017966
1403636669013555456.000000 7.478362083 -1.282209277 7.988484859 -0.016595338 0.802198768 0.233925685 0.549072504
1403636669063555584.000000 7.501475334 -1.286103845 8.007991791 -0.010400660 0.801673055 0.234839633 0.549602091
1403636669113555456.000000 7.526372433 -1.297138214 8.033010483 -0.004746368 0.801511467 0.236278012 0.549299240
1403636669163555584.000000 7.549995422 -1.302729845 8.059537888 -0.001823072 0.801645756 0.236797601 0.548896849
1403636669213555456.000000 7.577970982 -1.318460226 8.085250854 0.000083516 0.801760733 0.237755731 0.548317432
1403636669263555584.000000 7.592751026 -1.321276307 8.109499931 0.001325327 0.801853418 0.236943454 0.548531890
1403636669313555456.000000 7.624779701 -1.327987313 8.135881424 0.000523638 0.802170932 0.237075269 0.548011720
1403636669363555584.000000 7.645660400 -1.331922293 8.168380737 0.000791880 0.802152991 0.238072783 0.547605157
1403636669413555456.000000 7.668614388 -1.336739421 8.192964554 0.001788112 0.802154362 0.237422183 0.547883153
1403636669463555584.000000 7.689597607 -1.342348576 8.225291252 0.004069042 0.802732170 0.235986665 0.547644854
1403636669513555456.000000 7.711892605 -1.345921397 8.258712769 0.005624330 0.803365707 0.233683974 0.547689557
1403636669563555584.000000 7.733878613 -1.350108147 8.291233063 0.007156745 0.804117382 0.230722457 0.547824085
1403636669613555456.000000 7.750143051 -1.348777413 8.323714256 0.010322478 0.805431843 0.225534603 0.548002899
1403636669663555584.000000 7.767600536 -1.347729087 8.359382629 0.013922155 0.806493104 0.220935956 0.548235774
1403636669713555456.000000 7.781533241 -1.355637550 8.395739555 0.016658654 0.807567894 0.216772139 0.548239470
1403636669763555584.000000 7.799999237 -1.366604328 8.432840347 0.018501105 0.807626188 0.215433493 0.548621953
1403636669813555456.000000 7.814710140 -1.373591065 8.473243713 0.026753938 0.805897474 0.219938800 0.549036026
1403636669863555584.000000 7.825038910 -1.386933565 8.500053406 0.038520582 0.801413834 0.228867471 0.551245630
1403636669913555456.000000 7.831250191 -1.398169637 8.535509109 0.048004828 0.796456099 0.241245210 0.552407444
1403636669963555584.000000 7.836267471 -1.410895348 8.572869301 0.054014266 0.792796433 0.250736266 0.552890360
1403636670013555456.000000 7.837952614 -1.424564362 8.609779358 0.056544986 0.790282190 0.258102626 0.552846968
1403636670063555584.000000 7.835148335 -1.440688133 8.635452271 0.058458224 0.787684917 0.263690561 0.553717017
1403636670113555456.000000 7.834968090 -1.452522516 8.662829399 0.060092576 0.785118699 0.267895728 0.555166125
1403636670163555584.000000 7.831292152 -1.469232082 8.691652298 0.064894453 0.783274233 0.268754691 0.556813478
1403636670213555456.000000 7.824400425 -1.481006384 8.714352608 0.074431323 0.780439377 0.269194961 0.559382319
1403636670263555584.000000 7.813751698 -1.498648405 8.730797768 0.083319187 0.777621508 0.269139588 0.562073529
1403636670313555456.000000 7.798875809 -1.506929755 8.744760513 0.091513239 0.774520218 0.269766748 0.564774096
1403636670363555584.000000 7.785170555 -1.517151117 8.760378838 0.095511645 0.771065056 0.271695733 0.567906439
1403636670413555456.000000 7.770462036 -1.522866011 8.774884224 0.097201563 0.767149746 0.273318172 0.572127879
1403636670463555584.000000 7.749479771 -1.533199191 8.789537430 0.099276736 0.761973500 0.276476175 0.577149510
1403636670513555456.000000 7.730929375 -1.539570212 8.793753624 0.100106582 0.756538749 0.278180063 0.583304167
1403636670563555584.000000 7.697986126 -1.542305827 8.793544769 0.101143651 0.750345230 0.278385878 0.590976536
1403636670613555456.000000 7.674517155 -1.549175858 8.792094231 0.100314669 0.744239509 0.278240740 0.598854482
1403636670663555584.000000 7.640461445 -1.551744461 8.784091949 0.099601783 0.737896800 0.276656926 0.607493937
1403636670713555456.000000 7.610431194 -1.560123086 8.769829750 0.097919524 0.731337011 0.274204701 0.616741359
1403636670763555584.000000 7.570119858 -1.565847635 8.750501633 0.097792603 0.724105597 0.271812111 0.626279473
1403636670813555456.000000 7.531547070 -1.564124346 8.731801987 0.100141630 0.715914726 0.270379126 0.635871828
1403636670863555584.000000 7.487914085 -1.571063757 8.702084541 0.102793917 0.706159115 0.270134479 0.646374643
1403636670913555456.000000 7.446217537 -1.570915937 8.676168442 0.107020594 0.696261823 0.269214422 0.656726539
1403636670963555584.000000 7.404356956 -1.575848818 8.639880180 0.112471491 0.684900522 0.268132418 0.668106735
1403636671013555456.000000 7.348366737 -1.566014767 8.602302551 0.116689585 0.673666358 0.263995230 0.680340946
1403636671063555584.000000 7.300532341 -1.572151303 8.558092117 0.116404705 0.663415194 0.258639008 0.692413211
1403636671113555456.000000 7.244152069 -1.562496543 8.500824928 0.112253927 0.653416932 0.251020640 0.705290079
1403636671163555584.000000 7.192409515 -1.569026947 8.441847801 0.105959609 0.643798709 0.245087057 0.717097044
1403636671213555456.000000 7.133398533 -1.570047736 8.373861313 0.098306850 0.634554327 0.240224734 0.727989495
1403636671263555584.000000 7.081371784 -1.559854984 8.310147285 0.088063844 0.627474606 0.234443590 0.737262905
1403636671313555456.000000 7.021029472 -1.552921414 8.242605209 0.072909012 0.622993231 0.227661163 0.744804800
1403636671363555584.000000 6.960426331 -1.549587488 8.162593842 0.053343374 0.619343698 0.219327450 0.751973033
1403636671413555456.000000 6.891766548 -1.539405704 8.092236519 0.033272292 0.616289675 0.208668768 0.758641779
1403636671463555584.000000 6.839395523 -1.530907869 8.006633759 0.015341010 0.610099912 0.202148154 0.765949726
1403636671513555456.000000 6.780341148 -1.526539087 7.921901703 0.000560593 0.602964461 0.199362233 0.772456110
1403636671563555584.000000 6.718122959 -1.509959221 7.846274853 -0.010520160 0.596163332 0.198210031 0.777940512
1403636671613555456.000000 6.660191536 -1.477971315 7.770304203 -0.019704733 0.590147972 0.197697461 0.782465935
1403636671663555584.000000 6.603948593 -1.487900257 7.691507339 -0.029073020 0.584536493 0.201273963 0.785468459
1403636671713555456.000000 6.546498775 -1.473436594 7.617564201 -0.035843082 0.580057800 0.203049034 0.788047850
1403636671763555584.000000 6.505586147 -1.456055880 7.538429260 -0.040774342 0.576292455 0.204928115 0.790081620
1403636671813555456.000000 6.446483612 -1.438709736 7.456108570 -0.046410315 0.573426068 0.205483928 0.791710198
1403636671863555584.000000 6.403247356 -1.427254200 7.384220600 -0.051577773 0.571379840 0.207750902 0.792278051
1403636671913555456.000000 6.360249519 -1.412103415 7.318143368 -0.057762966 0.570325792 0.210769743 0.791813195
1403636671963555584.000000 6.323674202 -1.401671410 7.248199463 -0.065578528 0.569570184 0.212727919 0.791224420
1403636672013555456.000000 6.287791252 -1.395044565 7.177491188 -0.073721856 0.569426715 0.214149803 0.790226698
1403636672063555584.000000 6.260895729 -1.388709784 7.108934402 -0.079850458 0.570985913 0.210905001 0.789378285
1403636672113555456.000000 6.235009193 -1.385895014 7.044413090 -0.085017905 0.573940873 0.203807905 0.788559675
1403636672163555584.000000 6.215175152 -1.386854410 6.986714840 -0.087772928 0.577085733 0.197632760 0.787533641
1403636672213555456.000000 6.195305347 -1.390412092 6.927180767 -0.090102278 0.579448402 0.193258449 0.786620796
1403636672263555584.000000 6.179280281 -1.397605419 6.871683598 -0.090854511 0.581743777 0.190239489 0.785575330
1403636672313555456.000000 6.164872169 -1.402925730 6.818063736 -0.091431759 0.584105074 0.185442895 0.784902930
1403636672363555584.000000 6.154174328 -1.403995275 6.773731232 -0.090560444 0.587648392 0.177739322 0.784141004
1403636672413555456.000000 6.143395901 -1.409611464 6.730318069 -0.089418121 0.591119409 0.167995900 0.783811033
1403636672463555584.000000 6.149198532 -1.416062832 6.680305481 -0.083402254 0.593636215 0.158619627 0.784525335
1403636672513555456.000000 6.172433376 -1.419762611 6.634082794 -0.069211759 0.594402552 0.155691803 0.785910606
1403636672563555584.000000 6.155762672 -1.422757626 6.611716747 -0.053082265 0.596817017 0.151466370 0.786161423
1403636672613555456.000000 6.146531105 -1.412731886 6.583278656 -0.037197214 0.596959531 0.151198089 0.787016451
1403636672663555584.000000 6.147572517 -1.400167584 6.556785583 -0.024512453 0.596529365 0.152024701 0.787680328
1403636672713555456.000000 6.150343418 -1.386592746 6.535249710 -0.017984277 0.594819665 0.157356158 0.788102269
1403636672763555584.000000 6.147049904 -1.367871046 6.517008781 -0.017510105 0.592344522 0.164648607 0.788487315
1403636672813555456.000000 6.151593208 -1.350379229 6.505643368 -0.019622769 0.588509381 0.171419173 0.789865315
1403636672863555584.000000 6.141166687 -1.333774924 6.495837212 -0.021849064 0.585385799 0.172652215 0.791856885
1403636672913555456.000000 6.133566380 -1.310547471 6.481999874 -0.022166969 0.580839097 0.171325743 0.795476079
1403636672963555584.000000 6.130571365 -1.299601674 6.474125862 -0.023825699 0.575575292 0.169490665 0.799636424
1403636673013555456.000000 6.129422188 -1.282393932 6.465277672 -0.025332905 0.569406211 0.165599659 0.804805398
1403636673063555584.000000 6.129400253 -1.275696874 6.454674721 -0.028170995 0.563276410 0.162726551 0.809596300
1403636673113555456.000000 6.129721642 -1.265460014 6.444559574 -0.030767834 0.556563795 0.160655484 0.814542830
1403636673163555584.000000 6.132842064 -1.261822581 6.431847095 -0.036390331 0.549529314 0.162069693 0.818795979
1403636673213555456.000000 6.125698090 -1.258286238 6.429764271 -0.043643523 0.543668926 0.164509922 0.821861267
1403636673263555584.000000 6.125075340 -1.254878163 6.426742077 -0.051668432 0.538216949 0.165824696 0.824715137
1403636673313555456.000000 6.126379013 -1.254901052 6.426802635 -0.057385460 0.533632755 0.168337837 0.826804340
1403636673363555584.000000 6.128158569 -1.255820155 6.424163342 -0.061359350 0.530124784 0.169143304 0.828609288
1403636673413555456.000000 6.136178017 -1.258247614 6.424642563 -0.062137127 0.527565479 0.168699771 0.830273569
1403636673463555584.000000 6.143170834 -1.262289882 6.426350594 -0.061410971 0.525829852 0.167756140 0.831618607
1403636673513555456.000000 6.155818939 -1.263927579 6.428418636 -0.060367886 0.524337769 0.166210145 0.832946539
1403636673563555584.000000 6.166276932 -1.267856717 6.435898304 -0.057507366 0.523776650 0.163855553 0.833967745
1403636673613555456.000000 6.180786133 -1.269852519 6.442829132 -0.051939473 0.524136484 0.158796445 0.835085034
1403636673663555584.000000 6.197229385 -1.272237659 6.450934887 -0.045527954 0.524462461 0.154310808 0.836094856
1403636673713555456.000000 6.215406418 -1.275736094 6.459574699 -0.039025497 0.524631679 0.150431499 0.837023973
1403636673763555584.000000 6.229557037 -1.276220083 6.477390289 -0.032072984 0.526172578 0.144119769 0.837462425
1403636673813555456.000000 6.246800423 -1.281861424 6.491822243 -0.026037160 0.526162744 0.141672164 0.838095367
1403636673863555584.000000 6.265888214 -1.286874413 6.507925034 -0.023478767 0.526360869 0.138969168 0.838499069
1403636673913555456.000000 6.280157566 -1.293246150 6.524483204 -0.025272120 0.526618123 0.137273297 0.838564754
1403636673963555584.000000 6.294900894 -1.300959587 6.540813446 -0.025516929 0.526453435 0.137040943 0.838698745
1403636674013555456.000000 6.307476997 -1.307410359 6.561883450 -0.025786085 0.526166916 0.138642550 0.838607073
1403636674063555584.000000 6.322317600 -1.313543320 6.581343651 -0.025613926 0.525908589 0.139247879 0.838674128
1403636674113555456.000000 6.337865353 -1.322113037 6.604710102 -0.025083542 0.525502741 0.140736803 0.838695943
1403636674163555584.000000 6.351593971 -1.328304529 6.625955582 -0.023720292 0.525340021 0.141413912 0.838723719
1403636674213555456.000000 6.364288330 -1.333757997 6.651451588 -0.021043358 0.525429070 0.141742855 0.838683784
1403636674263555584.000000 6.377974987 -1.335673690 6.680127144 -0.016546234 0.524883091 0.144075528 0.838729024
1403636674313555456.000000 6.392622948 -1.336018920 6.708775520 -0.011321864 0.523354948 0.148929060 0.838922918
1403636674363555584.000000 6.401094913 -1.333438635 6.736591339 -0.007007405 0.520676851 0.154321790 0.839661479
1403636674413555456.000000 6.412621498 -1.333842993 6.769199848 -0.002657944 0.516364276 0.159407914 0.841397703
1403636674463555584.000000 6.425391197 -1.330159307 6.802553654 0.001553770 0.511388361 0.162441388 0.843855679
1403636674513555456.000000 6.434576988 -1.326634765 6.830384731 0.005162379 0.505675733 0.163839802 0.847007632
1403636674563555584.000000 6.447964191 -1.324351907 6.862607956 0.006219734 0.500450730 0.163268119 0.850208223
1403636674613555456.000000 6.462459087 -1.317013979 6.890001774 0.007148869 0.495953679 0.161612481 0.853147328
1403636674663555584.000000 6.474970818 -1.306263447 6.920264721 0.007605475 0.492425025 0.158375055 0.855790377
1403636674713555456.000000 6.485663414 -1.295297503 6.946852207 0.006811703 0.488336593 0.158061460 0.858194411
1403636674763555584.000000 6.500861645 -1.288556695 6.973181725 0.002326951 0.484002531 0.160140544 0.860285580
1403636674813555456.000000 6.511403084 -1.275424600 6.999150753 -0.004211689 0.479664326 0.164102748 0.861959875
1403636674863555584.000000 6.526336193 -1.260129690 7.024530888 -0.010952008 0.475826263 0.167753592 0.863323987
1403636674913555456.000000 6.541029930 -1.251201749 7.049714088 -0.017110540 0.472834200 0.170983523 0.864233673
1403636674963555584.000000 6.555191040 -1.241817236 7.080409527 -0.023485880 0.470933288 0.172940090 0.864732385
1403636675013555456.000000 6.573224068 -1.236407638 7.098843575 -0.027943559 0.468631327 0.175624222 0.865309179
1403636675063555584.000000 6.593866825 -1.233490229 7.118407726 -0.033134818 0.467398793 0.176528394 0.865608573
1403636675113555456.000000 6.615090847 -1.228489041 7.140012741 -0.037463166 0.468102992 0.173542172 0.865655422
1403636675163555584.000000 6.640428543 -1.230487227 7.162357807 -0.043722797 0.469682544 0.168478087 0.865506768
1403636675213555456.000000 6.668234348 -1.232157826 7.188751221 -0.047662325 0.472267509 0.159986675 0.865503371
1403636675263555584.000000 6.696546555 -1.238745809 7.209582806 -0.050663911 0.474561334 0.153668508 0.865222931
1403636675313555456.000000 6.727509975 -1.250100017 7.232392311 -0.052615132 0.476497471 0.148391977 0.864963412
1403636675363555584.000000 6.756274700 -1.259176493 7.260684967 -0.049597014 0.478615046 0.141224369 0.865172505
1403636675413555456.000000 6.787457943 -1.273908615 7.285654545 -0.043096401 0.479059488 0.134433746 0.866355777
1403636675463555584.000000 6.824581146 -1.286815286 7.312837601 -0.036880251 0.477117836 0.129019186 0.868534744
1403636675513555456.000000 6.852049828 -1.296842098 7.344181061 -0.032131705 0.475005984 0.121293768 0.870990694
1403636675563555584.000000 6.885173321 -1.310997605 7.377284050 -0.028060956 0.472485244 0.114195146 0.873458564
1403636675613555456.000000 6.914146423 -1.323537230 7.417811394 -0.024779301 0.470298648 0.107614942 0.875570834
1403636675663555584.000000 6.950668812 -1.339013696 7.451863289 -0.022358526 0.465932041 0.103914239 0.878412962
1403636675713555456.000000 6.973359108 -1.340346813 7.486188889 -0.017794942 0.460650444 0.099992812 0.881751716
1403636675763555584.000000 7.005639553 -1.345862865 7.525230408 -0.011741820 0.453815907 0.097923517 0.885620892
1403636675813555456.000000 7.033705711 -1.359831095 7.561453819 -0.004601934 0.444065928 0.102452680 0.890105486
1403636675863555584.000000 7.055344582 -1.365040064 7.601912498 0.003669014 0.433367163 0.108898796 0.894606352
1403636675913555456.000000 7.079819202 -1.366311193 7.645053864 0.008775207 0.420956612 0.117114104 0.899445832
1403636675963555584.000000 7.097756863 -1.373224974 7.684974670 0.010711149 0.408476591 0.124350265 0.904195368
1403636676013555456.000000 7.125266552 -1.370121837 7.729516029 0.010128598 0.396682173 0.127775580 0.908963203
1403636676063555584.000000 7.137409687 -1.376785636 7.765169144 0.007300974 0.386770070 0.126879111 0.913376868
1403636676113555456.000000 7.164618969 -1.374465942 7.806440353 0.002397426 0.377862811 0.122153699 0.917764962
1403636676163555584.000000 7.186164856 -1.368875504 7.844659328 -0.003163780 0.370227665 0.111584239 0.922209561
1403636676213555456.000000 7.208097458 -1.366060019 7.878911018 -0.008793679 0.362427413 0.100924484 0.926489830
1403636676263555584.000000 7.228534222 -1.361037254 7.918943405 -0.015674945 0.355269879 0.086908221 0.930582941
1403636676313555456.000000 7.256650925 -1.354834318 7.949067116 -0.021877473 0.345198244 0.077142544 0.935098231
1403636676363555584.000000 7.270421505 -1.353533030 7.995074272 -0.025236139 0.337212503 0.064636521 0.938867986
1403636676413555456.000000 7.293949604 -1.345658302 8.031147957 -0.028401358 0.327509940 0.054403882 0.942852557
1403636676463555584.000000 7.305502415 -1.348824263 8.075306892 -0.030459676 0.317155272 0.048457768 0.946644902
1403636676513555456.000000 7.326292515 -1.351933360 8.118124962 -0.031335782 0.305029809 0.046645708 0.950683534
1403636676563555584.000000 7.336641312 -1.360781193 8.160169601 -0.028939493 0.293068767 0.048477776 0.954422951
1403636676613555456.000000 7.353152275 -1.370503426 8.200654984 -0.026938722 0.281775475 0.050184950 0.957788289
1403636676663555584.000000 7.364755630 -1.394827366 8.228099823 -0.024825521 0.271927565 0.052919205 0.960540891
1403636676713555456.000000 7.371245861 -1.395299077 8.272439003 -0.020927811 0.264419705 0.055393025 0.962588131
1403636676763555584.000000 7.384165287 -1.399195075 8.319917679 -0.016674777 0.258185863 0.057953540 0.964211285
1403636676813555456.000000 7.393804550 -1.416268110 8.362507820 -0.015067173 0.252357721 0.061040066 0.965589345
1403636676863555584.000000 7.409492493 -1.434854031 8.401914597 -0.014196793 0.245627388 0.065065861 0.967073977
1403636676913555456.000000 7.419125557 -1.448891401 8.441122055 -0.012171216 0.241563037 0.066170253 0.968049943
1403636676963555584.000000 7.433646679 -1.466668725 8.482119560 -0.011255414 0.238347992 0.067456976 0.968768895
1403636677013555456.000000 7.445329189 -1.478744864 8.520255089 -0.011016402 0.237238467 0.065117314 0.969204009
1403636677063555584.000000 7.460769176 -1.485166430 8.561224937 -0.011437371 0.237837672 0.060026765 0.969380915
1403636677113555456.000000 7.474440098 -1.490399599 8.606242180 -0.012304818 0.239397690 0.054727286 0.969299912
1403636677163555584.000000 7.489796162 -1.488185287 8.652873039 -0.013016734 0.240986973 0.049727596 0.969166219
1403636677213555456.000000 7.504234314 -1.491578102 8.696072578 -0.012514174 0.242291540 0.046056047 0.969028890
1403636677263555584.000000 7.517976284 -1.489943862 8.739171028 -0.009806625 0.242569268 0.042188048 0.969166756
1403636677313555456.000000 7.527101517 -1.493003011 8.781970024 -0.006375735 0.241258889 0.039571438 0.969632804
1403636677363555584.000000 7.539836884 -1.495428920 8.826576233 -0.000694139 0.237915576 0.035565149 0.970634282
1403636677413555456.000000 7.547575951 -1.502469182 8.866965294 0.004946353 0.233996436 0.031400125 0.971717715
1403636677463555584.000000 7.552290440 -1.507663250 8.909905434 0.011861271 0.228598356 0.028700313 0.973025441
1403636677513555456.000000 7.559147358 -1.517878532 8.947070122 0.016938269 0.221302807 0.027460247 0.974671364
1403636677563555584.000000 7.559704781 -1.524380207 8.985705376 0.021060035 0.213529214 0.026801880 0.976341903
1403636677613555456.000000 7.564114571 -1.535267711 9.020151138 0.022816742 0.203885078 0.027409596 0.978345096
1403636677663555584.000000 7.564072132 -1.544504523 9.053851128 0.022547897 0.193998650 0.028098598 0.980340004
1403636677713555456.000000 7.564056873 -1.556797385 9.079513550 0.022156695 0.182361752 0.029992124 0.982524157
1403636677763555584.000000 7.562453747 -1.567610979 9.105813980 0.019141871 0.170737296 0.030875707 0.984646738
1403636677813555456.000000 7.555803776 -1.574234605 9.132179260 0.014763232 0.157585874 0.034161180 0.986803830
1403636677863555584.000000 7.554435730 -1.591536164 9.154272079 0.008669805 0.142657921 0.038178898 0.988997459
1403636677913555456.000000 7.555059433 -1.603326797 9.180797577 0.002918371 0.127999187 0.040272422 0.990952015
1403636677963555584.000000 7.551123142 -1.615972519 9.207027435 -0.001375510 0.114293337 0.040557496 0.992617905
1403636678013555456.000000 7.557061195 -1.626420379 9.221925735 -0.005269452 0.100789808 0.037465841 0.994188130
1403636678063555584.000000 7.559273720 -1.641050220 9.241091728 -0.007110021 0.089616939 0.032907370 0.995407164
1403636678113555456.000000 7.562727928 -1.651014090 9.261917114 -0.007460028 0.081291579 0.024740679 0.996355355
1403636678163555584.000000 7.568043232 -1.659224033 9.282805443 -0.007256954 0.074297667 0.016434425 0.997074246
1403636678213555456.000000 7.573042870 -1.664766908 9.302858353 -0.008103406 0.069101870 0.007683903 0.997547150
1403636678263555584.000000 7.579160213 -1.671072483 9.324834824 -0.008339773 0.063270770 0.000273425 0.997961521
1403636678313555456.000000 7.585967541 -1.675623417 9.343377113 -0.007866486 0.056246817 -0.004713587 0.998374879
1403636678363555584.000000 7.590865612 -1.685366392 9.361925125 -0.007466007 0.047690578 -0.006834563 0.998810947
1403636678413555456.000000 7.597261429 -1.694049597 9.381393433 -0.008757829 0.038980328 -0.008849939 0.999162495
1403636678463555584.000000 7.603947163 -1.704580545 9.397001266 -0.009437498 0.030359596 -0.011703093 0.999425948
1403636678513555456.000000 7.607701302 -1.716970325 9.419137001 -0.010922974 0.021896346 -0.015533190 0.999579966
1403636678563555584.000000 7.614333630 -1.731234193 9.431672096 -0.010880849 0.012209675 -0.018452879 0.999696016
1403636678613555456.000000 7.617801189 -1.746702909 9.448119164 -0.010690031 0.001497191 -0.022286547 0.999693334
1403636678663555584.000000 7.624438286 -1.759629488 9.462528229 -0.010014837 -0.008895843 -0.029542323 0.999473751
1403636678713555456.000000 7.629436016 -1.772878289 9.479572296 -0.009716161 -0.018568670 -0.039686847 0.998992383
1403636678763555584.000000 7.635748386 -1.783236027 9.495551109 -0.009198364 -0.029109916 -0.051764220 0.998192608
1403636678813555456.000000 7.642452717 -1.794110537 9.506629944 -0.009516105 -0.039183360 -0.064491048 0.997103333
1403636678863555584.000000 7.643895149 -1.800661802 9.523447990 -0.009920751 -0.047826178 -0.075969599 0.995913148
1403636678913555456.000000 7.647878647 -1.806485653 9.538912773 -0.009517241 -0.055981535 -0.087115027 0.994578600
1403636678963555584.000000 7.647974968 -1.811388850 9.560783386 -0.010016469 -0.065278910 -0.094949335 0.993288994
1403636679013555456.000000 7.648758411 -1.817921162 9.568760872 -0.009250180 -0.075830951 -0.097799823 0.992269814
1403636679063555584.000000 7.637812138 -1.819391966 9.591747284 -0.008190750 -0.086133756 -0.099952996 0.991223156
1403636679113555456.000000 7.634928226 -1.820321679 9.604822159 -0.006047033 -0.098360807 -0.099999830 0.990095317
1403636679163555584.000000 7.625282764 -1.821138263 9.616280556 -0.004519992 -0.111345969 -0.097038470 0.989022374
1403636679213555456.000000 7.613672256 -1.817531347 9.638092995 -0.000861034 -0.126315802 -0.090504944 0.987852454
1403636679263555584.000000 7.602210045 -1.816507339 9.650227547 0.001431869 -0.141074583 -0.086574785 0.986205220
1403636679313555456.000000 7.591500282 -1.821573496 9.655088425 0.001919315 -0.155622050 -0.084140584 0.984224856
1403636679363555584.000000 7.579609871 -1.821035624 9.667309761 0.003413460 -0.169642836 -0.083913803 0.981920719
1403636679413555456.000000 7.567492962 -1.823413372 9.674016953 0.003117135 -0.182665080 -0.085228942 0.979469180
1403636679463555584.000000 7.557501316 -1.827412844 9.679856300 0.002748396 -0.195522085 -0.087241314 0.976807356
1403636679513555456.000000 7.547304153 -1.831680417 9.688003540 0.001846567 -0.207129583 -0.090764828 0.974092305
1403636679563555584.000000 7.539556503 -1.835538745 9.695747375 0.000658370 -0.217188805 -0.093902834 0.971602201
1403636679613555456.000000 7.531970024 -1.845582008 9.697214127 -0.000977452 -0.225848317 -0.095722906 0.969447613
1403636679663555584.000000 7.525064468 -1.852926493 9.698371887 -0.003548993 -0.232691571 -0.098116063 0.967582166
1403636679713555456.000000 7.517400742 -1.867100000 9.701166153 -0.005780548 -0.238260597 -0.100875959 0.965930939
1403636679763555584.000000 7.512113571 -1.875812054 9.705779076 -0.005168979 -0.242191106 -0.104656078 0.964553714
1403636679813555456.000000 7.506041527 -1.890760422 9.703670502 -0.001725301 -0.245283812 -0.106382653 0.963595212
1403636679863555584.000000 7.499364376 -1.905271053 9.705619812 0.002698364 -0.247113049 -0.108301461 0.962911546
1403636679913555456.000000 7.496631145 -1.921684861 9.705060959 0.008760583 -0.248101547 -0.112341329 0.962158144
1403636679963555584.000000 7.492449284 -1.939636827 9.697778702 0.010890524 -0.247592971 -0.116546147 0.961767197
1403636680013555456.000000 7.488509178 -1.957314730 9.692571640 0.013767290 -0.245268732 -0.123491682 0.961459041
1403636680063555584.000000 7.485185623 -1.971324086 9.691162109 0.017007744 -0.242678300 -0.131447330 0.961009681
1403636680113555456.000000 7.484071732 -1.989575386 9.685307503 0.020296581 -0.239862680 -0.139069244 0.960579932
1403636680163555584.000000 7.470569611 -2.009216309 9.672809601 0.021091918 -0.237035424 -0.142784461 0.960719585
1403636680213555456.000000 7.466034412 -2.021050215 9.662178040 0.021901771 -0.236832395 -0.141864002 0.960887790
1403636680263555584.000000 7.459164143 -2.034985065 9.646462440 0.024605038 -0.236583009 -0.141287535 0.960968733
1403636680313555456.000000 7.449787140 -2.053910255 9.633218765 0.025390211 -0.234227926 -0.143769488 0.961157084
1403636680363555584.000000 7.438992023 -2.053509951 9.618526459 0.025117392 -0.230314702 -0.149482071 0.961238503
1403636680413555456.000000 7.427930832 -2.061695814 9.607786179 0.022415746 -0.227209643 -0.154320061 0.961279750
1403636680463555584.000000 7.417629719 -2.061119318 9.586838722 0.020836338 -0.224795356 -0.158028454 0.961280406
1403636680513555456.000000 7.403790951 -2.061486244 9.568123817 0.018720903 -0.222296894 -0.159799814 0.961611986
1403636680563555584.000000 7.387361050 -2.061702251 9.549430847 0.016217018 -0.221467212 -0.158026427 0.962141871
1403636680613555456.000000 7.367842674 -2.065939188 9.520902634 0.014228846 -0.221415758 -0.153849259 0.962861896
1403636680663555584.000000 7.345699310 -2.059306860 9.502619743 0.013856393 -0.220878884 -0.152651608 0.963181198
1403636680713555456.000000 7.327644348 -2.052969933 9.481534004 0.011400551 -0.221582681 -0.148159221 0.963753164
1403636680763555584.000000 7.303263664 -2.052018404 9.447434425 0.006348722 -0.223431841 -0.139221519 0.964704752
1403636680813555456.000000 7.279988289 -2.041154146 9.425967216 0.002879908 -0.226083815 -0.130201727 0.965362787
1403636680863555584.000000 7.254994869 -2.037487507 9.398900032 -0.002550626 -0.229112759 -0.118974723 0.966098309
1403636680913555456.000000 7.226458073 -2.029610872 9.367162704 -0.009763336 -0.231572047 -0.108312070 0.966720045
1403636680963555584.000000 7.195703506 -2.016224146 9.339921951 -0.018959187 -0.232495621 -0.102669023 0.966977477
1403636681013555456.000000 7.175338745 -2.001130342 9.314945221 -0.026842941 -0.232695863 -0.102573231 0.966752768
1403636681063555584.000000 7.149563313 -1.993441105 9.289350510 -0.035943247 -0.232031211 -0.103555843 0.966512203
1403636681113555456.000000 7.123795509 -1.983759880 9.272371292 -0.042030867 -0.231086150 -0.106056847 0.966221809
1403636681163555584.000000 7.104492664 -1.964529514 9.253615379 -0.041307177 -0.230677456 -0.108194083 0.966113687
1403636681213555456.000000 7.072359085 -1.948444843 9.230082512 -0.034404118 -0.228824452 -0.112066157 0.966383457
1403636681263555584.000000 7.052081585 -1.930063009 9.218952179 -0.023948487 -0.229198471 -0.115815267 0.966168463
1403636681313555456.000000 7.017129898 -1.918373466 9.197725296 -0.016762316 -0.228916436 -0.116543911 0.966299057
1403636681363555584.000000 6.986342430 -1.913620949 9.170824051 -0.010579355 -0.228752285 -0.115668073 0.966530621
1403636681413555456.000000 6.957828999 -1.905761957 9.151217461 -0.005734031 -0.229976922 -0.113922745 0.966488242
1403636681463555584.000000 6.931334972 -1.900198579 9.129824638 -0.003014365 -0.231505439 -0.111134343 0.966460228
1403636681513555456.000000 6.901963711 -1.897242665 9.109109879 -0.001598315 -0.232589290 -0.109546408 0.966384709
1403636681563555584.000000 6.873276711 -1.892397404 9.087075233 -0.001111701 -0.233545527 -0.109742977 0.966132402
1403636681613555456.000000 6.845296860 -1.886529446 9.067054749 -0.000842481 -0.233491972 -0.112471856 0.965831757
1403636681663555584.000000 6.818298340 -1.881401896 9.046534538 -0.000602694 -0.233805254 -0.113710277 0.965611100
1403636681713555456.000000 6.789386749 -1.873577714 9.021192551 0.000184190 -0.233995676 -0.115554355 0.965346217
1403636681763555584.000000 6.761319637 -1.864787936 8.998652458 0.001066985 -0.234332740 -0.116448715 0.965156376
1403636681813555456.000000 6.734150410 -1.855090499 8.978157997 0.001486283 -0.235135734 -0.116790369 0.964919209
1403636681863555584.000000 6.704006672 -1.846786976 8.956561089 0.001790435 -0.236109614 -0.116278514 0.964742720
1403636681913555456.000000 6.678128242 -1.838677645 8.939367294 0.002674917 -0.237611771 -0.116047889 0.964399576
1403636681963555584.000000 6.647046566 -1.831581116 8.909165382 0.002499893 -0.238382936 -0.114864714 0.964351356
1403636682013555456.000000 6.618906975 -1.825520039 8.885357857 0.002139644 -0.239662558 -0.113788396 0.964162648
1403636682063555584.000000 6.588869572 -1.822829485 8.849784851 0.001313895 -0.240454197 -0.112295561 0.964141965
1403636682113555456.000000 6.559826851 -1.822363734 8.819719315 0.001148753 -0.241265059 -0.111356363 0.964048564
1403636682163555584.000000 6.530757904 -1.818783164 8.789281845 0.000690230 -0.242045447 -0.110040292 0.964004517
1403636682213555456.000000 6.507384300 -1.817428231 8.767901421 -0.002378814 -0.243235677 -0.109907493 0.963717401
1403636682263555584.000000 6.473757744 -1.818290114 8.726252556 -0.007057590 -0.242604509 -0.108962208 0.963960886
1403636682313555456.000000 6.445191383 -1.812567830 8.704360008 -0.012746177 -0.242304653 -0.110447191 0.963808894
1403636682363555584.000000 6.415549278 -1.803567767 8.679087639 -0.018774062 -0.241849020 -0.110566221 0.963811100
1403636682413555456.000000 6.391763687 -1.796469808 8.649245262 -0.022016410 -0.241491780 -0.110417590 0.963849127
1403636682463555584.000000 6.360129833 -1.785762429 8.627726555 -0.019913487 -0.241147399 -0.110022441 0.964026213
1403636682513555456.000000 6.333175659 -1.780566692 8.599441528 -0.015645070 -0.239770934 -0.110768199 0.964362800
1403636682563555584.000000 6.306118011 -1.775511265 8.567280769 -0.011153366 -0.238286734 -0.111777559 0.964676559
1403636682613555456.000000 6.280797958 -1.761155844 8.556309700 -0.006791821 -0.238308385 -0.111787692 0.964710653
1403636682663555584.000000 6.258008003 -1.756387949 8.518499374 -0.003272899 -0.236809611 -0.111965604 0.965077341
1403636682713555456.000000 6.215101242 -1.731255889 8.492471695 -0.000162602 -0.235817328 -0.109949641 0.965557516
1403636682763555584.000000 6.196355820 -1.727715254 8.479805946 0.001561660 -0.236455306 -0.108246036 0.965592742
1403636682813555456.000000 6.163411617 -1.711800456 8.446108818 0.004491095 -0.234918475 -0.106712438 0.966129243
1403636682863555584.000000 6.150743484 -1.733584285 8.420785904 0.004026700 -0.234807745 -0.107951619 0.966020525
1403636682913555456.000000 6.113559723 -1.719892025 8.396359444 0.005630839 -0.232170746 -0.111019582 0.966302156
1403636682963555584.000000 6.075712204 -1.692810535 8.375535965 0.007785224 -0.230203047 -0.112768896 0.966555357
1403636683013555456.000000 6.051423073 -1.687859058 8.332745552 0.007982560 -0.228639543 -0.114951015 0.966667771
1403636683063555584.000000 6.040297031 -1.683120489 8.325461388 0.009536872 -0.230199099 -0.115448333 0.966224134
1403636683113555456.000000 6.015496731 -1.675310969 8.293975830 0.008559457 -0.230587676 -0.115295418 0.966158926
1403636683163555584.000000 5.987135887 -1.666456342 8.263702393 0.007591721 -0.231466293 -0.113554999 0.966163039
1403636683213555456.000000 5.959285736 -1.655700088 8.228722572 0.005523241 -0.232350051 -0.112095334 0.966135383
1403636683263555584.000000 5.933148384 -1.645941615 8.200900078 0.004254731 -0.233426094 -0.110982962 0.966010869
1403636683313555456.000000 5.905668736 -1.633925915 8.170040131 0.003297528 -0.234776080 -0.109781377 0.965824783
1403636683363555584.000000 5.881742477 -1.619420409 8.137845039 0.002487681 -0.236228511 -0.108772680 0.965587139
1403636683413555456.000000 5.855992317 -1.605227470 8.107207298 0.001978610 -0.237390444 -0.108301342 0.965356290
1403636683463555584.000000 5.825687408 -1.588165760 8.075738907 0.001095677 -0.238470241 -0.107391216 0.965193152
1403636683513555456.000000 5.800001621 -1.569508553 8.041769028 0.001094622 -0.238856927 -0.107711874 0.965061843
1403636683563555584.000000 5.773276806 -1.554830313 8.012794495 0.000697406 -0.239730522 -0.107393913 0.964881003
1403636683613555456.000000 5.743340969 -1.533007622 7.974217415 -0.000738096 -0.239431128 -0.107604519 0.964931846
1403636683663555584.000000 5.720791817 -1.514023542 7.955325603 -0.003069674 -0.240842223 -0.107680306 0.964567602
1403636683713555456.000000 5.697574615 -1.491473436 7.915707588 -0.005624109 -0.240966156 -0.107809454 0.964510679
1403636683763555584.000000 5.671893120 -1.470755458 7.888700962 -0.008390179 -0.241873652 -0.107214838 0.964329720
1403636683813555456.000000 5.644908428 -1.454361081 7.853788853 -0.011638785 -0.241951913 -0.108205318 0.964165688
1403636683863555584.000000 5.616127014 -1.437161684 7.820183277 -0.014502417 -0.243142456 -0.106009990 0.964071274
1403636683913555456.000000 5.587792397 -1.424343467 7.784360409 -0.014592283 -0.242594168 -0.108725891 0.963905573
1403636683963555584.000000 5.565999985 -1.412646770 7.753588676 -0.014399827 -0.243737698 -0.107652970 0.963740349
1403636684013555456.000000 5.542722702 -1.403807998 7.729189873 -0.012616184 -0.245264843 -0.107062548 0.963443637
1403636684063555584.000000 5.511419296 -1.401589632 7.699481010 -0.010973535 -0.245890588 -0.107382007 0.963268638
1403636684113555456.000000 5.497172356 -1.392244339 7.660340786 -0.008707644 -0.247420877 -0.107614964 0.962873936
1403636684163555584.000000 5.463185310 -1.390922546 7.631459236 -0.008174712 -0.248045534 -0.107743032 0.962703586
1403636684213555456.000000 5.445459366 -1.387571812 7.593468189 -0.006610700 -0.249479339 -0.107052356 0.962422073
1403636684263555584.000000 5.441404343 -1.394702315 7.568458080 -0.005743689 -0.252448231 -0.106200144 0.961747587
1403636684313555456.000000 5.411605835 -1.400975347 7.531652927 -0.003909506 -0.252418607 -0.106559671 0.961724818
1403636684363555584.000000 5.386327267 -1.396668315 7.501880169 -0.002033327 -0.253523618 -0.106607534 0.961434603
1403636684413555456.000000 5.367194176 -1.393726707 7.479374886 -0.000637575 -0.254498452 -0.106777832 0.961160064
1403636684463555584.000000 5.352416515 -1.397894621 7.447763920 -0.000998755 -0.256295592 -0.105393097 0.960835040
1403636684513555456.000000 5.329701424 -1.409786344 7.406618595 -0.002695276 -0.257927209 -0.102768347 0.960679471
1403636684563555584.000000 5.311103821 -1.378327966 7.382721424 0.000149051 -0.258779377 -0.101054586 0.960635900
1403636684613555456.000000 5.289880753 -1.398963332 7.352747917 -0.001987003 -0.259762704 -0.099020541 0.960580289
1403636684663555584.000000 5.261037350 -1.390353084 7.324373245 -0.001827625 -0.259930670 -0.099014230 0.960535765
1403636684713555456.000000 5.237566948 -1.389063954 7.295842171 -0.001892589 -0.260067910 -0.098974243 0.960502625
1403636684763555584.000000 5.219658852 -1.376086116 7.261190414 -0.001404718 -0.260109425 -0.098769024 0.960513353
1403636684813555456.000000 5.199204445 -1.358945251 7.227520466 -0.000880074 -0.259878814 -0.099029079 0.960549593
1403636684863555584.000000 5.181904316 -1.318902850 7.203973293 0.000624878 -0.259398311 -0.099806353 0.960599244
1403636684913555456.000000 5.169006348 -1.299758196 7.175429821 0.002347061 -0.258283645 -0.102837138 0.960577250
1403636684963555584.000000 5.155657768 -1.282007694 7.147887707 0.002557325 -0.256320924 -0.108544454 0.960474491
1403636685013555456.000000 5.143100739 -1.265347719 7.117446899 0.002344525 -0.254543543 -0.112187661 0.960529089
1403636685063555584.000000 5.129758358 -1.250550508 7.087086678 0.001959696 -0.253121555 -0.114738092 0.960604489
1403636685113555456.000000 5.117661953 -1.235027790 7.055627346 0.000620902 -0.252054155 -0.115750268 0.960765481
1403636685163555584.000000 5.105786800 -1.225031018 7.022301197 -0.002270417 -0.251458943 -0.115245745 0.960979581
1403636685213555456.000000 5.095541954 -1.213678598 6.989205360 -0.003980647 -0.249553904 -0.117606111 0.961184621
1403636685263555584.000000 5.081014633 -1.203033328 6.954342365 -0.005283931 -0.247150108 -0.120303176 0.961465597
1403636685313555456.000000 5.066551208 -1.195743799 6.916678905 -0.006355917 -0.244961068 -0.122218855 0.961777627
1403636685363555584.000000 5.052618027 -1.189819455 6.881664753 -0.006782443 -0.243354768 -0.123448007 0.962025523
1403636685413555456.000000 5.037693977 -1.181886673 6.846607685 -0.006565258 -0.242189437 -0.122579515 0.962432086
1403636685463555584.000000 5.024052620 -1.172328711 6.813496113 -0.007399552 -0.242079943 -0.120345138 0.962735474
1403636685513555456.000000 5.006523132 -1.164339066 6.777843475 -0.007814574 -0.241626203 -0.118089356 0.963125467
1403636685563555584.000000 4.993543148 -1.154819012 6.743312836 -0.008903646 -0.241344050 -0.116916738 0.963329792
1403636685613555456.000000 4.977080345 -1.138219476 6.706601143 -0.008722844 -0.241432920 -0.114602678 0.963587224
1403636685663555584.000000 4.965706348 -1.125823736 6.676372528 -0.007886332 -0.241031572 -0.115059704 0.963640392
1403636685713555456.000000 4.953681946 -1.109145761 6.638468266 -0.006589229 -0.240632668 -0.115440696 0.963704288
1403636685763555584.000000 4.927911758 -1.094589353 6.609635830 -0.006004390 -0.239684314 -0.116769947 0.963784337
1403636685813555456.000000 4.916195869 -1.075316191 6.574004650 -0.003861201 -0.238891020 -0.118681319 0.963758707
1403636685863555584.000000 4.899738312 -1.056264758 6.544376850 -0.001987813 -0.238285825 -0.120997362 0.963626325
1403636685913555456.000000 4.874655724 -1.039729714 6.508128166 -0.002950793 -0.238057822 -0.120181374 0.963782310
1403636685963555584.000000 4.859725475 -1.016318202 6.475393295 -0.004520946 -0.239518508 -0.117011487 0.963804364
1403636686013555456.000000 4.858937263 -0.997162104 6.437896252 -0.006859125 -0.241327599 -0.114537783 0.963636398
1403636686063555584.000000 4.847885609 -0.976647556 6.412693977 -0.009934826 -0.243078083 -0.111740328 0.963497996
1403636686113555456.000000 4.829485893 -0.958939552 6.379423141 -0.012176140 -0.243753642 -0.109769560 0.963528216
1403636686163555584.000000 4.812267780 -0.946368277 6.343875885 -0.012198828 -0.243813589 -0.109141797 0.963584065
1403636686213555456.000000 4.796440601 -0.935099661 6.310739994 -0.013397497 -0.243982658 -0.108334027 0.963616490
1403636686263555584.000000 4.777299881 -0.921645164 6.276493549 -0.014703548 -0.244034320 -0.107016191 0.963731647
1403636686313555456.000000 4.762024403 -0.910874128 6.242108822 -0.015965518 -0.244047686 -0.106381685 0.963778377
1403636686363555584.000000 4.745487213 -0.904996514 6.206395626 -0.017237023 -0.244286656 -0.105690166 0.963771999
1403636686413555456.000000 4.726998329 -0.898624301 6.173124313 -0.018191840 -0.243774652 -0.106250554 0.963822544
1403636686463555584.000000 4.709907532 -0.887188077 6.140510559 -0.019490670 -0.243813694 -0.105839498 0.963832438
1403636686513555456.000000 4.692063332 -0.880278051 6.107645988 -0.021418275 -0.243994713 -0.105512418 0.963781595
1403636686563555584.000000 4.675735474 -0.868068516 6.079500675 -0.021085266 -0.243967041 -0.105991639 0.963743389
1403636686613555456.000000 4.660954952 -0.855895698 6.048999786 -0.021098655 -0.244073823 -0.107516102 0.963547170
1403636686663555584.000000 4.641724110 -0.844295263 6.022879601 -0.021151224 -0.243733928 -0.108417101 0.963531137
1403636686713555456.000000 4.626128197 -0.832058549 5.989920616 -0.020877413 -0.244023934 -0.108122692 0.963496745
1403636686763555584.000000 4.609637260 -0.816410899 5.972540855 -0.018942380 -0.244790897 -0.107564211 0.963404715
1403636686813555456.000000 4.592957973 -0.805314302 5.945446491 -0.017260976 -0.244982660 -0.107429311 0.963402629
1403636686863555584.000000 4.574748993 -0.795014560 5.920812130 -0.016162906 -0.245777056 -0.106520347 0.963320255
1403636686913555456.000000 4.560497284 -0.785075366 5.896414757 -0.014891445 -0.246650174 -0.105178550 0.963265002
1403636686963555584.000000 4.544682026 -0.778848767 5.870288849 -0.014112142 -0.247265697 -0.104326345 0.963211596
1403636687013555456.000000 4.527670860 -0.773998797 5.844080925 -0.013209965 -0.247798786 -0.104002997 0.963122427
1403636687063555584.000000 4.512361050 -0.768861830 5.816384792 -0.012976203 -0.248129234 -0.103038833 0.963144124
1403636687113555456.000000 4.498373985 -0.767965794 5.785413265 -0.013104126 -0.248499632 -0.103172511 0.963032544
1403636687163555584.000000 4.482470512 -0.764408171 5.765436172 -0.012618028 -0.248948172 -0.102950871 0.962946892
1403636687213555456.000000 4.468380451 -0.762948513 5.742923260 -0.011145986 -0.249101236 -0.103010811 0.962919116
1403636687263555584.000000 4.453128815 -0.760086060 5.715344429 -0.010727776 -0.249202117 -0.103532508 0.962841809
1403636687313555456.000000 4.439275742 -0.753099263 5.686988831 -0.009816855 -0.249390572 -0.103656538 0.962789357
1403636687363555584.000000 4.425571442 -0.747585297 5.662287712 -0.007899403 -0.249283671 -0.104338892 0.962760925
1403636687413555456.000000 4.411532402 -0.739305496 5.644517422 -0.006426706 -0.249385849 -0.104818270 0.962693453
1403636687463555584.000000 4.399404049 -0.728166819 5.626064301 -0.005565921 -0.249649465 -0.104956321 0.962615371
1403636687513555456.000000 4.388536930 -0.717714787 5.604176521 -0.004996419 -0.249994069 -0.104913145 0.962533832
1403636687563555584.000000 4.376480103 -0.705101311 5.582504749 -0.005356242 -0.250729501 -0.103457436 0.962498128
1403636687613555456.000000 4.363237858 -0.691542029 5.561571121 -0.004454797 -0.251326829 -0.102513887 0.962447882
1403636687663555584.000000 4.350296974 -0.675360858 5.541971684 -0.004713284 -0.252084136 -0.101838127 0.962320328
1403636687713555456.000000 4.339925766 -0.658123195 5.523485661 -0.003330874 -0.252937794 -0.100068018 0.962287843
1403636687763555584.000000 4.330620766 -0.638676822 5.504527569 -0.003858929 -0.253529817 -0.099572577 0.962181449
1403636687813555456.000000 4.319936752 -0.619464755 5.486449242 -0.003906948 -0.253338784 -0.100695878 0.962114692
1403636687863555584.000000 4.312383652 -0.596193492 5.468873978 -0.004085402 -0.253568560 -0.101213858 0.961998999
1403636687913555456.000000 4.303554535 -0.574369967 5.450108528 -0.004306207 -0.253076285 -0.103087939 0.961928666
1403636687963555584.000000 4.296361446 -0.552202225 5.429551125 -0.004048088 -0.252295285 -0.105553240 0.961867630
1403636688013555456.000000 4.288158894 -0.527032733 5.414659977 -0.003244371 -0.251778334 -0.107463300 0.961794555
1403636688063555584.000000 4.282555580 -0.504179299 5.400078773 -0.002772947 -0.250988990 -0.111054324 0.961594462
1403636688113555456.000000 4.274267197 -0.479453832 5.383061409 -0.002159483 -0.249925256 -0.113503367 0.961587071
1403636688163555584.000000 4.267097950 -0.457787007 5.363715172 -0.002393062 -0.249759823 -0.114667967 0.961491406
1403636688213555456.000000 4.259083748 -0.437518895 5.344833851 -0.002774427 -0.249607772 -0.114911489 0.961500764
1403636688263555584.000000 4.250090599 -0.416295320 5.325345516 -0.001940624 -0.250159830 -0.112989284 0.961587131
1403636688313555456.000000 4.240382195 -0.399693131 5.304064751 -0.003634699 -0.250907034 -0.111030564 0.961615682
1403636688363555584.000000 4.235212803 -0.383118957 5.282155037 -0.004588487 -0.252003163 -0.108672574 0.961594343
1403636688413555456.000000 4.225036621 -0.366462737 5.262901783 -0.006452048 -0.252096593 -0.109001845 0.961521924
1403636688463555584.000000 4.219871521 -0.347206473 5.241214275 -0.005664275 -0.251471192 -0.110618301 0.961506009
1403636688513555456.000000 4.211067200 -0.327026367 5.222874165 -0.005429072 -0.250607431 -0.112925135 0.961464703
1403636688563555584.000000 4.203958511 -0.305813074 5.202617645 -0.004850458 -0.248960003 -0.117745832 0.961317539
1403636688613555456.000000 4.197855949 -0.285048455 5.182205200 -0.004829085 -0.247599617 -0.122542247 0.961069465
1403636688663555584.000000 4.189807415 -0.262918830 5.161990166 -0.004238398 -0.246994436 -0.125374675 0.960862637
1403636688713555456.000000 4.181435585 -0.238950670 5.143744946 -0.003698679 -0.247225136 -0.126849189 0.960611999
1403636688763555584.000000 4.170019627 -0.213979959 5.123267174 -0.004036282 -0.247353017 -0.128654703 0.960337579
1403636688813555456.000000 4.158905506 -0.191443905 5.102379322 -0.004840715 -0.248868629 -0.126874343 0.960179090
1403636688863555584.000000 4.145823479 -0.166796848 5.081575394 -0.005672539 -0.250527680 -0.127962098 0.959598601
1403636688913555456.000000 4.133028984 -0.146361396 5.059641361 -0.007528701 -0.254396915 -0.127182767 0.958671033
1403636688963555584.000000 4.118914604 -0.128296942 5.038628578 -0.010081485 -0.258198977 -0.126468495 0.957725167
1403636689013555456.000000 4.105275631 -0.112489492 5.014113426 -0.012087505 -0.261901498 -0.125480607 0.956826091
1403636689063555584.000000 4.088753700 -0.098484546 4.989089489 -0.014200163 -0.265538216 -0.123828411 0.956009567
1403636689113555456.000000 4.074032307 -0.084791988 4.963284492 -0.016172275 -0.269719988 -0.121910974 0.955053568
1403636689163555584.000000 4.064567566 -0.075495228 4.938400269 -0.018810080 -0.274001569 -0.120080337 0.954017818
1403636689213555456.000000 4.047919273 -0.066131532 4.913863659 -0.020504283 -0.276791126 -0.120441288 0.953131795
1403636689263555584.000000 4.029832840 -0.059650958 4.889596939 -0.021931220 -0.279490560 -0.120383002 0.952319324
1403636689313555456.000000 4.014585972 -0.055637881 4.866464138 -0.023674598 -0.282027274 -0.120918803 0.951461434
1403636689363555584.000000 3.995209455 -0.053870812 4.842091084 -0.023921426 -0.283686191 -0.121801339 0.950849295
1403636689413555456.000000 3.976338863 -0.052869961 4.819141865 -0.023562506 -0.284963459 -0.122301452 0.950412035
1403636689463555584.000000 3.958717823 -0.054227635 4.797086239 -0.023343436 -0.286516309 -0.121632606 0.950036407
1403636689513555456.000000 3.943586349 -0.058350161 4.774165630 -0.024183458 -0.287838489 -0.121813893 0.949592292
1403636689563555584.000000 3.923773766 -0.062661797 4.751873493 -0.025918409 -0.288744181 -0.121691391 0.949287295
1403636689613555456.000000 3.906458855 -0.070077077 4.730739117 -0.028896909 -0.289497524 -0.121392496 0.949010015
1403636689663555584.000000 3.890317917 -0.077386394 4.710612297 -0.032502368 -0.290463626 -0.119082890 0.948890865
1403636689713555456.000000 3.871017456 -0.084256560 4.690714836 -0.037335061 -0.291345924 -0.116354622 0.948780954
1403636689763555584.000000 3.852424145 -0.092171028 4.670256615 -0.043598704 -0.291850269 -0.112810165 0.948786855
1403636689813555456.000000 3.833114147 -0.094377950 4.658607483 -0.046637282 -0.292473972 -0.109227322 0.948869526
1403636689863555584.000000 3.815127373 -0.102157876 4.645007133 -0.047560632 -0.293022215 -0.106280506 0.948989153
1403636689913555456.000000 3.796705246 -0.107900709 4.633506298 -0.047811877 -0.294546187 -0.099480495 0.949241877
1403636689963555584.000000 3.776488304 -0.114484757 4.624981403 -0.046697710 -0.294740796 -0.095529817 0.949642718
1403636690013555456.000000 3.760444164 -0.117300510 4.619822502 -0.044803791 -0.294289768 -0.094053812 0.950021088
1403636690063555584.000000 3.746521950 -0.121895105 4.615597248 -0.043880552 -0.293269217 -0.095213652 0.950264215
1403636690113555456.000000 3.732825279 -0.123589188 4.613560677 -0.043723613 -0.291038990 -0.099927567 0.950473130
1403636690163555584.000000 3.718706131 -0.126864567 4.613953114 -0.042905625 -0.288445503 -0.106030434 0.950639725
1403636690213555456.000000 3.705217838 -0.131756723 4.615466595 -0.042274669 -0.286276847 -0.110802911 0.950779259
1403636690263555584.000000 3.689167976 -0.139303774 4.617063046 -0.041497286 -0.284704983 -0.113293730 0.950991929
1403636690313555456.000000 3.677760839 -0.146624312 4.619562149 -0.039574433 -0.283881456 -0.115310460 0.951077640
1403636690363555584.000000 3.661840916 -0.159534633 4.624942303 -0.038906395 -0.282834321 -0.117416956 0.951159477
1403636690413555456.000000 3.648617744 -0.170433015 4.629932880 -0.038092047 -0.282466859 -0.117629126 0.951275408
1403636690463555584.000000 3.631228447 -0.184484363 4.635782719 -0.037451494 -0.282664627 -0.116506487 0.951380312
1403636690513555456.000000 3.618155718 -0.197258681 4.642645836 -0.036586899 -0.284105778 -0.111870281 0.951541126
1403636690563555584.000000 3.600536823 -0.211719975 4.650514603 -0.036607571 -0.285087496 -0.108971603 0.951583087
1403636690613555456.000000 3.583445072 -0.222906470 4.661686897 -0.038638506 -0.286765873 -0.103247389 0.951636732
1403636690663555584.000000 3.570399284 -0.231194347 4.674376011 -0.038273126 -0.288740784 -0.096958250 0.951715887
1403636690713555456.000000 3.557862282 -0.239251733 4.686980247 -0.037145022 -0.291865796 -0.087667190 0.951708496
1403636690763555584.000000 3.545352459 -0.244145870 4.703648567 -0.036699407 -0.295246780 -0.076611005 0.951637208
1403636690813555456.000000 3.533676863 -0.245161220 4.722818851 -0.035114765 -0.297750294 -0.068362452 0.951545238
1403636690863555584.000000 3.524795055 -0.246754453 4.744707108 -0.031792313 -0.300082862 -0.062171027 0.951353967
1403636690913555456.000000 3.516246796 -0.245152161 4.768032551 -0.026192924 -0.301572800 -0.057318039 0.951358259
1403636690963555584.000000 3.513869762 -0.241595089 4.794881821 -0.018018493 -0.303974360 -0.050515316 0.951169372
1403636691013555456.000000 3.513883591 -0.242639869 4.820458412 -0.008716283 -0.305978715 -0.045445770 0.950913131
1403636691063555584.000000 3.516133308 -0.247225836 4.845912933 -0.000206254 -0.307217002 -0.042635102 0.950683951
1403636691113555456.000000 3.524418354 -0.251075685 4.872956276 0.005906362 -0.308167040 -0.041968454 0.950387776
1403636691163555584.000000 3.534027338 -0.257725567 4.898378849 0.014226793 -0.307390571 -0.045373991 0.950394571
1403636691213555456.000000 3.549584389 -0.267398775 4.924445152 0.021495812 -0.305813342 -0.053397298 0.950349867
1403636691263555584.000000 3.569920540 -0.275905460 4.947651863 0.029112522 -0.302751154 -0.064228691 0.950457215
1403636691313555456.000000 3.594406605 -0.287597567 4.968907356 0.032897573 -0.299951047 -0.075372323 0.950403214
1403636691363555584.000000 3.620414734 -0.297883570 4.988086224 0.033908762 -0.297775596 -0.084193923 0.950311184
1403636691413555456.000000 3.649553776 -0.312767982 5.003853321 0.027271120 -0.296983421 -0.091226138 0.950123668
1403636691463555584.000000 3.677118540 -0.330058575 5.017980576 0.018116377 -0.296369314 -0.097565770 0.949904203
1403636691513555456.000000 3.708338737 -0.346589625 5.031295300 0.009697995 -0.297040075 -0.099314064 0.949636757
1403636691563555584.000000 3.742050171 -0.364906013 5.040196896 0.004875372 -0.297884941 -0.100868203 0.949245155
1403636691613555456.000000 3.779625654 -0.386016309 5.050292492 0.000465025 -0.298468798 -0.103922583 0.948744655
1403636691663555584.000000 3.811548233 -0.406768709 5.059225082 -0.001045612 -0.296820402 -0.110772960 0.948486149
1403636691713555456.000000 3.846357346 -0.426272660 5.069122791 -0.002407917 -0.295052677 -0.117557481 0.948218524
1403636691763555584.000000 3.881714344 -0.445392489 5.076735020 -0.001711684 -0.293720931 -0.123024963 0.947939932
1403636691813555456.000000 3.918992758 -0.463535190 5.086080074 -0.002404389 -0.293956846 -0.124042787 0.947732568
1403636691863555584.000000 3.951859474 -0.480686188 5.094268322 -0.003947085 -0.294511437 -0.123470306 0.947629929
1403636691913555456.000000 3.987242222 -0.497734159 5.102913380 -0.004537244 -0.295500249 -0.120709755 0.947675228
1403636691963555584.000000 4.020173073 -0.512591600 5.110167027 -0.001123697 -0.296905100 -0.117100209 0.947699189
1403636692013555456.000000 4.050654888 -0.524665833 5.121084690 0.002553232 -0.297674358 -0.113470264 0.947896659
1403636692063555584.000000 4.085132599 -0.536806226 5.128139973 0.002785259 -0.298423529 -0.111381695 0.947908103
1403636692113555456.000000 4.118344307 -0.552638471 5.134716511 0.002059009 -0.297400147 -0.113855764 0.947937667
1403636692163555584.000000 4.153740883 -0.568039179 5.141207218 0.003149834 -0.295097679 -0.119070441 0.948013604
1403636692213555456.000000 4.185203075 -0.581946015 5.147756577 0.002552549 -0.293710709 -0.122043550 0.948067963
1403636692263555584.000000 4.221267700 -0.598423362 5.150998592 0.001557201 -0.292801797 -0.123512581 0.948161066
1403636692313555456.000000 4.254679203 -0.617611468 5.155822754 0.000272473 -0.292708576 -0.122548856 0.948316097
1403636692363555584.000000 4.286567688 -0.641385376 5.154961586 -0.001720886 -0.292876631 -0.121068202 0.948452890
1403636692413555456.000000 4.320919991 -0.664875329 5.155206680 -0.003301555 -0.292189509 -0.121347725 0.948624849
1403636692463555584.000000 4.350427628 -0.686384559 5.154866219 -0.003452923 -0.290594161 -0.124149419 0.948751867
1403636692513555456.000000 4.387541771 -0.710977137 5.153771400 -0.002378424 -0.288800985 -0.127896756 0.948804975
1403636692563555584.000000 4.424328327 -0.739166737 5.152924538 -0.002327985 -0.288387269 -0.127792075 0.948944986
1403636692613555456.000000 4.454494953 -0.766247034 5.150106430 -0.003021722 -0.288122684 -0.126571551 0.949186981
1403636692663555584.000000 4.481254578 -0.795833051 5.145067215 -0.003615052 -0.287410617 -0.126110047 0.949462116
1403636692713555456.000000 4.510843277 -0.821656227 5.141828060 -0.005209337 -0.285562694 -0.128772929 0.949654937
1403636692763555584.000000 4.543402672 -0.849274993 5.136175156 -0.006612454 -0.282217234 -0.136587471 0.949554443
1403636692813555456.000000 4.572806835 -0.873793542 5.133378029 -0.008271066 -0.278021157 -0.146545604 0.949294567
1403636692863555584.000000 4.603536129 -0.896412373 5.130791664 -0.008956956 -0.275352538 -0.152971953 0.949052334
1403636692913555456.000000 4.631381035 -0.918136835 5.123933315 -0.009688692 -0.273370385 -0.158553809 0.948702037
1403636692963555584.000000 4.655531406 -0.940028489 5.118151665 -0.011131295 -0.273204356 -0.158767834 0.948698282
1403636693013555456.000000 4.677824020 -0.958998680 5.114491463 -0.013354598 -0.274494916 -0.155466899 0.948843658
1403636693063555584.000000 4.700242996 -0.981506288 5.107404232 -0.013545181 -0.276110977 -0.151533008 0.949008465
1403636693113555456.000000 4.717235565 -0.996363044 5.102670193 -0.012186367 -0.277862459 -0.147422239 0.949163139
1403636693163555584.000000 4.734351158 -1.013107538 5.097866058 -0.011948025 -0.279612303 -0.143442422 0.949262142
1403636693213555456.000000 4.749979019 -1.028375626 5.092201710 -0.014241313 -0.280477196 -0.142021522 0.949188948
1403636693263555584.000000 4.764993668 -1.041331887 5.088387966 -0.018479649 -0.281579226 -0.140159100 0.949066460
1403636693313555456.000000 4.780287743 -1.054605842 5.082113266 -0.024190007 -0.282852799 -0.137978867 0.948878884
1403636693363555584.000000 4.794627666 -1.064852476 5.078259945 -0.028871300 -0.284114420 -0.135811210 0.948683679
1403636693413555456.000000 4.806668758 -1.074876070 5.074425220 -0.033441018 -0.285108000 -0.133672059 0.948539436
1403636693463555584.000000 4.815919399 -1.083923936 5.074476242 -0.038601827 -0.285838693 -0.133491829 0.948148847
1403636693513555456.000000 4.827780724 -1.089332461 5.074408531 -0.045030970 -0.286111236 -0.132178247 0.947967112
1403636693563555584.000000 4.835082054 -1.096268654 5.074717522 -0.051679183 -0.286021262 -0.132788360 0.947569788
1403636693613555456.000000 4.843257904 -1.103453517 5.076390266 -0.056247473 -0.285812229 -0.134334147 0.947154701
1403636693663555584.000000 4.849756718 -1.109814644 5.081562042 -0.058814086 -0.285868257 -0.134594530 0.946944892
1403636693713555456.000000 4.857436180 -1.118698597 5.087246418 -0.057804599 -0.286568046 -0.133740515 0.946916521
1403636693763555584.000000 4.860946178 -1.124429822 5.097220421 -0.052003596 -0.287489742 -0.132469192 0.947152138
1403636693813555456.000000 4.862889767 -1.132247210 5.107561588 -0.046250220 -0.287952602 -0.132319361 0.947330952
1403636693863555584.000000 4.863585472 -1.140823245 5.119728088 -0.039305583 -0.288916558 -0.130623519 0.947586358
1403636693913555456.000000 4.865442276 -1.147891402 5.133923054 -0.031160949 -0.290735275 -0.126990810 0.947826684
1403636693963555584.000000 4.868842125 -1.153940439 5.145858288 -0.023107650 -0.291488111 -0.126060128 0.947950244
1403636694013555456.000000 4.866685867 -1.162023425 5.160941124 -0.015479938 -0.293117851 -0.123064823 0.947996497
1403636694063555584.000000 4.865042686 -1.166130066 5.176960945 -0.009199835 -0.293744773 -0.121630415 0.948069334
1403636694113555456.000000 4.864355087 -1.168959975 5.189483643 -0.006183227 -0.294266433 -0.120925598 0.948022187
1403636694163555584.000000 4.862821579 -1.172311425 5.206670284 -0.003190419 -0.294872999 -0.120230570 0.947936952
1403636694213555456.000000 4.864254951 -1.179641724 5.219019413 -0.001545781 -0.295257270 -0.119826272 0.947872639
1403636694263555584.000000 4.864754677 -1.186259985 5.232479095 -0.001807528 -0.295281202 -0.120765656 0.947745442
1403636694313555456.000000 4.865519524 -1.195293307 5.242921352 -0.003648025 -0.295322537 -0.121317126 0.947656870
1403636694363555584.000000 4.865228653 -1.207358837 5.250221729 -0.006791745 -0.295300782 -0.121045120 0.947681129
1403636694413555456.000000 4.866088867 -1.215828300 5.261187553 -0.009883896 -0.295190185 -0.122167893 0.947544277
1403636694463555584.000000 4.863956451 -1.223782301 5.272567749 -0.011903694 -0.294460803 -0.122869983 0.947657228
1403636694513555456.000000 4.870904446 -1.236538291 5.279145718 -0.013509081 -0.294158548 -0.124154992 0.947562099
1403636694563555584.000000 4.866736889 -1.238837242 5.291687965 -0.014032719 -0.293717772 -0.124688730 0.947621107
1403636694613555456.000000 4.866786957 -1.245136380 5.301736832 -0.014798927 -0.293225408 -0.125016913 0.947718680
1403636694663555584.000000 4.869681358 -1.250314116 5.313976765 -0.015077579 -0.292737842 -0.125605479 0.947787166
1403636694713555456.000000 4.871238708 -1.252834439 5.325218678 -0.013591873 -0.292382598 -0.125596121 0.947920561
1403636694763555584.000000 4.870167732 -1.254282951 5.336822033 -0.011959511 -0.292865247 -0.122616068 0.948183656
1403636694813555456.000000 4.869461060 -1.255142093 5.350640297 -0.010360506 -0.292415887 -0.121855699 0.948439181
1403636694863555584.000000 4.872962952 -1.255606532 5.360628128 -0.012273610 -0.294168204 -0.116161577 0.948588908
1403636694913555456.000000 4.874488831 -1.253680944 5.376124859 -0.013636500 -0.295285553 -0.111244187 0.948812544
1403636694963555584.000000 4.873164177 -1.250940681 5.388905525 -0.015606893 -0.295899481 -0.106377356 0.949149013
1403636695013555456.000000 4.875826836 -1.251702666 5.401081562 -0.017388687 -0.296204776 -0.104398511 0.949242532
1403636695063555584.000000 4.878746986 -1.246497154 5.414410591 -0.017860463 -0.294774830 -0.106358275 0.949461281
1403636695113555456.000000 4.886485577 -1.247564197 5.428599834 -0.016781878 -0.293338448 -0.108921655 0.949635267
1403636695163555584.000000 4.884059906 -1.250103116 5.441078186 -0.016762037 -0.291505873 -0.110933714 0.949966908
1403636695213555456.000000 4.890552044 -1.253315449 5.455421448 -0.015548229 -0.289731354 -0.113249965 0.950257123
1403636695263555584.000000 4.895521164 -1.259377241 5.467020512 -0.013889940 -0.288084418 -0.116274603 0.950418234
1403636695313555456.000000 4.893768311 -1.261697292 5.480387688 -0.012181685 -0.286181420 -0.117945194 0.950810611
1403636695363555584.000000 4.904376507 -1.270161033 5.493978977 -0.011258048 -0.285332859 -0.118076302 0.951060712
1403636695413555456.000000 4.905098915 -1.280183315 5.504414558 -0.010698090 -0.284339637 -0.119005553 0.951248765
1403636695463555584.000000 4.909519196 -1.289540529 5.515869141 -0.009703810 -0.283554703 -0.119724177 0.951403558
1403636695513555456.000000 4.914629936 -1.299633145 5.525905609 -0.008483793 -0.282236129 -0.121900909 0.951530874
1403636695563555584.000000 4.918622017 -1.308952689 5.536233902 -0.007171501 -0.281376183 -0.122902878 0.951667488
1403636695613555456.000000 4.922197342 -1.316754103 5.547069550 -0.006026984 -0.280105710 -0.124667943 0.951820612
1403636695663555584.000000 4.927433014 -1.320143938 5.558158398 -0.004403818 -0.278733999 -0.126744658 0.951957881
1403636695713555456.000000 4.929690361 -1.327116013 5.567967892 -0.004031110 -0.278094023 -0.126991481 0.952113748
1403636695763555584.000000 4.930316925 -1.327587247 5.577231884 -0.005410543 -0.278334707 -0.124329589 0.952387929
1403636695813555456.000000 4.936605453 -1.330688953 5.586725235 -0.006017306 -0.278301299 -0.123952806 0.952443123
1403636695863555584.000000 4.937991619 -1.332715392 5.593943596 -0.006413843 -0.278103113 -0.123168178 0.952600241
1403636695913555456.000000 4.939454556 -1.330848575 5.603959560 -0.007253644 -0.277429879 -0.122963950 0.952816904
1403636695963555584.000000 4.939840317 -1.330009699 5.614913940 -0.009716227 -0.277365893 -0.122017555 0.952935219
1403636696013555456.000000 4.942082405 -1.327226400 5.623704910 -0.012521678 -0.277181596 -0.120852172 0.953104615
1403636696063555584.000000 4.945648670 -1.323321939 5.633586884 -0.015934916 -0.276482344 -0.121847838 0.953129947
1403636696113555456.000000 4.945469379 -1.320077658 5.642117500 -0.019129770 -0.274661392 -0.124477804 0.953257859
1403636696163555584.000000 4.949357033 -1.315954804 5.651109695 -0.020008205 -0.273065925 -0.128071383 0.953222156
1403636696213555456.000000 4.951348305 -1.313354254 5.660025120 -0.021109618 -0.271777511 -0.130516276 0.953234971
1403636696263555584.000000 4.949407578 -1.303458929 5.672624111 -0.017540677 -0.271041304 -0.131380469 0.953398168
1403636696313555456.000000 4.949332714 -1.297397256 5.683222771 -0.014039315 -0.271633565 -0.129703298 0.953517318
1403636696363555584.000000 4.949075699 -1.295876861 5.693664074 -0.006800375 -0.272392869 -0.126885250 0.953758955
1403636696413555456.000000 4.947704315 -1.293022871 5.702656746 0.000801429 -0.273901612 -0.122147620 0.953969240
1403636696463555584.000000 4.946521759 -1.288012147 5.711040974 0.004901283 -0.275386125 -0.116863608 0.954191506
1403636696513555456.000000 4.945209980 -1.283516288 5.715990067 0.006556361 -0.275138140 -0.115824960 0.954379737
1403636696563555584.000000 4.944271564 -1.280877829 5.723786354 0.005184082 -0.275135249 -0.114231430 0.954581022
1403636696613555456.000000 4.940304279 -1.278057694 5.727931023 0.004457435 -0.274827927 -0.114250921 0.954670846
1403636696663555584.000000 4.942801952 -1.280244350 5.729732990 0.002083712 -0.275074899 -0.113108419 0.954743922
1403636696713555456.000000 4.941317558 -1.280964375 5.731304169 0.001488089 -0.274991453 -0.112732254 0.954813600
1403636696763555584.000000 4.942459106 -1.281814337 5.731529713 -0.000445444 -0.274922162 -0.112871483 0.954818189
1403636696813555456.000000 4.940459251 -1.279977918 5.733537674 -0.000402707 -0.274027616 -0.114220671 0.954914868
1403636696863555584.000000 4.943344116 -1.280504107 5.732029915 -0.001535710 -0.273791254 -0.115500078 0.954827607
1403636696913555456.000000 4.943761826 -1.274465680 5.733522415 -0.000946361 -0.273039311 -0.117168859 0.954840422
1403636696963555584.000000 4.943319798 -1.269939542 5.734226704 0.000818500 -0.270747632 -0.123221740 0.954731107
1403636697013555456.000000 4.945743561 -1.263587952 5.733082771 0.002569999 -0.268296391 -0.130056337 0.954513431
1403636697063555584.000000 4.949265957 -1.255490184 5.732213497 0.004860289 -0.266257256 -0.136087745 0.954234600
1403636697113555456.000000 4.949207783 -1.252612472 5.727283478 0.006174442 -0.263458818 -0.143392265 0.953934014
1403636697163555584.000000 4.948645115 -1.248390436 5.722967625 0.007935080 -0.261321098 -0.148477510 0.953731000
1403636697213555456.000000 4.946495533 -1.245872974 5.717958450 0.009758779 -0.260289162 -0.151507348 0.953519702
1403636697263555584.000000 4.939949989 -1.244187951 5.712916374 0.010516175 -0.259440601 -0.152226493 0.953628361
1403636697313555456.000000 4.935265541 -1.248670816 5.697753429 0.007190101 -0.260265887 -0.150198817 0.953755915
1403636697363555584.000000 4.924601555 -1.250483990 5.683637142 0.003384826 -0.261618406 -0.144182310 0.954335272
1403636697413555456.000000 4.915785789 -1.254126310 5.665107727 -0.001043471 -0.263743192 -0.138245642 0.954634309
1403636697463555584.000000 4.903947353 -1.261325240 5.649040222 -0.005861771 -0.265321523 -0.133519843 0.954852104
1403636697513555456.000000 4.893599510 -1.269724727 5.631176472 -0.009547081 -0.266023517 -0.130261078 0.955077171
1403636697563555584.000000 4.880565643 -1.276217937 5.613750935 -0.011136883 -0.264609724 -0.127888232 0.955773175
1403636697613555456.000000 4.869966507 -1.286952019 5.593407631 -0.011248022 -0.260972589 -0.127005726 0.956888914
1403636697663555584.000000 4.857003212 -1.290759325 5.576996326 -0.010241253 -0.254760593 -0.125603244 0.958757579
1403636697713555456.000000 4.845789909 -1.298276663 5.562066555 -0.010804092 -0.246928439 -0.122617647 0.961183965
1403636697763555584.000000 4.833343983 -1.302124858 5.543738842 -0.011808312 -0.236750692 -0.120569453 0.963987887
1403636697813555456.000000 4.820584774 -1.309130549 5.528183460 -0.012059087 -0.226281092 -0.117197901 0.966910601
1403636697863555584.000000 4.807071209 -1.311294079 5.509585857 -0.011764194 -0.216679543 -0.113645278 0.969534159
1403636697913555456.000000 4.792870998 -1.313162088 5.494846344 -0.012390879 -0.207915887 -0.109786741 0.971887052
1403636697963555584.000000 4.778396606 -1.310900569 5.478470802 -0.012370978 -0.200178549 -0.105442964 0.973990440
1403636698013555456.000000 4.759598255 -1.307508826 5.468838692 -0.012927366 -0.193568930 -0.102336012 0.975649238
1403636698063555584.000000 4.747599602 -1.304172873 5.450582981 -0.012190207 -0.188063949 -0.099816285 0.976995468
1403636698113555456.000000 4.726652145 -1.296762824 5.438359737 -0.012597256 -0.183364198 -0.097193979 0.978147388
1403636698163555584.000000 4.711894512 -1.291570663 5.419394493 -0.012901766 -0.179773971 -0.094618239 0.979061961
1403636698213555456.000000 4.694870949 -1.283584356 5.406801701 -0.012302741 -0.176073447 -0.092636555 0.979931235
1403636698263555584.000000 4.677171707 -1.274428725 5.394138336 -0.012505297 -0.171245188 -0.090203337 0.981010735
1403636698313555456.000000 4.656083107 -1.265951514 5.378167629 -0.012606746 -0.164143384 -0.089109398 0.982322514
1403636698363555584.000000 4.641238213 -1.254087687 5.366206646 -0.011853779 -0.156777337 -0.086654246 0.983753800
1403636698413555456.000000 4.620493412 -1.241212726 5.353615761 -0.012246726 -0.147724062 -0.084478259 0.985338092
1403636698463555584.000000 4.602734566 -1.231426954 5.342143536 -0.013622439 -0.138455227 -0.081231043 0.986937702
1403636698513555456.000000 4.584680557 -1.217930436 5.332684994 -0.013954342 -0.128131598 -0.079211518 0.988490403
1403636698563555584.000000 4.564668655 -1.206843257 5.322023392 -0.014446556 -0.117118634 -0.075704016 0.990122974
1403636698613555456.000000 4.546234131 -1.191641569 5.309250355 -0.014706527 -0.105634376 -0.071246043 0.991740465
1403636698663555584.000000 4.525115490 -1.178129554 5.300792694 -0.015564950 -0.093815528 -0.065976188 0.993279219
1403636698713555456.000000 4.507891178 -1.163990378 5.299386978 -0.016164886 -0.081682526 -0.060750373 0.994673848
1403636698763555584.000000 4.488072395 -1.145893097 5.284410477 -0.016482405 -0.068570152 -0.055526815 0.995963514
1403636698813555456.000000 4.466513634 -1.126761198 5.271966457 -0.016873220 -0.054670081 -0.050514247 0.997083127
1403636698863555584.000000 4.448258400 -1.113851070 5.266432762 -0.017548954 -0.041352425 -0.043117743 0.998059571
1403636698913555456.000000 4.430445671 -1.095197916 5.259794712 -0.017175706 -0.027507136 -0.037870042 0.998756409
1403636698963555584.000000 4.408177376 -1.081649899 5.251535416 -0.017838672 -0.013944650 -0.031643491 0.999242723
1403636699013555456.000000 4.390016556 -1.067557812 5.240081787 -0.017440496 -0.001207542 -0.025547590 0.999520779
1403636699063555584.000000 4.367598057 -1.057360530 5.233887196 -0.017295687 0.011960040 -0.019096527 0.999596536
1403636699113555456.000000 4.348092556 -1.046797276 5.234213352 -0.016244471 0.024794387 -0.012329399 0.999484539
1403636699163555584.000000 4.334782124 -1.038184285 5.221208572 -0.015277440 0.036814202 -0.002415258 0.999202430
1403636699213555456.000000 4.313985825 -1.032132506 5.210794449 -0.015544597 0.050301656 0.005172306 0.998599768
1403636699263555584.000000 4.296440601 -1.026030302 5.206473351 -0.015436581 0.064049505 0.013644205 0.997734070
1403636699313555456.000000 4.280184269 -1.023815632 5.199635506 -0.016712094 0.077315412 0.022907337 0.996603429
1403636699363555584.000000 4.264503479 -1.019613028 5.190833092 -0.016896391 0.090842806 0.030169742 0.995264709
1403636699413555456.000000 4.246684551 -1.021632195 5.179026604 -0.017749464 0.103883252 0.038068071 0.993702233
1403636699463555584.000000 4.237210274 -1.020693183 5.173514843 -0.018140454 0.116212517 0.045395002 0.992020667
1403636699513555456.000000 4.225030899 -1.019660950 5.166346550 -0.018241258 0.128973305 0.050695259 0.990183413
1403636699563555584.000000 4.214798450 -1.020352840 5.153930187 -0.018205691 0.140937895 0.056706533 0.988225460
1403636699613555456.000000 4.203382969 -1.018405676 5.149639606 -0.017971314 0.152936995 0.063067295 0.986057758
1403636699663555584.000000 4.196976662 -1.014369130 5.145943642 -0.017144883 0.164884865 0.069326162 0.983724058
1403636699713555456.000000 4.191247940 -1.009674191 5.135376453 -0.015824113 0.177189529 0.073631041 0.981290996
1403636699763555584.000000 4.186401367 -1.006081223 5.127382755 -0.015567624 0.189076126 0.074135557 0.979036152
1403636699813555456.000000 4.184638500 -1.000829577 5.125558853 -0.014564258 0.200163826 0.072474606 0.976969659
1403636699863555584.000000 4.183417320 -0.991858602 5.118892193 -0.012184562 0.208893925 0.071769148 0.975225151
1403636699913555456.000000 4.180324078 -0.983662486 5.115253448 -0.009780694 0.215800136 0.071602359 0.973759592
1403636699963555584.000000 4.177207947 -0.977819681 5.107838631 -0.007756628 0.220441341 0.072879039 0.972642899
1403636700013555456.000000 4.178658962 -0.966273308 5.106799126 -0.006721262 0.223631084 0.074292071 0.971815109
1403636700063555584.000000 4.173536777 -0.953295827 5.110320568 -0.006256196 0.226258576 0.074940488 0.971160114
1403636700113555456.000000 4.176808357 -0.948028743 5.095435619 -0.005563007 0.226945668 0.076506115 0.970881879
1403636700163555584.000000 4.177958965 -0.935808837 5.094603539 -0.005031103 0.228358611 0.076427728 0.970559597
1403636700213555456.000000 4.176438808 -0.923086345 5.088217735 -0.004834535 0.228867471 0.076222226 0.970456839
1403636700263555584.000000 4.180889606 -0.907551885 5.085325241 -0.004989597 0.229289889 0.077229202 0.970276773
1403636700313555456.000000 4.184898376 -0.894424856 5.082035542 -0.006594650 0.230905637 0.079155028 0.969728649
1403636700363555584.000000 4.192204475 -0.877316952 5.078573704 -0.007938031 0.232961327 0.082849525 0.968917966
1403636700413555456.000000 4.196988583 -0.858799696 5.075717926 -0.008363385 0.236680433 0.086356051 0.967706084
1403636700463555584.000000 4.204730511 -0.838828444 5.071637630 -0.006863258 0.242032230 0.086919479 0.966342807
1403636700513555456.000000 4.214411259 -0.820772171 5.068435669 -0.004511924 0.246639431 0.086616628 0.965218186
1403636700563555584.000000 4.223806858 -0.799220085 5.066577435 -0.002390853 0.251962155 0.085090391 0.963986039
1403636700613555456.000000 4.234902382 -0.775610924 5.064642429 0.000650496 0.258406907 0.083620906 0.962410033
1403636700663555584.000000 4.244347572 -0.753896832 5.061053276 0.001717686 0.266226530 0.082033366 0.960411966
1403636700713555456.000000 4.255604744 -0.732332528 5.058156013 0.002895365 0.273169786 0.082337655 0.958431244
1403636700763555584.000000 4.266659260 -0.713030934 5.050875187 0.003653385 0.279134482 0.082022466 0.956735551
1403636700813555456.000000 4.276070595 -0.690377116 5.048776627 0.003250123 0.284115463 0.081954673 0.955275476
1403636700863555584.000000 4.286698341 -0.672848463 5.040046215 0.000499089 0.287456751 0.083475344 0.954149008
1403636700913555456.000000 4.298912048 -0.657151580 5.033679008 -0.002251399 0.290194869 0.084247410 0.953249335
1403636700963555584.000000 4.306379318 -0.643065095 5.025760651 -0.005861929 0.292169362 0.085061908 0.952558219
1403636701013555456.000000 4.314573765 -0.630971670 5.015397072 -0.009078792 0.293040216 0.086367480 0.952147961
1403636701063555584.000000 4.328394890 -0.617048442 5.006737232 -0.013815386 0.293127716 0.087499171 0.951960742
1403636701113555456.000000 4.340440750 -0.604237199 4.995607376 -0.018207029 0.292451143 0.088920355 0.951963246
1403636701163555584.000000 4.346745491 -0.606128991 4.993227959 -0.021170205 0.292648941 0.088044189 0.951922655
1403636701213555456.000000 4.357198715 -0.600230098 4.983129025 -0.023877550 0.291788489 0.087448679 0.952177584
1403636701263555584.000000 4.368038177 -0.602688670 4.975125790 -0.024895294 0.290821165 0.087350480 0.952456415
1403636701313555456.000000 4.381158829 -0.600210428 4.964990616 -0.026193608 0.289511651 0.086446576 0.952902913
1403636701363555584.000000 4.394617558 -0.601525307 4.956767082 -0.025315640 0.288110971 0.086320162 0.953362525
1403636701413555456.000000 4.410148621 -0.606295109 4.948025227 -0.024035702 0.286994547 0.084456533 0.953899205
1403636701463555584.000000 4.423587799 -0.607382774 4.940965652 -0.020948935 0.285669714 0.082862101 0.954509258
1403636701513555456.000000 4.435558319 -0.612538695 4.932396889 -0.016792784 0.284897625 0.080294698 0.955041468
1403636701563555584.000000 4.450953484 -0.616251886 4.929401875 -0.012614662 0.283767402 0.078265190 0.955610514
1403636701613555456.000000 4.464779377 -0.622442126 4.922070026 -0.010409137 0.282253623 0.076471500 0.956230521
1403636701663555584.000000 4.479106903 -0.623911262 4.917885780 -0.008422908 0.281293422 0.074211925 0.956710875
1403636701713555456.000000 4.492957592 -0.628410339 4.912113190 -0.006693815 0.281048536 0.073812090 0.956827462
1403636701763555584.000000 4.507266045 -0.627036095 4.906180382 -0.005855356 0.282156020 0.074665703 0.956440747
1403636701813555456.000000 4.520741463 -0.627189875 4.902376175 -0.006086739 0.285019994 0.077004164 0.955404043
1403636701863555584.000000 4.537406445 -0.624508858 4.897129059 -0.006505134 0.290087342 0.078316800 0.953768134
1403636701913555456.000000 4.554460049 -0.620933533 4.896611214 -0.007068577 0.295638710 0.082654834 0.951691151
1403636701963555584.000000 4.567892551 -0.618861854 4.891690254 -0.006772405 0.303038150 0.085578948 0.949104011
1403636702013555456.000000 4.583432674 -0.610768378 4.888678551 -0.006570758 0.310867846 0.089310713 0.946224928
1403636702063555584.000000 4.598931789 -0.601530790 4.885270119 -0.005722828 0.319902599 0.093739644 0.942784429
1403636702113555456.000000 4.619697571 -0.590452671 4.875587940 -0.004105475 0.329280943 0.098853931 0.939034164
1403636702163555584.000000 4.636057377 -0.584387362 4.879956245 -0.003375264 0.340246081 0.102245353 0.934755147
1403636702213555456.000000 4.654599190 -0.573524952 4.874903679 -0.003397154 0.349704117 0.106055088 0.930831790
1403636702263555584.000000 4.668162823 -0.554323673 4.872626305 -0.003789304 0.357988298 0.109661728 0.927256405
1403636702313555456.000000 4.682098389 -0.538325071 4.864724636 -0.006157891 0.364950180 0.112254106 0.924214482
1403636702363555584.000000 4.700597286 -0.525502980 4.865899086 -0.008902667 0.371027261 0.113778092 0.921582460
1403636702413555456.000000 4.719969749 -0.507720828 4.866103172 -0.011245898 0.376716554 0.113703974 0.919254959
1403636702463555584.000000 4.740297794 -0.492153704 4.865588188 -0.014204967 0.381085634 0.114841178 0.917269588
1403636702513555456.000000 4.747819424 -0.478235602 4.871773720 -0.016577495 0.385954499 0.113448463 0.915365398
1403636702563555584.000000 4.764775276 -0.458976150 4.874159813 -0.017817765 0.388764739 0.113431290 0.914154172
1403636702613555456.000000 4.779150009 -0.440748036 4.877990723 -0.020287916 0.391161114 0.113529563 0.913067639
1403636702663555584.000000 4.794976234 -0.418176949 4.881669998 -0.022676509 0.392848730 0.113685139 0.912267208
1403636702713555456.000000 4.811979771 -0.398165822 4.887069702 -0.024509840 0.394147664 0.112880796 0.911759198
1403636702763555584.000000 4.828770638 -0.376891136 4.893239021 -0.025200889 0.394351602 0.114119247 0.911498010
1403636702813555456.000000 4.845345974 -0.354059875 4.901360989 -0.027731925 0.394763798 0.113212250 0.911359191
1403636702863555584.000000 4.862328529 -0.329599202 4.910354137 -0.028751606 0.394757986 0.113290749 0.911320329
1403636702913555456.000000 4.883160591 -0.308590889 4.920716286 -0.029905103 0.394132316 0.114179775 0.911443055
1403636702963555584.000000 4.900426388 -0.289693475 4.932157516 -0.029545672 0.393832654 0.113932513 0.911615252
1403636703013555456.000000 4.918480873 -0.275532901 4.941898823 -0.027141266 0.392892867 0.115345426 0.911917746
1403636703063555584.000000 4.940057278 -0.259804845 4.953194141 -0.024117341 0.392055243 0.115783058 0.912307739
1403636703113555456.000000 4.956583500 -0.250165105 4.964084625 -0.019367207 0.391081691 0.117905818 0.912566841
1403636703163555584.000000 4.975417614 -0.239642441 4.974258900 -0.011168076 0.389409751 0.120629296 0.913062990
1403636703213555456.000000 4.995269775 -0.231217682 4.985637665 -0.005393065 0.387441009 0.124063984 0.913492560
1403636703263555584.000000 5.016170502 -0.225990713 4.996014595 0.000615045 0.385491282 0.128482178 0.913722336
1403636703313555456.000000 5.032951355 -0.223742783 5.004868031 0.005790616 0.384094149 0.132068738 0.913781226
1403636703363555584.000000 5.052327633 -0.221362233 5.011520386 0.008119255 0.383700162 0.131746948 0.913975418
1403636703413555456.000000 5.073061943 -0.217668355 5.016817093 0.007942885 0.384956747 0.128067985 0.913971484
1403636703463555584.000000 5.094275475 -0.216980219 5.019857883 0.004398777 0.386618853 0.123000599 0.913989782
1403636703513555456.000000 5.113706589 -0.217116833 5.025492668 -0.000191493 0.388517052 0.117058247 0.913975894
1403636703563555584.000000 5.134416103 -0.218149841 5.026722908 -0.003667166 0.389903992 0.112752922 0.913919151
1403636703613555456.000000 5.157265663 -0.219588995 5.030257225 -0.007231100 0.389861792 0.111502551 0.914069355
1403636703663555584.000000 5.178739071 -0.223190129 5.028416634 -0.009344301 0.389437467 0.111500293 0.914231300
1403636703713555456.000000 5.198948860 -0.228476346 5.030782223 -0.010850101 0.389088571 0.111101665 0.914411783
1403636703763555584.000000 5.218188763 -0.230235636 5.035961628 -0.009295023 0.388483137 0.111020356 0.914696097
1403636703813555456.000000 5.232051373 -0.236289084 5.038952351 -0.007556308 0.387803465 0.111814074 0.914903820
1403636703863555584.000000 5.252356052 -0.235871196 5.041810989 -0.004474517 0.386635214 0.113153823 0.915253758
1403636703913555456.000000 5.271035194 -0.236144185 5.046093941 -0.001870830 0.385291398 0.114504591 0.915661395
1403636703963555584.000000 5.291345596 -0.233114660 5.052101135 -0.000540513 0.384626210 0.114572458 0.915934265
1403636704013555456.000000 5.312378407 -0.230744779 5.054617882 0.001079875 0.382918149 0.116497010 0.916406572
1403636704063555584.000000 5.331599712 -0.227051139 5.057906151 0.002404125 0.381625324 0.117428735 0.916824341
1403636704113555456.000000 5.349893093 -0.222701252 5.063337326 0.000811915 0.380745769 0.117825262 0.917141914
1403636704163555584.000000 5.369526863 -0.214928031 5.068282127 -0.002125301 0.380187362 0.117536515 0.917408466
1403636704213555456.000000 5.390139580 -0.206968904 5.071776390 -0.006315753 0.379607975 0.116927892 0.917706847
1403636704263555584.000000 5.411777973 -0.198431611 5.075387001 -0.010248970 0.379224122 0.116471432 0.917888045
1403636704313555456.000000 5.432361126 -0.191043437 5.079496861 -0.013259012 0.379172206 0.114918634 0.918066680
1403636704363555584.000000 5.452073097 -0.184530854 5.084475040 -0.016031587 0.379341066 0.113248691 0.918160200
1403636704413555456.000000 5.474010468 -0.181497157 5.088323593 -0.017495966 0.378766745 0.113846682 0.918296635
1403636704463555584.000000 5.496665955 -0.177811921 5.091787338 -0.020295715 0.378621906 0.112626284 0.918449223
1403636704513555456.000000 5.518223286 -0.179027617 5.094807625 -0.023268964 0.378679603 0.111666352 0.918472111
1403636704563555584.000000 5.538260460 -0.181118727 5.099059105 -0.025613099 0.378523976 0.112109274 0.918419898
1403636704613555456.000000 5.565845013 -0.183063805 5.104619980 -0.027713697 0.378032893 0.111898944 0.918586850
1403636704663555584.000000 5.584976196 -0.188858390 5.111462593 -0.029872004 0.378237009 0.111819461 0.918444872
1403636704713555456.000000 5.608348370 -0.188386858 5.117359161 -0.034541897 0.377856076 0.111236483 0.918508649
1403636704763555584.000000 5.630647659 -0.188792586 5.127423763 -0.037552718 0.377601683 0.110814013 0.918546200
1403636704813555456.000000 5.655729294 -0.187791049 5.136876106 -0.040850304 0.376475126 0.112240449 0.918694675
1403636704863555584.000000 5.680779934 -0.183431983 5.148204803 -0.044017132 0.375319839 0.114023760 0.918801486
1403636704913555456.000000 5.708979130 -0.183215082 5.163358688 -0.046788841 0.373916119 0.115254246 0.919083297
1403636704963555584.000000 5.734957695 -0.179606557 5.179033279 -0.049789496 0.373292983 0.115185820 0.919187546
1403636705013555456.000000 5.758518219 -0.177736521 5.196081161 -0.052151937 0.372970790 0.115373150 0.919163764
1403636705063555584.000000 5.788074970 -0.172679126 5.215244293 -0.053027764 0.372920781 0.113659732 0.919347405
1403636705113555456.000000 5.816947937 -0.171252251 5.237849236 -0.048579916 0.373348683 0.111196555 0.919720709
1403636705163555584.000000 5.850174904 -0.169622481 5.262959003 -0.040537626 0.374099225 0.107397862 0.920256674
1403636705213555456.000000 5.880309105 -0.170040905 5.286754608 -0.032392763 0.375335485 0.102878809 0.920592189
1403636705263555584.000000 5.913298130 -0.169195592 5.310644150 -0.025768233 0.375843674 0.099198282 0.920997977
1403636705313555456.000000 5.942018986 -0.174591005 5.338010788 -0.021774031 0.376574188 0.096918531 0.921045423
1403636705363555584.000000 5.974818707 -0.179402947 5.363313675 -0.018780174 0.376459926 0.096557714 0.921195924
1403636705413555456.000000 6.005010128 -0.185058415 5.389508247 -0.020148972 0.376198292 0.096989639 0.921228468
1403636705463555584.000000 6.035086155 -0.193154335 5.416767120 -0.022182718 0.375833035 0.098652974 0.921154261
1403636705513555456.000000 6.064514637 -0.198024452 5.445346832 -0.025687942 0.375606388 0.100542642 0.920951307
1403636705563555584.000000 6.096300602 -0.203876257 5.473223686 -0.029127073 0.375205785 0.101875879 0.920865655
1403636705613555456.000000 6.124450684 -0.206667125 5.500000000 -0.030230504 0.374945194 0.103138998 0.920795679
1403636705663555584.000000 6.156006813 -0.209656775 5.537445545 -0.031617258 0.375437349 0.103481710 0.920510054
1403636705713555456.000000 6.182390213 -0.212477922 5.569149017 -0.029625902 0.375886381 0.102722943 0.920478046
1403636705763555584.000000 6.212997913 -0.215292394 5.604201317 -0.026879421 0.376013756 0.102708548 0.920511901
1403636705813555456.000000 6.243440628 -0.217769980 5.638684273 -0.022724910 0.375578701 0.103524290 0.920710027
1403636705863555584.000000 6.272253990 -0.222965479 5.669672966 -0.017761083 0.375207126 0.103876345 0.920931041
1403636705913555456.000000 6.305678368 -0.230419219 5.699888229 -0.012226120 0.373867214 0.107134357 0.921192765
1403636705963555584.000000 6.338423729 -0.235642552 5.739686966 -0.006773866 0.372346371 0.110178947 0.921505809
1403636706013555456.000000 6.367926598 -0.249336243 5.769842148 -0.001633913 0.369892716 0.115243763 0.921897829
1403636706063555584.000000 6.396938324 -0.260658383 5.799840927 0.002841386 0.367059290 0.121135451 0.922272027
1403636706113555456.000000 6.429834843 -0.268463612 5.835688591 0.008027781 0.365239501 0.125026554 0.922444642
1403636706163555584.000000 6.459218979 -0.279555082 5.868240356 0.008808707 0.365810156 0.121522523 0.922679603
1403636706213555456.000000 6.491888523 -0.285173953 5.898637772 0.007240501 0.367335498 0.115361959 0.922878087
1403636706263555584.000000 6.522070408 -0.290666699 5.926241875 0.004153152 0.368625730 0.109955765 0.923042595
1403636706313555456.000000 6.555108070 -0.292982757 5.950652599 -0.000079828 0.369944215 0.103318870 0.923291206
1403636706363555584.000000 6.589353085 -0.293983638 5.983858109 -0.004302725 0.370796561 0.099116720 0.923399866
1403636706413555456.000000 6.619987488 -0.291653454 6.010663986 -0.007989220 0.371541530 0.095375352 0.923469901
1403636706463555584.000000 6.652234077 -0.292138457 6.045476913 -0.011817943 0.371996969 0.093044057 0.923483312
1403636706513555456.000000 6.684455395 -0.294260502 6.071768761 -0.014432686 0.372159183 0.091067500 0.923577785
1403636706563555584.000000 6.713160992 -0.294240534 6.099949837 -0.016572556 0.372578859 0.090307176 0.923447371
1403636706613555456.000000 6.741871834 -0.297815263 6.132670403 -0.017550435 0.372675627 0.090232469 0.923397541
1403636706663555584.000000 6.770153522 -0.303038180 6.155606270 -0.018952115 0.372762650 0.090946808 0.923264563
1403636706713555456.000000 6.799983025 -0.311321616 6.182918072 -0.021295654 0.372603983 0.091935426 0.923179686
1403636706763555584.000000 6.826968193 -0.319215119 6.214942932 -0.023321180 0.372527570 0.094257921 0.922927320
1403636706813555456.000000 6.856037617 -0.329398751 6.247241020 -0.026283504 0.372980088 0.094996445 0.922589123
1403636706863555584.000000 6.882543087 -0.342359662 6.274552345 -0.028034262 0.373606980 0.095996633 0.922180355
1403636706913555456.000000 6.911846161 -0.355136991 6.304587364 -0.028231934 0.373979270 0.097365133 0.921879888
1403636706963555584.000000 6.940135002 -0.369997025 6.340019226 -0.028111862 0.375451475 0.097385824 0.921282768
1403636707013555456.000000 6.969161987 -0.383749485 6.368481636 -0.025089610 0.376456797 0.097472809 0.920950532
1403636707063555584.000000 6.993783474 -0.399851978 6.396486759 -0.022809276 0.378085256 0.096011110 0.920496166
1403636707113555456.000000 7.023271084 -0.417215645 6.429197311 -0.020466693 0.379343659 0.096087314 0.920025408
1403636707163555584.000000 7.050519943 -0.433052242 6.466336250 -0.020121196 0.380913347 0.096234843 0.919368863
1403636707213555456.000000 7.077033520 -0.450026572 6.498925209 -0.020702194 0.382496446 0.096716098 0.918647826
1403636707263555584.000000 7.102873802 -0.468987703 6.532653332 -0.021430679 0.384176165 0.096928142 0.917907655
1403636707313555456.000000 7.130773544 -0.487969279 6.566376686 -0.022706378 0.385583878 0.096836880 0.917296112
1403636707363555584.000000 7.156325817 -0.507305264 6.599667072 -0.023193950 0.386712015 0.097401083 0.916749120
1403636707413555456.000000 7.182766914 -0.530220628 6.634228706 -0.023977043 0.387329817 0.097995281 0.916404784
1403636707463555584.000000 7.203938484 -0.555873752 6.669654846 -0.024980664 0.388355702 0.097555928 0.915990531
1403636707513555456.000000 7.230048180 -0.586132765 6.705878258 -0.025260802 0.388418376 0.098918371 0.915810168
1403636707563555584.000000 7.252304077 -0.617190480 6.740961075 -0.024609813 0.388409972 0.100891352 0.915616214
1403636707613555456.000000 7.280338764 -0.642831564 6.773709774 -0.024976326 0.387569278 0.103630379 0.915656567
1403636707663555584.000000 7.305042267 -0.667162478 6.807701588 -0.023388350 0.385094494 0.110386468 0.915953100
1403636707713555456.000000 7.329990864 -0.692477345 6.847193718 -0.022551455 0.383661449 0.114529274 0.916066825
1403636707763555584.000000 7.355832577 -0.719360411 6.884230614 -0.022536362 0.381951571 0.118358344 0.916294932
1403636707813555456.000000 7.380546093 -0.736237228 6.925612450 -0.020862753 0.381424487 0.119566657 0.916397274
1403636707863555584.000000 7.405167580 -0.755452096 6.966136932 -0.019294502 0.380848944 0.119753174 0.916646600
1403636707913555456.000000 7.434618473 -0.766954124 7.006445885 -0.016754245 0.379819959 0.119474344 0.917159796
1403636707963555584.000000 7.458653450 -0.781513155 7.053151131 -0.015885526 0.379764825 0.117475659 0.917456210
1403636708013555456.000000 7.489472389 -0.792260408 7.096181870 -0.015056552 0.379089981 0.115472689 0.918003380
1403636708063555584.000000 7.519319534 -0.798142791 7.136184692 -0.014510689 0.378535867 0.112651058 0.918591201
1403636708113555456.000000 7.550345898 -0.805499494 7.182505608 -0.013294488 0.378141105 0.109497741 0.919153333
1403636708163555584.000000 7.578209400 -0.809321582 7.231177330 -0.012353591 0.378064454 0.106104515 0.919595897
1403636708213555456.000000 7.606557369 -0.814104259 7.273948669 -0.010647179 0.376849681 0.106187835 0.920106053
1403636708263555584.000000 7.640235901 -0.814963281 7.315093040 -0.007615331 0.374897778 0.108361818 0.920679867
1403636708313555456.000000 7.668569565 -0.819991648 7.363843918 -0.002943111 0.372765034 0.112734184 0.921047628
1403636708363555584.000000 7.700949192 -0.821540892 7.406503677 0.002015072 0.369746625 0.119363375 0.921431422
1403636708413555456.000000 7.729458332 -0.831634402 7.443818092 0.005641043 0.367383599 0.125193983 0.921587765
1403636708463555584.000000 7.760590553 -0.831010580 7.482387543 0.009338696 0.365491033 0.128471062 0.921859145
1403636708513555456.000000 7.790261269 -0.838586569 7.522263527 0.011127679 0.365187258 0.129805252 0.921772778
1403636708563555584.000000 7.821293831 -0.842254758 7.567465305 0.012766297 0.365962774 0.128413692 0.921638846
1403636708613555456.000000 7.853256702 -0.848066807 7.602564812 0.012237887 0.368051261 0.123553365 0.921478808
1403636708663555584.000000 7.883633137 -0.853150547 7.638216019 0.009110303 0.371033430 0.117125012 0.921158493
1403636708713555456.000000 7.918477535 -0.857193530 7.670214176 0.007682323 0.374402821 0.108909160 0.920816183
1403636708763555584.000000 7.952438354 -0.859651148 7.703621864 0.005066286 0.377628624 0.101614982 0.920350671
1403636708813555456.000000 7.984068394 -0.862097144 7.735242367 0.004312830 0.380933762 0.094516583 0.919748664
1403636708863555584.000000 8.017465591 -0.863486528 7.766715050 0.002838182 0.383032322 0.091789007 0.919158876
1403636708913555456.000000 8.045055389 -0.865418732 7.800608635 0.003686753 0.385804564 0.089269489 0.918244123
1403636708963555584.000000 8.075396538 -0.868392646 7.829437256 0.003940137 0.388042152 0.087285049 0.917490661
1403636709013555456.000000 8.102157593 -0.869902611 7.857822418 0.006803665 0.389506549 0.086847447 0.916894734
1403636709063555584.000000 8.127967834 -0.877388835 7.887639046 0.007599238 0.392300606 0.083771817 0.915983021
1403636709113555456.000000 8.151337624 -0.883514702 7.917228699 0.008935702 0.393815756 0.084352881 0.915267169
1403636709163555584.000000 8.168924332 -0.897729874 7.948361874 0.007004226 0.396127015 0.084275424 0.914293230
1403636709213555456.000000 8.193158150 -0.900573850 7.972090721 0.005102223 0.396507889 0.086404160 0.913941920
1403636709263555584.000000 8.209477425 -0.911077559 8.001573563 0.001070510 0.397674531 0.086994089 0.913392603
1403636709313555456.000000 8.229096413 -0.924968362 8.024222374 -0.002285924 0.397357553 0.089451656 0.913290858
1403636709363555584.000000 8.239197731 -0.936351120 8.058777809 -0.005112855 0.397968829 0.090715334 0.912888527
1403636709413555456.000000 8.255158424 -0.946946025 8.083164215 -0.007841169 0.398676664 0.089259610 0.912703812
1403636709463555584.000000 8.266745567 -0.963249624 8.110663414 -0.008810901 0.398404509 0.090875618 0.912654340
1403636709513555456.000000 8.280148506 -0.970262408 8.133556366 -0.010492594 0.398292094 0.090298191 0.912742913
1403636709563555584.000000 8.293100357 -0.975917518 8.168838501 -0.011260476 0.398042470 0.090995513 0.912773371
1403636709613555456.000000 8.302863121 -0.977264464 8.201047897 -0.012633031 0.397901148 0.090822130 0.912834287
1403636709663555584.000000 8.308958054 -0.981773615 8.234098434 -0.013627086 0.397900015 0.091196842 0.912783206
1403636709713555456.000000 8.316820145 -0.987125039 8.268580437 -0.014573120 0.397741348 0.090605743 0.912896514
1403636709763555584.000000 8.329410553 -0.987665832 8.301867485 -0.014240445 0.396106273 0.091198981 0.913553357
1403636709813555456.000000 8.334779739 -0.991838872 8.333777428 -0.014276164 0.395721436 0.089758515 0.913862228
1403636709863555584.000000 8.343200684 -0.998278499 8.367376328 -0.013555340 0.394449085 0.090674423 0.914332807
1403636709913555456.000000 8.347794533 -1.008574486 8.402824402 -0.013500403 0.394252151 0.089438908 0.914540172
1403636709963555584.000000 8.352914810 -1.013851881 8.435841560 -0.012498821 0.393496484 0.088346258 0.914985955
1403636710013555456.000000 8.356356621 -1.029576063 8.468561172 -0.012502692 0.392431021 0.089009680 0.915379047
1403636710063555584.000000 8.359236717 -1.037782907 8.506306648 -0.011608602 0.391803265 0.088025883 0.915754855
1403636710113555456.000000 8.359772682 -1.050720215 8.543638229 -0.010851388 0.391164184 0.087119266 0.916123927
1403636710163555584.000000 8.360059738 -1.063533545 8.576560020 -0.010817030 0.390191466 0.086394526 0.916607678
1403636710213555456.000000 8.362558365 -1.070243955 8.613095284 -0.010086906 0.388933659 0.085829794 0.917203426
1403636710263555584.000000 8.359484673 -1.081350327 8.649217606 -0.009251088 0.387000769 0.087086700 0.917911112
1403636710313555456.000000 8.363335609 -1.086649656 8.685368538 -0.005704401 0.383209735 0.091923907 0.919058084
1403636710363555584.000000 8.354054451 -1.087581635 8.728367805 -0.002150800 0.379234314 0.098328009 0.920058906
1403636710413555456.000000 8.350681305 -1.090811491 8.765164375 0.000975756 0.373533636 0.103820421 0.921787977
1403636710463555584.000000 8.349531174 -1.092917442 8.804100037 0.002585615 0.366901100 0.108169034 0.923946083
1403636710513555456.000000 8.343654633 -1.089550734 8.848245621 0.004960687 0.360063940 0.111496553 0.926227748
1403636710563555584.000000 8.342451096 -1.086416841 8.890340805 0.006261961 0.353228003 0.112455942 0.928732753
1403636710613555456.000000 8.339050293 -1.083185077 8.923001289 0.007451504 0.346673548 0.112346902 0.931203604
1403636710663555584.000000 8.338341713 -1.076395154 8.960273743 0.008307996 0.339772552 0.110672623 0.933936417
1403636710713555456.000000 8.333797455 -1.073762655 8.997331619 0.008273054 0.333067954 0.106990561 0.936776578
1403636710763555584.000000 8.330889702 -1.067669868 9.032629013 0.008782978 0.325775415 0.102815039 0.939799070
1403636710813555456.000000 8.331527710 -1.063834429 9.065828323 0.007558553 0.318956643 0.094008133 0.943065286
1403636710863555584.000000 8.329796791 -1.063541651 9.097235680 0.005022198 0.311715662 0.085347690 0.946321309
1403636710913555456.000000 8.328258514 -1.059715033 9.128866196 0.003099282 0.304034770 0.077840209 0.949470460
1403636710963555584.000000 8.326817513 -1.057065845 9.163255692 0.002001872 0.297400177 0.069922753 0.952186942
1403636711013555456.000000 8.323969841 -1.061249733 9.188104630 -0.002231219 0.292018473 0.060817622 0.954474449
1403636711063555584.000000 8.325989723 -1.063825965 9.209020615 -0.002574389 0.285853803 0.056984112 0.956574023
1403636711113555456.000000 8.324277878 -1.066660047 9.234745979 -0.003539298 0.281807035 0.051303484 0.958091974
1403636711163555584.000000 8.318070412 -1.072420120 9.262531281 -0.003169839 0.278741330 0.047597270 0.959180832
1403636711213555456.000000 8.313528061 -1.078070879 9.289121628 -0.002920493 0.276110440 0.044946488 0.960069954
1403636711263555584.000000 8.306716919 -1.084949732 9.314938545 -0.002724519 0.274243176 0.043483257 0.960672915
1403636711313555456.000000 8.299262047 -1.094371319 9.340046883 -0.001079345 0.271702081 0.044682574 0.961343050
1403636711363555584.000000 8.291086197 -1.103836298 9.365537643 0.000783081 0.270018220 0.046524346 0.961730301
1403636711413555456.000000 8.281757355 -1.107861519 9.391839981 0.007095551 0.268892169 0.047736742 0.961960435
1403636711463555584.000000 8.272103310 -1.119418859 9.413058281 0.014750066 0.268301785 0.048395470 0.962005496
1403636711513555456.000000 8.257443428 -1.128846407 9.441684723 0.021634733 0.269194454 0.048071995 0.961642087
1403636711563555584.000000 8.245718002 -1.138103724 9.460733414 0.026274670 0.270837605 0.044930771 0.961216927
1403636711613555456.000000 8.234376907 -1.150233030 9.476621628 0.028512627 0.272142708 0.042668346 0.960887492
1403636711663555584.000000 8.218230247 -1.160549164 9.499174118 0.029291144 0.274107724 0.041061871 0.960375428
1403636711713555456.000000 8.199790955 -1.165731430 9.518235207 0.028217815 0.276224166 0.039444391 0.959868789
1403636711763555584.000000 8.182046890 -1.178626895 9.529562950 0.026773110 0.277132303 0.040321253 0.959612012
1403636711813555456.000000 8.161083221 -1.183585048 9.546183586 0.025286257 0.277310044 0.043280289 0.959472060
1403636711863555584.000000 8.139360428 -1.192927361 9.559118271 0.022522490 0.276524574 0.048522521 0.959516823
1403636711913555456.000000 8.116011620 -1.203033924 9.568936348 0.019709172 0.275001884 0.055288486 0.959650338
1403636711963555584.000000 8.092531204 -1.212322831 9.578234673 0.017181247 0.273697317 0.061965916 0.959663987
1403636712013555456.000000 8.065780640 -1.223127365 9.584786415 0.015879488 0.271921217 0.069229864 0.959694684
1403636712063555584.000000 8.042304039 -1.232337713 9.593567848 0.015375215 0.270174682 0.075884573 0.959693134
1403636712113555456.000000 8.014822960 -1.245018244 9.599941254 0.016127272 0.269527316 0.079366773 0.959581137
1403636712163555584.000000 7.989772320 -1.260973454 9.605085373 0.016806714 0.268883705 0.080506943 0.959655046
1403636712213555456.000000 7.963989735 -1.273022175 9.612210274 0.015938174 0.268207103 0.075670846 0.960252523
1403636712263555584.000000 7.932124138 -1.289320111 9.616757393 0.014078368 0.266859978 0.068104044 0.961222947
1403636712313555456.000000 7.910994053 -1.296977878 9.615982056 0.014894919 0.262717366 0.059817694 0.962901711
1403636712363555584.000000 7.887205124 -1.316885114 9.610017776 0.013522539 0.257630318 0.052096393 0.964743316
1403636712413555456.000000 7.864439487 -1.330697536 9.603357315 0.013695762 0.252414137 0.045987323 0.966428936
1403636712463555584.000000 7.839195251 -1.352666378 9.601387024 0.013801073 0.247616246 0.040766694 0.967901826
1403636712513555456.000000 7.809687614 -1.367790222 9.598586082 0.014591310 0.242478281 0.036611225 0.969356000
1403636712563555584.000000 7.776547432 -1.381083131 9.597172737 0.015813192 0.238011330 0.033744320 0.970547199
1403636712613555456.000000 7.750619411 -1.391785979 9.592122078 0.019660678 0.232419342 0.032964960 0.971858025
1403636712663555584.000000 7.727825642 -1.410037637 9.583368301 0.023226231 0.226683781 0.033091422 0.973128974
1403636712713555456.000000 7.691409588 -1.433228493 9.568067551 0.025546122 0.222520605 0.033226524 0.974026680
1403636712763555584.000000 7.659940720 -1.446457505 9.558684349 0.026862120 0.218500182 0.033518303 0.974891126
1403636712813555456.000000 7.630084038 -1.454824924 9.549475670 0.026554935 0.215158358 0.033878308 0.975630105
1403636712863555584.000000 7.597370148 -1.465228796 9.540061951 0.024131881 0.213048011 0.034362447 0.976139069
1403636712913555456.000000 7.564565659 -1.468555570 9.529216766 0.022063579 0.211324945 0.034804769 0.976546764
1403636712963555584.000000 7.530804634 -1.473170638 9.520367622 0.018560847 0.210726678 0.034372192 0.976764262
1403636713013555456.000000 7.496760368 -1.472061634 9.507117271 0.016704483 0.210950911 0.032672100 0.976807714
1403636713063555584.000000 7.464797974 -1.474274039 9.493425369 0.017229430 0.210012123 0.033522829 0.976972044
1403636713113555456.000000 7.430232048 -1.479964137 9.477349281 0.017611796 0.208308354 0.034929097 0.977280676
1403636713163555584.000000 7.393352032 -1.484823108 9.463018417 0.016722549 0.207307741 0.036176216 0.977463663
1403636713213555456.000000 7.359947681 -1.489746928 9.443362236 0.015275515 0.206368700 0.037378222 0.977640867
1403636713263555584.000000 7.323280334 -1.497553587 9.426364899 0.012884946 0.205969825 0.038426939 0.977718711
1403636713313555456.000000 7.287935257 -1.506126165 9.404755592 0.011804201 0.206044361 0.038515981 0.977713108
1403636713363555584.000000 7.253057003 -1.514453888 9.385124207 0.009922144 0.206148982 0.038973007 0.977693856
1403636713413555456.000000 7.216177464 -1.526390195 9.364316940 0.009862421 0.205705047 0.041434795 0.977686703
1403636713463555584.000000 7.180936813 -1.539741278 9.342049599 0.009361641 0.205746338 0.043057539 0.977612793
1403636713513555456.000000 7.147013187 -1.555142641 9.311583519 0.008743732 0.205002144 0.045722999 0.977653861
1403636713563555584.000000 7.114648819 -1.568213701 9.285932541 0.009213075 0.204308331 0.048229191 0.977674365
1403636713613555456.000000 7.078299999 -1.583188653 9.261780739 0.007458779 0.204123616 0.052279174 0.977519751
1403636713663555584.000000 7.044518948 -1.592263222 9.233892441 0.006223149 0.203799829 0.055542737 0.977415979
1403636713713555456.000000 7.009243011 -1.602874160 9.209015846 0.005454839 0.203675091 0.058934640 0.977247894
1403636713763555584.000000 6.974571705 -1.610265017 9.189451218 0.004913622 0.204142854 0.062394086 0.976938367
1403636713813555456.000000 6.952112675 -1.620271683 9.156717300 0.003961378 0.203431368 0.064948559 0.976924658
1403636713863555584.000000 6.916301250 -1.625097632 9.126316071 0.003460639 0.204435512 0.064992927 0.976713955
1403636713913555456.000000 6.887405396 -1.627075434 9.100580215 0.002791661 0.206076965 0.063740097 0.976453662
1403636713963555584.000000 6.854758739 -1.630952358 9.077422142 0.001929616 0.208221465 0.061965343 0.976114988
1403636714013555456.000000 6.827885628 -1.632934809 9.049280167 0.000231173 0.209713876 0.060758892 0.975873172
1403636714063555584.000000 6.802586555 -1.630354524 9.024357796 0.000150965 0.212489739 0.056298345 0.975540221
1403636714113555456.000000 6.774592400 -1.627878904 8.997612000 -0.000455851 0.214169279 0.055531561 0.975216687
1403636714163555584.000000 6.751484394 -1.625533462 8.971448898 -0.000623981 0.215722874 0.054568157 0.974928498
1403636714213555456.000000 6.727520943 -1.620362639 8.940258026 0.001052381 0.216561481 0.054769013 0.974730968
1403636714263555584.000000 6.700337887 -1.615230799 8.919839859 0.002483890 0.217072546 0.056947809 0.974489748
1403636714313555456.000000 6.677457809 -1.609051347 8.894412994 0.003103692 0.217301205 0.059387568 0.974291444
1403636714363555584.000000 6.653889656 -1.600126028 8.869051933 0.002515762 0.217916474 0.060779307 0.974069774
1403636714413555456.000000 6.629461288 -1.591179252 8.841567039 -0.001052605 0.218593881 0.061364271 0.973884046
1403636714463555584.000000 6.608535767 -1.582682371 8.812584877 -0.005662828 0.217325896 0.062270511 0.974094391
1403636714513555456.000000 6.586045742 -1.570782900 8.790035248 -0.010075711 0.215114072 0.062294744 0.974548042
1403636714563555584.000000 6.563193798 -1.560572386 8.768313408 -0.014108402 0.211034402 0.062877037 0.975352287
1403636714613555456.000000 6.541341782 -1.547630906 8.742832184 -0.017560238 0.205480307 0.061665505 0.976558745
1403636714663555584.000000 6.524639606 -1.536087036 8.717063904 -0.020231547 0.198715180 0.058442391 0.978104115
1403636714713555456.000000 6.506483078 -1.525071025 8.691734314 -0.022368472 0.190397441 0.055242367 0.979896307
1403636714763555584.000000 6.488227844 -1.518835187 8.667797089 -0.024303963 0.181178182 0.050417017 0.981856346
1403636714813555456.000000 6.470784187 -1.511404395 8.643739700 -0.024809280 0.171198562 0.043401539 0.983967483
1403636714863555584.000000 6.448359489 -1.507079124 8.624385834 -0.025008244 0.161145836 0.035320461 0.985981345
1403636714913555456.000000 6.431190491 -1.506306529 8.605895996 -0.025738202 0.150172934 0.028556636 0.987912059
1403636714963555584.000000 6.419252396 -1.507969260 8.584167480 -0.026887530 0.137914792 0.023090668 0.989809811
1403636715013555456.000000 6.401196480 -1.508101583 8.558790207 -0.027391294 0.127550840 0.017766701 0.991294622
1403636715063555584.000000 6.383331299 -1.514443517 8.534563065 -0.028245294 0.117893055 0.013332461 0.992534995
1403636715113555456.000000 6.366899014 -1.520353436 8.514010429 -0.029717803 0.110267647 0.008030673 0.993425131
1403636715163555584.000000 6.356846333 -1.532104015 8.492855072 -0.030599212 0.102795638 0.005623769 0.994215846
1403636715213555456.000000 6.342810154 -1.539736271 8.473692894 -0.030776676 0.097533099 0.002714689 0.994752586
1403636715263555584.000000 6.330106258 -1.545565963 8.458421707 -0.029604914 0.092772350 0.001743488 0.995245636
1403636715313555456.000000 6.316028595 -1.552287698 8.442924500 -0.027426608 0.088765323 0.001986836 0.995672941
1403636715363555584.000000 6.302674770 -1.558596969 8.427708626 -0.025639545 0.085940421 0.001549663 0.995969176
1403636715413555456.000000 6.290640831 -1.564882278 8.414908409 -0.021869125 0.082845174 0.004546303 0.996312141
1403636715463555584.000000 6.277178288 -1.567260861 8.405557632 -0.018124981 0.081031904 0.007188699 0.996520758
1403636715513555456.000000 6.266222000 -1.568812609 8.393965721 -0.014320843 0.078063406 0.012824515 0.996763051
1403636715563555584.000000 6.254440308 -1.570926666 8.382562637 -0.011593913 0.075111657 0.020820711 0.996890366
1403636715613555456.000000 6.244790077 -1.569421649 8.373514175 -0.010879275 0.074069172 0.024020856 0.996904433
1403636715663555584.000000 6.236536026 -1.566418409 8.365988731 -0.006758374 0.074883930 0.023104163 0.996901691
1403636715713555456.000000 6.230411053 -1.558091879 8.360646248 -0.000251126 0.077277519 0.018456498 0.996838748
1403636715763555584.000000 6.223768234 -1.554307222 8.352407455 0.004756224 0.080109440 0.013435178 0.996684194
1403636715813555456.000000 6.219256878 -1.551721692 8.340837479 0.009252753 0.082786180 0.009209863 0.996481836
1403636715863555584.000000 6.215995789 -1.547594190 8.330638885 0.013533794 0.084477738 0.006538934 0.996312022
1403636715913555456.000000 6.211953640 -1.545109391 8.318136215 0.017524071 0.086871438 0.002706091 0.996061742
1403636715963555584.000000 6.207368851 -1.542682767 8.302050591 0.020108636 0.088286102 0.001942420 0.995890319
1403636716013555456.000000 6.203654766 -1.541598439 8.287070274 0.021510579 0.089401245 0.001719505 0.995761931
1403636716063555584.000000 6.195207596 -1.538894773 8.274063110 0.021340348 0.091139048 0.002048099 0.995607436
1403636716113555456.000000 6.189974308 -1.539331079 8.252803802 0.020159423 0.091548942 0.004589067 0.995585978
1403636716163555584.000000 6.183354378 -1.537387013 8.236970901 0.015405241 0.092695691 0.006677661 0.995552957
1403636716213555456.000000 6.180027962 -1.541180015 8.211095810 0.008786979 0.093108267 0.009954150 0.995567441
1403636716263555584.000000 6.172222614 -1.542403460 8.187676430 0.004800489 0.094828598 0.011314802 0.995417774
1403636716313555456.000000 6.168233395 -1.542538762 8.167924881 0.000858181 0.096284010 0.012614283 0.995273650
1403636716363555584.000000 6.164618969 -1.538184643 8.143785477 -0.001658931 0.097570471 0.013764573 0.995132029
1403636716413555456.000000 6.160640240 -1.533256412 8.120111465 -0.001965270 0.098845400 0.014443973 0.994996071
1403636716463555584.000000 6.157747746 -1.525403738 8.100941658 -0.002896735 0.100268357 0.014507805 0.994850457
1403636716513555456.000000 6.153840065 -1.517976880 8.081110954 -0.002435880 0.101615354 0.014653179 0.994712949
1403636716563555584.000000 6.150889874 -1.509716272 8.060383797 -0.001870636 0.102168977 0.012654725 0.994684815
1403636716613555456.000000 6.143582344 -1.504648447 8.038729668 -0.002531949 0.101296864 0.010693479 0.994795561
1403636716663555584.000000 6.141178608 -1.493630052 8.018240929 -0.001983804 0.098187543 0.009219952 0.995123267
1403636716713555456.000000 6.137059689 -1.480809212 7.999137402 -0.001851973 0.094074704 0.007279965 0.995536864
1403636716763555584.000000 6.131365299 -1.468176126 7.976691246 -0.001589444 0.088704564 0.005529761 0.996041417
1403636716813555456.000000 6.125308990 -1.451670170 7.960072041 -0.001437044 0.081876479 0.003619443 0.996634960
1403636716863555584.000000 6.124062061 -1.440363288 7.939742088 -0.002057344 0.073547199 0.001587899 0.997288406
1403636716913555456.000000 6.117330551 -1.425024509 7.916087151 -0.002118059 0.064431176 -0.001001224 0.997919440
1403636716963555584.000000 6.108116150 -1.417994499 7.896614552 -0.003916271 0.054214556 -0.005573159 0.998506129
1403636717013555456.000000 6.104561806 -1.404302239 7.875157833 -0.003386398 0.043135282 -0.009547054 0.999017894
1403636717063555584.000000 6.104756355 -1.395117760 7.851177216 -0.004352821 0.031298131 -0.014010719 0.999402404
1403636717113555456.000000 6.092281342 -1.391918182 7.828888893 -0.004926984 0.021042824 -0.018194031 0.999600887
1403636717163555584.000000 6.088671684 -1.387830257 7.805119514 -0.005202984 0.012436270 -0.022386476 0.999658525
1403636717213555456.000000 6.085584164 -1.379927039 7.781135559 -0.005255239 0.004759836 -0.026091812 0.999634445
1403636717263555584.000000 6.082144737 -1.374070525 7.755754471 -0.005316874 -0.000844355 -0.031735577 0.999481797
1403636717313555456.000000 6.076652050 -1.371624708 7.731441498 -0.006154350 -0.004611174 -0.038300171 0.999236703
1403636717363555584.000000 6.072868347 -1.364172578 7.708374977 -0.005172126 -0.006724283 -0.046141721 0.998898923
1403636717413555456.000000 6.067090034 -1.351813793 7.681868076 -0.004003732 -0.008319936 -0.052682873 0.998568654
1403636717463555584.000000 6.055912018 -1.352979302 7.655813694 -0.004187910 -0.009563295 -0.056974314 0.998321116
1403636717513555456.000000 6.051451206 -1.346826792 7.630215645 -0.004434944 -0.011259046 -0.057957366 0.998245776
1403636717563555584.000000 6.041429996 -1.340140820 7.609015942 -0.003976629 -0.012965082 -0.056407046 0.998315811
1403636717613555456.000000 6.034173489 -1.338892698 7.588110447 -0.005052098 -0.015119880 -0.052872688 0.998474061
1403636717663555584.000000 6.021641254 -1.320800662 7.566599369 -0.003770709 -0.015742905 -0.051673628 0.998532832
1403636717713555456.000000 6.014050007 -1.317646146 7.541382790 -0.003733169 -0.016462304 -0.049527008 0.998630166
1403636717763555584.000000 5.998685360 -1.302216291 7.516519070 -0.004139753 -0.016110515 -0.052568045 0.998478770
1403636717813555456.000000 5.982376099 -1.282119393 7.495336533 -0.004242506 -0.017498542 -0.054258760 0.998364568
1403636717863555584.000000 5.973826885 -1.270320654 7.474192619 -0.004804899 -0.020807873 -0.057532862 0.998115242
1403636717913555456.000000 5.952098846 -1.261442780 7.448405743 -0.005418548 -0.025114840 -0.060621571 0.997830153
1403636717963555584.000000 5.937424183 -1.256353259 7.423719406 -0.005460749 -0.030692026 -0.064345501 0.997440636
1403636718013555456.000000 5.919338226 -1.239927411 7.399022102 -0.004726223 -0.038043551 -0.067379236 0.996990681
1403636718063555584.000000 5.894462585 -1.229834437 7.369731426 -0.005049648 -0.046146061 -0.069191858 0.996522784
1403636718113555456.000000 5.873027325 -1.234300494 7.341959476 -0.005759242 -0.056804936 -0.068464801 0.996018410
1403636718163555584.000000 5.846484184 -1.227231264 7.315509319 -0.006529114 -0.067471817 -0.068024188 0.995378196
1403636718213555456.000000 5.821979046 -1.213094234 7.287849426 -0.006598148 -0.077153549 -0.066790164 0.994757712
1403636718263555584.000000 5.797138691 -1.223404288 7.260274887 -0.008960595 -0.085565880 -0.066257983 0.994086564
1403636718313555456.000000 5.779440403 -1.180902839 7.235753059 -0.007908430 -0.094243556 -0.065401345 0.993367195
1403636718363555584.000000 5.751886845 -1.182460785 7.212661266 -0.009287549 -0.101889990 -0.065857358 0.992569923
1403636718413555456.000000 5.727879047 -1.168941975 7.185033798 -0.010748772 -0.109988749 -0.066264197 0.991663277
1403636718463555584.000000 5.698693275 -1.143363357 7.157483101 -0.010787126 -0.118722275 -0.065218322 0.990724683
1403636718513555456.000000 5.683403015 -1.146727085 7.139795303 -0.012423282 -0.128080517 -0.066328317 0.989465356
1403636718563555584.000000 5.657766342 -1.131833196 7.114849091 -0.013273658 -0.136117503 -0.065068156 0.988464475
1403636718613555456.000000 5.636858463 -1.115277290 7.100290775 -0.014489859 -0.143744841 -0.063873097 0.987445056
1403636718663555584.000000 5.613412380 -1.095963955 7.079079151 -0.015878996 -0.151142284 -0.060325537 0.986541808
1403636718713555456.000000 5.588864326 -1.074240446 7.058932304 -0.017514454 -0.157174453 -0.058260869 0.985695302
1403636718763555584.000000 5.567091465 -1.054819465 7.040666103 -0.017559255 -0.161985025 -0.058349274 0.984910131
1403636718813555456.000000 5.547772408 -1.032372475 7.024572849 -0.017377935 -0.164588124 -0.062354710 0.984236121
1403636718863555584.000000 5.525848866 -1.009494781 7.005991936 -0.016062435 -0.165471092 -0.068865456 0.983676255
1403636718913555456.000000 5.504194260 -0.990033627 6.989066124 -0.014622033 -0.165933415 -0.074519917 0.983208656
1403636718963555584.000000 5.488396168 -0.972286284 6.971257210 -0.012587416 -0.166443706 -0.079638399 0.982749164
1403636719013555456.000000 5.469958782 -0.956686378 6.954450130 -0.011168323 -0.166631043 -0.083216734 0.982438028
1403636719063555584.000000 5.449470997 -0.946594834 6.935184956 -0.009216235 -0.167069033 -0.085002132 0.982230961
1403636719113555456.000000 5.436594963 -0.935732245 6.920920372 -0.006198941 -0.167795539 -0.086299993 0.982017636
1403636719163555584.000000 5.413340569 -0.930947423 6.900698662 -0.003288275 -0.168039009 -0.085562594 0.982054591
1403636719213555456.000000 5.394682884 -0.920785785 6.881568432 0.000245924 -0.168123588 -0.085060775 0.982089162
1403636719263555584.000000 5.375980377 -0.910565436 6.863837242 0.003720131 -0.168144420 -0.083826073 0.982184708
1403636719313555456.000000 5.357740402 -0.898775399 6.841140747 0.006020703 -0.168529481 -0.080897786 0.982352853
1403636719363555584.000000 5.343203545 -0.887872338 6.824494839 0.008591363 -0.168644100 -0.079339184 0.982441247
1403636719413555456.000000 5.323649406 -0.875074327 6.806920528 0.009721071 -0.168355912 -0.077852361 0.982599020
1403636719463555584.000000 5.309215546 -0.862634718 6.786512375 0.010285861 -0.168241501 -0.076079108 0.982751727
1403636719513555456.000000 5.290569305 -0.845835507 6.764390945 0.009999732 -0.167513445 -0.074564084 0.982995152
1403636719563555584.000000 5.275400639 -0.828697443 6.742081165 0.007295308 -0.166452661 -0.074595772 0.983196735
1403636719613555456.000000 5.257383347 -0.812044740 6.720021725 0.004291411 -0.165932760 -0.072449088 0.983462870
1403636719663555584.000000 5.239613533 -0.796376407 6.694193363 0.000665066 -0.164023057 -0.073345818 0.983725786
1403636719713555456.000000 5.225154877 -0.780656695 6.671112061 -0.002687369 -0.162333772 -0.072673403 0.984052479
1403636719763555584.000000 5.212988853 -0.766888142 6.652113914 -0.004980197 -0.160959974 -0.072359003 0.984292328
1403636719813555456.000000 5.204242706 -0.758701682 6.627641201 -0.007544056 -0.159819230 -0.071077868 0.984555185
1403636719863555584.000000 5.187361240 -0.755137920 6.604997635 -0.008434412 -0.158152923 -0.070584588 0.984852493
1403636719913555456.000000 5.172338486 -0.748445988 6.576846123 -0.008983823 -0.156495914 -0.070163466 0.985142410
1403636719963555584.000000 5.167838573 -0.743687570 6.555289268 -0.011137556 -0.155986801 -0.069100499 0.985276282
1403636720013555456.000000 5.149333000 -0.734368086 6.530989170 -0.011208097 -0.154048473 -0.069396235 0.985559583
1403636720063555584.000000 5.139476776 -0.722866774 6.508331299 -0.011508710 -0.153591722 -0.068950512 0.985658646
1403636720113555456.000000 5.129943371 -0.712856352 6.485453606 -0.011908817 -0.152969271 -0.069270521 0.985728264
1403636720163555584.000000 5.123501301 -0.703274369 6.464194298 -0.013124238 -0.152942255 -0.069331773 0.985712707
1403636720213555456.000000 5.107462883 -0.691127241 6.440523148 -0.013357648 -0.152492106 -0.068273388 0.985853195
1403636720263555584.000000 5.100782394 -0.676540136 6.421723366 -0.013224810 -0.152790546 -0.067685090 0.985849380
1403636720313555456.000000 5.087998867 -0.671448648 6.397558689 -0.013869684 -0.152892396 -0.067405060 0.985843837
1403636720363555584.000000 5.078360558 -0.651590884 6.383137703 -0.013284358 -0.153009653 -0.068195291 0.985779464
1403636720413555456.000000 5.072740555 -0.630570173 6.368123055 -0.012855332 -0.153852448 -0.067396156 0.985708892
1403636720463555584.000000 5.066490173 -0.614596426 6.350115299 -0.013422322 -0.154910281 -0.067114949 0.985554814
1403636720513555456.000000 5.056350708 -0.604671538 6.328742027 -0.014486359 -0.155114427 -0.066769190 0.985531092
1403636720563555584.000000 5.050611496 -0.590764940 6.314431667 -0.014363112 -0.156531319 -0.066113286 0.985353112
1403636720613555456.000000 5.044971466 -0.582946122 6.300490379 -0.015111741 -0.156667054 -0.067669719 0.985214710
1403636720663555584.000000 5.038004398 -0.575700283 6.281187534 -0.015177161 -0.157790571 -0.066971838 0.985082030
1403636720713555456.000000 5.029720306 -0.570821583 6.260453701 -0.013918403 -0.157366455 -0.066988818 0.985167384
1403636720763555584.000000 5.021395683 -0.566836774 6.241012096 -0.014455166 -0.155897707 -0.066003263 0.985459566
1403636720813555456.000000 5.020114422 -0.561110437 6.227165699 -0.014467872 -0.152991742 -0.065380849 0.985956252
1403636720863555584.000000 5.022802353 -0.559354424 6.217602253 -0.014496006 -0.148638755 -0.065406419 0.986619711
1403636720913555456.000000 5.012386799 -0.559474647 6.196839333 -0.014860013 -0.142119676 -0.063914180 0.987672091
1403636720963555584.000000 5.007465839 -0.551673651 6.185619354 -0.013721827 -0.135803103 -0.061317310 0.988741338
1403636721013555456.000000 5.010937691 -0.543619215 6.171396255 -0.012087280 -0.130650178 -0.057811204 0.989667833
1403636721063555584.000000 5.007489204 -0.539156079 6.155801296 -0.010439293 -0.124224588 -0.054797653 0.990684867
1403636721113555456.000000 5.006326199 -0.529330552 6.140923500 -0.009433588 -0.117114119 -0.051330160 0.991746247
1403636721163555584.000000 5.011472225 -0.517932773 6.130209923 -0.006895121 -0.108813189 -0.048729833 0.992843270
1403636721213555456.000000 5.007821560 -0.507849693 6.117595196 -0.005569017 -0.100804232 -0.045363504 0.993856013
1403636721263555584.000000 5.007878780 -0.501449406 6.108973503 -0.002795078 -0.093664750 -0.041961927 0.994715214
1403636721313555456.000000 5.000524044 -0.492160231 6.094898701 -0.002478654 -0.086354516 -0.039685272 0.995470703
1403636721363555584.000000 5.013711452 -0.488197923 6.084263802 -0.002217443 -0.081056736 -0.038546018 0.995961368
1403636721413555456.000000 5.015152931 -0.485234439 6.068312645 -0.001194038 -0.075756863 -0.037765823 0.996410251
1403636721463555584.000000 5.018682957 -0.483103871 6.054412365 -0.001360140 -0.071574301 -0.036725260 0.996758044
1403636721513555456.000000 5.022495747 -0.481144696 6.039042473 -0.001877997 -0.066128612 -0.036415201 0.997144699
1403636721563555584.000000 5.024382591 -0.478949040 6.023116112 -0.002634924 -0.060328729 -0.035552606 0.997541785
1403636721613555456.000000 5.026639462 -0.476414382 6.007230282 -0.003683964 -0.054036941 -0.035519645 0.997900188
1403636721663555584.000000 5.032266617 -0.471373707 5.993177891 -0.004789897 -0.049338080 -0.034918610 0.998160064
1403636721713555456.000000 5.035458565 -0.465585887 5.977541924 -0.004019396 -0.045285314 -0.035061840 0.998350561
1403636721763555584.000000 5.039838791 -0.458316654 5.964910984 -0.004541835 -0.041779567 -0.036280297 0.998457611
1403636721813555456.000000 5.042311668 -0.447885126 5.951016903 -0.004068956 -0.039683703 -0.035899360 0.998558939
1403636721863555584.000000 5.046942234 -0.438385427 5.938233852 -0.003395779 -0.038644180 -0.034953959 0.998635709
1403636721913555456.000000 5.049573421 -0.427333951 5.922831059 -0.003214648 -0.037778821 -0.035258546 0.998658776
1403636721963555584.000000 5.055352211 -0.415421098 5.910225868 -0.002710833 -0.036958639 -0.037872747 0.998595178
1403636722013555456.000000 5.057293415 -0.404619515 5.894373894 -0.002587538 -0.035855442 -0.041153967 0.998505950
1403636722063555584.000000 5.062831879 -0.395641923 5.879778385 -0.002378286 -0.035388418 -0.044222496 0.998391926
1403636722113555456.000000 5.065333366 -0.389283329 5.861434460 -0.002810777 -0.036014542 -0.045450285 0.998313248
1403636722163555584.000000 5.065850735 -0.383039951 5.843472004 -0.003261357 -0.037287172 -0.044372633 0.998313606
1403636722213555456.000000 5.068598270 -0.377861887 5.827597618 -0.003284114 -0.038652651 -0.043254804 0.998310685
1403636722263555584.000000 5.066059113 -0.375840366 5.809509277 -0.004136893 -0.039797045 -0.042223990 0.998306692
1403636722313555456.000000 5.066448689 -0.373993933 5.788945675 -0.004092487 -0.041456155 -0.040546142 0.998308897
1403636722363555584.000000 5.066670418 -0.370482564 5.774362087 -0.004527004 -0.041796200 -0.039947659 0.998317003
1403636722413555456.000000 5.066191196 -0.364488810 5.755686283 -0.004701086 -0.040280383 -0.039751630 0.998386323
1403636722463555584.000000 5.071607590 -0.357986093 5.741155148 -0.003995135 -0.038311314 -0.038966168 0.998497844
1403636722513555456.000000 5.071628094 -0.349729389 5.725376129 -0.003760486 -0.036175676 -0.037686907 0.998627484
1403636722563555584.000000 5.069548130 -0.344694644 5.705811501 -0.004423349 -0.033746172 -0.037085824 0.998732328
1403636722613555456.000000 5.070234776 -0.332575321 5.693401337 -0.004162900 -0.031548675 -0.037891917 0.998775065
1403636722663555584.000000 5.072588921 -0.324712366 5.676001549 -0.004844585 -0.029954562 -0.038121596 0.998812318
1403636722713555456.000000 5.072877884 -0.311124712 5.664477348 -0.003800476 -0.028335534 -0.038388312 0.998853862
1403636722763555584.000000 5.071883678 -0.303484648 5.643291950 -0.004441261 -0.026591161 -0.039333392 0.998862386
1403636722813555456.000000 5.070516109 -0.293086737 5.626766682 -0.005239940 -0.025503868 -0.040144127 0.998854637
1403636722863555584.000000 5.069264889 -0.283286065 5.609507561 -0.004983475 -0.024570124 -0.040948156 0.998846769
1403636722913555456.000000 5.064758301 -0.279187381 5.591598988 -0.005500004 -0.024273017 -0.040147617 0.998883784
1403636722963555584.000000 5.063791275 -0.277503878 5.572987556 -0.006050057 -0.024732152 -0.039010223 0.998914361
1403636723013555456.000000 5.060401440 -0.273074985 5.558976173 -0.005424227 -0.025340065 -0.037151925 0.998973608
1403636723063555584.000000 5.058576107 -0.273267329 5.537560940 -0.004764594 -0.026428033 -0.034646228 0.999038756
1403636723113555456.000000 5.053893089 -0.274359018 5.519852638 -0.004529042 -0.026663439 -0.033478655 0.999073446
1403636723163555584.000000 5.049830437 -0.276648253 5.495316982 -0.004707759 -0.026561193 -0.033324026 0.999080539
1403636723213555456.000000 5.048125267 -0.272424847 5.478348255 -0.004504211 -0.026617493 -0.032616269 0.999103308
1403636723263555584.000000 5.043211460 -0.269605249 5.459883690 -0.005376584 -0.025891153 -0.033904966 0.999075234
1403636723313555456.000000 5.040512085 -0.265831262 5.443444729 -0.005014147 -0.024664475 -0.036132235 0.999030054
1403636723363555584.000000 5.039163589 -0.260264248 5.424942970 -0.004961800 -0.022698294 -0.036704570 0.999056101
1403636723413555456.000000 5.031877518 -0.254762053 5.406554222 -0.004312991 -0.018329529 -0.037903808 0.999103963
1403636723463555584.000000 5.029569149 -0.249779731 5.388051987 -0.002197582 -0.013059192 -0.038924161 0.999154449
1403636723513555456.000000 5.027286053 -0.243932366 5.373363018 0.002012076 -0.007662602 -0.037091956 0.999280453
1403636723563555584.000000 5.022165298 -0.237943217 5.359705925 0.008338843 -0.002933895 -0.032652427 0.999427736
1403636723613555456.000000 5.017498970 -0.231886044 5.339528561 0.014937011 0.001088957 -0.028985647 0.999467611
1403636723663555584.000000 5.013633728 -0.231026530 5.322310925 0.016098108 0.005140591 -0.025846448 0.999523103
1403636723713555456.000000 5.009025097 -0.229576126 5.296922684 0.012458880 0.008866030 -0.024498764 0.999582887
1403636723763555584.000000 5.002652645 -0.227808520 5.279089928 0.007795936 0.012894983 -0.023255648 0.999616027
1403636723813555456.000000 4.996456623 -0.224680468 5.255015850 0.003042437 0.015532823 -0.020583821 0.999662817
1403636723863555584.000000 4.994338989 -0.222021759 5.232087612 -0.000444868 0.017609434 -0.018528488 0.999673188
1403636723913555456.000000 4.988173962 -0.216191933 5.208998203 -0.003779392 0.019717388 -0.016634217 0.999660134
1403636723963555584.000000 4.980807781 -0.209942833 5.186301231 -0.008095218 0.021769008 -0.014367257 0.999627054
1403636724013555456.000000 4.977075577 -0.205008268 5.163076878 -0.012633715 0.024883963 -0.013615661 0.999517798
1403636724063555584.000000 4.974086761 -0.193292201 5.143784046 -0.015736196 0.029175211 -0.012185609 0.999376178
1403636724113555456.000000 4.965860367 -0.183514312 5.129059792 -0.019425185 0.035320014 -0.010404839 0.999133050
1403636724163555584.000000 4.959292412 -0.177591324 5.103356838 -0.019933533 0.042361628 -0.008941364 0.998863518
1403636724213555456.000000 4.957132816 -0.162709936 5.089540958 -0.020640092 0.049566615 -0.005622421 0.998541772
1403636724263555584.000000 4.953356743 -0.150825575 5.073536396 -0.020541752 0.058230173 -0.002993932 0.998087347
1403636724313555456.000000 4.950323105 -0.139966041 5.065423012 -0.019271614 0.067826368 -0.001425430 0.997510016
1403636724363555584.000000 4.947922230 -0.130157307 5.045392513 -0.017050298 0.076974668 0.001497574 0.996886194
1403636724413555456.000000 4.945048809 -0.124137580 5.033814907 -0.014466129 0.086745284 0.003508920 0.996119380
1403636724463555584.000000 4.936697960 -0.118805327 5.022335529 -0.012497460 0.094942257 0.006140706 0.995385468
1403636724513555456.000000 4.935799599 -0.113839492 5.009885311 -0.009473721 0.101888053 0.007041363 0.994725883
1403636724563555584.000000 4.930869102 -0.109666526 4.997316360 -0.007109368 0.107564382 0.008696819 0.994134665
1403636724613555456.000000 4.925663471 -0.106849976 4.983377457 -0.006420102 0.112455621 0.009845694 0.993587315
1403636724663555584.000000 4.922523022 -0.107171685 4.961771488 -0.005760405 0.115651026 0.010517729 0.993217587
1403636724713555456.000000 4.912226200 -0.108116418 4.951257229 -0.005763764 0.118894540 0.011675217 0.992821574
1403636724763555584.000000 4.905335426 -0.112720475 4.935432911 -0.006444635 0.120907553 0.012396763 0.992565513
1403636724813555456.000000 4.896028996 -0.117708884 4.915868759 -0.007248139 0.122162111 0.012947622 0.992399275
1403636724863555584.000000 4.890713692 -0.123552524 4.899890423 -0.008171754 0.122456424 0.014120241 0.992339849
1403636724913555456.000000 4.885066509 -0.132408068 4.888652802 -0.008680144 0.121646844 0.016176717 0.992403746
1403636724963555584.000000 4.873311996 -0.145833299 4.866790295 -0.009501671 0.120419018 0.018589806 0.992503643
1403636725013555456.000000 4.865488052 -0.157485843 4.846017838 -0.009518539 0.118567333 0.021391174 0.992669940
1403636725063555584.000000 4.860576630 -0.172568038 4.823944092 -0.008793435 0.116744727 0.023532949 0.992844164
1403636725113555456.000000 4.849780560 -0.188074335 4.803861618 -0.009046498 0.115592562 0.025195029 0.992935956
1403636725163555584.000000 4.844570160 -0.202194870 4.785203934 -0.009728258 0.114195049 0.026426522 0.993059218
1403636725213555456.000000 4.836383820 -0.222044900 4.760180473 -0.009993671 0.113846399 0.025408860 0.993123114
1403636725263555584.000000 4.832402229 -0.237310380 4.743628979 -0.010430981 0.112805471 0.025809258 0.993227065
1403636725313555456.000000 4.826101780 -0.251301974 4.732062340 -0.011045254 0.113685697 0.023561304 0.993175983
1403636725363555584.000000 4.821519852 -0.263118953 4.715319633 -0.011224521 0.113665223 0.022416109 0.993202806
1403636725413555456.000000 4.816254616 -0.277560353 4.694072247 -0.011125755 0.114054129 0.020781780 0.993194878
1403636725463555584.000000 4.813169956 -0.285608649 4.684709549 -0.011052308 0.114367142 0.019855449 0.993178606
1403636725513555456.000000 4.809250832 -0.294772387 4.670113087 -0.011117239 0.114726149 0.018307297 0.993166327
1403636725563555584.000000 4.805631638 -0.300982356 4.653278828 -0.011915090 0.115270667 0.017249696 0.993112922
1403636725613555456.000000 4.800570965 -0.307173312 4.641362667 -0.011733078 0.115936294 0.016233072 0.993054688
1403636725663555584.000000 4.797116280 -0.312518239 4.626851559 -0.009992703 0.116038494 0.016054181 0.993064761
1403636725713555456.000000 4.789316654 -0.322244108 4.610899448 -0.010153119 0.116328970 0.016197868 0.993026793
1403636725763555584.000000 4.785031319 -0.325155705 4.604063511 -0.010550370 0.116560176 0.016176529 0.992995858
1403636725813555456.000000 4.781981468 -0.320543349 4.597971439 -0.009773341 0.116459385 0.015998507 0.993018568
1403636725863555584.000000 4.778732300 -0.322129339 4.585480213 -0.011401051 0.115852118 0.016802268 0.993058980
1403636725913555456.000000 4.776622295 -0.318867445 4.578071117 -0.011050778 0.114780620 0.018453984 0.993157983
1403636725963555584.000000 4.771689892 -0.315405279 4.570238590 -0.011450627 0.114231758 0.019092111 0.993204713
1403636726013555456.000000 4.769710064 -0.315429062 4.559864998 -0.010854713 0.113342397 0.019481257 0.993305743
1403636726063555584.000000 4.766259670 -0.309678733 4.553983212 -0.010436358 0.113154292 0.018510917 0.993350148
1403636726113555456.000000 4.763660908 -0.304604501 4.548449993 -0.010131706 0.113114290 0.017298002 0.993379772
1403636726163555584.000000 4.764681339 -0.298909694 4.539623260 -0.008304725 0.112723365 0.016344972 0.993457258
1403636726213555456.000000 4.760404587 -0.292748511 4.537493706 -0.007641313 0.112325512 0.015599965 0.993519664
1403636726263555584.000000 4.756731033 -0.281473041 4.530781746 -0.007182491 0.112015001 0.014413604 0.993576050
1403636726313555456.000000 4.755220413 -0.273987085 4.525595188 -0.006650155 0.111253753 0.014224832 0.993667960
1403636726363555584.000000 4.752923012 -0.271346003 4.524159431 -0.005718273 0.110870473 0.013149994 0.993731439
1403636726413555456.000000 4.747954845 -0.268902004 4.511344433 -0.005223172 0.110217631 0.012566924 0.993814349
1403636726463555584.000000 4.745399475 -0.265406191 4.506724834 -0.004144510 0.109095231 0.013156983 0.993935645
1403636726513555456.000000 4.739445686 -0.271756530 4.498962879 -0.004069236 0.107894816 0.015090358 0.994039536
1403636726563555584.000000 4.737956047 -0.273440361 4.488809109 -0.001995863 0.104564644 0.021580938 0.994281948
1403636726613555456.000000 4.733167648 -0.275475919 4.482362270 -0.000084582 0.101254709 0.029918946 0.994410574
1403636726663555584.000000 4.732574940 -0.282292306 4.473556042 0.002823364 0.098006278 0.037080180 0.994490802
1403636726713555456.000000 4.728870869 -0.289760977 4.457531452 0.002656413 0.097665370 0.037464149 0.994510353
1403636726763555584.000000 4.731364727 -0.295091033 4.446642399 0.003526964 0.098570280 0.033797968 0.994549751
1403636726813555456.000000 4.733850956 -0.305070162 4.432534695 0.003308223 0.099758327 0.028476797 0.994598627
1403636726863555584.000000 4.735569000 -0.315588713 4.421290874 0.003454562 0.099851757 0.021898022 0.994755387
1403636726913555456.000000 4.735757351 -0.328439146 4.405194283 0.002862670 0.099418007 0.016889723 0.994898319
1403636726963555584.000000 4.739057064 -0.339606464 4.391581059 0.002772635 0.098386519 0.013208674 0.995056748
1403636727013555456.000000 4.738639355 -0.352479964 4.375828743 0.003069143 0.097475410 0.011205550 0.995170176
1403636727063555584.000000 4.740971088 -0.370673388 4.356090069 0.002847458 0.096992791 0.008533194 0.995244503
1403636727113555456.000000 4.744343281 -0.380987197 4.342132568 0.002565655 0.096474431 0.006302342 0.995312214
1403636727163555584.000000 4.744458675 -0.394811273 4.323343754 0.001408455 0.096674055 0.003263476 0.995309830
1403636727213555456.000000 4.746136189 -0.406429589 4.306637764 0.000548659 0.096911974 0.000145553 0.995292842
1403636727263555584.000000 4.749089241 -0.416443855 4.290829659 -0.000236238 0.097201511 -0.002499292 0.995261610
1403636727313555456.000000 4.748728752 -0.424940705 4.272512913 -0.001119800 0.097910270 -0.005191744 0.995181143
1403636727363555584.000000 4.749787331 -0.432463199 4.256390572 -0.002947913 0.097914420 -0.006415860 0.995169818
1403636727413555456.000000 4.749505043 -0.437408119 4.240991116 -0.003203428 0.098048806 -0.007248666 0.995150089
1403636727463555584.000000 4.744524479 -0.443764061 4.226635933 -0.003194573 0.098583303 -0.008477128 0.995087624
1403636727513555456.000000 4.743283272 -0.449933618 4.210621834 -0.001517727 0.097859830 -0.006444844 0.995178223
1403636727563555584.000000 4.739039421 -0.455328584 4.194229126 0.000288466 0.096598431 -0.002877253 0.995319247
1403636727613555456.000000 4.735397816 -0.465590179 4.177785873 0.001825862 0.096224733 -0.001586199 0.995356739
1403636727663555584.000000 4.730306149 -0.475743860 4.157423973 0.002215185 0.095469691 0.000513432 0.995429754
1403636727713555456.000000 4.725675583 -0.484982282 4.138186932 0.000695449 0.095660470 0.000293192 0.995413721
1403636727763555584.000000 4.718782425 -0.500563323 4.118800640 -0.000286297 0.095998175 -0.000689224 0.995381236
1403636727813555456.000000 4.713460445 -0.513343751 4.095971107 -0.000978393 0.096211478 -0.002509209 0.995357335
1403636727863555584.000000 4.703304768 -0.528122365 4.078681946 -0.002076124 0.098407783 -0.007229492 0.995117784
1403636727913555456.000000 4.697704315 -0.541699588 4.061785698 -0.002222398 0.099973373 -0.011798587 0.994917750
1403636727963555584.000000 4.686514854 -0.553571820 4.042292118 -0.002358261 0.100581758 -0.012948856 0.994841754
1403636728013555456.000000 4.678333759 -0.565349460 4.019211292 -0.002598366 0.100151099 -0.011647254 0.994900703
1403636728063555584.000000 4.666589737 -0.578634739 4.002506256 -0.002872176 0.099719487 -0.009886748 0.994962335
1403636728113555456.000000 4.657247543 -0.590600491 3.981711864 -0.001350201 0.098461188 -0.006194570 0.995120764
1403636728163555584.000000 4.640405178 -0.593248129 3.969379902 0.000292586 0.098652773 -0.004709506 0.995110750
1403636728213555456.000000 4.628454208 -0.601651430 3.949631691 0.001347881 0.098011479 -0.002901217 0.995180130
1403636728263555584.000000 4.615866661 -0.609324515 3.931302309 0.001785737 0.097627208 -0.001526307 0.995220363
1403636728313555456.000000 4.601858139 -0.612014771 3.912521124 0.001640386 0.097291574 0.000037375 0.995254576
1403636728363555584.000000 4.589345932 -0.610416055 3.898541927 0.001472310 0.097488888 0.000021738 0.995235562
1403636728413555456.000000 4.573649883 -0.609817863 3.883823156 0.001256194 0.096121944 0.003998424 0.995360792
1403636728463555584.000000 4.560444832 -0.610887110 3.867136717 0.002022597 0.094043210 0.010313224 0.995512664
1403636728513555456.000000 4.545441151 -0.608036637 3.850200415 0.002074563 0.091747828 0.017661950 0.995623529
1403636728563555584.000000 4.532484055 -0.605023742 3.833212376 0.001780395 0.089891486 0.021008138 0.995728433
1403636728613555456.000000 4.521541595 -0.601208448 3.818163395 0.002160102 0.087419666 0.022664618 0.995911419
1403636728663555584.000000 4.503554821 -0.592378378 3.806758881 0.001460074 0.085970551 0.018105412 0.996132135
1403636728713555456.000000 4.490715504 -0.591478348 3.786739111 0.001117446 0.083088242 0.011470620 0.996475577
1403636728763555584.000000 4.482750416 -0.586998880 3.767620325 0.000511127 0.077979818 0.004744017 0.996943533
1403636728813555456.000000 4.467280865 -0.584493101 3.747007847 -0.000052866 0.072438255 -0.001948903 0.997371018
1403636728863555584.000000 4.450851917 -0.582290947 3.728032112 0.000098854 0.066470042 -0.007125454 0.997762978
1403636728913555456.000000 4.442455769 -0.583401859 3.707671165 0.001306377 0.060274575 -0.011915226 0.998109877
1403636728963555584.000000 4.431735992 -0.582119167 3.688822985 0.002321035 0.054687813 -0.014354954 0.998397648
1403636729013555456.000000 4.415101528 -0.582292318 3.666527987 0.003565582 0.049793594 -0.017248180 0.998604238
1403636729063555584.000000 4.403690815 -0.581019104 3.650018930 0.005154941 0.045384143 -0.019758595 0.998760879
1403636729113555456.000000 4.388351917 -0.578229070 3.632240295 0.006050678 0.041670181 -0.020969907 0.998893082
1403636729163555584.000000 4.374225140 -0.571860075 3.607401133 0.005785895 0.038654141 -0.022787865 0.998976052
1403636729213555456.000000 4.361820698 -0.567137241 3.582859278 0.003591715 0.036015518 -0.023362963 0.999071717
1403636729263555584.000000 4.348128319 -0.560598314 3.565903425 0.002588333 0.033295956 -0.021701377 0.999206603
1403636729313555456.000000 4.333009243 -0.550669909 3.547408342 0.002309140 0.031950828 -0.022178754 0.999240696
1403636729363555584.000000 4.319601536 -0.540244102 3.525970697 0.002315506 0.030448901 -0.021417357 0.999304235
1403636729413555456.000000 4.303774357 -0.530345678 3.507032871 0.003200798 0.029920122 -0.021977866 0.999305606
1403636729463555584.000000 4.291633129 -0.524449408 3.482058764 0.003300386 0.029265404 -0.022084834 0.999322295
1403636729513555456.000000 4.273215771 -0.516561747 3.462176085 0.003311150 0.028972087 -0.022194939 0.999328315
1403636729563555584.000000 4.259008884 -0.510468900 3.436809778 0.002808791 0.028293135 -0.021581136 0.999362767
1403636729613555456.000000 4.243062019 -0.509267390 3.413377285 0.001769641 0.028023131 -0.021957610 0.999364555
1403636729663555584.000000 4.225466251 -0.503616631 3.392912388 0.001342856 0.028108764 -0.021529034 0.999372125
1403636729713555456.000000 4.210618973 -0.503481269 3.366150856 0.001641107 0.027502809 -0.020153197 0.999417245
1403636729763555584.000000 4.198768616 -0.506466746 3.335525036 -0.000455343 0.027766965 -0.020320734 0.999407768
1403636729813555456.000000 4.179714203 -0.501046062 3.312812328 -0.002212786 0.028221318 -0.019995760 0.999399304
1403636729863555584.000000 4.163519382 -0.499935210 3.285282373 -0.005090241 0.028648056 -0.020300819 0.999370515
1403636729913555456.000000 4.145240784 -0.496059150 3.260931253 -0.006927685 0.028546980 -0.018224405 0.999402344
1403636729963555584.000000 4.132281780 -0.488349557 3.234060526 -0.008471443 0.028869210 -0.019078270 0.999365211
1403636730013555456.000000 4.116479397 -0.483456433 3.210575581 -0.010132215 0.028699609 -0.018099578 0.999372840
1403636730063555584.000000 4.100985050 -0.474955976 3.186359644 -0.010997887 0.028307205 -0.017941495 0.999377728
1403636730113555456.000000 4.082388878 -0.466349512 3.165555477 -0.011568989 0.028044591 -0.017849172 0.999380350
1403636730163555584.000000 4.066026211 -0.457746208 3.143161535 -0.011394248 0.027642790 -0.016702510 0.999413431
1403636730213555456.000000 4.049283504 -0.446113676 3.121038914 -0.012459668 0.027739108 -0.017548282 0.999383509
1403636730263555584.000000 4.035996914 -0.436992466 3.101239681 -0.012655448 0.027296787 -0.017867276 0.999387622
1403636730313555456.000000 4.018778324 -0.426813573 3.078374147 -0.012107046 0.026490606 -0.015988603 0.999447942
1403636730363555584.000000 4.003349781 -0.415303349 3.059767246 -0.012604072 0.026093634 -0.016040158 0.999451399
1403636730413555456.000000 3.984712124 -0.402141094 3.041729450 -0.013887101 0.026293039 -0.016742090 0.999417663
1403636730463555584.000000 3.970962048 -0.389929086 3.019620180 -0.017417094 0.025538146 -0.016250663 0.999390006
1403636730513555456.000000 3.955375910 -0.381764859 3.005453825 -0.021452552 0.025956087 -0.017570708 0.999278486
1403636730563555584.000000 3.939008236 -0.374099135 2.983662605 -0.025715012 0.025404304 -0.016852148 0.999204397
1403636730613555456.000000 3.925799847 -0.368252814 2.964656830 -0.028530307 0.024925170 -0.016117262 0.999152184
1403636730663555584.000000 3.908946753 -0.365966439 2.948046207 -0.030029386 0.024852704 -0.015451079 0.999120593
1403636730713555456.000000 3.896023512 -0.368215293 2.926881552 -0.031154457 0.024242057 -0.015294334 0.999103546
1403636730763555584.000000 3.876600504 -0.369589627 2.914907932 -0.032344602 0.024856791 -0.016157996 0.999037027
1403636730813555456.000000 3.866778851 -0.371486783 2.897475958 -0.032301191 0.024253689 -0.016033040 0.999055207
1403636730863555584.000000 3.846689939 -0.375851274 2.886302471 -0.033046771 0.024037452 -0.014364965 0.999061465
1403636730913555456.000000 3.834113359 -0.384605646 2.866066933 -0.033946820 0.022829089 -0.010550039 0.999107242
1403636730963555584.000000 3.819607019 -0.389284611 2.857309103 -0.032353312 0.021304831 -0.005153989 0.999236107
1403636731013555456.000000 3.806640863 -0.395861715 2.843115330 -0.030997166 0.019852111 -0.000003133 0.999322355
1403636731063555584.000000 3.790913343 -0.403964698 2.837604523 -0.025683319 0.018098786 0.006813718 0.999483109
1403636731113555456.000000 3.777334929 -0.411843449 2.831701994 -0.019348726 0.017540175 0.010636718 0.999602318
1403636731163555584.000000 3.768534660 -0.414569885 2.820574284 -0.014094754 0.017161733 0.012427575 0.999676168
1403636731213555456.000000 3.761528254 -0.411450773 2.810492277 -0.009643097 0.017942945 0.011283692 0.999728918
1403636731263555584.000000 3.754295588 -0.411469460 2.810466051 -0.006176850 0.019683529 0.007336371 0.999760330
1403636731313555456.000000 3.745996714 -0.413398713 2.806770086 -0.004556895 0.022231342 0.002100757 0.999740303
1403636731363555584.000000 3.737277031 -0.410094112 2.805051327 -0.003755243 0.024124913 -0.002029192 0.999699831
1403636731413555456.000000 3.734445333 -0.403334886 2.794303894 -0.004576105 0.025847852 -0.006925561 0.999631464
1403636731463555584.000000 3.733901739 -0.402724028 2.787507057 -0.003896756 0.026239529 -0.008057806 0.999615669
1403636731513555456.000000 3.727608681 -0.400038958 2.785296679 -0.005061619 0.026071401 -0.007190884 0.999621451
1403636731563555584.000000 3.723670244 -0.392358720 2.776466846 -0.005409386 0.024371283 -0.002947566 0.999683976
1403636731613555456.000000 3.717944860 -0.387805551 2.774403572 -0.005286671 0.023680191 -0.000159824 0.999705672
1403636731663555584.000000 3.716927528 -0.383115023 2.767292500 -0.005644015 0.022604689 0.002579151 0.999725282
1403636731713555456.000000 3.717888832 -0.372175723 2.765048027 -0.005321813 0.022790546 0.002078821 0.999723971
1403636731763555584.000000 3.716934681 -0.364401311 2.759059906 -0.005890345 0.023915581 -0.000865698 0.999696255
1403636731813555456.000000 3.715914965 -0.355463535 2.753793716 -0.006121779 0.024558850 -0.002991044 0.999675214
1403636731863555584.000000 3.715281487 -0.345492572 2.749817371 -0.006154896 0.025181657 -0.005622973 0.999648154
1403636731913555456.000000 3.714663267 -0.328839779 2.748112440 -0.005555122 0.025360821 -0.007425681 0.999635398
1403636731963555584.000000 3.715437651 -0.315893441 2.743721724 -0.004681576 0.025245061 -0.007702094 0.999640703
1403636732013555456.000000 3.719090700 -0.305707127 2.741187096 -0.004666144 0.025031239 -0.008688997 0.999638021
1403636732063555584.000000 3.719130278 -0.287703156 2.739372730 -0.002929530 0.025160996 -0.009379338 0.999635160
1403636732113555456.000000 3.725288391 -0.273190558 2.730926037 -0.002711072 0.024277832 -0.008409608 0.999666214
1403636732163555584.000000 3.729537487 -0.258676082 2.724305630 -0.002886914 0.024155751 -0.009927469 0.999654770
1403636732213555456.000000 3.726758957 -0.244335935 2.728799343 -0.001428995 0.024371235 -0.010728196 0.999644458
1403636732263555584.000000 3.728577852 -0.224705875 2.726146221 -0.000148788 0.024609983 -0.012393793 0.999620318
1403636732313555456.000000 3.733908892 -0.213579431 2.716267586 0.000649077 0.023725729 -0.011649271 0.999650419
1403636732363555584.000000 3.735459328 -0.206417024 2.712042809 -0.000150950 0.024471080 -0.014166136 0.999600172
1403636732413555456.000000 3.735960484 -0.193850651 2.711135387 0.001729080 0.026188407 -0.018572336 0.999483049
1403636732463555584.000000 3.738599777 -0.185224175 2.705724716 0.004198724 0.028600357 -0.026089637 0.999241650
1403636732513555456.000000 3.742914915 -0.179177359 2.692640543 0.007209104 0.030947905 -0.034372672 0.998903811
1403636732563555584.000000 3.741716862 -0.178592294 2.683364868 0.009890318 0.032878265 -0.040683884 0.998582065
1403636732613555456.000000 3.743913412 -0.173959613 2.676673174 0.013220131 0.034182172 -0.045753270 0.998280227
1403636732663555584.000000 3.740480185 -0.171803012 2.664730310 0.015679393 0.033576682 -0.045612112 0.998271644
1403636732713555456.000000 3.735704184 -0.171715707 2.650344133 0.017502246 0.031816032 -0.041746173 0.998468220
1403636732763555584.000000 3.730314732 -0.169615179 2.632629633 0.017924910 0.029795187 -0.037035096 0.998708844
1403636732813555456.000000 3.722263336 -0.170691699 2.614174366 0.018794738 0.027655715 -0.032122731 0.998924494
1403636732863555584.000000 3.714173555 -0.171405405 2.595243931 0.018809175 0.026859663 -0.030223316 0.999005198
1403636732913555456.000000 3.706068754 -0.170915812 2.576295614 0.017678352 0.026157405 -0.029237404 0.999073803
1403636732963555584.000000 3.697929144 -0.167641461 2.555947065 0.015474411 0.025474096 -0.028075457 0.999161363
1403636733013555456.000000 3.686687231 -0.160193458 2.538153172 0.012704595 0.025115995 -0.027593512 0.999222934
1403636733063555584.000000 3.678462982 -0.156105250 2.512928247 0.009740717 0.024777109 -0.027806768 0.999258757
1403636733113555456.000000 3.667217731 -0.147625372 2.491146088 0.005971385 0.024456885 -0.027295562 0.999310374
1403636733163555584.000000 3.654180765 -0.147873744 2.469171047 0.005355228 0.025436973 -0.030293385 0.999203026
1403636733213555456.000000 3.644934654 -0.144168139 2.443574190 0.004214123 0.024986083 -0.030374464 0.999217451
1403636733263555584.000000 3.633142471 -0.144587204 2.416957140 0.003304754 0.024696210 -0.031458884 0.999194443
1403636733313555456.000000 3.619558811 -0.148264989 2.389916658 0.002475843 0.023697501 -0.029949801 0.999267399
1403636733363555584.000000 3.604519129 -0.151308060 2.362872839 0.000337623 0.022641102 -0.028182752 0.999346316
1403636733413555456.000000 3.586565733 -0.155003175 2.334776163 -0.002211654 0.021788446 -0.026664130 0.999404550
1403636733463555584.000000 3.571748018 -0.156297937 2.307399750 -0.003822312 0.020866258 -0.023780262 0.999492109
1403636733513555456.000000 3.556530476 -0.160879314 2.280500412 -0.005959624 0.020546671 -0.023437476 0.999496400
1403636733563555584.000000 3.541305780 -0.167055950 2.250281096 -0.007678077 0.020191954 -0.022757987 0.999507606
1403636733613555456.000000 3.527574062 -0.166061774 2.224007607 -0.008731588 0.020095808 -0.023511684 0.999483466
1403636733663555584.000000 3.510895014 -0.169725060 2.199242830 -0.010020676 0.019676710 -0.021991450 0.999514282
1403636733713555456.000000 3.494004488 -0.176175877 2.167917252 -0.011701259 0.019509265 -0.022364559 0.999491036
1403636733763555584.000000 3.478069305 -0.174081758 2.145150423 -0.011977659 0.019564755 -0.023133382 0.999469161
1403636733813555456.000000 3.462507248 -0.169685215 2.120331526 -0.013814979 0.019262498 -0.022410734 0.999467850
1403636733863555584.000000 3.445835114 -0.165576860 2.095892668 -0.014690849 0.019146875 -0.022432514 0.999457061
1403636733913555456.000000 3.432246208 -0.162727565 2.072330713 -0.013801686 0.019587228 -0.024461512 0.999413610
1403636733963555584.000000 3.416376114 -0.156463683 2.054071903 -0.011458183 0.020707548 -0.027646294 0.999337673
1403636734013555456.000000 3.399733782 -0.152015433 2.034931421 -0.008390448 0.021173757 -0.028835516 0.999324679
1403636734063555584.000000 3.387782574 -0.143590078 2.010211229 -0.005741250 0.021447241 -0.028911229 0.999335468
1403636734113555456.000000 3.373974562 -0.136205152 1.985064030 -0.003548653 0.021281950 -0.027131598 0.999399066
1403636734163555584.000000 3.353299618 -0.127880201 1.967235923 -0.002836519 0.021767566 -0.026736764 0.999401510
1403636734213555456.000000 3.337420225 -0.130054981 1.939677119 -0.003026854 0.020854423 -0.025286151 0.999458134
1403636734263555584.000000 3.321208000 -0.121892601 1.917638183 -0.001860372 0.019738644 -0.023988327 0.999515653
1403636734313555456.000000 3.312811375 -0.121852219 1.892872572 -0.002989925 0.018345838 -0.022455344 0.999575019
1403636734363555584.000000 3.293501854 -0.122002721 1.867486835 -0.004553946 0.017688308 -0.021475270 0.999602556
1403636734413555456.000000 3.274111032 -0.122854948 1.841659188 -0.006047120 0.016874159 -0.020234328 0.999634564
1403636734463555584.000000 3.254620552 -0.124428578 1.813919544 -0.007828264 0.016477792 -0.020124096 0.999631047
1403636734513555456.000000 3.236304045 -0.130238816 1.790490270 -0.009701334 0.015748601 -0.019779569 0.999633253
1403636734563555584.000000 3.219830513 -0.130246222 1.763806105 -0.011873761 0.015143603 -0.019443424 0.999625862
1403636734613555456.000000 3.202589989 -0.128436089 1.738316655 -0.013775728 0.014420362 -0.019277541 0.999615252
1403636734663555584.000000 3.182634115 -0.128771484 1.716182113 -0.015868042 0.014445303 -0.020044290 0.999568820
1403636734713555456.000000 3.168088436 -0.123175301 1.692641020 -0.016365448 0.013952824 -0.020959483 0.999549091
1403636734763555584.000000 3.152752876 -0.122140877 1.669813514 -0.016368730 0.013533829 -0.022408759 0.999523282
1403636734813555456.000000 3.133500576 -0.114702672 1.650479794 -0.017381229 0.013122921 -0.022379562 0.999512315
1403636734863555584.000000 3.115441084 -0.110928059 1.630388856 -0.017859312 0.012531622 -0.022645922 0.999505520
1403636734913555456.000000 3.099381685 -0.102655984 1.612694860 -0.018071296 0.011630670 -0.022182059 0.999522984
1403636734963555584.000000 3.088058710 -0.089875676 1.591204166 -0.017739179 0.010818301 -0.021099906 0.999561489
1403636735013555456.000000 3.067330837 -0.085116699 1.573976278 -0.018103253 0.011249495 -0.022676092 0.999515653
1403636735063555584.000000 3.053460598 -0.073881567 1.560763121 -0.017251750 0.010759625 -0.021857634 0.999554336
1403636735113555456.000000 3.034939528 -0.064330101 1.542753339 -0.017110674 0.010799027 -0.021115143 0.999572337
1403636735163555584.000000 3.021957636 -0.055136994 1.521412492 -0.017188113 0.010203086 -0.019670429 0.999606729
1403636735213555456.000000 3.002732754 -0.051495314 1.508049369 -0.018503983 0.010503700 -0.018881125 0.999595344
1403636735263555584.000000 2.991886854 -0.045587834 1.491167545 -0.019621804 0.010224603 -0.017034592 0.999610066
1403636735313555456.000000 2.975039005 -0.041644990 1.477070332 -0.020973444 0.010689771 -0.015867431 0.999596953
1403636735363555584.000000 2.959866762 -0.040470533 1.459397912 -0.021849813 0.011219095 -0.014008889 0.999600172
1403636735413555456.000000 2.942856073 -0.044092007 1.446109891 -0.020482445 0.012549732 -0.014007380 0.999613345
1403636735463555584.000000 2.928182364 -0.052370537 1.432731271 -0.019603429 0.013794282 -0.012601281 0.999633312
1403636735513555456.000000 2.917017221 -0.059311979 1.412083507 -0.018564718 0.015628165 -0.012753535 0.999624193
1403636735563555584.000000 2.903018951 -0.068621390 1.399436593 -0.016940549 0.017550688 -0.012833775 0.999620140
1403636735613555456.000000 2.888247013 -0.080687709 1.384512305 -0.015931463 0.019439630 -0.013306764 0.999595523
1403636735663555584.000000 2.878317356 -0.088372819 1.373039246 -0.015307970 0.021251736 -0.013297081 0.999568582
1403636735713555456.000000 2.865935802 -0.098527379 1.359971046 -0.016195327 0.022381157 -0.012338624 0.999542177
1403636735763555584.000000 2.854553938 -0.105241455 1.343978882 -0.016510952 0.023865415 -0.013283169 0.999490559
1403636735813555456.000000 2.841933727 -0.111737080 1.333615422 -0.016323540 0.024584744 -0.012163451 0.999490499
1403636735863555584.000000 2.828267097 -0.116522007 1.325816631 -0.015693922 0.025424128 -0.012386670 0.999476850
1403636735913555456.000000 2.818491220 -0.120558701 1.312870383 -0.015163414 0.025446070 -0.012312619 0.999485373
1403636735963555584.000000 2.803419113 -0.127732247 1.305257559 -0.015097679 0.026037421 -0.012961280 0.999462903
1403636736013555456.000000 2.796488523 -0.128208071 1.294914365 -0.014017348 0.024588864 -0.014180747 0.999498844
1403636736063555584.000000 2.779931068 -0.135374784 1.291551948 -0.013495744 0.022068832 -0.015861142 0.999539554
1403636736113555456.000000 2.771050930 -0.143691927 1.275019646 -0.011335219 0.017155459 -0.016639221 0.999650180
1403636736163555584.000000 2.758693457 -0.150971860 1.266086221 -0.009427195 0.011319380 -0.018895552 0.999712944
1403636736213555456.000000 2.742995024 -0.166598931 1.253938317 -0.008030346 0.005048864 -0.020587282 0.999743044
1403636736263555584.000000 2.735653400 -0.171465874 1.240295649 -0.006841762 -0.001066224 -0.022537528 0.999722064
1403636736313555456.000000 2.723943233 -0.186732531 1.233351588 -0.006773100 -0.006048665 -0.025200099 0.999641180
1403636736363555584.000000 2.715616941 -0.193046689 1.224830985 -0.006373358 -0.010526951 -0.028280102 0.999524295
1403636736413555456.000000 2.704427242 -0.200799972 1.215184689 -0.006451981 -0.014270626 -0.029970545 0.999428093
1403636736463555584.000000 2.690459728 -0.211280838 1.211432457 -0.006341606 -0.016253328 -0.035168633 0.999229133
1403636736513555456.000000 2.683923483 -0.211348057 1.200555563 -0.005167759 -0.017868029 -0.040448096 0.999008596
1403636736563555584.000000 2.679502726 -0.211488560 1.186868668 -0.004167748 -0.019461503 -0.044899642 0.998793244
1403636736613555456.000000 2.667088032 -0.214320377 1.178831935 -0.003739622 -0.019979227 -0.049010284 0.998591483
1403636736663555584.000000 2.651388407 -0.214797422 1.176320553 -0.002895505 -0.021016011 -0.050365824 0.998505533
1403636736713555456.000000 2.641566515 -0.213449046 1.164477706 -0.002107345 -0.021946149 -0.051787462 0.998414755
1403636736763555584.000000 2.626448154 -0.210289776 1.159006715 -0.002777816 -0.022513766 -0.052757658 0.998349726
1403636736813555456.000000 2.618904591 -0.206400722 1.144238234 -0.001689733 -0.023603823 -0.053759512 0.998273492
1403636736863555584.000000 2.598938227 -0.205871150 1.144693732 -0.001740555 -0.024585309 -0.052961506 0.998292327
1403636736913555456.000000 2.586766720 -0.200058162 1.133605480 -0.002646725 -0.025498986 -0.053812265 0.998221934
1403636736963555584.000000 2.573861599 -0.193084568 1.123043537 -0.002444166 -0.027319046 -0.052102417 0.998265028
1403636737013555456.000000 2.554318905 -0.184725657 1.113689899 -0.002707886 -0.029698342 -0.048223611 0.998391330
1403636737063555584.000000 2.533483744 -0.182475418 1.104489803 -0.002980882 -0.031859782 -0.045781631 0.998438835
1403636737113555456.000000 2.520074368 -0.176321059 1.096959829 -0.002550822 -0.034782205 -0.041862216 0.998514533
1403636737163555584.000000 2.502761126 -0.167899728 1.091278315 -0.002976190 -0.036635119 -0.041075815 0.998479784
1403636737213555456.000000 2.480049133 -0.158937365 1.085101843 -0.003316584 -0.038044661 -0.040290598 0.998457968
1403636737263555584.000000 2.466760874 -0.152381346 1.073336601 -0.004497434 -0.040502466 -0.038041014 0.998444974
1403636737313555456.000000 2.445238829 -0.141139507 1.063391805 -0.006472361 -0.041206308 -0.039032023 0.998367012
1403636737363555584.000000 2.431437016 -0.128247857 1.053930044 -0.008067450 -0.042977039 -0.037904244 0.998324215
1403636737413555456.000000 2.412189960 -0.125814661 1.042108536 -0.010875949 -0.043992266 -0.039177671 0.998204172
1403636737463555584.000000 2.394879818 -0.119449347 1.030596614 -0.013283755 -0.045082398 -0.039536744 0.998112261
1403636737513555456.000000 2.380184650 -0.115739629 1.018873692 -0.015069178 -0.045735624 -0.040804595 0.998006105
1403636737563555584.000000 2.362088442 -0.112010524 1.007733464 -0.015944906 -0.046973005 -0.039394066 0.997991681
1403636737613555456.000000 2.340368986 -0.111025698 0.997864008 -0.017074151 -0.047712717 -0.037197825 0.998022258
1403636737663555584.000000 2.326292276 -0.114664383 0.986949980 -0.018860620 -0.049563866 -0.033671856 0.998025060
1403636737713555456.000000 2.312594414 -0.116107091 0.974650621 -0.020283340 -0.050865270 -0.030791234 0.998024702
1403636737763555584.000000 2.301053762 -0.119628042 0.962263227 -0.020966476 -0.051995836 -0.028230568 0.998028040
1403636737813555456.000000 2.284824848 -0.125477895 0.951523066 -0.021760801 -0.052556004 -0.025728779 0.998049319
1403636737863555584.000000 2.273558140 -0.135274768 0.941252887 -0.022030389 -0.052945502 -0.024220584 0.998060584
1403636737913555456.000000 2.257875204 -0.144956261 0.931963146 -0.022160759 -0.052706383 -0.023496384 0.998087645
1403636737963555584.000000 2.248840332 -0.158817142 0.918612599 -0.021865772 -0.052746795 -0.023097122 0.998101354
1403636738013555456.000000 2.236705542 -0.176117390 0.912683785 -0.021598661 -0.051821593 -0.023119070 0.998155057
1403636738063555584.000000 2.226868153 -0.188762441 0.902942657 -0.021611353 -0.050850369 -0.023693109 0.998191357
1403636738113555456.000000 2.219146013 -0.207050338 0.893721938 -0.020312276 -0.049160779 -0.026654532 0.998228490
1403636738163555584.000000 2.208570480 -0.224120930 0.890357435 -0.019191263 -0.047863819 -0.027484521 0.998291254
1403636738213555456.000000 2.202914000 -0.237931594 0.879625440 -0.017878370 -0.046676889 -0.029059116 0.998327255
1403636738263555584.000000 2.194651842 -0.250836045 0.875732481 -0.017748972 -0.045713600 -0.028888710 0.998379111
1403636738313555456.000000 2.188198328 -0.263927072 0.873356938 -0.017953731 -0.044590656 -0.029485906 0.998408735
1403636738363555584.000000 2.179994345 -0.274032682 0.866160631 -0.018250899 -0.043462716 -0.029114388 0.998463929
1403636738413555456.000000 2.178227186 -0.280159891 0.862179995 -0.018410210 -0.042972881 -0.028675815 0.998494983
1403636738463555584.000000 2.171553373 -0.288881421 0.858769238 -0.019008694 -0.040858597 -0.028696030 0.998571932
1403636738513555456.000000 2.168740988 -0.292873681 0.856413603 -0.019976310 -0.037602842 -0.027142584 0.998724341
1403636738563555584.000000 2.163200140 -0.297221243 0.856035292 -0.021494443 -0.032628551 -0.025185160 0.998919010
1403636738613555456.000000 2.160117149 -0.301038533 0.856878161 -0.023386143 -0.026739536 -0.021851296 0.999129951
1403636738663555584.000000 2.159026623 -0.302574605 0.858787179 -0.023666216 -0.019129813 -0.018941306 0.999357402
1403636738713555456.000000 2.155940056 -0.303760171 0.859443069 -0.022862682 -0.010542051 -0.014446288 0.999578714
1403636738763555584.000000 2.156403780 -0.306607783 0.864882410 -0.020241106 -0.000958486 -0.009986109 0.999744833
1403636738813555456.000000 2.163156509 -0.299218148 0.865615726 -0.016839981 0.008731147 -0.003838538 0.999812782
1403636738863555584.000000 2.165521383 -0.296705306 0.870194614 -0.013437047 0.019284094 0.002761874 0.999719977
1403636738913555456.000000 2.166146278 -0.290456414 0.874596238 -0.011325235 0.030913170 0.008970160 0.999417722
1403636738963555584.000000 2.172287464 -0.284566313 0.879271686 -0.009753831 0.042199675 0.016505769 0.998925269
1403636739013555456.000000 2.173217297 -0.279858083 0.881355107 -0.008008876 0.054545365 0.024608927 0.998175919
1403636739063555584.000000 2.181996107 -0.272373408 0.886216819 -0.007394394 0.067031831 0.032066282 0.997207999
1403636739113555456.000000 2.189892054 -0.261240155 0.895073771 -0.006607809 0.081308201 0.036259707 0.996007323
1403636739163555584.000000 2.201680183 -0.251625091 0.902144670 -0.007218879 0.096260555 0.036996752 0.994642198
1403636739213555456.000000 2.206732035 -0.242409021 0.914693892 -0.006726294 0.112187862 0.038136926 0.992932141
1403636739263555584.000000 2.219774723 -0.223413244 0.918739200 -0.006481550 0.128109992 0.038859840 0.990977168
1403636739313555456.000000 2.232836723 -0.209928095 0.935319185 -0.006236325 0.143853053 0.038905617 0.988814354
1403636739363555584.000000 2.246207476 -0.204394400 0.936041832 -0.007289039 0.159811258 0.036915891 0.986430228
1403636739413555456.000000 2.257304907 -0.189493954 0.943070114 -0.007550427 0.174307868 0.037701413 0.983940244
1403636739463555584.000000 2.274002075 -0.177551210 0.945989430 -0.007594866 0.187955290 0.038980868 0.981374443
1403636739513555456.000000 2.288464069 -0.171239033 0.946200371 -0.008112734 0.200135887 0.043025196 0.978789449
1403636739563555584.000000 2.303164244 -0.163871288 0.950519443 -0.006418040 0.210229203 0.048366159 0.976433992
1403636739613555456.000000 2.311985731 -0.161563098 0.953188777 -0.005990007 0.218769789 0.053401403 0.974295795
1403636739663555584.000000 2.325383186 -0.157643318 0.953638971 -0.006926473 0.226041377 0.056080066 0.972477436
1403636739713555456.000000 2.339176655 -0.155830219 0.956378102 -0.006030741 0.231402829 0.058413438 0.971084058
1403636739763555584.000000 2.343009949 -0.150725245 0.964220285 -0.005178114 0.235160276 0.063056998 0.969895184
1403636739813555456.000000 2.358218670 -0.148564219 0.963460386 -0.004646781 0.237504363 0.065710127 0.969150305
1403636739863555584.000000 2.370912790 -0.140233517 0.969328165 -0.004789720 0.239536047 0.067351237 0.968536794
1403636739913555456.000000 2.378150463 -0.141855448 0.965106964 -0.005194809 0.241059586 0.067712940 0.968131423
1403636739963555584.000000 2.393039227 -0.127177685 0.968989253 -0.004729327 0.241752535 0.067957804 0.967943788
1403636740013555456.000000 2.403743982 -0.118339218 0.971694052 -0.005565421 0.242257714 0.066940747 0.967883885
1403636740063555584.000000 2.415221691 -0.108058520 0.973688006 -0.006333228 0.242337182 0.065321892 0.967969894
1403636740113555456.000000 2.425537825 -0.096749648 0.976817667 -0.006306649 0.242729187 0.062095370 0.968084216
1403636740163555584.000000 2.437360287 -0.084605880 0.979117393 -0.007048899 0.243103653 0.057874490 0.968246639
1403636740213555456.000000 2.449244261 -0.072979711 0.982885003 -0.007101239 0.243395254 0.053336650 0.968433619
1403636740263555584.000000 2.457990885 -0.058487177 0.987125456 -0.007582299 0.243397966 0.049617495 0.968626976
1403636740313555456.000000 2.470708132 -0.046521824 0.990541399 -0.005744502 0.241986945 0.049814600 0.968982875
1403636740363555584.000000 2.479971170 -0.031116422 0.995093465 -0.004617222 0.239778653 0.051193982 0.969465911
1403636740413555456.000000 2.489556789 -0.018609162 0.999101639 -0.003348211 0.237492040 0.054290961 0.969865382
1403636740463555584.000000 2.496464491 -0.001124684 1.004514456 -0.003332513 0.235733464 0.056365781 0.970176101
1403636740513555456.000000 2.504513502 0.017087582 1.011128187 -0.000692133 0.233763888 0.058159973 0.970552146
1403636740563555584.000000 2.513077974 0.030429807 1.017496228 -0.000188012 0.232782215 0.058003169 0.970797658
1403636740613555456.000000 2.520766973 0.046271410 1.020351529 0.000312818 0.231512323 0.057713863 0.971118450
1403636740663555584.000000 2.529998779 0.059008885 1.019336462 -0.000511468 0.229764894 0.059521925 0.971424282
1403636740713555456.000000 2.537753105 0.069439940 1.024046898 -0.002675119 0.228597298 0.060727436 0.971621513
1403636740763555584.000000 2.544991970 0.083675213 1.025453448 -0.005099540 0.227801532 0.059952963 0.971846819
1403636740813555456.000000 2.553646326 0.095845997 1.024403334 -0.005435232 0.226708770 0.060288832 0.972079635
1403636740863555584.000000 2.559890032 0.107373700 1.027638197 -0.004535121 0.226119667 0.060216345 0.972226024
1403636740913555456.000000 2.566818237 0.122253112 1.030948162 -0.003646691 0.226645559 0.056849826 0.972309947
1403636740963555584.000000 2.577845573 0.137124911 1.031140089 -0.002367225 0.227735773 0.051891241 0.972336471
1403636741013555456.000000 2.586948395 0.153336525 1.033185363 -0.002748256 0.229771078 0.044380862 0.972228408
1403636741063555584.000000 2.596682310 0.173297718 1.036027789 -0.002092755 0.232676819 0.038059689 0.971806943
1403636741113555456.000000 2.605082273 0.195232823 1.038682461 -0.000609645 0.235429898 0.036344659 0.971211314
1403636741163555584.000000 2.611734152 0.215706795 1.040737271 0.001208368 0.238916472 0.037687458 0.970307767
1403636741213555456.000000 2.617948055 0.233792678 1.042437196 0.003090520 0.241660967 0.042801742 0.969411433
1403636741263555584.000000 2.622815609 0.257153094 1.046928048 0.004649695 0.243483454 0.049437210 0.968633175
1403636741313555456.000000 2.626372814 0.283110261 1.049224377 0.004774463 0.244619668 0.055495612 0.968017936
1403636741363555584.000000 2.627126455 0.309967577 1.054213285 0.001613159 0.245898172 0.061580952 0.967336237
1403636741413555456.000000 2.631098509 0.333264172 1.058191299 -0.001925195 0.247356385 0.065513358 0.966705382
1403636741463555584.000000 2.632272243 0.355428845 1.057385325 -0.006109051 0.248950094 0.068187267 0.966093779
1403636741513555456.000000 2.633903503 0.380053520 1.058695316 -0.013264733 0.250160962 0.070561133 0.965538621
1403636741563555584.000000 2.637867212 0.400329828 1.059138060 -0.016368115 0.249652639 0.076387353 0.965179086
1403636741613555456.000000 2.637995005 0.416119576 1.060262561 -0.020673499 0.251531303 0.074497193 0.964756370
1403636741663555584.000000 2.637857676 0.428899437 1.062413692 -0.022795690 0.252357662 0.074426569 0.964498162
1403636741713555456.000000 2.643847466 0.442348450 1.061246276 -0.022385387 0.252809882 0.073699407 0.964445174
1403636741763555584.000000 2.657332420 0.458341867 1.061432004 -0.020046035 0.252798557 0.071854509 0.964638889
1403636741813555456.000000 2.660688400 0.467575163 1.057669640 -0.018146658 0.253143996 0.069137737 0.964784384
1403636741863555584.000000 2.668000221 0.478243232 1.062548161 -0.015724450 0.253464550 0.065322824 0.965008557
1403636741913555456.000000 2.674877882 0.492564082 1.064322710 -0.014733996 0.253491968 0.061358675 0.965277135
1403636741963555584.000000 2.680279493 0.506958127 1.068153143 -0.014343079 0.253947645 0.055838570 0.965498328
1403636742013555456.000000 2.684447527 0.520493865 1.070621729 -0.016496368 0.254024208 0.051534276 0.965683103
1403636742063555584.000000 2.688085318 0.539137244 1.075897932 -0.019346407 0.252673358 0.049954019 0.966067553
1403636742113555456.000000 2.695124149 0.554101467 1.077751756 -0.023987120 0.250247210 0.051484879 0.966514468
1403636742163555584.000000 2.693246365 0.566186905 1.085506916 -0.026984153 0.248098001 0.054167911 0.966842830
1403636742213555456.000000 2.697213411 0.576630235 1.091761589 -0.028097888 0.245947927 0.056422729 0.967231452
1403636742263555584.000000 2.707346678 0.584868550 1.092039108 -0.027885158 0.242597520 0.060502186 0.967836976
1403636742313555456.000000 2.709548235 0.592954755 1.104809046 -0.025204539 0.240791664 0.061061755 0.968326211
1403636742363555584.000000 2.709827423 0.596089721 1.111341476 -0.021000190 0.239727169 0.061893806 0.968637705
1403636742413555456.000000 2.718779325 0.599169910 1.113268852 -0.016628921 0.238081947 0.061238751 0.969169974
1403636742463555584.000000 2.725643873 0.600961864 1.118909836 -0.013699380 0.237049162 0.060821876 0.969495118
1403636742513555456.000000 2.730560780 0.600110948 1.125465274 -0.011836670 0.236116901 0.060207095 0.969785511
1403636742563555584.000000 2.734824657 0.602197170 1.131975651 -0.010706937 0.235364020 0.059748322 0.970010042
1403636742613555456.000000 2.740597963 0.599412739 1.140944004 -0.008812442 0.234971195 0.058831524 0.970180273
1403636742663555584.000000 2.744014978 0.601370037 1.146695375 -0.006112791 0.234763473 0.057886250 0.970308185
1403636742713555456.000000 2.750110865 0.599145532 1.152508497 -0.003626327 0.233869404 0.057702079 0.970547557
1403636742763555584.000000 2.760803699 0.606296480 1.159840584 -0.001467363 0.232951179 0.057183139 0.970804691
1403636742813555456.000000 2.763321161 0.612491488 1.169216871 -0.000114276 0.232664868 0.056744423 0.970900238
1403636742863555584.000000 2.767918110 0.621429265 1.177343726 0.001544568 0.231623828 0.057382990 0.971110284
1403636742913555456.000000 2.774334908 0.632316232 1.183778167 0.002156640 0.230710223 0.057656355 0.971310496
1403636742963555584.000000 2.778493881 0.642259002 1.192241788 0.002211070 0.231439680 0.058367483 0.971094251
1403636743013555456.000000 2.784910440 0.657691598 1.201852918 0.000150511 0.233338803 0.059515331 0.970572531
1403636743063555584.000000 2.790376186 0.671898007 1.210191488 -0.005431576 0.235821247 0.062565625 0.969765127
1403636743113555456.000000 2.793219090 0.689924717 1.219114900 -0.013629341 0.238438413 0.066856034 0.968757808
1403636743163555584.000000 2.802368402 0.705352008 1.227373600 -0.024711341 0.240184233 0.071178026 0.967798829
1403636743213555456.000000 2.807380915 0.722903609 1.237297058 -0.032687940 0.242244035 0.073928587 0.966842294
1403636743263555584.000000 2.816781044 0.736313879 1.245172262 -0.041425940 0.244326100 0.075455040 0.965865076
1403636743313555456.000000 2.823244810 0.743924856 1.254418015 -0.045053944 0.245710671 0.077899449 0.965157032
1403636743363555584.000000 2.831315994 0.750368774 1.265340328 -0.046676476 0.246689111 0.080357857 0.964628637
1403636743413555456.000000 2.843300819 0.754893601 1.276283026 -0.046482112 0.247400254 0.081728838 0.964340746
1403636743463555584.000000 2.856662273 0.758997858 1.291098475 -0.042560790 0.248273432 0.081415519 0.964323878
1403636743513555456.000000 2.871456146 0.765357316 1.305719614 -0.038770869 0.249338776 0.080795489 0.964260936
1403636743563555584.000000 2.883268833 0.766851783 1.324318647 -0.034001276 0.250573158 0.078977630 0.964271545
1403636743613555456.000000 2.900978565 0.769798934 1.340790033 -0.029640030 0.251628339 0.075677924 0.964405239
1403636743663555584.000000 2.914767742 0.776618183 1.360944867 -0.026303047 0.252868503 0.072530858 0.964419484
1403636743713555456.000000 2.929898977 0.782995284 1.381307364 -0.021809217 0.254153967 0.069253281 0.964434624
1403636743763555584.000000 2.949843407 0.790404618 1.401809692 -0.016768405 0.256702304 0.066713572 0.964039505
1403636743813555456.000000 2.964347839 0.799320221 1.424117088 -0.013796455 0.259762615 0.067317709 0.963224471
1403636743863555584.000000 2.984125376 0.807280123 1.448035240 -0.009940729 0.262129635 0.070377566 0.962411761
1403636743913555456.000000 2.999544621 0.822614670 1.469993114 -0.006784271 0.265768915 0.069365017 0.961514115
1403636743963555584.000000 3.014440298 0.832921982 1.493425965 -0.004426655 0.268676043 0.068111934 0.960809290
1403636744013555456.000000 3.033981323 0.849932969 1.518610954 -0.002812648 0.270516187 0.068932436 0.960240304
1403636744063555584.000000 3.049167871 0.866549850 1.542153120 -0.001716447 0.274455994 0.067994922 0.959191203
1403636744113555456.000000 3.064134359 0.884556055 1.567523122 -0.000867458 0.278647542 0.068866201 0.957920790
1403636744163555584.000000 3.081008434 0.903338075 1.592481017 0.000158006 0.282701850 0.070111670 0.956642091
1403636744213555456.000000 3.092963219 0.922778845 1.615167141 0.002151395 0.285691381 0.072731584 0.955555320
1403636744263555584.000000 3.107934475 0.943531990 1.642267823 0.004797309 0.287897378 0.075873733 0.954638898
1403636744313555456.000000 3.119857550 0.968551874 1.667255521 0.005712281 0.289921731 0.077889077 0.953858554
1403636744363555584.000000 3.132444382 0.990970612 1.690798044 0.006459676 0.290789127 0.081660621 0.953274131
1403636744413555456.000000 3.146583319 1.013694763 1.716446638 0.007664213 0.290953189 0.085475199 0.952880681
1403636744463555584.000000 3.159170389 1.040088415 1.741101980 0.008603066 0.290431529 0.089019157 0.952707291
1403636744513555456.000000 3.168242455 1.069701672 1.762023330 0.010601581 0.288601696 0.094222985 0.952742755
1403636744563555584.000000 3.186491489 1.101918936 1.787264705 0.013085767 0.287721217 0.095852755 0.952815652
1403636744613555456.000000 3.197657108 1.129055858 1.809537768 0.015089263 0.286603481 0.098102510 0.952893794
1403636744663555584.000000 3.212970972 1.163108230 1.833369851 0.017107630 0.285920233 0.098771952 0.952995896
1403636744713555456.000000 3.223927021 1.195849299 1.857067347 0.018463036 0.287125796 0.095222600 0.952969432
1403636744763555584.000000 3.240319014 1.230724931 1.877743483 0.017881118 0.288787484 0.090249732 0.952962339
1403636744813555456.000000 3.258643866 1.265603900 1.892305136 0.016610228 0.289757222 0.086565383 0.953032732
1403636744863555584.000000 3.271457672 1.293381572 1.909328222 0.013340394 0.291050375 0.083173059 0.952992201
1403636744913555456.000000 3.284686565 1.326353192 1.927668810 0.008861242 0.291760534 0.080858342 0.953026414
1403636744963555584.000000 3.299565554 1.356083155 1.938937187 0.005616192 0.291060090 0.079932600 0.953343213
1403636745013555456.000000 3.313688517 1.382101655 1.955394506 0.001226816 0.289856941 0.080793746 0.953652978
1403636745063555584.000000 3.326500416 1.407723188 1.964485168 -0.002548566 0.288456410 0.080437161 0.954105020
1403636745113555456.000000 3.338302612 1.427216172 1.978678942 -0.007482599 0.286752403 0.080813847 0.954560757
1403636745163555584.000000 3.350726604 1.446579695 1.989815474 -0.008657748 0.283972889 0.083343178 0.955164075
1403636745213555456.000000 3.366169930 1.464537978 1.999783278 -0.009873794 0.282099515 0.081356756 0.955878437
1403636745263555584.000000 3.379386663 1.485241532 2.010879278 -0.010891061 0.279952258 0.080216736 0.956594765
1403636745313555456.000000 3.394278526 1.496909022 2.017704487 -0.010566108 0.277877271 0.078193553 0.957370520
1403636745363555584.000000 3.409246922 1.511950731 2.028857708 -0.006534897 0.276156366 0.075200722 0.958143950
1403636745413555456.000000 3.420215130 1.528166413 2.043652058 -0.001394067 0.275594682 0.072335243 0.958547533
1403636745463555584.000000 3.435169458 1.535215020 2.050081730 0.002056692 0.275224060 0.069311194 0.958876193
1403636745513555456.000000 3.447965622 1.544615507 2.063064337 0.005416448 0.275330693 0.069055565 0.958850920
1403636745563555584.000000 3.461399555 1.546876192 2.069145679 0.006666366 0.275884092 0.068766117 0.958704770
1403636745613555456.000000 3.472192526 1.550550699 2.074590683 0.007914447 0.277563572 0.069586478 0.958151162
1403636745663555584.000000 3.483597517 1.550258040 2.082877636 0.008337345 0.279940277 0.069742873 0.957444489
1403636745713555456.000000 3.493361950 1.550621748 2.091724634 0.008897619 0.282886356 0.069797352 0.956569135
1403636745763555584.000000 3.503832340 1.555000901 2.095666170 0.008502020 0.286343336 0.068745509 0.955619931
1403636745813555456.000000 3.514319181 1.553121924 2.095841885 0.007005036 0.289287865 0.068539277 0.954759598
1403636745863555584.000000 3.522077084 1.546777606 2.098436356 0.005870340 0.293425798 0.067325212 0.953590214
1403636745913555456.000000 3.531985998 1.543840051 2.106425285 0.005762673 0.297314793 0.066590063 0.952437162
1403636745963555584.000000 3.536142111 1.538862944 2.104625463 0.004735454 0.301674038 0.064429902 0.951219797
1403636746013555456.000000 3.543769121 1.530781507 2.108495712 0.003409135 0.305711150 0.063172728 0.950020194
1403636746063555584.000000 3.545698643 1.520596623 2.107443333 0.001934225 0.309247434 0.061235204 0.949006140
1403636746113555456.000000 3.546978235 1.510818720 2.105949640 -0.000082435 0.312479883 0.060269713 0.948010564
1403636746163555584.000000 3.547046661 1.492336631 2.105890274 -0.000084332 0.314988911 0.059688210 0.947216630
1403636746213555456.000000 3.550564766 1.479780436 2.107610941 0.001673504 0.316690654 0.059235092 0.946676075
1403636746263555584.000000 3.545790911 1.465225935 2.109518528 0.006073221 0.318395108 0.058563918 0.946127892
1403636746313555456.000000 3.541693687 1.448006272 2.109083891 0.014379873 0.319958150 0.056494895 0.945636511
1403636746363555584.000000 3.535530567 1.432661772 2.108928204 0.020508882 0.320634186 0.056538887 0.945291758
1403636746413555456.000000 3.532159328 1.422374845 2.112623692 0.023559596 0.320868075 0.056169800 0.945163310
1403636746463555584.000000 3.521167755 1.413571596 2.110990047 0.022156937 0.319395870 0.060071412 0.945455909
1403636746513555456.000000 3.509169102 1.407472968 2.113749743 0.017438989 0.317927957 0.063555934 0.945821583
1403636746563555584.000000 3.493152857 1.402446985 2.116543055 0.009384078 0.315259308 0.069354512 0.946421444
1403636746613555456.000000 3.481760979 1.400092125 2.117332935 -0.000926195 0.311872184 0.075185500 0.947144210
1403636746663555584.000000 3.469127655 1.399851322 2.124242544 -0.011266743 0.307978153 0.081723228 0.947810054
1403636746713555456.000000 3.453946352 1.398466229 2.121150255 -0.019904081 0.303192288 0.090305664 0.948432028
1403636746763555584.000000 3.438997746 1.397016883 2.125104666 -0.025098654 0.299190074 0.096890293 0.948929727
1403636746813555456.000000 3.429914236 1.397408247 2.133403063 -0.025973717 0.295598745 0.102448232 0.949447811
1403636746863555584.000000 3.418973923 1.397434711 2.138649940 -0.025275283 0.292956561 0.106066935 0.949888170
1403636746913555456.000000 3.408393145 1.398281693 2.146672726 -0.023272377 0.291209817 0.107647635 0.950298548
1403636746963555584.000000 3.401603460 1.395189166 2.155535221 -0.022173101 0.290262163 0.106327556 0.950763285
1403636747013555456.000000 3.396696091 1.392247915 2.160199642 -0.019863417 0.289582372 0.105331242 0.951132417
1403636747063555584.000000 3.391283989 1.384537220 2.167140722 -0.017430088 0.291006863 0.098815426 0.951444626
1403636747113555456.000000 3.389185429 1.376676798 2.171561718 -0.014707886 0.292980880 0.091920234 0.951575875
1403636747163555584.000000 3.388973713 1.369227052 2.177891493 -0.010814243 0.294269919 0.087529369 0.951644301
1403636747213555456.000000 3.389100313 1.357527852 2.183000088 -0.008828607 0.296320885 0.081198633 0.951589584
1403636747263555584.000000 3.386397839 1.343370795 2.189402580 -0.006843274 0.298253298 0.076978810 0.951352954
1403636747313555456.000000 3.381503105 1.325241446 2.197235584 -0.006743723 0.300035924 0.074115887 0.951020420
1403636747363555584.000000 3.378752708 1.307881832 2.201718569 -0.006081792 0.300935566 0.072959632 0.950830042
1403636747413555456.000000 3.373599052 1.293965220 2.205678940 -0.005115921 0.302120805 0.072211705 0.950516939
1403636747463555584.000000 3.372505903 1.276651025 2.212049961 -0.005379659 0.303483337 0.072057463 0.950093031
1403636747513555456.000000 3.366379023 1.264616847 2.220810652 -0.006034184 0.304488569 0.073573336 0.949651182
1403636747563555584.000000 3.362795115 1.250961900 2.228429794 -0.007310010 0.305158943 0.074393682 0.949363053
1403636747613555456.000000 3.358538866 1.238175631 2.236002684 -0.008032569 0.305606663 0.076458581 0.949049115
1403636747663555584.000000 3.353428841 1.226998687 2.246818066 -0.008681422 0.306803942 0.076943554 0.948617816
1403636747713555456.000000 3.348468065 1.210036755 2.252929688 -0.009074125 0.307734162 0.077792786 0.948243499
1403636747763555584.000000 3.341021061 1.195729017 2.264149666 -0.009516363 0.309303522 0.078413405 0.947677255
1403636747813555456.000000 3.335399151 1.177029133 2.270518303 -0.009683000 0.310086697 0.079181753 0.947355747
1403636747863555584.000000 3.329571486 1.157148600 2.278455019 -0.008335497 0.310707778 0.080721423 0.947035015
1403636747913555456.000000 3.320593119 1.133899570 2.287391663 -0.005731787 0.309870541 0.087500684 0.946726561
1403636747963555584.000000 3.315237522 1.106546402 2.295383453 -0.000802689 0.308588415 0.095214136 0.946417868
1403636748013555456.000000 3.309883595 1.079694390 2.304083586 0.002144189 0.307218224 0.102888517 0.946058333
1403636748063555584.000000 3.304912567 1.058848858 2.314041615 0.004503841 0.306652606 0.108496957 0.945606947
1403636748113555456.000000 3.297517776 1.038886070 2.319825172 0.004624509 0.306871325 0.111184098 0.945223153
1403636748163555584.000000 3.294187307 1.023617864 2.329010010 0.005065185 0.306658775 0.114687018 0.944871247
1403636748213555456.000000 3.291803837 1.007629156 2.334721088 0.003665996 0.307741761 0.113775410 0.944635808
1403636748263555584.000000 3.290454865 0.994296193 2.341413736 0.000972208 0.309860229 0.108375400 0.944584846
1403636748313555456.000000 3.290924788 0.983604312 2.346680403 -0.001657305 0.312388301 0.101583578 0.944506049
1403636748363555584.000000 3.290789366 0.970248222 2.359302282 -0.004844137 0.315312952 0.093463026 0.944361687
1403636748413555456.000000 3.290996075 0.959789634 2.365747929 -0.006733741 0.317316085 0.086512983 0.944341421
1403636748463555584.000000 3.291467428 0.950255573 2.374696493 -0.006374911 0.318064302 0.083494395 0.944363952
1403636748513555456.000000 3.289956570 0.938023448 2.378703594 -0.006212271 0.318943769 0.080143251 0.944358706
1403636748563555584.000000 3.292213678 0.921691477 2.390428305 -0.006007039 0.319026172 0.079776205 0.944363356
1403636748613555456.000000 3.291247606 0.905299366 2.395072460 -0.003829159 0.318074912 0.083335504 0.944388151
1403636748663555584.000000 3.291300774 0.885954797 2.398063660 -0.001734476 0.316939056 0.087078325 0.944438517
1403636748713555456.000000 3.288852215 0.868662775 2.407862425 0.000648091 0.315844119 0.091978736 0.944342196
1403636748763555584.000000 3.290312529 0.852116048 2.417248726 0.002523224 0.314659268 0.096557997 0.944277406
1403636748813555456.000000 3.289497852 0.835936904 2.424944878 0.003855355 0.314293921 0.100094594 0.944026291
1403636748863555584.000000 3.289862633 0.819762230 2.426637888 0.004996152 0.314364284 0.102552339 0.943733633
1403636748913555456.000000 3.291512012 0.805892229 2.428000212 0.006344314 0.314809740 0.105316058 0.943272591
1403636748963555584.000000 3.292274714 0.795190275 2.440042973 0.007103751 0.316274077 0.106611706 0.942631602
1403636749013555456.000000 3.295199633 0.783173561 2.445752859 0.007705283 0.317459971 0.107818201 0.942090809
1403636749063555584.000000 3.298163414 0.771241903 2.450952291 0.008934354 0.317683369 0.111311518 0.941598237
1403636749113555456.000000 3.301753998 0.760756135 2.455294609 0.010967707 0.317618191 0.115446575 0.941100717
1403636749163555584.000000 3.306260109 0.753379047 2.457512617 0.012300930 0.318122923 0.117117837 0.940707207
1403636749213555456.000000 3.314572096 0.745155871 2.461059093 0.011964596 0.319562346 0.116149448 0.940343678
1403636749263555584.000000 3.319064617 0.735359967 2.463389635 0.010619660 0.322982788 0.110375769 0.939886510
1403636749313555456.000000 3.325571775 0.725426435 2.460829020 0.009526657 0.325867027 0.104734361 0.939548194
1403636749363555584.000000 3.335628510 0.713398635 2.461584568 0.007480172 0.328142345 0.099854127 0.939306080
1403636749413555456.000000 3.341299295 0.699168682 2.460027218 0.006123033 0.330167115 0.095774420 0.939031184
1403636749463555584.000000 3.349196911 0.686386108 2.454421043 0.004942548 0.331971794 0.091212235 0.938856065
1403636749513555456.000000 3.359047413 0.670719743 2.447038889 0.003432830 0.333076984 0.087684259 0.938807428
1403636749563555584.000000 3.368082523 0.652846932 2.443696976 0.000821157 0.334362924 0.082654938 0.938812494
1403636749613555456.000000 3.370497704 0.639564514 2.443331480 0.000286615 0.335854709 0.078005455 0.938678205
1403636749663555584.000000 3.376174450 0.627452791 2.444088697 0.000049236 0.335819930 0.076661654 0.938801348
1403636749713555456.000000 3.382274151 0.613947928 2.436712503 0.001298180 0.334768921 0.076851308 0.939160347
1403636749763555584.000000 3.384605646 0.603209078 2.436951637 0.004432758 0.334041536 0.076760612 0.939417124
1403636749813555456.000000 3.388484955 0.592470527 2.435509682 0.008691000 0.333010465 0.076278433 0.939792633
1403636749863555584.000000 3.389494896 0.581706166 2.435463428 0.013748885 0.331808269 0.076909497 0.940105975
1403636749913555456.000000 3.391286850 0.575475812 2.433712006 0.017031357 0.330553740 0.076369449 0.940538168
1403636749963555584.000000 3.390667677 0.572093904 2.433472633 0.020347798 0.329202533 0.075871795 0.940986276
1403636750013555456.000000 3.391124010 0.566708803 2.431550503 0.021775616 0.327412397 0.075340435 0.941621363
1403636750063555584.000000 3.389658213 0.563864410 2.430792093 0.022450134 0.325798005 0.075454168 0.942156255
1403636750113555456.000000 3.386583567 0.562093496 2.427633047 0.021042772 0.324088424 0.075947709 0.942738473
1403636750163555584.000000 3.383184910 0.560061097 2.425335646 0.018954514 0.322599947 0.076453328 0.943252325
1403636750213555456.000000 3.380267620 0.556927025 2.420501709 0.017489536 0.320757240 0.077504501 0.943823099
1403636750263555584.000000 3.373249292 0.552554011 2.411837578 0.014021901 0.319400847 0.077269703 0.944360077
1403636750313555456.000000 3.368180513 0.545725226 2.406916618 0.011766725 0.317463785 0.078437492 0.944947541
1403636750363555584.000000 3.360413313 0.537317038 2.397128344 0.008640374 0.316129655 0.077833675 0.945478380
1403636750413555456.000000 3.352831841 0.525235057 2.388850689 0.007448912 0.314143836 0.079661205 0.945998073
1403636750463555584.000000 3.344487190 0.512463570 2.377856016 0.005856474 0.312707514 0.078639038 0.946570516
1403636750513555456.000000 3.333592415 0.497878373 2.364352465 0.006102820 0.310976148 0.077909790 0.947199464
1403636750563555584.000000 3.326730013 0.482611895 2.352988720 0.005293834 0.309258580 0.076862834 0.947851956
1403636750613555456.000000 3.317647219 0.462856531 2.338769197 0.004509709 0.307491273 0.076871105 0.948430121
1403636750663555584.000000 3.308223486 0.445047766 2.326912403 0.003955737 0.306767106 0.074623264 0.948846579
1403636750713555456.000000 3.298229933 0.422952116 2.310199738 0.002892416 0.305422157 0.074172214 0.949319541
1403636750763555584.000000 3.286140919 0.397977680 2.296148777 0.001501757 0.304372340 0.074224867 0.949655712
1403636750813555456.000000 3.278893232 0.375537336 2.279499054 0.000521386 0.303526402 0.073426642 0.949989498
1403636750863555584.000000 3.265591383 0.347300172 2.266460180 -0.000366702 0.303003132 0.072869606 0.950199544
1403636750913555456.000000 3.256009579 0.319256574 2.246843338 -0.002775603 0.302898824 0.071484715 0.950333893
1403636750963555584.000000 3.246219397 0.294510067 2.230673552 -0.004034131 0.302985191 0.070095964 0.950405359
1403636751013555456.000000 3.230533361 0.265809536 2.216810226 -0.006009785 0.303694010 0.069040887 0.950245917
1403636751063555584.000000 3.220627546 0.240553528 2.200870991 -0.006297696 0.303834975 0.069025479 0.950200140
1403636751113555456.000000 3.212056637 0.215970099 2.186869144 -0.006617391 0.303665727 0.069976114 0.950182498
1403636751163555584.000000 3.196375132 0.194041908 2.175586462 -0.008843800 0.303879857 0.071581110 0.949976325
1403636751213555456.000000 3.181781054 0.179633796 2.165387154 -0.013226476 0.304575443 0.071946658 0.949675024
1403636751263555584.000000 3.169029474 0.155275658 2.153788567 -0.017762454 0.304234743 0.074796714 0.949490011
1403636751313555456.000000 3.155600548 0.134102240 2.143091679 -0.019599583 0.303994417 0.077677451 0.949299455
1403636751363555584.000000 3.146985531 0.115258291 2.132788181 -0.018786833 0.303008676 0.082039334 0.949264109
1403636751413555456.000000 3.134019375 0.094437785 2.124249220 -0.015341114 0.302619636 0.085691817 0.949127436
1403636751463555584.000000 3.121846199 0.073000960 2.117109299 -0.010974809 0.301805377 0.090339608 0.949016273
1403636751513555456.000000 3.109552860 0.047265381 2.111131191 -0.006842035 0.300604105 0.093228340 0.949156940
1403636751563555584.000000 3.102240086 0.027318761 2.102136374 -0.002308435 0.298046082 0.094992183 0.949810326
1403636751613555456.000000 3.089716196 0.008650556 2.095500469 -0.000327479 0.294835210 0.096862175 0.950626075
1403636751663555584.000000 3.082892418 -0.010867223 2.083148718 0.000089429 0.291256905 0.098314583 0.951579630
1403636751713555456.000000 3.071475983 -0.028501555 2.080356121 -0.002642109 0.288373083 0.099239193 0.952357948
1403636751763555584.000000 3.068723202 -0.049481586 2.068985939 -0.007105374 0.285018861 0.100779854 0.953182697
1403636751813555456.000000 3.063567638 -0.061960831 2.059315205 -0.011318600 0.282018393 0.102189854 0.953884125
1403636751863555584.000000 3.058470964 -0.080077261 2.051485062 -0.017222496 0.281056464 0.099950895 0.954316854
1403636751913555456.000000 3.056362629 -0.093114182 2.044990778 -0.020738194 0.280789733 0.095475428 0.954783499
1403636751963555584.000000 3.052123308 -0.107891291 2.037696362 -0.023879776 0.280885786 0.090534329 0.955163121
1403636752013555456.000000 3.054301500 -0.120965004 2.030422211 -0.025787372 0.281230211 0.086492568 0.955386639
1403636752063555584.000000 3.057231665 -0.140874580 2.025192261 -0.025895625 0.281414717 0.083524734 0.955593407
1403636752113555456.000000 3.057586908 -0.155398056 2.022006035 -0.024133177 0.281651855 0.081165284 0.955772996
1403636752163555584.000000 3.058354378 -0.172845304 2.014282703 -0.019920170 0.280755013 0.078380518 0.956366241
1403636752213555456.000000 3.063763142 -0.188610524 2.013014317 -0.015049708 0.278713077 0.075310938 0.957298756
1403636752263555584.000000 3.067574501 -0.200370058 2.010380507 -0.010265266 0.274797201 0.073003478 0.958671868
1403636752313555456.000000 3.066426754 -0.221973270 2.007775784 -0.004957968 0.270054698 0.069983393 0.960285485
1403636752363555584.000000 3.069468498 -0.238390654 2.004279613 -0.000179673 0.263918281 0.066942900 0.962219179
1403636752413555456.000000 3.075696230 -0.257226884 1.999188423 0.002308131 0.256274730 0.064022854 0.964478612
1403636752463555584.000000 3.076624870 -0.275320888 1.993519306 0.002757400 0.247511327 0.061204210 0.966946065
1403636752513555456.000000 3.075130939 -0.298833311 1.988200665 0.002590898 0.238496900 0.057174161 0.969455361
1403636752563555584.000000 3.079222679 -0.318573713 1.981627584 0.001000947 0.228660196 0.053654548 0.972026110
1403636752613555456.000000 3.076652527 -0.336920321 1.972536922 -0.000501598 0.218651459 0.049695484 0.974536717
1403636752663555584.000000 3.078052521 -0.349496931 1.969829559 -0.002921601 0.208463088 0.045945134 0.976946115
1403636752713555456.000000 3.074755192 -0.369182795 1.963940382 -0.003814505 0.198023841 0.042238340 0.979279339
1403636752763555584.000000 3.073907614 -0.383275390 1.961955070 -0.004768483 0.187259898 0.038746163 0.981534362
1403636752813555456.000000 3.076299667 -0.394995242 1.956247568 -0.005858855 0.176785469 0.033132948 0.983674169
1403636752863555584.000000 3.070974588 -0.404175043 1.952974081 -0.007497549 0.165890291 0.028272847 0.985710323
1403636752913555456.000000 3.072620153 -0.415109396 1.942805171 -0.007169942 0.155399457 0.021085702 0.987600684
1403636752963555584.000000 3.068211555 -0.422681332 1.942789197 -0.007968191 0.145030484 0.013813207 0.989298701
1403636753013555456.000000 3.069435835 -0.431328177 1.927780509 -0.008975241 0.133716732 0.007006696 0.990954220
1403636753063555584.000000 3.065474987 -0.429565400 1.932699323 -0.009728742 0.122572750 0.000365605 0.992411792
1403636753113555456.000000 3.065170527 -0.433350325 1.928473592 -0.010205332 0.110490493 -0.005271146 0.993810833
1403636753163555584.000000 3.063597918 -0.433678150 1.923588872 -0.010742212 0.098142110 -0.010533102 0.995058715
1403636753213555456.000000 3.055484056 -0.430535436 1.926126122 -0.010902479 0.086141333 -0.016425734 0.996087849
1403636753263555584.000000 3.052722692 -0.430975020 1.930453300 -0.011535240 0.074187659 -0.023558404 0.996899247
1403636753313555456.000000 3.045254230 -0.424681157 1.928145409 -0.011242116 0.062756345 -0.031557381 0.997466505
1403636753363555584.000000 3.043381691 -0.423368335 1.931557894 -0.010011171 0.051307816 -0.036054246 0.997981668
1403636753413555456.000000 3.034783125 -0.419839174 1.929790616 -0.008817126 0.041282989 -0.037988942 0.998386145
1403636753463555584.000000 3.028678179 -0.417270184 1.929322243 -0.008014841 0.031787854 -0.036883388 0.998781741
1403636753513555456.000000 3.017031670 -0.415293396 1.932557940 -0.007335151 0.024508774 -0.035442270 0.999044240
1403636753563555584.000000 3.009225607 -0.418514937 1.925366402 -0.007086799 0.017847246 -0.033351112 0.999259233
1403636753613555456.000000 2.997833014 -0.420749485 1.932171345 -0.005371754 0.013674366 -0.032014571 0.999379456
1403636753663555584.000000 2.985878706 -0.423238695 1.930542111 -0.004889091 0.010807215 -0.031117130 0.999445379
1403636753713555456.000000 2.975032568 -0.428233981 1.926559806 -0.005080274 0.008840081 -0.029991992 0.999498188
1403636753763555584.000000 2.966540098 -0.429738581 1.920692682 -0.003766902 0.008000975 -0.030003976 0.999510646
1403636753813555456.000000 2.951637030 -0.430929661 1.928160310 -0.003179986 0.008375169 -0.030914856 0.999481916
1403636753863555584.000000 2.945750713 -0.430523723 1.920435786 -0.002481664 0.008647456 -0.030927213 0.999481142
1403636753913555456.000000 2.927897692 -0.428370118 1.926802397 -0.002784189 0.009573923 -0.029604442 0.999511957
1403636753963555584.000000 2.920910120 -0.426357508 1.918864846 -0.002336046 0.010260623 -0.029544694 0.999508083
1403636754013555456.000000 2.911424398 -0.420992911 1.921118379 -0.001520034 0.011754135 -0.029495563 0.999494672
1403636754063555584.000000 2.895399570 -0.423025042 1.920581460 0.001397292 0.013227763 -0.029010616 0.999490619
1403636754113555456.000000 2.879769325 -0.422214866 1.917688966 0.004871287 0.014460166 -0.028633922 0.999473512
1403636754163555584.000000 2.872789860 -0.425134689 1.912421227 0.007485374 0.015691722 -0.028531022 0.999441743
1403636754213555456.000000 2.858472347 -0.432399452 1.907355905 0.009474060 0.017741378 -0.030010799 0.999347210
1403636754263555584.000000 2.843726397 -0.436827421 1.901984692 0.010358252 0.019553801 -0.030961210 0.999275625
1403636754313555456.000000 2.826299667 -0.439911842 1.894905925 0.010655735 0.021475689 -0.031345405 0.999221087
1403636754363555584.000000 2.811560631 -0.445904940 1.885126233 0.010566437 0.022586208 -0.032779232 0.999151528
1403636754413555456.000000 2.798474789 -0.449840039 1.872940063 0.010752401 0.021656727 -0.032337002 0.999184549
1403636754463555584.000000 2.781342745 -0.457852364 1.859381199 0.010168126 0.019657252 -0.032863893 0.999214828
1403636754513555456.000000 2.761963844 -0.462077737 1.847003102 0.009338993 0.017089551 -0.034060519 0.999230027
1403636754563555584.000000 2.741173029 -0.465970308 1.835062861 0.007365222 0.013664022 -0.036884032 0.999199033
1403636754613555456.000000 2.720876694 -0.466859579 1.820932746 0.005541100 0.008677221 -0.039509974 0.999166191
1403636754663555584.000000 2.698531866 -0.467887282 1.809836626 0.005007697 0.002231520 -0.042016432 0.999101937
1403636754713555456.000000 2.675983667 -0.464174539 1.792032361 0.004070332 -0.005409660 -0.043432061 0.999033511
1403636754763555584.000000 2.651938200 -0.466033310 1.777916551 0.003886363 -0.013629885 -0.046036046 0.998839200
1403636754813555456.000000 2.628606796 -0.461174875 1.766010761 0.003720146 -0.021394422 -0.048977260 0.998563826
1403636754863555584.000000 2.608825445 -0.456660688 1.747039199 0.003455897 -0.029172134 -0.050128352 0.998310685
1403636754913555456.000000 2.585377216 -0.447439253 1.736270428 0.004310485 -0.034959625 -0.052654479 0.997991383
1403636754963555584.000000 2.562641382 -0.441026509 1.724672914 0.003568081 -0.040677998 -0.053358771 0.997740209
1403636755013555456.000000 2.540232658 -0.432174504 1.707531095 0.003223076 -0.044895478 -0.056728456 0.997374535
1403636755063555584.000000 2.512784958 -0.420072883 1.697006822 0.003684170 -0.048644241 -0.056335941 0.997219384
1403636755113555456.000000 2.490524292 -0.413433492 1.678029656 0.003019309 -0.051894430 -0.057766315 0.996975899
1403636755163555584.000000 2.466307163 -0.407207668 1.658286691 0.002134475 -0.054736499 -0.057634007 0.996833861
1403636755213555456.000000 2.440560102 -0.402717173 1.638685703 0.001600707 -0.056799021 -0.057699855 0.996715665
1403636755263555584.000000 2.414571285 -0.395315737 1.619683266 -0.000719281 -0.057907771 -0.057511438 0.996663749
1403636755313555456.000000 2.392235994 -0.389234126 1.596585274 -0.005581907 -0.059020370 -0.057591058 0.996578515
1403636755363555584.000000 2.367565393 -0.387022883 1.578148365 -0.011996149 -0.059666097 -0.057488669 0.996489406
1403636755413555456.000000 2.339526176 -0.387828231 1.556656837 -0.017373342 -0.059443187 -0.058432318 0.996368647
1403636755463555584.000000 2.314978123 -0.387437284 1.533326030 -0.020586468 -0.059466120 -0.058031265 0.996329486
1403636755513555456.000000 2.286700964 -0.392383516 1.512413859 -0.021893391 -0.058533221 -0.058977962 0.996301234
1403636755563555584.000000 2.264858484 -0.389222533 1.491354942 -0.021531539 -0.057671193 -0.060085502 0.996293247
1403636755613555456.000000 2.235758066 -0.389068693 1.473626137 -0.019862564 -0.056691516 -0.061006304 0.996328175
1403636755663555584.000000 2.209035397 -0.386741340 1.453942657 -0.018437231 -0.056594297 -0.058964394 0.996484041
1403636755713555456.000000 2.180236101 -0.384812087 1.435312271 -0.017849980 -0.056004349 -0.058444511 0.996558607
1403636755763555584.000000 2.152639866 -0.380251318 1.418816090 -0.016179746 -0.055985365 -0.056727163 0.996687472
1403636755813555456.000000 2.121355772 -0.372248054 1.406052232 -0.013154113 -0.055538066 -0.055411622 0.996831000
1403636755863555584.000000 2.091702223 -0.369019091 1.393418789 -0.011709087 -0.055446211 -0.054289203 0.996915936
1403636755913555456.000000 2.059631824 -0.366806179 1.383259654 -0.009366728 -0.055093661 -0.054229990 0.996963501
1403636755963555584.000000 2.029885054 -0.357341528 1.369299889 -0.008298635 -0.055384479 -0.052559182 0.997046292
1403636756013555456.000000 2.000984907 -0.352131009 1.351265907 -0.007279775 -0.055477407 -0.052175105 0.997069299
1403636756063555584.000000 1.969974160 -0.348381370 1.340965629 -0.006193695 -0.055562899 -0.051402170 0.997111976
1403636756113555456.000000 1.939635634 -0.345109552 1.319921613 -0.005340292 -0.055188984 -0.052794248 0.997064948
1403636756163555584.000000 1.910383224 -0.346537977 1.306373119 -0.004377584 -0.055163223 -0.053640064 0.997025907
1403636756213555456.000000 1.881424665 -0.345167756 1.285878181 -0.002905890 -0.055492762 -0.052642688 0.997066200
1403636756263555584.000000 1.852180123 -0.347214550 1.267909765 -0.002805534 -0.055952609 -0.052328456 0.997057259
1403636756313555456.000000 1.823062062 -0.345261425 1.245732069 -0.002649058 -0.056390394 -0.052326281 0.997033179
1403636756363555584.000000 1.788330913 -0.344019026 1.233113170 -0.002082332 -0.056417830 -0.052965406 0.996999264
1403636756413555456.000000 1.760570884 -0.340111643 1.216936350 -0.001342161 -0.056654423 -0.053643253 0.996950865
1403636756463555584.000000 1.729608893 -0.336807191 1.196524501 -0.001153999 -0.057105523 -0.053557806 0.996929884
1403636756513555456.000000 1.703298330 -0.330369890 1.175172329 -0.001113508 -0.058149975 -0.053459570 0.996874809
1403636756563555584.000000 1.671867967 -0.322310060 1.160166621 -0.000816242 -0.058455344 -0.053469371 0.996856749
1403636756613555456.000000 1.642575502 -0.310135871 1.136201978 -0.000074544 -0.059165142 -0.053277638 0.996825516
1403636756663555584.000000 1.608667135 -0.302604169 1.120390177 0.000061916 -0.059478182 -0.052857243 0.996829212
1403636756713555456.000000 1.578680873 -0.298908830 1.099799871 0.000947109 -0.060163140 -0.052991129 0.996780574
1403636756763555584.000000 1.552356124 -0.286479324 1.081802011 0.002471118 -0.061087299 -0.052691370 0.996737599
1403636756813555456.000000 1.522932410 -0.282470316 1.056186438 0.002770600 -0.062015750 -0.052146435 0.996708214
1403636756863555584.000000 1.490810513 -0.280276567 1.029680848 0.002362447 -0.062571362 -0.052015413 0.996681333
1403636756913555456.000000 1.460823059 -0.276088595 1.010984540 0.002424625 -0.062746927 -0.052526660 0.996643305
1403636756963555584.000000 1.429386258 -0.278050154 0.983404577 0.001634454 -0.063390769 -0.052205127 0.996621132
1403636757013555456.000000 1.396780491 -0.277324587 0.958490849 0.001750183 -0.063474230 -0.052664664 0.996591389
1403636757063555584.000000 1.366312027 -0.278628916 0.931753755 0.000897869 -0.064581096 -0.050838221 0.996616304
1403636757113555456.000000 1.341009855 -0.270776570 0.904302776 0.001829304 -0.064997867 -0.050758593 0.996591985
1403636757163555584.000000 1.306556225 -0.264980257 0.879892230 0.000945118 -0.064901724 -0.050679173 0.996603489
1403636757213555456.000000 1.277943492 -0.259424120 0.852025092 0.001286927 -0.065078840 -0.050207589 0.996615410
1403636757263555584.000000 1.252658367 -0.254288971 0.827766538 0.000869236 -0.065440089 -0.051203620 0.996541560
1403636757313555456.000000 1.222352147 -0.242569253 0.803414643 0.000370710 -0.064518251 -0.054006461 0.996454000
1403636757363555584.000000 1.194342971 -0.231662452 0.778292239 -0.000614484 -0.064983413 -0.053918350 0.996428430
1403636757413555456.000000 1.165380001 -0.218590796 0.749949872 -0.002383312 -0.064596839 -0.055562466 0.996360600
1403636757463555584.000000 1.136965990 -0.204111651 0.726813197 -0.004191683 -0.064127758 -0.057699259 0.996263444
1403636757513555456.000000 1.107676268 -0.191756636 0.700982034 -0.006619218 -0.065264136 -0.060249150 0.996025503
1403636757563555584.000000 1.077788115 -0.184214264 0.671660185 -0.010951041 -0.067615323 -0.062103901 0.995716572
1403636757613555456.000000 1.046211004 -0.176408455 0.643911958 -0.017021524 -0.070801079 -0.064486593 0.995258272
1403636757663555584.000000 1.012311935 -0.168272734 0.621160805 -0.023252217 -0.073789336 -0.066032723 0.994813621
1403636757713555456.000000 0.985128462 -0.162032694 0.588502169 -0.029353399 -0.077932976 -0.067044638 0.994268537
1403636757763555584.000000 0.946620286 -0.159972534 0.567287445 -0.034629311 -0.080908909 -0.067766346 0.993812025
1403636757813555456.000000 0.918755352 -0.158102348 0.538229704 -0.038541861 -0.084671751 -0.068571627 0.993299186
1403636757863555584.000000 0.887166917 -0.161419958 0.512221515 -0.040976387 -0.088069782 -0.068043560 0.992942452
1403636757913555456.000000 0.851552248 -0.166492268 0.487773001 -0.041246455 -0.090659797 -0.068045698 0.992698014
1403636757963555584.000000 0.817724824 -0.173193991 0.467018992 -0.038478550 -0.093734004 -0.066215485 0.992647409
1403636758013555456.000000 0.785152972 -0.182930484 0.440978527 -0.030630231 -0.095983468 -0.065842785 0.992730439
1403636758063555584.000000 0.749381602 -0.189507574 0.425020874 -0.023331961 -0.098064996 -0.064904995 0.992787123
1403636758113555456.000000 0.712018013 -0.195510805 0.407686025 -0.016915830 -0.099643990 -0.063555524 0.992847264
1403636758163555584.000000 0.677432358 -0.202691555 0.386405557 -0.011738864 -0.101004496 -0.062771291 0.992834389
1403636758213555456.000000 0.642604291 -0.205536857 0.371256441 -0.007017816 -0.102266498 -0.061637785 0.992820799
1403636758263555584.000000 0.611629248 -0.206839651 0.354262829 -0.004886888 -0.103452913 -0.060444966 0.992784023
1403636758313555456.000000 0.578042030 -0.206639796 0.336658120 -0.003126221 -0.104162566 -0.058738261 0.992819369
1403636758363555584.000000 0.545357943 -0.204225555 0.320152462 -0.004768219 -0.104627147 -0.058019836 0.992806196
1403636758413555456.000000 0.512338459 -0.194326267 0.300117642 -0.011004210 -0.105283022 -0.055646878 0.992823184
1403636758463555584.000000 0.476884514 -0.193657741 0.284582317 -0.021146776 -0.105738461 -0.052980721 0.992756426
1403636758513555456.000000 0.446678281 -0.182413772 0.269513160 -0.032408506 -0.107506879 -0.047439195 0.992542982
1403636758563555584.000000 0.416267097 -0.174671337 0.255638510 -0.043979838 -0.109131940 -0.041612040 0.992181718
1403636758613555456.000000 0.390695095 -0.165742204 0.248698756 -0.052822366 -0.111117743 -0.036528893 0.991729975
1403636758663555584.000000 0.361774594 -0.160192087 0.240108073 -0.054991633 -0.110969633 -0.035411801 0.991669178
1403636758713555456.000000 0.335800499 -0.155747771 0.230880827 -0.048637420 -0.110417992 -0.035273582 0.992067635
1403636758763555584.000000 0.309929490 -0.149656057 0.226368517 -0.039323915 -0.108676985 -0.038106665 0.992567837
1403636758813555456.000000 0.285904884 -0.144250616 0.221571654 -0.030991446 -0.108403280 -0.038418740 0.992880821
1403636758863555584.000000 0.262146711 -0.140135810 0.218836516 -0.022324350 -0.107416749 -0.041180819 0.993110001
1403636758913555456.000000 0.241041616 -0.132140979 0.218918279 -0.016186099 -0.105525650 -0.046713088 0.993186951
1403636758963555584.000000 0.219596311 -0.127145812 0.215497255 -0.011810249 -0.104770131 -0.048734482 0.993231416
1403636759013555456.000000 0.197839752 -0.116491623 0.216337919 -0.009074922 -0.103966691 -0.050592046 0.993251741
1403636759063555584.000000 0.177757353 -0.110578850 0.216780484 -0.007060372 -0.104997367 -0.048176184 0.993279815
1403636759113555456.000000 0.159275725 -0.102032579 0.217143998 -0.006375558 -0.107826583 -0.040964242 0.993304968
1403636759163555584.000000 0.139805228 -0.095297933 0.212915018 -0.007074182 -0.111696079 -0.030315464 0.993254781
1403636759213555456.000000 0.120726466 -0.087155320 0.209335923 -0.008081888 -0.115095690 -0.019886252 0.993122518
1403636759263555584.000000 0.107198194 -0.076454669 0.210792720 -0.008662956 -0.118223630 -0.011251546 0.992885470
1403636759313555456.000000 0.093767472 -0.063705198 0.212369218 -0.008538668 -0.119229697 -0.009101017 0.992788255
1403636759363555584.000000 0.084126614 -0.051559556 0.211453483 -0.006935576 -0.117380269 -0.015432670 0.992942929
1403636759413555456.000000 0.077405289 -0.037513778 0.210819364 -0.006453219 -0.114757061 -0.023644239 0.993091226
1403636759463555584.000000 0.072371140 -0.022299474 0.212509945 -0.004584499 -0.112315871 -0.031879902 0.993150473
1403636759513555456.000000 0.070819467 -0.006829299 0.214309961 -0.003626993 -0.110227793 -0.039139532 0.993128777
1403636759563555584.000000 0.068702377 0.009670482 0.216666430 -0.002456609 -0.109204657 -0.044736110 0.993009090
1403636759613555456.000000 0.069102027 0.025729811 0.219235823 -0.001336647 -0.108056918 -0.050761551 0.992847025
1403636759663555584.000000 0.066349834 0.037809409 0.218229502 -0.001233567 -0.106958240 -0.054742634 0.992754579
1403636759713555456.000000 0.064133517 0.048167638 0.215147391 -0.001544100 -0.106476866 -0.057546880 0.992647290
1403636759763555584.000000 0.063530751 0.054696336 0.210292891 -0.001117552 -0.107336558 -0.056492880 0.992615819
1403636759813555456.000000 0.062010758 0.059246708 0.205575556 0.000042966 -0.106907636 -0.058249705 0.992561221
1403636759863555584.000000 0.061024964 0.063389957 0.197131410 -0.001068011 -0.106928870 -0.057838850 0.992582381
1403636759913555456.000000 0.060254917 0.067908004 0.191091433 -0.006415575 -0.106835961 -0.058244884 0.992548466
1403636759963555584.000000 0.060028892 0.074117288 0.184233218 -0.011876606 -0.106358685 -0.059261680 0.992489219
1403636760013555456.000000 0.059543021 0.080625571 0.177801073 -0.016633682 -0.106281251 -0.058846757 0.992453933
1403636760063555584.000000 0.059241727 0.087086588 0.171971962 -0.020962050 -0.106482625 -0.057313934 0.992440045
1403636760113555456.000000 0.059068378 0.094780572 0.166984841 -0.025427878 -0.105892047 -0.058260448 0.992343783
1403636760163555584.000000 0.058765363 0.102435924 0.162697360 -0.028915554 -0.105422743 -0.058898129 0.992260516
1403636760213555456.000000 0.058013774 0.108738303 0.159349605 -0.024910949 -0.105743997 -0.057761550 0.992401779
1403636760263555584.000000 0.057770774 0.114731371 0.157055616 -0.017407056 -0.106093213 -0.056555282 0.992594004
1403636760313555456.000000 0.057034142 0.120945580 0.154813319 -0.010621455 -0.106721431 -0.054420378 0.992741764
1403636760363555584.000000 0.057525527 0.128816113 0.152774557 -0.006237530 -0.106481016 -0.055282474 0.992757201
1403636760413555456.000000 0.057505202 0.137044251 0.150035337 -0.002341551 -0.106046200 -0.056882866 0.992730141
1403636760463555584.000000 0.058238238 0.146504372 0.147938982 -0.000822162 -0.105648689 -0.058247302 0.992695808
1403636760513555456.000000 0.059021056 0.156053871 0.144859880 -0.002435965 -0.104976960 -0.060393646 0.992636144
1403636760563555584.000000 0.059321944 0.166932017 0.141364560 -0.007324229 -0.104675613 -0.061914194 0.992550313
1403636760613555456.000000 0.060150687 0.177534968 0.137534350 -0.012776588 -0.104344793 -0.063365750 0.992438257
1403636760663555584.000000 0.060743168 0.187806174 0.134614617 -0.016597338 -0.103702798 -0.066039093 0.992274761
1403636760713555456.000000 0.060920492 0.197541192 0.130488962 -0.019944848 -0.103191651 -0.068221956 0.992118716
1403636760763555584.000000 0.060481787 0.205667436 0.126833424 -0.019475432 -0.102864876 -0.070294589 0.992017269
1403636760813555456.000000 0.059499245 0.213576511 0.123545513 -0.016789749 -0.102971233 -0.070950583 0.992008626
1403636760863555584.000000 0.057603721 0.221477300 0.120643698 -0.012864666 -0.102645069 -0.072447687 0.991992831
1403636760913555456.000000 0.055556476 0.229113907 0.117018558 -0.009633470 -0.102816090 -0.073517062 0.991933167
1403636760963555584.000000 0.052260272 0.237139106 0.113433033 -0.009855723 -0.102886394 -0.074040413 0.991884708
1403636761013555456.000000 0.048782837 0.245339856 0.108816557 -0.013942173 -0.103788897 -0.072138168 0.991881907
1403636761063555584.000000 0.044599324 0.253880620 0.105129898 -0.018990826 -0.104537949 -0.070201963 0.991858363
1403636761113555456.000000 0.039828438 0.262720644 0.101131819 -0.025874969 -0.105320692 -0.068463571 0.991741300
1403636761163555584.000000 0.034698997 0.271703899 0.097396433 -0.033392884 -0.105517805 -0.068095535 0.991521060
1403636761213555456.000000 0.029160637 0.280099720 0.094560891 -0.040156543 -0.105172731 -0.069912843 0.991180301
1403636761263555584.000000 0.022746067 0.287119329 0.092874207 -0.044998944 -0.105449684 -0.068848103 0.991017401
1403636761313555456.000000 0.015602681 0.292694509 0.092475951 -0.046069060 -0.104968108 -0.069985062 0.990939677
1403636761363555584.000000 0.008079832 0.296163887 0.093231924 -0.043498371 -0.105546713 -0.068999097 0.991063535
1403636761413555456.000000 -0.000386239 0.298003256 0.095826916 -0.036380682 -0.105711751 -0.068530895 0.991365254
1403636761463555584.000000 -0.008657254 0.298706889 0.098136596 -0.028295064 -0.105683513 -0.068400986 0.991640925
1403636761513555456.000000 -0.017285526 0.298311979 0.102281801 -0.021043697 -0.106244907 -0.066565625 0.991886258
1403636761563555584.000000 -0.026277862 0.297229439 0.105121069 -0.014939353 -0.106013112 -0.065976910 0.992061079
1403636761613555456.000000 -0.035191882 0.295777142 0.107536972 -0.009978143 -0.106225140 -0.064600714 0.992191255
1403636761663555584.000000 -0.044162337 0.293908507 0.109509028 -0.008102232 -0.107468426 -0.059732057 0.992379487
1403636761713555456.000000 -0.053603169 0.291342586 0.111265957 -0.007096594 -0.108907178 -0.053348474 0.992594004
1403636761763555584.000000 -0.062785588 0.288960874 0.113372840 -0.007375777 -0.110924289 -0.047030549 0.992688060
1403636761813555456.000000 -0.070183702 0.285749555 0.113766439 -0.007860018 -0.112245284 -0.041814219 0.992769301
1403636761863555584.000000 -0.076314025 0.282369465 0.113961034 -0.008421286 -0.113114111 -0.038648974 0.992794335
1403636761913555456.000000 -0.081076398 0.279409707 0.114043944 -0.009130879 -0.112401873 -0.040376775 0.992800176
1403636761963555584.000000 -0.084766515 0.276577920 0.114490665 -0.009081032 -0.110855304 -0.043888733 0.992825508
1403636762013555456.000000 -0.087444402 0.273747832 0.114673577 -0.007461993 -0.107571043 -0.052807190 0.992765963
1403636762063555584.000000 -0.089354865 0.270450145 0.114441790 -0.005857865 -0.103850052 -0.062149756 0.992632031
1403636762113555456.000000 -0.091462336 0.267448097 0.114684634 -0.004202891 -0.099673562 -0.074013479 0.992254794
1403636762163555584.000000 -0.093874902 0.264005870 0.113242388 -0.004728870 -0.096395113 -0.082267642 0.991926253
1403636762213555456.000000 -0.097747281 0.260782003 0.110864580 -0.009318139 -0.094671130 -0.085935190 0.991748810
1403636762263555584.000000 -0.103595898 0.257872403 0.109157875 -0.017436890 -0.094369128 -0.085289799 0.991723835
1403636762313555456.000000 -0.110029884 0.256932586 0.107393809 -0.025641449 -0.094800472 -0.082649484 0.991728008
1403636762363555584.000000 -0.118340984 0.257517010 0.106605329 -0.033256326 -0.095152862 -0.080127247 0.991675198
1403636762413555456.000000 -0.126974121 0.259779245 0.107705332 -0.037357539 -0.096388280 -0.075861849 0.991745293
1403636762463555584.000000 -0.137423605 0.263358951 0.110320069 -0.039382551 -0.098867193 -0.067820497 0.992005408
1403636762513555456.000000 -0.148637190 0.267025650 0.114246041 -0.036559097 -0.103864253 -0.052829038 0.992514372
1403636762563555584.000000 -0.159305170 0.272205174 0.119817309 -0.032149397 -0.108579040 -0.038952168 0.992803991
1403636762613555456.000000 -0.169162959 0.279355109 0.126623586 -0.027179560 -0.112941705 -0.025606852 0.992899656
1403636762663555584.000000 -0.177258968 0.288193136 0.135055736 -0.021508656 -0.115673609 -0.017519284 0.992899895
1403636762713555456.000000 -0.182683572 0.300671488 0.143617928 -0.016534999 -0.114817686 -0.020844176 0.993030250
1403636762763555584.000000 -0.186269522 0.315080017 0.156559721 -0.012936182 -0.113115989 -0.027066194 0.993128836
1403636762813555456.000000 -0.188591257 0.330612928 0.168349490 -0.010595572 -0.110217109 -0.036716424 0.993172705
1403636762863555584.000000 -0.182114005 0.343720406 0.175040022 0.021390328 -0.114726327 -0.027105436 0.992796898
1403636762913555456.000000 -0.179555207 0.343407929 0.174238175 0.033538874 -0.110664658 -0.033020016 0.992742717
1403636762963555584.000000 -0.171440512 0.349481732 0.166359574 0.003857797 -0.100282945 -0.048660465 0.993760884
1403636763013555456.000000 -0.158703774 0.380961716 0.156065583 -0.001214868 -0.091369398 -0.039981470 0.995013416
1403636763063555584.000000 -0.146831110 0.385125786 0.157145634 -0.001879928 -0.084224813 -0.026852589 0.996083140
1403636763113555456.000000 -0.140267447 0.385566145 0.158025995 0.006330547 -0.077937849 -0.017476596 0.996784925
1403636763163555584.000000 -0.137805194 0.383160621 0.149918467 0.022124846 -0.071415156 -0.013721082 0.997106910
1403636763213555456.000000 -0.137127668 0.385527700 0.150349423 0.013792119 -0.069448441 -0.010777999 0.997431993
1403636763263555584.000000 -0.137666270 0.385165364 0.159087196 0.004817709 -0.069648594 -0.009657334 0.997513235
1403636763313555456.000000 -0.137165248 0.384231031 0.160268366 0.008169667 -0.069635659 -0.008883590 0.997499466
1403636763363555584.000000 -0.136837333 0.384207755 0.159396127 0.008163211 -0.069940612 -0.008840919 0.997478604
1403636763413555456.000000 -0.137130812 0.384181827 0.160025239 0.006876763 -0.070093304 -0.008158612 0.997483373
1403636763463555584.000000 -0.136932835 0.384314656 0.159406364 0.007136823 -0.069623634 -0.009071601 0.997506559
1403636763513555456.000000 -0.136642739 0.384333044 0.159189776 0.007065394 -0.070035093 -0.008200384 0.997485816
1403636763563555584.000000 -0.136831477 0.384020060 0.159087077 0.007000570 -0.069636680 -0.008840969 0.997508705
1403636763613555456.000000 -0.137163520 0.384227872 0.159549221 0.007071478 -0.069607176 -0.008747681 0.997511148
1403636763663555584.000000 -0.136667222 0.384173423 0.159255907 0.007240390 -0.069753282 -0.008619688 0.997500777
1403636763713555456.000000 -0.136824891 0.384143382 0.159319177 0.007118741 -0.069764175 -0.008531064 0.997501671
1403636763763555584.000000 -0.136812583 0.384297401 0.159423441 0.007102170 -0.069627278 -0.008904392 0.997508109
1403636763813555456.000000 -0.137015685 0.384265542 0.159354910 0.007150622 -0.069746159 -0.008442117 0.997503400
